{"textures":{"0":"modelengine:entity/minion_melee"},"elements":[{"name":"cube","from":[7.3154917,5.8114753,7.28375],"to":[8.5154915,8.061476,8.78375],"rotation":{"angle":0.0,"axis":"x","origin":[7.9154916,9.111475,7.50875]},"faces":{"down":{"uv":[6.5,8.0,6.0,8.75],"rotation":0,"texture":"#0","tintindex":0},"east":{"uv":[3.0,6.0,3.75,7.0],"rotation":0,"texture":"#0","tintindex":0},"north":{"uv":[7.25,7.5,7.75,8.5],"rotation":0,"texture":"#0","tintindex":0},"south":{"uv":[2.25,7.75,2.75,8.75],"rotation":0,"texture":"#0","tintindex":0},"up":{"uv":[8.5,6.5,8.0,5.75],"rotation":0,"texture":"#0","tintindex":0},"west":{"uv":[0.0,6.25,0.75,7.25],"rotation":0,"texture":"#0","tintindex":0}}},{"name":"cube","from":[7.615492,3.5614748,7.43375],"to":[8.065492,4.3114753,8.483749],"rotation":{"angle":45.0,"axis":"z","origin":[7.6904917,3.861475,7.9587502]},"faces":{"down":{"uv":[1.5,6.25,1.25,6.75],"rotation":0,"texture":"#0","tintindex":0},"east":{"uv":[0.75,9.5,1.25,9.75],"rotation":0,"texture":"#0","tintindex":0},"north":{"uv":[8.0,9.5,8.25,9.75],"rotation":0,"texture":"#0","tintindex":0},"south":{"uv":[8.25,9.5,8.5,9.75],"rotation":0,"texture":"#0","tintindex":0},"up":{"uv":[2.5,6.0,2.25,5.5],"rotation":0,"texture":"#0","tintindex":0},"west":{"uv":[9.5,0.75,10.0,1.0],"rotation":0,"texture":"#0","tintindex":0}}},{"name":"cube","from":[8.118525,3.7955742,7.43375],"to":[8.538525,4.335574,8.18375],"rotation":{"angle":0.0,"axis":"x","origin":[7.7435246,4.0205736,7.9587502]},"faces":{"down":{"uv":[9.25,9.5,9.0,9.75],"rotation":0,"texture":"#0","tintindex":0},"east":{"uv":[8.5,9.5,8.75,9.75],"rotation":0,"texture":"#0","tintindex":0},"north":{"uv":[9.5,8.25,9.75,8.5],"rotation":0,"texture":"#0","tintindex":0},"south":{"uv":[9.5,8.5,9.75,8.75],"rotation":0,"texture":"#0","tintindex":0},"up":{"uv":[9.75,9.0,9.5,8.75],"rotation":0,"texture":"#0","tintindex":0},"west":{"uv":[8.75,9.5,9.0,9.75],"rotation":0,"texture":"#0","tintindex":0}}},{"name":"cube","from":[7.465492,4.3114753,7.43375],"to":[8.365492,5.8114753,8.483749],"rotation":{"angle":0.0,"axis":"x","origin":[7.9154916,9.111475,7.50875]},"faces":{"down":{"uv":[3.75,9.0,3.25,9.5],"rotation":0,"texture":"#0","tintindex":0},"east":{"uv":[8.25,3.5,8.75,4.25],"rotation":0,"texture":"#0","tintindex":0},"north":{"uv":[8.0,6.5,8.5,7.25],"rotation":0,"texture":"#0","tintindex":0},"south":{"uv":[3.75,8.25,4.25,9.0],"rotation":0,"texture":"#0","tintindex":0},"up":{"uv":[9.5,3.5,9.0,3.0],"rotation":0,"texture":"#0","tintindex":0},"west":{"uv":[8.25,7.25,8.75,8.0],"rotation":0,"texture":"#0","tintindex":0}}}],"display":{"head":{"translation":[0.0,-6.4,0.0],"rotation":[0.0,0.0,0.0],"scale":[3.8095,3.8095,3.8095]}}}