{"textures":{"0":"modelengine:entity/minion_melee"},"elements":[{"name":"cube","from":[7.4845085,5.8114753,7.28375],"to":[8.684508,8.061476,8.78375],"rotation":{"angle":0.0,"axis":"x","origin":[8.084509,9.111475,7.50875]},"faces":{"down":{"uv":[8.5,5.0,8.0,5.75],"rotation":0,"texture":"#0","tintindex":0},"east":{"uv":[5.5,5.5,6.25,6.5],"rotation":0,"texture":"#0","tintindex":0},"north":{"uv":[0.75,7.5,1.25,8.5],"rotation":0,"texture":"#0","tintindex":0},"south":{"uv":[4.5,7.5,5.0,8.5],"rotation":0,"texture":"#0","tintindex":0},"up":{"uv":[8.5,3.5,8.0,2.75],"rotation":0,"texture":"#0","tintindex":0},"west":{"uv":[2.25,6.0,3.0,7.0],"rotation":0,"texture":"#0","tintindex":0}}},{"name":"cube","from":[7.9345083,3.5614748,7.43375],"to":[8.384508,4.3114753,8.483749],"rotation":{"angle":-45.0,"axis":"z","origin":[8.309508,3.861475,7.9587502]},"faces":{"down":{"uv":[4.75,5.0,4.5,5.5],"rotation":0,"texture":"#0","tintindex":0},"east":{"uv":[9.5,0.25,10.0,0.5],"rotation":0,"texture":"#0","tintindex":0},"north":{"uv":[4.25,8.25,4.5,8.5],"rotation":0,"texture":"#0","tintindex":0},"south":{"uv":[8.5,7.0,8.75,7.25],"rotation":0,"texture":"#0","tintindex":0},"up":{"uv":[4.5,1.5,4.25,1.0],"rotation":0,"texture":"#0","tintindex":0},"west":{"uv":[9.5,0.5,10.0,0.75],"rotation":0,"texture":"#0","tintindex":0}}},{"name":"cube","from":[7.4614754,3.7955742,7.43375],"to":[7.8814754,4.335574,8.18375],"rotation":{"angle":0.0,"axis":"x","origin":[8.256475,4.0205736,7.9587502]},"faces":{"down":{"uv":[8.0,9.5,7.75,9.75],"rotation":0,"texture":"#0","tintindex":0},"east":{"uv":[9.5,7.0,9.75,7.25],"rotation":0,"texture":"#0","tintindex":0},"north":{"uv":[7.0,9.5,7.25,9.75],"rotation":0,"texture":"#0","tintindex":0},"south":{"uv":[7.25,9.5,7.5,9.75],"rotation":0,"texture":"#0","tintindex":0},"up":{"uv":[9.75,7.75,9.5,7.5],"rotation":0,"texture":"#0","tintindex":0},"west":{"uv":[9.5,7.25,9.75,7.5],"rotation":0,"texture":"#0","tintindex":0}}},{"name":"cube","from":[7.634508,4.3114753,7.43375],"to":[8.534508,5.8114753,8.483749],"rotation":{"angle":0.0,"axis":"x","origin":[8.084509,9.111475,7.50875]},"faces":{"down":{"uv":[3.25,9.0,2.75,9.5],"rotation":0,"texture":"#0","tintindex":0},"east":{"uv":[8.0,1.25,8.5,2.0],"rotation":0,"texture":"#0","tintindex":0},"north":{"uv":[1.25,8.0,1.75,8.75],"rotation":0,"texture":"#0","tintindex":0},"south":{"uv":[1.75,8.0,2.25,8.75],"rotation":0,"texture":"#0","tintindex":0},"up":{"uv":[9.5,3.0,9.0,2.5],"rotation":0,"texture":"#0","tintindex":0},"west":{"uv":[8.0,2.0,8.5,2.75],"rotation":0,"texture":"#0","tintindex":0}}}],"display":{"head":{"translation":[0.0,-6.4,0.0],"rotation":[0.0,0.0,0.0],"scale":[3.8095,3.8095,3.8095]}}}