{"textures":{"0":"modelengine:entity/minion_melee"},"elements":[{"name":"cube","from":[7.9176064,5.469181,7.04],"to":[9.417606,8.76918,8.69],"rotation":{"angle":0.0,"axis":"x","origin":[8.667606,6.66918,7.415]},"faces":{"down":{"uv":[8.0,2.25,7.25,3.0],"rotation":0,"texture":"#0","tintindex":0},"east":{"uv":[2.25,3.0,3.0,4.5],"rotation":0,"texture":"#0","tintindex":0},"north":{"uv":[1.5,3.0,2.25,4.5],"rotation":0,"texture":"#0","tintindex":0},"south":{"uv":[3.0,2.25,3.75,3.75],"rotation":0,"texture":"#0","tintindex":0},"up":{"uv":[8.0,2.25,7.25,1.5],"rotation":0,"texture":"#0","tintindex":0},"west":{"uv":[0.0,3.5,0.75,5.0],"rotation":0,"texture":"#0","tintindex":0}}}],"display":{"head":{"translation":[0.0,-6.4,0.0],"rotation":[0.0,0.0,0.0],"scale":[3.8095,3.8095,3.8095]}}}