{"textures":{"0":"modelengine:entity/minion_melee"},"elements":[{"name":"cube","from":[6.5823936,5.469181,7.04],"to":[8.082394,8.76918,8.69],"rotation":{"angle":0.0,"axis":"x","origin":[7.3323936,6.66918,7.415]},"faces":{"down":{"uv":[8.0,6.75,7.25,7.5],"rotation":0,"texture":"#0","tintindex":0},"east":{"uv":[0.75,3.5,1.5,5.0],"rotation":0,"texture":"#0","tintindex":0},"north":{"uv":[3.5,0.0,4.25,1.5],"rotation":0,"texture":"#0","tintindex":0},"south":{"uv":[3.75,1.5,4.5,3.0],"rotation":0,"texture":"#0","tintindex":0},"up":{"uv":[8.0,6.75,7.25,6.0],"rotation":0,"texture":"#0","tintindex":0},"west":{"uv":[3.0,3.75,3.75,5.25],"rotation":0,"texture":"#0","tintindex":0}}}],"display":{"head":{"translation":[0.0,-6.4,0.0],"rotation":[0.0,0.0,0.0],"scale":[3.8095,3.8095,3.8095]}}}