{"textures":{"0":"modelengine:entity/minion_melee"},"elements":[{"name":"cube","from":[6.5,7.6669827,7.501765],"to":[9.5,9.016983,9.001764],"rotation":{"angle":0.0,"axis":"x","origin":[8.9,9.091983,9.226765]},"faces":{"down":{"uv":[3.75,5.25,2.5,6.0],"rotation":0,"texture":"#0","tintindex":0},"east":{"uv":[7.75,0.0,8.5,0.5],"rotation":0,"texture":"#0","tintindex":0},"north":{"uv":[6.5,0.0,7.75,0.5],"rotation":0,"texture":"#0","tintindex":0},"south":{"uv":[6.5,4.75,7.75,5.25],"rotation":0,"texture":"#0","tintindex":0},"up":{"uv":[6.5,0.75,5.25,0.0],"rotation":0,"texture":"#0","tintindex":0},"west":{"uv":[7.75,4.5,8.5,5.0],"rotation":0,"texture":"#0","tintindex":0}}},{"name":"cube","from":[6.6499996,9.016983,7.651765],"to":[9.35,10.516983,9.001764],"rotation":{"angle":0.0,"axis":"x","origin":[8.9,9.091983,9.226765]},"faces":{"down":{"uv":[8.0,1.0,6.75,1.5],"rotation":0,"texture":"#0","tintindex":0},"east":{"uv":[5.0,7.75,5.5,8.5],"rotation":0,"texture":"#0","tintindex":0},"north":{"uv":[5.5,0.75,6.75,1.5],"rotation":0,"texture":"#0","tintindex":0},"south":{"uv":[5.5,1.5,6.75,2.25],"rotation":0,"texture":"#0","tintindex":0},"up":{"uv":[8.0,1.0,6.75,0.5],"rotation":0,"texture":"#0","tintindex":0},"west":{"uv":[5.5,7.75,6.0,8.5],"rotation":0,"texture":"#0","tintindex":0}}},{"name":"cube","from":[6.35,10.044037,6.6991024],"to":[9.65,11.544037,8.499103],"rotation":{"angle":-22.5,"axis":"x","origin":[8.3,11.544037,7.5616026]},"faces":{"down":{"uv":[1.5,2.75,0.0,3.5],"rotation":0,"texture":"#0","tintindex":0},"east":{"uv":[3.0,7.0,3.75,7.75],"rotation":0,"texture":"#0","tintindex":0},"north":{"uv":[1.75,1.5,3.25,2.25],"rotation":0,"texture":"#0","tintindex":0},"south":{"uv":[0.0,2.0,1.5,2.75],"rotation":0,"texture":"#0","tintindex":0},"up":{"uv":[3.0,3.0,1.5,2.25],"rotation":0,"texture":"#0","tintindex":0},"west":{"uv":[0.0,7.25,0.75,8.0],"rotation":0,"texture":"#0","tintindex":0}}},{"name":"cube","from":[6.05,11.544037,6.399102],"to":[9.950001,13.044036,8.649103],"rotation":{"angle":-22.5,"axis":"x","origin":[8.3,11.544037,7.5616026]},"faces":{"down":{"uv":[1.75,1.0,0.0,2.0],"rotation":0,"texture":"#0","tintindex":0},"east":{"uv":[4.5,5.5,5.5,6.25],"rotation":0,"texture":"#0","tintindex":0},"north":{"uv":[1.75,0.0,3.5,0.75],"rotation":0,"texture":"#0","tintindex":0},"south":{"uv":[1.75,0.75,3.5,1.5],"rotation":0,"texture":"#0","tintindex":0},"up":{"uv":[1.75,1.0,0.0,0.0],"rotation":0,"texture":"#0","tintindex":0},"west":{"uv":[5.5,4.75,6.5,5.5],"rotation":0,"texture":"#0","tintindex":0}}},{"name":"cube","from":[7.1,13.044036,6.549103],"to":[8.9,13.644036,8.349102],"rotation":{"angle":-22.5,"axis":"x","origin":[8.3,11.544037,7.5616026]},"faces":{"down":{"uv":[8.25,3.75,7.5,4.5],"rotation":0,"texture":"#0","tintindex":0},"east":{"uv":[9.25,4.75,10.0,5.0],"rotation":0,"texture":"#0","tintindex":0},"north":{"uv":[9.25,4.5,10.0,4.75],"rotation":0,"texture":"#0","tintindex":0},"south":{"uv":[9.25,5.0,10.0,5.25],"rotation":0,"texture":"#0","tintindex":0},"up":{"uv":[4.5,8.25,3.75,7.5],"rotation":0,"texture":"#0","tintindex":0},"west":{"uv":[9.25,5.25,10.0,5.5],"rotation":0,"texture":"#0","tintindex":0}}}],"display":{"head":{"translation":[0.0,-6.4,0.0],"rotation":[0.0,0.0,0.0],"scale":[3.8095,3.8095,3.8095]}}}