{"textures":{"0":"modelengine:entity/minion_melee"},"elements":[{"name":"cube","from":[7.4,4.6762495,5.551272],"to":[8.6,6.1762495,6.751272],"rotation":{"angle":0.0,"axis":"x","origin":[4.3999996,4.6762495,6.901272]},"faces":{"down":{"uv":[9.25,7.0,8.75,7.5],"rotation":0,"texture":"#0","tintindex":0},"east":{"uv":[7.75,7.5,8.25,8.25],"rotation":0,"texture":"#0","tintindex":0},"north":{"uv":[6.75,7.75,7.25,8.5],"rotation":0,"texture":"#0","tintindex":0},"south":{"uv":[0.0,8.0,0.5,8.75],"rotation":0,"texture":"#0","tintindex":0},"up":{"uv":[7.25,9.25,6.75,8.75],"rotation":0,"texture":"#0","tintindex":0},"west":{"uv":[8.0,0.5,8.5,1.25],"rotation":0,"texture":"#0","tintindex":0}}},{"name":"cube","from":[7.55,5.17375,6.548728],"to":[8.45,8.17375,7.7487283],"rotation":{"angle":45.0,"axis":"x","origin":[8.15,6.67375,7.1487284]},"faces":{"down":{"uv":[9.25,7.5,8.75,8.0],"rotation":0,"texture":"#0","tintindex":0},"east":{"uv":[6.75,5.25,7.25,6.5],"rotation":0,"texture":"#0","tintindex":0},"north":{"uv":[6.75,2.75,7.25,4.0],"rotation":0,"texture":"#0","tintindex":0},"south":{"uv":[6.25,6.75,6.75,8.0],"rotation":0,"texture":"#0","tintindex":0},"up":{"uv":[7.75,9.25,7.25,8.75],"rotation":0,"texture":"#0","tintindex":0},"west":{"uv":[6.75,6.5,7.25,7.75],"rotation":0,"texture":"#0","tintindex":0}}}],"display":{"head":{"translation":[0.0,-6.4,0.0],"rotation":[0.0,0.0,0.0],"scale":[3.8095,3.8095,3.8095]}}}