{"textures":{"0":"modelengine:entity/minion_melee"},"elements":[{"name":"cube","from":[7.4,4.6762495,5.551272],"to":[8.6,6.1762495,6.751272],"rotation":{"angle":0.0,"axis":"x","origin":[11.6,4.6762495,6.901272]},"faces":{"down":{"uv":[9.0,0.5,8.5,1.0],"rotation":0,"texture":"#0","tintindex":0},"east":{"uv":[2.5,4.5,3.0,5.25],"rotation":0,"texture":"#0","tintindex":0},"north":{"uv":[3.25,1.5,3.75,2.25],"rotation":0,"texture":"#0","tintindex":0},"south":{"uv":[2.75,7.75,3.25,8.5],"rotation":0,"texture":"#0","tintindex":0},"up":{"uv":[9.0,0.5,8.5,0.0],"rotation":0,"texture":"#0","tintindex":0},"west":{"uv":[3.25,7.75,3.75,8.5],"rotation":0,"texture":"#0","tintindex":0}}},{"name":"cube","from":[7.55,5.17375,6.548728],"to":[8.45,8.17375,7.7487283],"rotation":{"angle":45.0,"axis":"x","origin":[7.85,6.67375,7.1487284]},"faces":{"down":{"uv":[9.0,6.5,8.5,7.0],"rotation":0,"texture":"#0","tintindex":0},"east":{"uv":[4.75,6.25,5.25,7.5],"rotation":0,"texture":"#0","tintindex":0},"north":{"uv":[4.25,6.25,4.75,7.5],"rotation":0,"texture":"#0","tintindex":0},"south":{"uv":[6.25,5.5,6.75,6.75],"rotation":0,"texture":"#0","tintindex":0},"up":{"uv":[9.0,6.5,8.5,6.0],"rotation":0,"texture":"#0","tintindex":0},"west":{"uv":[5.25,6.5,5.75,7.75],"rotation":0,"texture":"#0","tintindex":0}}}],"display":{"head":{"translation":[0.0,-6.4,0.0],"rotation":[0.0,0.0,0.0],"scale":[3.8095,3.8095,3.8095]}}}