{"textures":{"0":"modelengine:entity/minion_melee"},"elements":[{"name":"cube","from":[7.4,7.8648443,5.5600224],"to":[8.6,9.064844,6.460023],"rotation":{"angle":-22.5,"axis":"x","origin":[8.0,8.9148445,7.5850224]},"faces":{"down":{"uv":[1.75,9.25,1.25,9.75],"rotation":0,"texture":"#0","tintindex":0},"east":{"uv":[9.0,8.25,9.5,8.75],"rotation":0,"texture":"#0","tintindex":0},"north":{"uv":[8.0,9.0,8.5,9.5],"rotation":0,"texture":"#0","tintindex":0},"south":{"uv":[8.5,9.0,9.0,9.5],"rotation":0,"texture":"#0","tintindex":0},"up":{"uv":[0.5,9.75,0.0,9.25],"rotation":0,"texture":"#0","tintindex":0},"west":{"uv":[9.0,8.75,9.5,9.25],"rotation":0,"texture":"#0","tintindex":0}}},{"name":"cube","from":[6.8,7.8648443,6.460023],"to":[9.2,10.264845,8.710022],"rotation":{"angle":-22.5,"axis":"x","origin":[8.0,8.9148445,7.5850224]},"faces":{"down":{"uv":[5.5,2.0,4.5,3.0],"rotation":0,"texture":"#0","tintindex":0},"east":{"uv":[3.75,4.0,4.75,5.0],"rotation":0,"texture":"#0","tintindex":0},"north":{"uv":[3.75,3.0,4.75,4.0],"rotation":0,"texture":"#0","tintindex":0},"south":{"uv":[4.25,0.0,5.25,1.0],"rotation":0,"texture":"#0","tintindex":0},"up":{"uv":[2.5,5.5,1.5,4.5],"rotation":0,"texture":"#0","tintindex":0},"west":{"uv":[4.5,1.0,5.5,2.0],"rotation":0,"texture":"#0","tintindex":0}}},{"name":"cube","from":[8.75,9.397154,5.406043],"to":[9.65,10.147154,6.4560432],"rotation":{"angle":22.5,"axis":"x","origin":[9.275,9.772154,5.931043]},"faces":{"down":{"uv":[9.5,6.5,9.0,7.0],"rotation":0,"texture":"#0","tintindex":0},"east":{"uv":[5.75,9.5,6.25,9.75],"rotation":0,"texture":"#0","tintindex":0},"north":{"uv":[9.5,5.5,10.0,5.75],"rotation":0,"texture":"#0","tintindex":0},"south":{"uv":[9.5,5.75,10.0,6.0],"rotation":0,"texture":"#0","tintindex":0},"up":{"uv":[9.5,6.5,9.0,6.0],"rotation":0,"texture":"#0","tintindex":0},"west":{"uv":[9.5,6.0,10.0,6.25],"rotation":0,"texture":"#0","tintindex":0}}},{"name":"cube","from":[8.9,10.038003,4.821434],"to":[9.5,10.788003,6.0214343],"rotation":{"angle":45.0,"axis":"x","origin":[9.2,10.263002,5.196434]},"faces":{"down":{"uv":[7.0,9.5,6.75,10.0],"rotation":0,"texture":"#0","tintindex":0},"east":{"uv":[6.25,9.5,6.75,9.75],"rotation":0,"texture":"#0","tintindex":0},"north":{"uv":[4.25,9.75,4.5,10.0],"rotation":0,"texture":"#0","tintindex":0},"south":{"uv":[5.5,9.75,5.75,10.0],"rotation":0,"texture":"#0","tintindex":0},"up":{"uv":[9.75,7.0,9.5,6.5],"rotation":0,"texture":"#0","tintindex":0},"west":{"uv":[9.5,6.25,10.0,6.5],"rotation":0,"texture":"#0","tintindex":0}}},{"name":"cube","from":[6.35,9.397154,5.406043],"to":[7.25,10.147154,6.4560432],"rotation":{"angle":22.5,"axis":"x","origin":[6.725,9.772154,5.931043]},"faces":{"down":{"uv":[9.5,5.5,9.0,6.0],"rotation":0,"texture":"#0","tintindex":0},"east":{"uv":[9.5,3.0,10.0,3.25],"rotation":0,"texture":"#0","tintindex":0},"north":{"uv":[3.0,9.5,3.5,9.75],"rotation":0,"texture":"#0","tintindex":0},"south":{"uv":[9.5,3.25,10.0,3.5],"rotation":0,"texture":"#0","tintindex":0},"up":{"uv":[5.5,9.5,5.0,9.0],"rotation":0,"texture":"#0","tintindex":0},"west":{"uv":[3.5,9.5,4.0,9.75],"rotation":0,"texture":"#0","tintindex":0}}},{"name":"cube","from":[6.5,10.038003,4.821434],"to":[7.1,10.788003,6.0214343],"rotation":{"angle":45.0,"axis":"x","origin":[6.8,10.263002,5.196434]},"faces":{"down":{"uv":[5.5,9.5,5.25,10.0],"rotation":0,"texture":"#0","tintindex":0},"east":{"uv":[4.0,9.5,4.5,9.75],"rotation":0,"texture":"#0","tintindex":0},"north":{"uv":[4.0,9.75,4.25,10.0],"rotation":0,"texture":"#0","tintindex":0},"south":{"uv":[9.75,4.0,10.0,4.25],"rotation":0,"texture":"#0","tintindex":0},"up":{"uv":[5.25,10.0,5.0,9.5],"rotation":0,"texture":"#0","tintindex":0},"west":{"uv":[9.5,4.25,10.0,4.5],"rotation":0,"texture":"#0","tintindex":0}}}],"display":{"head":{"translation":[0.0,-6.4,0.0],"rotation":[0.0,0.0,0.0],"scale":[3.8095,3.8095,3.8095]}}}