{"textures":{"0":"modelengine:entity/minion_melee"},"elements":[{"name":"cube","from":[7.55,4.513247,7.3611374],"to":[8.45,7.5132475,8.561138],"rotation":{"angle":-45.0,"axis":"x","origin":[8.0,7.8246613,7.899656]},"faces":{"down":{"uv":[9.0,8.5,8.5,9.0],"rotation":0,"texture":"#0","tintindex":0},"east":{"uv":[1.25,6.75,1.75,8.0],"rotation":0,"texture":"#0","tintindex":0},"north":{"uv":[5.75,6.5,6.25,7.75],"rotation":0,"texture":"#0","tintindex":0},"south":{"uv":[6.75,1.5,7.25,2.75],"rotation":0,"texture":"#0","tintindex":0},"up":{"uv":[8.5,9.0,8.0,8.5],"rotation":0,"texture":"#0","tintindex":0},"west":{"uv":[1.75,6.75,2.25,8.0],"rotation":0,"texture":"#0","tintindex":0}}},{"name":"cube","from":[7.4,5.1023483,9.86039],"to":[8.6,6.302348,11.0603895],"rotation":{"angle":0.0,"axis":"x","origin":[4.1,0.90234756,7.610389]},"faces":{"down":{"uv":[6.5,8.75,6.0,9.25],"rotation":0,"texture":"#0","tintindex":0},"east":{"uv":[1.25,8.75,1.75,9.25],"rotation":0,"texture":"#0","tintindex":0},"north":{"uv":[0.0,8.75,0.5,9.25],"rotation":0,"texture":"#0","tintindex":0},"south":{"uv":[1.75,8.75,2.25,9.25],"rotation":0,"texture":"#0","tintindex":0},"up":{"uv":[9.25,4.0,8.75,3.5],"rotation":0,"texture":"#0","tintindex":0},"west":{"uv":[2.25,8.75,2.75,9.25],"rotation":0,"texture":"#0","tintindex":0}}}],"display":{"head":{"translation":[0.0,-6.4,0.0],"rotation":[0.0,0.0,0.0],"scale":[3.8095,3.8095,3.8095]}}}