{"textures":{"0":"modelengine:entity/minion_melee"},"elements":[{"name":"cube","from":[7.55,4.513247,7.3611374],"to":[8.45,7.5132475,8.561138],"rotation":{"angle":-45.0,"axis":"x","origin":[8.0,7.8246613,7.899656]},"faces":{"down":{"uv":[9.0,1.0,8.5,1.5],"rotation":0,"texture":"#0","tintindex":0},"east":{"uv":[6.25,2.25,6.75,3.5],"rotation":0,"texture":"#0","tintindex":0},"north":{"uv":[0.75,6.25,1.25,7.5],"rotation":0,"texture":"#0","tintindex":0},"south":{"uv":[6.25,3.5,6.75,4.75],"rotation":0,"texture":"#0","tintindex":0},"up":{"uv":[1.25,9.0,0.75,8.5],"rotation":0,"texture":"#0","tintindex":0},"west":{"uv":[3.75,6.25,4.25,7.5],"rotation":0,"texture":"#0","tintindex":0}}},{"name":"cube","from":[7.4,5.1023483,9.86039],"to":[8.6,6.302348,11.0603895],"rotation":{"angle":0.0,"axis":"x","origin":[11.900001,0.90234756,7.610389]},"faces":{"down":{"uv":[9.0,5.5,8.5,6.0],"rotation":0,"texture":"#0","tintindex":0},"east":{"uv":[8.5,4.5,9.0,5.0],"rotation":0,"texture":"#0","tintindex":0},"north":{"uv":[4.25,8.5,4.75,9.0],"rotation":0,"texture":"#0","tintindex":0},"south":{"uv":[4.75,8.5,5.25,9.0],"rotation":0,"texture":"#0","tintindex":0},"up":{"uv":[5.75,9.0,5.25,8.5],"rotation":0,"texture":"#0","tintindex":0},"west":{"uv":[8.5,5.0,9.0,5.5],"rotation":0,"texture":"#0","tintindex":0}}}],"display":{"head":{"translation":[0.0,-6.4,0.0],"rotation":[0.0,0.0,0.0],"scale":[3.8095,3.8095,3.8095]}}}