{"textures":{"0":"modelengine:entity/minion_melee"},"elements":[{"name":"cube","from":[7.1,5.946414,5.762975],"to":[8.6,8.796413,7.4129753],"rotation":{"angle":45.0,"axis":"x","origin":[7.85,6.5464134,6.362975]},"faces":{"down":{"uv":[3.0,7.0,2.25,7.75],"rotation":0,"texture":"#0","tintindex":0},"east":{"uv":[4.75,4.25,5.5,5.5],"rotation":0,"texture":"#0","tintindex":0},"north":{"uv":[4.75,3.0,5.5,4.25],"rotation":0,"texture":"#0","tintindex":0},"south":{"uv":[0.0,5.0,0.75,6.25],"rotation":0,"texture":"#0","tintindex":0},"up":{"uv":[7.5,4.75,6.75,4.0],"rotation":0,"texture":"#0","tintindex":0},"west":{"uv":[0.75,5.0,1.5,6.25],"rotation":0,"texture":"#0","tintindex":0}}},{"name":"cube","from":[7.25,5.3464136,5.3644476],"to":[8.45,6.5464134,6.714447],"rotation":{"angle":0.0,"axis":"x","origin":[11.6,1.1464136,6.114447]},"faces":{"down":{"uv":[3.75,8.5,3.25,9.0],"rotation":0,"texture":"#0","tintindex":0},"east":{"uv":[8.5,2.0,9.0,2.5],"rotation":0,"texture":"#0","tintindex":0},"north":{"uv":[8.5,1.5,9.0,2.0],"rotation":0,"texture":"#0","tintindex":0},"south":{"uv":[8.5,2.5,9.0,3.0],"rotation":0,"texture":"#0","tintindex":0},"up":{"uv":[9.0,3.5,8.5,3.0],"rotation":0,"texture":"#0","tintindex":0},"west":{"uv":[2.75,8.5,3.25,9.0],"rotation":0,"texture":"#0","tintindex":0}}}],"display":{"head":{"translation":[0.0,-6.4,0.0],"rotation":[0.0,0.0,0.0],"scale":[3.8095,3.8095,3.8095]}}}