{"textures":{"0":"modelengine:entity/minion_melee"},"elements":[{"name":"cube","from":[7.4,5.946414,5.762975],"to":[8.9,8.796413,7.4129753],"rotation":{"angle":45.0,"axis":"x","origin":[8.15,6.5464134,6.362975]},"faces":{"down":{"uv":[8.0,5.25,7.25,6.0],"rotation":0,"texture":"#0","tintindex":0},"east":{"uv":[1.5,5.5,2.25,6.75],"rotation":0,"texture":"#0","tintindex":0},"north":{"uv":[3.75,5.0,4.5,6.25],"rotation":0,"texture":"#0","tintindex":0},"south":{"uv":[5.5,2.25,6.25,3.5],"rotation":0,"texture":"#0","tintindex":0},"up":{"uv":[8.0,3.75,7.25,3.0],"rotation":0,"texture":"#0","tintindex":0},"west":{"uv":[5.5,3.5,6.25,4.75],"rotation":0,"texture":"#0","tintindex":0}}},{"name":"cube","from":[7.55,5.3464136,5.3644476],"to":[8.75,6.5464134,6.714447],"rotation":{"angle":0.0,"axis":"x","origin":[4.3999996,1.1464136,6.114447]},"faces":{"down":{"uv":[9.5,2.0,9.0,2.5],"rotation":0,"texture":"#0","tintindex":0},"east":{"uv":[9.0,0.5,9.5,1.0],"rotation":0,"texture":"#0","tintindex":0},"north":{"uv":[9.0,0.0,9.5,0.5],"rotation":0,"texture":"#0","tintindex":0},"south":{"uv":[0.75,9.0,1.25,9.5],"rotation":0,"texture":"#0","tintindex":0},"up":{"uv":[9.5,2.0,9.0,1.5],"rotation":0,"texture":"#0","tintindex":0},"west":{"uv":[9.0,1.0,9.5,1.5],"rotation":0,"texture":"#0","tintindex":0}}}],"display":{"head":{"translation":[0.0,-6.4,0.0],"rotation":[0.0,0.0,0.0],"scale":[3.8095,3.8095,3.8095]}}}