{"textures":{"0":"modelengine:entity/minion_melee"},"elements":[{"name":"cube","from":[7.838,6.9936295,3.14156],"to":[8.162001,7.5336294,4.94156],"rotation":{"angle":0.0,"axis":"x","origin":[8.09,13.833629,7.55156]},"faces":{"down":{"uv":[4.75,9.25,4.5,10.0],"rotation":0,"texture":"#0","tintindex":0},"east":{"uv":[3.75,9.25,4.5,9.5],"rotation":0,"texture":"#0","tintindex":0},"north":{"uv":[0.75,9.75,1.0,10.0],"rotation":0,"texture":"#0","tintindex":0},"south":{"uv":[1.0,9.75,1.25,10.0],"rotation":0,"texture":"#0","tintindex":0},"up":{"uv":[2.75,10.0,2.5,9.25],"rotation":0,"texture":"#0","tintindex":0},"west":{"uv":[9.25,3.75,10.0,4.0],"rotation":0,"texture":"#0","tintindex":0}}},{"name":"cube","from":[7.838,6.9936295,4.94156],"to":[8.162001,7.683629,6.74156],"rotation":{"angle":0.0,"axis":"x","origin":[8.09,13.833629,7.55156]},"faces":{"down":{"uv":[7.75,9.25,7.5,10.0],"rotation":0,"texture":"#0","tintindex":0},"east":{"uv":[6.0,9.25,6.75,9.5],"rotation":0,"texture":"#0","tintindex":0},"north":{"uv":[5.75,9.75,6.0,10.0],"rotation":0,"texture":"#0","tintindex":0},"south":{"uv":[6.0,9.75,6.25,10.0],"rotation":0,"texture":"#0","tintindex":0},"up":{"uv":[9.5,7.75,9.25,7.0],"rotation":0,"texture":"#0","tintindex":0},"west":{"uv":[6.75,9.25,7.5,9.5],"rotation":0,"texture":"#0","tintindex":0}}},{"name":"cube","from":[7.73,7.683629,7.46156],"to":[8.27,8.223629,9.26156],"rotation":{"angle":0.0,"axis":"x","origin":[8.09,13.983628,7.55156]},"faces":{"down":{"uv":[0.75,9.25,0.5,10.0],"rotation":0,"texture":"#0","tintindex":0},"east":{"uv":[1.75,9.25,2.5,9.5],"rotation":0,"texture":"#0","tintindex":0},"north":{"uv":[9.5,9.0,9.75,9.25],"rotation":0,"texture":"#0","tintindex":0},"south":{"uv":[9.25,9.5,9.5,9.75],"rotation":0,"texture":"#0","tintindex":0},"up":{"uv":[5.75,9.75,5.5,9.0],"rotation":0,"texture":"#0","tintindex":0},"west":{"uv":[9.25,3.5,10.0,3.75],"rotation":0,"texture":"#0","tintindex":0}}},{"name":"cube","from":[7.838,7.143629,6.74156],"to":[8.162001,8.403629,7.1015596],"rotation":{"angle":0.0,"axis":"x","origin":[8.09,13.983628,7.55156]},"faces":{"down":{"uv":[0.5,9.75,0.25,10.0],"rotation":0,"texture":"#0","tintindex":0},"east":{"uv":[2.25,9.5,2.5,10.0],"rotation":0,"texture":"#0","tintindex":0},"north":{"uv":[9.5,2.0,9.75,2.5],"rotation":0,"texture":"#0","tintindex":0},"south":{"uv":[9.5,2.5,9.75,3.0],"rotation":0,"texture":"#0","tintindex":0},"up":{"uv":[0.25,10.0,0.0,9.75],"rotation":0,"texture":"#0","tintindex":0},"west":{"uv":[2.75,9.5,3.0,10.0],"rotation":0,"texture":"#0","tintindex":0}}},{"name":"cube","from":[7.73,7.143629,7.1015596],"to":[8.27,8.403629,7.46156],"rotation":{"angle":0.0,"axis":"x","origin":[8.09,13.983628,7.55156]},"faces":{"down":{"uv":[9.75,9.5,9.5,9.75],"rotation":0,"texture":"#0","tintindex":0},"east":{"uv":[9.5,1.5,9.75,2.0],"rotation":0,"texture":"#0","tintindex":0},"north":{"uv":[9.5,1.0,9.75,1.5],"rotation":0,"texture":"#0","tintindex":0},"south":{"uv":[1.75,9.5,2.0,10.0],"rotation":0,"texture":"#0","tintindex":0},"up":{"uv":[9.75,9.5,9.5,9.25],"rotation":0,"texture":"#0","tintindex":0},"west":{"uv":[2.0,9.5,2.25,10.0],"rotation":0,"texture":"#0","tintindex":0}}},{"name":"cube","from":[7.838,8.01363,4.5815597],"to":[8.162001,8.553629,6.74156],"rotation":{"angle":0.0,"axis":"x","origin":[8.09,14.133628,7.55156]},"faces":{"down":{"uv":[5.0,9.0,4.75,10.0],"rotation":0,"texture":"#0","tintindex":0},"east":{"uv":[8.75,4.0,9.75,4.25],"rotation":0,"texture":"#0","tintindex":0},"north":{"uv":[9.75,1.0,10.0,1.25],"rotation":0,"texture":"#0","tintindex":0},"south":{"uv":[1.25,9.75,1.5,10.0],"rotation":0,"texture":"#0","tintindex":0},"up":{"uv":[9.25,5.5,9.0,4.5],"rotation":0,"texture":"#0","tintindex":0},"west":{"uv":[3.75,9.0,4.75,9.25],"rotation":0,"texture":"#0","tintindex":0}}},{"name":"cube","from":[7.838,8.125467,4.13156],"to":[8.162001,8.665467,4.8515596],"rotation":{"angle":45.0,"axis":"x","origin":[8.0,8.395467,4.5815597]},"faces":{"down":{"uv":[10.0,2.25,9.75,2.5],"rotation":0,"texture":"#0","tintindex":0},"east":{"uv":[1.5,9.75,1.75,10.0],"rotation":0,"texture":"#0","tintindex":0},"north":{"uv":[9.75,1.25,10.0,1.5],"rotation":0,"texture":"#0","tintindex":0},"south":{"uv":[9.75,1.5,10.0,1.75],"rotation":0,"texture":"#0","tintindex":0},"up":{"uv":[10.0,2.25,9.75,2.0],"rotation":0,"texture":"#0","tintindex":0},"west":{"uv":[9.75,1.75,10.0,2.0],"rotation":0,"texture":"#0","tintindex":0}}},{"name":"cube","from":[7.838,7.105467,3.029722],"to":[8.162001,7.487304,3.4115598],"rotation":{"angle":45.0,"axis":"x","origin":[8.0,7.375467,3.14156]},"faces":{"down":{"uv":[4.0,9.75,3.75,10.0],"rotation":0,"texture":"#0","tintindex":0},"east":{"uv":[9.75,2.75,10.0,3.0],"rotation":0,"texture":"#0","tintindex":0},"north":{"uv":[9.75,2.5,10.0,2.75],"rotation":0,"texture":"#0","tintindex":0},"south":{"uv":[3.0,9.75,3.25,10.0],"rotation":0,"texture":"#0","tintindex":0},"up":{"uv":[3.75,10.0,3.5,9.75],"rotation":0,"texture":"#0","tintindex":0},"west":{"uv":[3.25,9.75,3.5,10.0],"rotation":0,"texture":"#0","tintindex":0}}}],"display":{"head":{"translation":[0.0,-6.4,0.0],"rotation":[0.0,0.0,0.0],"scale":[3.8095,3.8095,3.8095]}}}