{"textures":{"0":"modelengine:entity/minion_melee"},"elements":[{"name":"cube","from":[7.7,7.625,8.0],"to":[8.3,8.375,10.700001],"rotation":{"angle":0.0,"axis":"x","origin":[8.0,8.0,8.75]},"faces":{"down":{"uv":[8.0,8.5,7.75,9.5],"rotation":0,"texture":"#0","tintindex":0},"east":{"uv":[8.25,8.0,9.25,8.25],"rotation":0,"texture":"#0","tintindex":0},"north":{"uv":[1.5,2.0,1.75,2.25],"rotation":0,"texture":"#0","tintindex":0},"south":{"uv":[5.25,0.75,5.5,1.0],"rotation":0,"texture":"#0","tintindex":0},"up":{"uv":[6.0,9.5,5.75,8.5],"rotation":0,"texture":"#0","tintindex":0},"west":{"uv":[6.75,8.5,7.75,8.75],"rotation":0,"texture":"#0","tintindex":0}}}],"display":{"head":{"translation":[0.0,-6.4,0.0],"rotation":[0.0,0.0,0.0],"scale":[3.8095,3.8095,3.8095]}}}