{"textures":{"0":"modelengine:entity/minion_melee"},"elements":[{"name":"cube","from":[7.7599998,7.835,11.35],"to":[8.24,8.165001,11.950001],"rotation":{"angle":0.0,"axis":"x","origin":[8.0,8.0,6.1]},"faces":{"down":{"uv":[8.25,7.25,8.0,7.5],"rotation":0,"texture":"#0","tintindex":0},"east":{"uv":[5.0,7.5,5.25,7.75],"rotation":0,"texture":"#0","tintindex":0},"north":{"uv":[7.5,4.5,7.75,4.75],"rotation":0,"texture":"#0","tintindex":0},"south":{"uv":[7.75,5.0,8.0,5.25],"rotation":0,"texture":"#0","tintindex":0},"up":{"uv":[8.25,3.75,8.0,3.5],"rotation":0,"texture":"#0","tintindex":0},"west":{"uv":[6.0,7.75,6.25,8.0],"rotation":0,"texture":"#0","tintindex":0}}},{"name":"cube","from":[7.7599998,7.6850004,8.05],"to":[8.24,8.315001,10.75],"rotation":{"angle":0.0,"axis":"x","origin":[8.0,8.0,6.1]},"faces":{"down":{"uv":[6.75,8.0,6.5,9.25],"rotation":0,"texture":"#0","tintindex":0},"east":{"uv":[8.25,4.25,9.5,4.5],"rotation":0,"texture":"#0","tintindex":0},"north":{"uv":[5.25,6.25,5.5,6.5],"rotation":0,"texture":"#0","tintindex":0},"south":{"uv":[6.5,0.5,6.75,0.75],"rotation":0,"texture":"#0","tintindex":0},"up":{"uv":[0.75,9.25,0.5,8.0],"rotation":0,"texture":"#0","tintindex":0},"west":{"uv":[7.75,8.25,9.0,8.5],"rotation":0,"texture":"#0","tintindex":0}}},{"name":"cube","from":[7.46,7.835,10.75],"to":[8.54,8.165001,11.35],"rotation":{"angle":0.0,"axis":"x","origin":[8.0,8.0,6.1]},"faces":{"down":{"uv":[10.0,0.0,9.5,0.25],"rotation":0,"texture":"#0","tintindex":0},"east":{"uv":[6.5,5.25,6.75,5.5],"rotation":0,"texture":"#0","tintindex":0},"north":{"uv":[9.25,7.75,9.75,8.0],"rotation":0,"texture":"#0","tintindex":0},"south":{"uv":[9.25,8.0,9.75,8.25],"rotation":0,"texture":"#0","tintindex":0},"up":{"uv":[9.5,9.5,9.0,9.25],"rotation":0,"texture":"#0","tintindex":0},"west":{"uv":[7.25,3.75,7.5,4.0],"rotation":0,"texture":"#0","tintindex":0}}}],"display":{"head":{"translation":[0.0,-6.4,0.0],"rotation":[0.0,0.0,0.0],"scale":[3.8095,3.8095,3.8095]}}}