{
    "sources": [
        {
            "type": "directory",
            "source": "season1",
            "prefix": "season1/"
        },
        {
            "type": "directory",
            "source": "badges",
            "prefix": "badges/"
        },
        {
            "type": "directory",
            "source": "march",
            "prefix": "march/"
        },
        {
            "type": "directory",
            "source": "valentines",
            "prefix": "valentines/"
        },
        {
            "type": "directory",
            "source": "entity",
            "prefix": "entity/"
        }
    ]
}