{"credit":"Made with Blockbench","texture_size":[32,32],"textures":{"0":"season1/hats/autumn/frog_plushie"},"elements":[{"from":[4.5,1.94113,2.56089],"to":[11.5,4.94113,5.56089],"shade":false,"rotation":{"angle":-22.5,"axis":"x","origin":[8,3.44113,4.06089]},"faces":{"north":{"uv":[11,5,7.5,6.5],"texture":"#0"},"east":{"uv":[12.5,5,11,6.5],"texture":"#0"},"south":{"uv":[16,5,12.5,6.5],"texture":"#0"},"west":{"uv":[7.5,5,6,6.5],"texture":"#0"},"up":{"uv":[7.5,5,11,3.5],"texture":"#0"},"down":{"uv":[11,3.5,14.5,5],"texture":"#0"}}},{"from":[4.5,2.40307,4.86955],"to":[11.5,5.40307,7.86955],"shade":false,"rotation":{"angle":0,"axis":"y","origin":[8,3.90307,6.36955]},"faces":{"north":{"uv":[11,8,7.5,9.5],"texture":"#0"},"east":{"uv":[12.5,8,11,9.5],"texture":"#0"},"south":{"uv":[16,8,12.5,9.5],"texture":"#0"},"west":{"uv":[7.5,8,6,9.5],"texture":"#0"},"up":{"uv":[7.5,8,11,6.5],"texture":"#0"},"down":{"uv":[11,6.5,14.5,8],"texture":"#0"}}},{"from":[1.64462,2.90307,3.93701],"to":[5.04462,4.30307,5.33701],"shade":false,"rotation":{"angle":-22.5,"axis":"y","origin":[3.34462,3.60307,4.63701]},"faces":{"north":{"uv":[2,2.5,0.5,3],"texture":"#0"},"east":{"uv":[2.5,2.5,2,3],"texture":"#0"},"south":{"uv":[4,2.5,2.5,3],"texture":"#0"},"west":{"uv":[0.5,2.5,0,3],"texture":"#0"},"up":{"uv":[0.5,2.5,2,2],"texture":"#0"},"down":{"uv":[2,2,3.5,2.5],"texture":"#0"}}},{"from":[1.45224,2.90307,10.43492],"to":[4.85224,4.30307,11.83492],"shade":false,"rotation":{"angle":22.5,"axis":"y","origin":[3.15224,3.60307,11.13492]},"faces":{"north":{"uv":[2,2.5,0.5,3],"texture":"#0"},"east":{"uv":[2.5,2.5,2,3],"texture":"#0"},"south":{"uv":[4,2.5,2.5,3],"texture":"#0"},"west":{"uv":[0.5,2.5,0,3],"texture":"#0"},"up":{"uv":[0.5,2.5,2,2],"texture":"#0"},"down":{"uv":[2,2,3.5,2.5],"texture":"#0"}}},{"from":[11.14776,2.90307,10.43492],"to":[14.54776,4.30307,11.83492],"rotation":{"angle":-22.5,"axis":"y","origin":[12.84776,3.60307,11.13492]},"faces":{"north":{"uv":[0.5,2.5,2,3],"texture":"#0"},"east":{"uv":[0,2.5,0.5,3],"texture":"#0"},"south":{"uv":[2.5,2.5,4,3],"texture":"#0"},"west":{"uv":[2,2.5,2.5,3],"texture":"#0"},"up":{"uv":[2,2.5,0.5,2],"texture":"#0"},"down":{"uv":[3.5,2,2,2.5],"texture":"#0"}}},{"from":[10.95538,2.90307,3.93701],"to":[14.35538,4.30307,5.33701],"rotation":{"angle":22.5,"axis":"y","origin":[12.65538,3.60307,4.63701]},"faces":{"north":{"uv":[0.5,2.5,2,3],"texture":"#0"},"east":{"uv":[0,2.5,0.5,3],"texture":"#0"},"south":{"uv":[2.5,2.5,4,3],"texture":"#0"},"west":{"uv":[2,2.5,2.5,3],"texture":"#0"},"up":{"uv":[2,2.5,0.5,2],"texture":"#0"},"down":{"uv":[3.5,2,2,2.5],"texture":"#0"}}},{"from":[4.52,1.68313,7.24608],"to":[11.48,4.64313,11.20608],"shade":false,"rotation":{"angle":22.5,"axis":"x","origin":[8,3.56313,9.52608]},"faces":{"north":{"uv":[10.5,2,7,3.5],"texture":"#0"},"east":{"uv":[12.5,2,10.5,3.5],"texture":"#0"},"south":{"uv":[16,2,12.5,3.5],"texture":"#0"},"west":{"uv":[7,2,5,3.5],"texture":"#0"},"up":{"uv":[7,2,10.5,0],"texture":"#0"},"down":{"uv":[10.5,0,14,2],"texture":"#0"}}},{"from":[3.5,4.48023,2.75747],"to":[5.5,6.48023,4.75747],"shade":false,"rotation":{"angle":-22.5,"axis":"x","origin":[4.5,5.48023,3.75747]},"faces":{"north":{"uv":[2,1,1,2],"texture":"#0"},"east":{"uv":[3,1,2,2],"texture":"#0"},"south":{"uv":[4,1,3,2],"texture":"#0"},"west":{"uv":[1,1,0,2],"texture":"#0"},"up":{"uv":[1,1,2,0],"texture":"#0"},"down":{"uv":[2,0,3,1],"texture":"#0"}}},{"from":[10.5,4.48023,2.75747],"to":[12.5,6.48023,4.75747],"rotation":{"angle":-22.5,"axis":"x","origin":[11.5,5.48023,3.75747]},"faces":{"north":{"uv":[1,1,2,2],"texture":"#0"},"east":{"uv":[0,1,1,2],"texture":"#0"},"south":{"uv":[3,1,4,2],"texture":"#0"},"west":{"uv":[2,1,3,2],"texture":"#0"},"up":{"uv":[2,1,1,0],"texture":"#0"},"down":{"uv":[3,0,2,1],"texture":"#0"}}}],"display":{"thirdperson_righthand":{"translation":[0,2.5,0],"scale":[0.39,0.39,0.39]},"thirdperson_lefthand":{"translation":[0,2.5,0],"scale":[0.39,0.39,0.39]},"firstperson_righthand":{"translation":[3.75,3.25,0]},"firstperson_lefthand":{"translation":[3.75,3.25,0]},"ground":{"scale":[0.57,0.57,0.57]},"gui":{"rotation":[27,146,0],"translation":[0,4,0]},"head":{"translation":[0,16.75,1.5],"scale":[1.93,1.93,1.93]},"fixed":{"translation":[0,3.75,0]}},"groups":[{"name":"head","origin":[0,1.75,0],"color":0,"boneType":"","shade":false,"children":[0,1,2,3,4,5,6,7,8]}]}