{"credit":"Made with Blockbench","parent":"leaf_crown","texture_size":[64,64],"textures":{"0":"season1/hats/autumn/leaf_crown"},"elements":[{"from":[3,2.3,3],"to":[13,3.3,4],"shade":false,"rotation":{"angle":0,"axis":"y","origin":[8,2.8,3.5]},"faces":{"north":{"uv":[2.75,0.5,0.25,0.75],"texture":"#0"},"east":{"uv":[3,0.5,2.75,0.75],"texture":"#0"},"south":{"uv":[5.5,0.5,3,0.75],"texture":"#0"},"west":{"uv":[0.25,0.5,0,0.75],"texture":"#0"},"up":{"uv":[0.25,0.5,2.75,0.25],"texture":"#0"},"down":{"uv":[2.75,0.25,5.25,0.5],"texture":"#0"}}},{"from":[3,0.3,3],"to":[3,2.3,13],"shade":false,"rotation":{"angle":0,"axis":"y","origin":[3,1.3,8]},"faces":{"north":{"uv":[10.5,3.5,10.5,4],"texture":"#0"},"east":{"uv":[10.5,3.5,8,4],"texture":"#0"},"south":{"uv":[13,3.5,13,4],"texture":"#0"},"west":{"uv":[10.5,3.5,8,4],"texture":"#0"},"up":{"uv":[10.5,3.5,10.5,1],"texture":"#0"},"down":{"uv":[10.5,1,10.5,3.5],"texture":"#0"}}},{"from":[3.3,3.3,3],"to":[3.3,5.3,13],"shade":false,"rotation":{"angle":0,"axis":"y","origin":[3.3,4.3,8]},"faces":{"north":{"uv":[10.5,3.5,10.5,4],"texture":"#0"},"east":{"uv":[10.5,3.5,8,4],"texture":"#0"},"south":{"uv":[13,3.5,13,4],"texture":"#0"},"west":{"uv":[10.5,3.5,8,4],"texture":"#0"},"up":{"uv":[10.5,3.5,10.5,1],"texture":"#0"},"down":{"uv":[10.5,1,10.5,3.5],"texture":"#0"}}},{"from":[12.7,3.3,3],"to":[12.7,5.3,13],"shade":false,"rotation":{"angle":0,"axis":"y","origin":[12.7,4.3,8]},"faces":{"north":{"uv":[10.5,3.5,10.5,4],"texture":"#0"},"east":{"uv":[10.5,3.5,8,4],"texture":"#0"},"south":{"uv":[13,3.5,13,4],"texture":"#0"},"west":{"uv":[10.5,3.5,8,4],"texture":"#0"},"up":{"uv":[10.5,3.5,10.5,1],"texture":"#0"},"down":{"uv":[10.5,1,10.5,3.5],"texture":"#0"}}},{"from":[13,0.3,3],"to":[13,2.3,13],"rotation":{"angle":0,"axis":"y","origin":[13,1.3,8]},"faces":{"north":{"uv":[10.5,3.5,10.5,4],"texture":"#0"},"east":{"uv":[8,3.5,10.5,4],"texture":"#0"},"south":{"uv":[13,3.5,13,4],"texture":"#0"},"west":{"uv":[8,3.5,10.5,4],"texture":"#0"},"up":{"uv":[10.5,3.5,10.5,1],"texture":"#0"},"down":{"uv":[10.5,1,10.5,3.5],"texture":"#0"}}},{"from":[3,0.3,3],"to":[13,2.3,3],"shade":false,"rotation":{"angle":0,"axis":"y","origin":[8,1.3,3]},"faces":{"north":{"uv":[10.25,0.25,7.75,0.75],"texture":"#0"},"east":{"uv":[10.25,0.25,10.25,0.75],"texture":"#0"},"south":{"uv":[10.25,0.25,7.75,0.75],"texture":"#0"},"west":{"uv":[7.75,0.25,7.75,0.75],"texture":"#0"},"up":{"uv":[7.75,0.25,10.25,0.25],"texture":"#0"},"down":{"uv":[10.25,0.25,12.75,0.25],"texture":"#0"}}},{"from":[3,3.6,3.3],"to":[13,5.6,3.3],"shade":false,"rotation":{"angle":0,"axis":"y","origin":[8,4.6,3.3]},"faces":{"north":{"uv":[10.25,0.25,7.75,0.75],"texture":"#0"},"east":{"uv":[10.25,0.25,10.25,0.75],"texture":"#0"},"south":{"uv":[12.75,0.25,10.25,0.75],"texture":"#0"},"west":{"uv":[7.75,0.25,7.75,0.75],"texture":"#0"},"up":{"uv":[7.75,0.25,10.25,0.25],"texture":"#0"},"down":{"uv":[10.25,0.25,12.75,0.25],"texture":"#0"}}},{"from":[3,3.6,12.3],"to":[13,5.6,12.3],"shade":false,"rotation":{"angle":0,"axis":"y","origin":[8,4.6,12.3]},"faces":{"north":{"uv":[10.25,0.25,7.75,0.75],"texture":"#0"},"east":{"uv":[10.25,0.25,10.25,0.75],"texture":"#0"},"south":{"uv":[10.25,0.25,7.75,0.75],"texture":"#0"},"west":{"uv":[7.75,0.25,7.75,0.75],"texture":"#0"},"up":{"uv":[7.75,0.25,10.25,0.25],"texture":"#0"},"down":{"uv":[10.25,0.25,12.75,0.25],"texture":"#0"}}},{"from":[3,0.3,13],"to":[13,2.3,13],"shade":false,"rotation":{"angle":0,"axis":"y","origin":[8,1.3,13]},"faces":{"north":{"uv":[10.25,0.25,7.75,0.75],"texture":"#0"},"east":{"uv":[10.25,0.25,10.25,0.75],"texture":"#0"},"south":{"uv":[10.25,0.25,7.75,0.75],"texture":"#0"},"west":{"uv":[7.75,0.25,7.75,0.75],"texture":"#0"},"up":{"uv":[7.75,0.25,10.25,0.25],"texture":"#0"},"down":{"uv":[10.25,0.25,12.75,0.25],"texture":"#0"}}},{"from":[6,3.3,3],"to":[10,4.3,4],"shade":false,"rotation":{"angle":0,"axis":"y","origin":[8,3.8,3.5]},"faces":{"north":{"uv":[1.25,7.5,0.25,7.75],"texture":"#0"},"east":{"uv":[1.5,7.5,1.25,7.75],"texture":"#0"},"south":{"uv":[2.5,7.5,1.5,7.75],"texture":"#0"},"west":{"uv":[0.25,7.5,0,7.75],"texture":"#0"},"up":{"uv":[0.25,7.5,1.25,7.25],"texture":"#0"},"down":{"uv":[1.25,7.25,2.25,7.5],"texture":"#0"}}},{"from":[3,3.3,3],"to":[4,4.3,6],"shade":false,"rotation":{"angle":0,"axis":"y","origin":[3.5,3.8,4.5]},"faces":{"north":{"uv":[4,2.25,3.75,2.5],"texture":"#0"},"east":{"uv":[4.75,2.25,4,2.5],"texture":"#0"},"south":{"uv":[5,2.25,4.75,2.5],"texture":"#0"},"west":{"uv":[3.75,2.25,3,2.5],"texture":"#0"},"up":{"uv":[3.75,2.25,4,1.5],"texture":"#0"},"down":{"uv":[4,1.5,4.25,2.25],"texture":"#0"}}},{"from":[3,4.3,4],"to":[4,5.3,5],"shade":false,"rotation":{"angle":0,"axis":"y","origin":[3.5,4.8,4.5]},"faces":{"north":{"uv":[0.75,1.75,0.5,2],"texture":"#0"},"east":{"uv":[1,1.75,0.75,2],"texture":"#0"},"south":{"uv":[1.25,1.75,1,2],"texture":"#0"},"west":{"uv":[0.5,1.75,0.25,2],"texture":"#0"},"up":{"uv":[0.5,1.75,0.75,1.5],"texture":"#0"},"down":{"uv":[0.75,1.5,1,1.75],"texture":"#0"}}},{"from":[12,4.3,4],"to":[13,5.3,5],"rotation":{"angle":0,"axis":"y","origin":[12.5,4.8,4.5]},"faces":{"north":{"uv":[0.5,1.75,0.75,2],"texture":"#0"},"east":{"uv":[0.25,1.75,0.5,2],"texture":"#0"},"south":{"uv":[1,1.75,1.25,2],"texture":"#0"},"west":{"uv":[0.75,1.75,1,2],"texture":"#0"},"up":{"uv":[0.75,1.75,0.5,1.5],"texture":"#0"},"down":{"uv":[1,1.5,0.75,1.75],"texture":"#0"}}},{"from":[12,3.3,3],"to":[13,4.3,6],"rotation":{"angle":0,"axis":"y","origin":[12.5,3.8,4.5]},"faces":{"north":{"uv":[3.75,2.25,4,2.5],"texture":"#0"},"east":{"uv":[3,2.25,3.75,2.5],"texture":"#0"},"south":{"uv":[4.75,2.25,5,2.5],"texture":"#0"},"west":{"uv":[4,2.25,4.75,2.5],"texture":"#0"},"up":{"uv":[4,2.25,3.75,1.5],"texture":"#0"},"down":{"uv":[4.25,1.5,4,2.25],"texture":"#0"}}},{"from":[3,3.3,7.5],"to":[4,4.3,8.5],"shade":false,"rotation":{"angle":0,"axis":"y","origin":[3.5,3.8,8]},"faces":{"north":{"uv":[0.75,1.75,0.5,2],"texture":"#0"},"east":{"uv":[1,1.75,0.75,2],"texture":"#0"},"south":{"uv":[1.25,1.75,1,2],"texture":"#0"},"west":{"uv":[0.5,1.75,0.25,2],"texture":"#0"},"up":{"uv":[0.5,1.75,0.75,1.5],"texture":"#0"},"down":{"uv":[0.75,1.5,1,1.75],"texture":"#0"}}},{"from":[4,4.3,7.5],"to":[5,5.3,8.5],"shade":false,"rotation":{"angle":0,"axis":"y","origin":[4.5,4.8,8]},"faces":{"north":{"uv":[1,5.25,0.75,5.5],"texture":"#0"},"east":{"uv":[1.25,5.25,1,5.5],"texture":"#0"},"south":{"uv":[1.5,5.25,1.25,5.5],"texture":"#0"},"west":{"uv":[0.75,5.25,0.5,5.5],"texture":"#0"},"up":{"uv":[0.75,5.25,1,5],"texture":"#0"},"down":{"uv":[1,5,1.25,5.25],"texture":"#0"}}},{"from":[4.57403,5.18582,6.2],"to":[4.57403,8.18582,9.2],"shade":false,"rotation":{"angle":0,"axis":"y","origin":[4.57403,6.68582,8]},"faces":{"north":{"uv":[3.75,5,3.75,5.75],"texture":"#0"},"east":{"uv":[3,5,3.75,5.75],"texture":"#0"},"south":{"uv":[4.5,5,4.5,5.75],"texture":"#0"},"west":{"uv":[3.75,5,3,5.75],"texture":"#0"},"up":{"uv":[3.75,5,3.75,4.25],"texture":"#0"},"down":{"uv":[3.75,4.25,3.75,5],"texture":"#0"}}},{"from":[11.42597,5.18582,6.7],"to":[11.42597,8.18582,9.7],"rotation":{"angle":0,"axis":"y","origin":[11.42597,6.68582,8]},"faces":{"north":{"uv":[3.75,5,3.75,5.75],"texture":"#0"},"east":{"uv":[3.75,5,3,5.75],"texture":"#0"},"south":{"uv":[4.5,5,4.5,5.75],"texture":"#0"},"west":{"uv":[3,5,3.75,5.75],"texture":"#0"},"up":{"uv":[3.75,5,3.75,4.25],"texture":"#0"},"down":{"uv":[3.75,4.25,3.75,5],"texture":"#0"}}},{"from":[11,4.3,7.5],"to":[12,5.3,8.5],"rotation":{"angle":0,"axis":"y","origin":[11.5,4.8,8]},"faces":{"north":{"uv":[0.75,5.25,1,5.5],"texture":"#0"},"east":{"uv":[0.5,5.25,0.75,5.5],"texture":"#0"},"south":{"uv":[1.25,5.25,1.5,5.5],"texture":"#0"},"west":{"uv":[1,5.25,1.25,5.5],"texture":"#0"},"up":{"uv":[1,5.25,0.75,5],"texture":"#0"},"down":{"uv":[1.25,5,1,5.25],"texture":"#0"}}},{"from":[12,3.3,7.5],"to":[13,4.3,8.5],"rotation":{"angle":0,"axis":"y","origin":[12.5,3.8,8]},"faces":{"north":{"uv":[0.5,1.75,0.75,2],"texture":"#0"},"east":{"uv":[0.25,1.75,0.5,2],"texture":"#0"},"south":{"uv":[1,1.75,1.25,2],"texture":"#0"},"west":{"uv":[0.75,1.75,1,2],"texture":"#0"},"up":{"uv":[0.75,1.75,0.5,1.5],"texture":"#0"},"down":{"uv":[1,1.5,0.75,1.75],"texture":"#0"}}},{"from":[3,3.3,10],"to":[4,4.3,13],"shade":false,"rotation":{"angle":0,"axis":"y","origin":[3.5,3.8,11.5]},"faces":{"north":{"uv":[4,2.25,3.75,2.5],"texture":"#0"},"east":{"uv":[4.75,2.25,4,2.5],"texture":"#0"},"south":{"uv":[5,2.25,4.75,2.5],"texture":"#0"},"west":{"uv":[3.75,2.25,3,2.5],"texture":"#0"},"up":{"uv":[3.75,2.25,4,1.5],"texture":"#0"},"down":{"uv":[4,1.5,4.25,2.25],"texture":"#0"}}},{"from":[12,4.3,11],"to":[13,5.3,12],"rotation":{"angle":0,"axis":"y","origin":[12.5,4.8,11.5]},"faces":{"north":{"uv":[0.5,1.75,0.75,2],"texture":"#0"},"east":{"uv":[0.25,1.75,0.5,2],"texture":"#0"},"south":{"uv":[1,1.75,1.25,2],"texture":"#0"},"west":{"uv":[0.75,1.75,1,2],"texture":"#0"},"up":{"uv":[0.75,1.75,0.5,1.5],"texture":"#0"},"down":{"uv":[1,1.5,0.75,1.75],"texture":"#0"}}},{"from":[3,4.3,11],"to":[4,5.3,12],"shade":false,"rotation":{"angle":0,"axis":"y","origin":[3.5,4.8,11.5]},"faces":{"north":{"uv":[0.75,1.75,0.5,2],"texture":"#0"},"east":{"uv":[1,1.75,0.75,2],"texture":"#0"},"south":{"uv":[1.25,1.75,1,2],"texture":"#0"},"west":{"uv":[0.5,1.75,0.25,2],"texture":"#0"},"up":{"uv":[0.5,1.75,0.75,1.5],"texture":"#0"},"down":{"uv":[0.75,1.5,1,1.75],"texture":"#0"}}},{"from":[12,3.3,10],"to":[13,4.3,13],"rotation":{"angle":0,"axis":"y","origin":[12.5,3.8,11.5]},"faces":{"north":{"uv":[3.75,2.25,4,2.5],"texture":"#0"},"east":{"uv":[3,2.25,3.75,2.5],"texture":"#0"},"south":{"uv":[4.75,2.25,5,2.5],"texture":"#0"},"west":{"uv":[4,2.25,4.75,2.5],"texture":"#0"},"up":{"uv":[4,2.25,3.75,1.5],"texture":"#0"},"down":{"uv":[4.25,1.5,4,2.25],"texture":"#0"}}},{"from":[7,4.3,3],"to":[9,5.3,4],"shade":false,"rotation":{"angle":0,"axis":"y","origin":[8,4.8,3.5]},"faces":{"north":{"uv":[0.75,2.75,0.25,3],"texture":"#0"},"east":{"uv":[1,2.75,0.75,3],"texture":"#0"},"south":{"uv":[1.5,2.75,1,3],"texture":"#0"},"west":{"uv":[0.25,2.75,0,3],"texture":"#0"},"up":{"uv":[0.25,2.75,0.75,2.5],"texture":"#0"},"down":{"uv":[0.75,2.5,1.25,2.75],"texture":"#0"}}},{"from":[7,5.3,4],"to":[9,6.3,5],"shade":false,"rotation":{"angle":0,"axis":"y","origin":[8,5.8,4.5]},"faces":{"north":{"uv":[6,3.25,5.5,3.5],"texture":"#0"},"east":{"uv":[6.25,3.25,6,3.5],"texture":"#0"},"south":{"uv":[6.75,3.25,6.25,3.5],"texture":"#0"},"west":{"uv":[5.5,3.25,5.25,3.5],"texture":"#0"},"up":{"uv":[5.5,3.25,6,3],"texture":"#0"},"down":{"uv":[6,3,6.5,3.25],"texture":"#0"}}},{"from":[6,6.3,4],"to":[10,10.3,4],"shade":false,"rotation":{"angle":0,"axis":"y","origin":[8,8.3,4]},"faces":{"north":{"uv":[6.5,1.25,5.5,2.25],"texture":"#0"},"east":{"uv":[6.5,1.25,6.5,2.25],"texture":"#0"},"south":{"uv":[6.5,1.25,5.5,2.25],"texture":"#0"},"west":{"uv":[5.5,1.25,5.5,2.25],"texture":"#0"},"up":{"uv":[5.5,1.25,6.5,1.25],"texture":"#0"},"down":{"uv":[6.5,1.25,7.5,1.25],"texture":"#0"}}},{"from":[7,5.3,11],"to":[9,6.3,12],"shade":false,"rotation":{"angle":0,"axis":"y","origin":[8,5.8,11.5]},"faces":{"north":{"uv":[0.75,3.5,0.25,3.75],"texture":"#0"},"east":{"uv":[1,3.5,0.75,3.75],"texture":"#0"},"south":{"uv":[1.5,3.5,1,3.75],"texture":"#0"},"west":{"uv":[0.25,3.5,0,3.75],"texture":"#0"},"up":{"uv":[0.25,3.5,0.75,3.25],"texture":"#0"},"down":{"uv":[0.75,3.25,1.25,3.5],"texture":"#0"}}},{"from":[7,4.3,12],"to":[9,5.3,13],"shade":false,"rotation":{"angle":0,"axis":"y","origin":[8,4.8,12.5]},"faces":{"north":{"uv":[4,3.25,3.5,3.5],"texture":"#0"},"east":{"uv":[4.25,3.25,4,3.5],"texture":"#0"},"south":{"uv":[4.75,3.25,4.25,3.5],"texture":"#0"},"west":{"uv":[3.5,3.25,3.25,3.5],"texture":"#0"},"up":{"uv":[3.5,3.25,4,3],"texture":"#0"},"down":{"uv":[4,3,4.5,3.25],"texture":"#0"}}},{"from":[6,3.3,12],"to":[10,4.3,13],"shade":false,"rotation":{"angle":0,"axis":"y","origin":[8,3.8,12.5]},"faces":{"north":{"uv":[4.5,8,3.5,8.25],"texture":"#0"},"east":{"uv":[4.75,8,4.5,8.25],"texture":"#0"},"south":{"uv":[5.75,8,4.75,8.25],"texture":"#0"},"west":{"uv":[3.5,8,3.25,8.25],"texture":"#0"},"up":{"uv":[3.5,8,4.5,7.75],"texture":"#0"},"down":{"uv":[4.5,7.75,5.5,8],"texture":"#0"}}},{"from":[4,2.3,12],"to":[13,3.3,13],"shade":false,"rotation":{"angle":0,"axis":"y","origin":[8.5,2.8,12.5]},"faces":{"north":{"uv":[2.5,1,0.25,1.25],"texture":"#0"},"east":{"uv":[2.75,1,2.5,1.25],"texture":"#0"},"south":{"uv":[5,1,2.75,1.25],"texture":"#0"},"west":{"uv":[0.25,1,0,1.25],"texture":"#0"},"up":{"uv":[0.25,1,2.5,0.75],"texture":"#0"},"down":{"uv":[2.5,0.75,4.75,1],"texture":"#0"}}},{"from":[3,2.3,4],"to":[4,3.3,13],"shade":false,"rotation":{"angle":0,"axis":"y","origin":[3.5,2.8,8.5]},"faces":{"north":{"uv":[2.5,6.5,2.25,6.75],"texture":"#0"},"east":{"uv":[4.75,6.5,2.5,6.75],"texture":"#0"},"south":{"uv":[5,6.5,4.75,6.75],"texture":"#0"},"west":{"uv":[2.25,6.5,0,6.75],"texture":"#0"},"up":{"uv":[2.25,6.5,2.5,4.25],"texture":"#0"},"down":{"uv":[2.5,4.25,2.75,6.5],"texture":"#0"}}},{"from":[12,2.3,4],"to":[13,3.3,12],"shade":false,"rotation":{"angle":0,"axis":"y","origin":[12.5,2.8,8]},"faces":{"north":{"uv":[2.25,4,2,4.25],"texture":"#0"},"east":{"uv":[4.25,4,2.25,4.25],"texture":"#0"},"south":{"uv":[4.5,4,4.25,4.25],"texture":"#0"},"west":{"uv":[2,4,0,4.25],"texture":"#0"},"up":{"uv":[2,4,2.25,2],"texture":"#0"},"down":{"uv":[2.25,2,2.5,4],"texture":"#0"}}}],"display":{"thirdperson_righthand":{"translation":[0,3,0],"scale":[0.47,0.47,0.47]},"thirdperson_lefthand":{"translation":[0,3,0],"scale":[0.47,0.47,0.47]},"firstperson_righthand":{"translation":[4.5,1.5,0]},"firstperson_lefthand":{"translation":[4.5,1.5,0]},"ground":{"scale":[0.49,0.49,0.49]},"gui":{"rotation":[34,146,0],"translation":[0,3.75,0]},"head":{"translation":[0,14.75,0],"scale":[1.75,1.75,1.75]},"fixed":{"translation":[0,7,0],"scale":[1.48,1.48,1.48]}},"groups":[{"name":"head","origin":[0.02353,4.2374,0.98088],"color":0,"boneType":"","shade":false,"children":[0,1,2,3,4,5,6,7,8,9,10,11,12,13,14,15,16,17,18,19,20,21,22,23,24,25,26,27,28,29,30,31,32]}]}