{
	"credit": "Made with Blockbench",
	"texture_size": [64, 64],
	"textures": {
		"0": "season1/hats/autumn/mushroom_hat",
		"particle": "season1/hats/autumn/mushroom_hat"
	},
	"elements": [
		{
			"name": "bipedHead",
			"from": [4.5, 2.2, 4.5],
			"to": [11.5, 5.2, 11.5],
			"rotation": {"angle": 0, "axis": "y", "origin": [0, 2.7, 0]},
			"faces": {
				"north": {"uv": [1.75, 9, 3.5, 9.75], "texture": "#0"},
				"east": {"uv": [0, 9, 1.75, 9.75], "texture": "#0"},
				"south": {"uv": [5.25, 9, 7, 9.75], "texture": "#0"},
				"west": {"uv": [3.5, 9, 5.25, 9.75], "texture": "#0"},
				"up": {"uv": [3.5, 9, 1.75, 7.25], "texture": "#0"},
				"down": {"uv": [5.25, 7.25, 3.5, 9], "texture": "#0"}
			}
		},
		{
			"name": "bipedHead",
			"from": [1.5, 5.2, 1.5],
			"to": [14.5, 7.2, 14.5],
			"rotation": {"angle": 0, "axis": "y", "origin": [0, 5.2, 0]},
			"faces": {
				"north": {"uv": [3.25, 6.75, 6.5, 7.25], "texture": "#0"},
				"east": {"uv": [0, 6.75, 3.25, 7.25], "texture": "#0"},
				"south": {"uv": [9.75, 6.75, 13, 7.25], "texture": "#0"},
				"west": {"uv": [6.5, 6.75, 9.75, 7.25], "texture": "#0"},
				"up": {"uv": [6.5, 6.75, 3.25, 3.5], "texture": "#0"},
				"down": {"uv": [9.75, 3.5, 6.5, 6.75], "texture": "#0"}
			}
		},
		{
			"name": "bipedHead",
			"from": [3, 7.2, 3],
			"to": [13, 10.2, 13],
			"rotation": {"angle": 0, "axis": "y", "origin": [0, 7.7, 0]},
			"faces": {
				"north": {"uv": [2.5, 2.5, 5, 3.25], "texture": "#0"},
				"east": {"uv": [0, 2.5, 2.5, 3.25], "texture": "#0"},
				"south": {"uv": [7.5, 2.5, 10, 3.25], "texture": "#0"},
				"west": {"uv": [5, 2.5, 7.5, 3.25], "texture": "#0"},
				"up": {"uv": [5, 2.5, 2.5, 0], "texture": "#0"},
				"down": {"uv": [7.5, 0, 5, 2.5], "texture": "#0"}
			}
		}
	],
	"display": {
		"thirdperson_righthand": {
			"rotation": [45, 0, 0],
			"translation": [0, 0, -1.25],
			"scale": [0.32, 0.32, 0.32]
		},
		"thirdperson_lefthand": {
			"rotation": [45, 0, 0],
			"translation": [0, 0, -1.25],
			"scale": [0.32, 0.32, 0.32]
		},
		"firstperson_righthand": {
			"translation": [0, 2.25, 0],
			"scale": [0.32, 0.32, 0.32]
		},
		"firstperson_lefthand": {
			"translation": [0, 2.25, 0],
			"scale": [0.32, 0.32, 0.32]
		},
		"ground": {
			"scale": [0.51, 0.51, 0.51]
		},
		"gui": {
			"rotation": [0, 165, 0],
			"translation": [0, 1, 0],
			"scale": [0.95, 1, 1]
		},
		"head": {
			"translation": [0, 12.25, 0]
		},
		"fixed": {
			"translation": [0, 1.75, 0],
			"scale": [1.5, 1.5, 1.5]
		}
	},
	"groups": [
		{
			"name": "bipedHead",
			"origin": [0, -6, 0],
			"color": 0,
			"children": [0, 1, 2]
		}
	]
}