{
	"credit": "Made with Blockbench",
	"textures": {
		"0": "season1/hats/release/owl",
		"particle": "season1/Hats/release/owl"
	},
	"elements": [
		{
			"from": [4, 0, 0],
			"to": [7, 1, 3.5],
			"faces": {
				"north": {"uv": [4.25, 5.75, 5, 6], "texture": "#0"},
				"east": {"uv": [4, 1.5, 5, 1.75], "texture": "#0"},
				"south": {"uv": [6.5, 5.5, 7.25, 5.75], "texture": "#0"},
				"west": {"uv": [4, 1.75, 5, 2], "texture": "#0"},
				"up": {"uv": [6.5, 1, 5.75, 0], "texture": "#0"},
				"down": {"uv": [1.75, 6, 1, 7], "texture": "#0"}
			}
		},
		{
			"from": [9, 0, 0],
			"to": [12, 1, 3.5],
			"rotation": {"angle": 0, "axis": "y", "origin": [16, 0, 0]},
			"faces": {
				"north": {"uv": [5, 5.75, 4.25, 6], "texture": "#0"},
				"east": {"uv": [5, 1.75, 4, 2], "texture": "#0"},
				"south": {"uv": [7.25, 5.5, 6.5, 5.75], "texture": "#0"},
				"west": {"uv": [5, 1.5, 4, 1.75], "texture": "#0"},
				"up": {"uv": [5.75, 1, 6.5, 0], "texture": "#0"},
				"down": {"uv": [1, 6, 1.75, 7], "texture": "#0"}
			}
		},
		{
			"from": [4, 1, 1],
			"to": [12, 10, 7],
			"rotation": {"angle": 0, "axis": "y", "origin": [16, 0, 0]},
			"faces": {
				"north": {"uv": [0, 0, 2, 2.25], "texture": "#0"},
				"east": {"uv": [0, 2.25, 1.5, 4.5], "texture": "#0"},
				"south": {"uv": [2, 0, 4, 2.25], "texture": "#0"},
				"west": {"uv": [1.5, 2.25, 3, 4.5], "texture": "#0"},
				"up": {"uv": [5, 3.75, 3, 2.25], "texture": "#0"},
				"down": {"uv": [5, 3.75, 3, 5.25], "texture": "#0"}
			}
		},
		{
			"from": [2.5, 1, 2],
			"to": [3.5, 9, 6],
			"rotation": {"angle": -22.5, "axis": "z", "origin": [3.5, 5, 4]},
			"faces": {
				"north": {"uv": [6.75, 1, 7, 3], "texture": "#0"},
				"east": {"uv": [3.25, 5.25, 4.25, 7.25], "texture": "#0"},
				"south": {"uv": [1.75, 6.75, 2, 8.75], "texture": "#0"},
				"west": {"uv": [0, 6, 1, 8], "texture": "#0"},
				"up": {"uv": [6.75, 5.5, 6.5, 4.5], "texture": "#0"},
				"down": {"uv": [2.75, 6.75, 2.5, 7.75], "texture": "#0"}
			}
		},
		{
			"from": [12.5, 1, 2],
			"to": [13.5, 9, 6],
			"rotation": {"angle": 22.5, "axis": "z", "origin": [12.5, 5, 4]},
			"faces": {
				"north": {"uv": [7, 1, 6.75, 3], "texture": "#0"},
				"east": {"uv": [1, 6, 0, 8], "texture": "#0"},
				"south": {"uv": [2, 6.75, 1.75, 8.75], "texture": "#0"},
				"west": {"uv": [4.25, 5.25, 3.25, 7.25], "texture": "#0"},
				"up": {"uv": [6.5, 5.5, 6.75, 4.5], "texture": "#0"},
				"down": {"uv": [2.5, 6.75, 2.75, 7.75], "texture": "#0"}
			}
		},
		{
			"from": [4.5, 9, -0.25],
			"to": [11.5, 15, 5.75],
			"rotation": {"angle": 0, "axis": "y", "origin": [16, 0, 0]},
			"faces": {
				"north": {"uv": [4, 0, 5.75, 1.5], "texture": "#0"},
				"east": {"uv": [5, 4.5, 6.5, 6], "texture": "#0"},
				"south": {"uv": [0, 4.5, 1.75, 6], "texture": "#0"},
				"west": {"uv": [1.75, 5.25, 3.25, 6.75], "texture": "#0"},
				"up": {"uv": [6.75, 3, 5, 1.5], "texture": "#0"},
				"down": {"uv": [6.75, 3, 5, 4.5], "texture": "#0"}
			}
		},
		{
			"from": [4.484, 14.55, -0.5],
			"to": [6.484, 16.55, 0.5],
			"rotation": {"angle": 0, "axis": "y", "origin": [15.984, 0.3, 0]},
			"faces": {
				"north": {"uv": [1.75, 4.75, 2.25, 5.25], "texture": "#0"},
				"east": {"uv": [2.75, 4.5, 3, 5], "texture": "#0"},
				"south": {"uv": [2.25, 4.75, 2.75, 5.25], "texture": "#0"},
				"west": {"uv": [4.75, 5.25, 5, 5.75], "texture": "#0"},
				"up": {"uv": [6.75, 1.25, 6.25, 1], "texture": "#0"},
				"down": {"uv": [6.75, 1.25, 6.25, 1.5], "texture": "#0"}
			}
		},
		{
			"from": [4.484, 16.55, -0.5],
			"to": [5.484, 17.55, 0.5],
			"rotation": {"angle": 0, "axis": "y", "origin": [15.984, 0.3, 0]},
			"faces": {
				"north": {"uv": [2.75, 5, 3, 5.25], "texture": "#0"},
				"east": {"uv": [6.75, 4.75, 7, 5], "texture": "#0"},
				"south": {"uv": [6.75, 5, 7, 5.25], "texture": "#0"},
				"west": {"uv": [6.75, 5.25, 7, 5.5], "texture": "#0"},
				"up": {"uv": [1.25, 7.25, 1, 7], "texture": "#0"},
				"down": {"uv": [7.25, 1, 7, 1.25], "texture": "#0"}
			}
		},
		{
			"from": [9.516, 14.55, -0.5],
			"to": [11.516, 16.55, 0.5],
			"rotation": {"angle": 0, "axis": "y", "origin": [0.016, 0.3, 0]},
			"faces": {
				"north": {"uv": [4.25, 5.25, 4.75, 5.75], "texture": "#0"},
				"east": {"uv": [6.75, 3.25, 7, 3.75], "texture": "#0"},
				"south": {"uv": [5.75, 1, 6.25, 1.5], "texture": "#0"},
				"west": {"uv": [6.75, 3.75, 7, 4.25], "texture": "#0"},
				"up": {"uv": [7.25, 4.5, 6.75, 4.25], "texture": "#0"},
				"down": {"uv": [7.25, 4.5, 6.75, 4.75], "texture": "#0"}
			}
		},
		{
			"from": [10.516, 16.55, -0.5],
			"to": [11.516, 17.55, 0.5],
			"rotation": {"angle": 0, "axis": "y", "origin": [0.016, 0.3, 0]},
			"faces": {
				"north": {"uv": [1.25, 7, 1.5, 7.25], "texture": "#0"},
				"east": {"uv": [7, 1.25, 7.25, 1.5], "texture": "#0"},
				"south": {"uv": [1.5, 7, 1.75, 7.25], "texture": "#0"},
				"west": {"uv": [7, 1.5, 7.25, 1.75], "texture": "#0"},
				"up": {"uv": [7.25, 2, 7, 1.75], "texture": "#0"},
				"down": {"uv": [7.25, 2, 7, 2.25], "texture": "#0"}
			}
		}
	],
	"display": {
		"thirdperson_righthand": {
			"scale": [0.5, 0.5, 0.5]
		},
		"thirdperson_lefthand": {
			"scale": [0.5, 0.5, 0.5]
		},
		"firstperson_righthand": {
			"translation": [2.75, 0, 0],
			"scale": [0.75, 0.75, 0.75]
		},
		"firstperson_lefthand": {
			"translation": [2, 0.75, 0],
			"scale": [0.75, 0.75, 0.77]
		},
		"ground": {
			"translation": [0, 3.5, 2],
			"scale": [0.65, 0.65, 0.65]
		},
		"gui": {
			"rotation": [0, 170, 0],
			"translation": [1.25, -0.5, 0],
			"scale": [0.85, 0.85, 0.85]
		},
		"head": {
			"rotation": [-4, -9, -5.5],
			"translation": [-16.25, 2.75, 3.25],
			"scale": [0.85, 0.85, 0.85]
		}
	},
	"groups": [
		{
			"name": "group",
			"origin": [8, 8, 8],
			"color": 0,
			"children": [0, 1, 2, 3, 4, 5, 6, 7, 8, 9]
		}
	]
}