{
	"credit": "Made with Blockbench",
	"texture_size": [32, 32],
	"textures": {
		"1": "season1/hats/christmas/candy_cane_hat",
		"particle": "season1/hats/christmas/candy_cane_hat"
	},
	"elements": [
		{
			"from": [1.75, 7.5, 7],
			"to": [14.75, 9.5, 9],
			"rotation": {"angle": 0, "axis": "y", "origin": [0.75, 0.5, 0]},
			"faces": {
				"north": {"uv": [1, 1, 7.5, 2], "texture": "#1"},
				"east": {"uv": [0, 1, 1, 2], "texture": "#1"},
				"south": {"uv": [8.5, 1, 15, 2], "texture": "#1"},
				"west": {"uv": [7.5, 1, 8.5, 2], "texture": "#1"},
				"up": {"uv": [7.5, 1, 1, 0], "texture": "#1"},
				"down": {"uv": [14, 0, 7.5, 1], "texture": "#1"}
			}
		},
		{
			"from": [-6.251, 5.42793, 6.999],
			"to": [-3.249, 7.42993, 9.001],
			"rotation": {"angle": -45, "axis": "z", "origin": [1.75, 0.42893, 0]},
			"faces": {
				"north": {"uv": [1, 3, 2.5, 4], "texture": "#1"},
				"east": {"uv": [0, 3, 1, 4], "texture": "#1"},
				"south": {"uv": [3.5, 3, 5, 4], "texture": "#1"},
				"west": {"uv": [2.5, 3, 3.5, 4], "texture": "#1"},
				"up": {"uv": [2.5, 3, 1, 2], "texture": "#1"},
				"down": {"uv": [4, 2, 2.5, 3], "texture": "#1"}
			}
		},
		{
			"from": [8.75, 6.42893, 7],
			"to": [9.75, 8.42893, 9],
			"rotation": {"angle": 45, "axis": "z", "origin": [1.75, 0.42893, 0]},
			"faces": {
				"north": {"uv": [1, 5, 1.5, 6], "texture": "#1"},
				"east": {"uv": [0, 5, 1, 6], "texture": "#1"},
				"south": {"uv": [2.5, 5, 3, 6], "texture": "#1"},
				"west": {"uv": [1.5, 5, 2.5, 6], "texture": "#1"},
				"up": {"uv": [1.5, 5, 1, 4], "texture": "#1"},
				"down": {"uv": [2, 4, 1.5, 5], "texture": "#1"}
			}
		}
	],
	"display": {
		"thirdperson_righthand": {
			"scale": [0.5, 0.5, 0.5]
		},
		"thirdperson_lefthand": {
			"scale": [0.5, 0.5, 0.5]
		},
		"gui": {
			"rotation": [-160.3, -46.79, 173.66],
			"translation": [-0.5, -1.5, 0]
		},
		"head": {
			"scale": [1.5, 1.5, 1.5]
		},
		"fixed": {
			"rotation": [0, 0, -27.5],
			"translation": [0.25, -1.5, 0],
			"scale": [1.15, 1.15, 1.15]
		}
	}
}