{
	"credit": "www.sebxter.pl",
	"texture_size": [64, 64],
	"textures": {
		"1": "season1/hats/christmas/elf_hat"
	},
	"elements": [
		{
			"from": [3.5, 10.25, 3.5],
			"to": [12.5, 12.25, 12.5],
			"rotation": {"angle": 0, "axis": "y", "origin": [3.5, 4.25, 4.5]},
			"faces": {
				"north": {"uv": [7.008, 7.258, 9.242, 7.742], "texture": "#1"},
				"east": {"uv": [7.758, 5.508, 9.992, 5.992], "texture": "#1"},
				"south": {"uv": [7.758, 6.258, 9.992, 6.742], "texture": "#1"},
				"west": {"uv": [7.008, 8.008, 9.242, 8.492], "texture": "#1"},
				"up": {"uv": [2.242, 2.242, 0.008, 0.008], "texture": "#1"},
				"down": {"uv": [2.242, 2.508, 0.008, 4.742], "texture": "#1"}
			}
		},
		{
			"from": [4, 12.25, 4],
			"to": [12, 16.25, 12],
			"rotation": {"angle": 0, "axis": "y", "origin": [4, 4.25, 4]},
			"faces": {
				"north": {"uv": [6.758, 0.008, 8.742, 0.992], "texture": "#1"},
				"east": {"uv": [6.758, 1.258, 8.742, 2.242], "texture": "#1"},
				"south": {"uv": [6.758, 2.508, 8.742, 3.492], "texture": "#1"},
				"west": {"uv": [1.758, 7.008, 3.742, 7.992], "texture": "#1"},
				"up": {"uv": [4.492, 1.992, 2.508, 0.008], "texture": "#1"},
				"down": {"uv": [4.492, 2.258, 2.508, 4.242], "texture": "#1"}
			}
		},
		{
			"from": [4.5, 16.25, 4.5],
			"to": [11.5, 18.25, 11.5],
			"rotation": {"angle": 0, "axis": "y", "origin": [3.5, 4.25, 3.5]},
			"faces": {
				"north": {"uv": [9.008, 2.008, 10.742, 2.492], "texture": "#1"},
				"east": {"uv": [9.008, 2.758, 10.742, 3.242], "texture": "#1"},
				"south": {"uv": [9.258, 8.758, 10.992, 9.242], "texture": "#1"},
				"west": {"uv": [0.008, 9.508, 1.742, 9.992], "texture": "#1"},
				"up": {"uv": [6.492, 1.742, 4.758, 0.008], "texture": "#1"},
				"down": {"uv": [6.492, 2.008, 4.758, 3.742], "texture": "#1"}
			}
		},
		{
			"from": [5, 18.25, 5],
			"to": [11, 19.25, 11],
			"rotation": {"angle": 0, "axis": "y", "origin": [3, 4.25, 4]},
			"faces": {
				"north": {"uv": [4.508, 10.008, 5.992, 10.242], "texture": "#1"},
				"east": {"uv": [0.008, 10.258, 1.492, 10.492], "texture": "#1"},
				"south": {"uv": [10.258, 5.508, 11.742, 5.742], "texture": "#1"},
				"west": {"uv": [10.258, 6.008, 11.742, 6.242], "texture": "#1"},
				"up": {"uv": [7.492, 6.992, 6.008, 5.508], "texture": "#1"},
				"down": {"uv": [1.492, 6.508, 0.008, 7.992], "texture": "#1"}
			}
		},
		{
			"from": [5.375, 18.125, 5.5],
			"to": [10.375, 21.125, 10.5],
			"rotation": {"angle": 22.5, "axis": "z", "origin": [8, 19.75, 8]},
			"faces": {
				"north": {"uv": [6.258, 8.758, 7.492, 9.492], "texture": "#1"},
				"east": {"uv": [7.758, 8.758, 8.992, 9.492], "texture": "#1"},
				"south": {"uv": [9.008, 0.008, 10.242, 0.742], "texture": "#1"},
				"west": {"uv": [9.008, 1.008, 10.242, 1.742], "texture": "#1"},
				"up": {"uv": [5.242, 8.242, 4.008, 7.008], "texture": "#1"},
				"down": {"uv": [6.742, 7.258, 5.508, 8.492], "texture": "#1"}
			}
		},
		{
			"from": [4.8255, 18.44353, 6],
			"to": [8.8255, 22.44353, 10],
			"rotation": {"angle": -22.5, "axis": "z", "origin": [7.3255, 20.19353, 8]},
			"faces": {
				"north": {"uv": [0.008, 8.258, 0.992, 9.242], "texture": "#1"},
				"east": {"uv": [1.258, 8.258, 2.242, 9.242], "texture": "#1"},
				"south": {"uv": [2.508, 8.258, 3.492, 9.242], "texture": "#1"},
				"west": {"uv": [3.758, 8.508, 4.742, 9.492], "texture": "#1"},
				"up": {"uv": [9.492, 4.742, 8.508, 3.758], "texture": "#1"},
				"down": {"uv": [5.992, 8.758, 5.008, 9.742], "texture": "#1"}
			}
		},
		{
			"from": [1.88871, 18.97158, 6.5],
			"to": [5.88871, 21.97158, 9.5],
			"rotation": {"angle": 22.5, "axis": "z", "origin": [3.26371, 22.14658, 8]},
			"faces": {
				"north": {"uv": [2.008, 9.508, 2.992, 10.242], "texture": "#1"},
				"east": {"uv": [9.758, 3.508, 10.492, 4.242], "texture": "#1"},
				"south": {"uv": [9.508, 7.008, 10.492, 7.742], "texture": "#1"},
				"west": {"uv": [9.758, 4.508, 10.492, 5.242], "texture": "#1"},
				"up": {"uv": [10.242, 10.242, 9.258, 9.508], "texture": "#1"},
				"down": {"uv": [4.242, 9.758, 3.258, 10.492], "texture": "#1"}
			}
		},
		{
			"from": [0.70679, 18.18384, 7],
			"to": [3.70679, 20.18384, 9],
			"rotation": {"angle": 45, "axis": "z", "origin": [1.70679, 18.98384, 8]},
			"faces": {
				"north": {"uv": [6.258, 10.258, 6.992, 10.742], "texture": "#1"},
				"east": {"uv": [10.508, 1.258, 10.992, 1.742], "texture": "#1"},
				"south": {"uv": [7.258, 10.258, 7.992, 10.742], "texture": "#1"},
				"west": {"uv": [1.758, 10.508, 2.242, 10.992], "texture": "#1"},
				"up": {"uv": [8.992, 10.742, 8.258, 10.258], "texture": "#1"},
				"down": {"uv": [11.242, 0.008, 10.508, 0.492], "texture": "#1"}
			}
		},
		{
			"from": [-0.24884, 15.90394, 7.5],
			"to": [0.75116, 18.90394, 8.5],
			"rotation": {"angle": -22.5, "axis": "z", "origin": [0.15116, 17.00394, 7.5]},
			"faces": {
				"north": {"uv": [2.508, 10.508, 2.742, 11.242], "texture": "#1"},
				"east": {"uv": [4.508, 10.508, 4.742, 11.242], "texture": "#1"},
				"south": {"uv": [5.008, 10.508, 5.242, 11.242], "texture": "#1"},
				"west": {"uv": [5.508, 10.508, 5.742, 11.242], "texture": "#1"},
				"up": {"uv": [4.992, 4.242, 4.758, 4.008], "texture": "#1"},
				"down": {"uv": [5.492, 4.008, 5.258, 4.242], "texture": "#1"}
			}
		},
		{
			"from": [-0.86875, 14.98746, 7.5],
			"to": [0.13125, 15.98746, 8.5],
			"rotation": {"angle": 45, "axis": "x", "origin": [-0.36875, 15.48746, 8]},
			"faces": {
				"north": {"uv": [1.758, 6.508, 1.992, 6.742], "texture": "#1"},
				"east": {"uv": [8.508, 5.008, 8.742, 5.242], "texture": "#1"},
				"south": {"uv": [9.008, 5.008, 9.242, 5.242], "texture": "#1"},
				"west": {"uv": [8.758, 9.758, 8.992, 9.992], "texture": "#1"},
				"up": {"uv": [9.492, 10.742, 9.258, 10.508], "texture": "#1"},
				"down": {"uv": [10.742, 9.508, 10.508, 9.742], "texture": "#1"}
			}
		},
		{
			"from": [-0.86875, 14.98746, 7.5],
			"to": [0.13125, 15.98746, 8.5],
			"rotation": {"angle": -45, "axis": "y", "origin": [-0.36875, 15.48746, 8]},
			"faces": {
				"north": {"uv": [9.758, 10.508, 9.992, 10.742], "texture": "#1"},
				"east": {"uv": [10.508, 10.008, 10.742, 10.242], "texture": "#1"},
				"south": {"uv": [10.258, 10.508, 10.492, 10.742], "texture": "#1"},
				"west": {"uv": [0.008, 10.758, 0.242, 10.992], "texture": "#1"},
				"up": {"uv": [0.742, 10.992, 0.508, 10.758], "texture": "#1"},
				"down": {"uv": [1.242, 10.758, 1.008, 10.992], "texture": "#1"}
			}
		},
		{
			"from": [13.04049, 14.14792, 3.5],
			"to": [13.04049, 19.14792, 12.5],
			"rotation": {"angle": -22.5, "axis": "z", "origin": [8, 14.56008, 8]},
			"faces": {
				"north": {"uv": [3.008, 10.508, 3.008, 11.742], "texture": "#1"},
				"east": {"uv": [0.008, 5.008, 2.242, 6.242], "texture": "#1"},
				"south": {"uv": [6.008, 10.508, 6.008, 11.742], "texture": "#1"},
				"west": {"uv": [6.008, 4.008, 8.242, 5.242], "texture": "#1"},
				"up": {"uv": [1.508, 12.992, 1.508, 10.758], "texture": "#1"},
				"down": {"uv": [3.258, 10.758, 3.258, 12.992], "texture": "#1"}
			}
		},
		{
			"from": [2.95951, 14.14792, 3.5],
			"to": [2.95951, 19.14792, 12.5],
			"rotation": {"angle": 22.5, "axis": "z", "origin": [8, 14.56008, 8]},
			"faces": {
				"north": {"uv": [3.008, 10.508, 3.008, 11.742], "texture": "#1"},
				"east": {"uv": [8.242, 4.008, 6.008, 5.242], "texture": "#1"},
				"south": {"uv": [6.008, 10.508, 6.008, 11.742], "texture": "#1"},
				"west": {"uv": [2.242, 5.008, 0.008, 6.242], "texture": "#1"},
				"up": {"uv": [1.508, 12.992, 1.508, 10.758], "texture": "#1"},
				"down": {"uv": [3.258, 10.758, 3.258, 12.992], "texture": "#1"}
			}
		},
		{
			"from": [3.5, 14.14792, 2.95951],
			"to": [12.5, 19.14792, 2.95951],
			"rotation": {"angle": -22.5, "axis": "x", "origin": [8, 14.56008, 8]},
			"faces": {
				"north": {"uv": [2.242, 5.008, 0.008, 6.242], "texture": "#1"},
				"east": {"uv": [3.008, 10.508, 3.008, 11.742], "texture": "#1"},
				"south": {"uv": [8.242, 4.008, 6.008, 5.242], "texture": "#1"},
				"west": {"uv": [6.008, 10.508, 6.008, 11.742], "texture": "#1"},
				"up": {"uv": [1.508, 12.992, 1.508, 10.758], "rotation": 90, "texture": "#1"},
				"down": {"uv": [3.258, 10.758, 3.258, 12.992], "rotation": 270, "texture": "#1"}
			}
		},
		{
			"from": [3.5, 14.14792, 13.04049],
			"to": [12.5, 19.14792, 13.04049],
			"rotation": {"angle": 22.5, "axis": "x", "origin": [8, 14.56008, 8]},
			"faces": {
				"north": {"uv": [6.008, 4.008, 8.242, 5.242], "texture": "#1"},
				"east": {"uv": [3.008, 10.508, 3.008, 11.742], "texture": "#1"},
				"south": {"uv": [0.008, 5.008, 2.242, 6.242], "texture": "#1"},
				"west": {"uv": [6.008, 10.508, 6.008, 11.742], "texture": "#1"},
				"up": {"uv": [1.508, 12.992, 1.508, 10.758], "rotation": 90, "texture": "#1"},
				"down": {"uv": [3.258, 10.758, 3.258, 12.992], "rotation": 270, "texture": "#1"}
			}
		},
		{
			"from": [5, 9.25, 3.5],
			"to": [11, 10.25, 12.5],
			"rotation": {"angle": 0, "axis": "y", "origin": [8, 9.75, 8]},
			"faces": {
				"north": {"uv": [10.258, 6.508, 11.742, 6.742], "texture": "#1"},
				"east": {"uv": [9.508, 8.008, 11.742, 8.242], "texture": "#1"},
				"south": {"uv": [10.508, 0.758, 11.992, 0.992], "texture": "#1"},
				"west": {"uv": [6.258, 9.758, 8.492, 9.992], "texture": "#1"},
				"up": {"uv": [3.992, 6.742, 2.508, 4.508], "texture": "#1"},
				"down": {"uv": [5.742, 4.508, 4.258, 6.742], "texture": "#1"}
			}
		},
		{
			"from": [3.5, 9.25, 5],
			"to": [12.5, 10.25, 11],
			"rotation": {"angle": 0, "axis": "y", "origin": [8, 9.75, 8]},
			"faces": {
				"north": {"uv": [9.508, 8.008, 11.742, 8.242], "texture": "#1"},
				"east": {"uv": [10.508, 0.758, 11.992, 0.992], "texture": "#1"},
				"south": {"uv": [6.258, 9.758, 8.492, 9.992], "texture": "#1"},
				"west": {"uv": [10.258, 6.508, 11.742, 6.742], "texture": "#1"},
				"up": {"uv": [3.992, 6.742, 2.508, 4.508], "rotation": 270, "texture": "#1"},
				"down": {"uv": [5.742, 4.508, 4.258, 6.742], "rotation": 90, "texture": "#1"}
			}
		}
	],
	"display": {
		"thirdperson_righthand": {
			"translation": [0, -1.5, 1.75],
			"scale": [0.5, 0.5, 0.5]
		},
		"thirdperson_lefthand": {
			"translation": [0, -1.5, 1.75],
			"scale": [0.5, 0.5, 0.5]
		},
		"firstperson_righthand": {
			"scale": [0.5, 0.5, 0.5]
		},
		"firstperson_lefthand": {
			"scale": [0.5, 0.5, 0.5]
		},
		"ground": {
			"translation": [0, -2.5, 0],
			"scale": [0.7, 0.7, 0.7]
		},
		"gui": {
			"rotation": [30, 225, 0],
			"translation": [0, -6.25, 0],
			"scale": [0.95, 0.95, 0.95]
		},
		"head": {
			"translation": [0, -1.75, 0],
			"scale": [1.7, 1.7, 1.7]
		},
		"fixed": {
			"translation": [0.5, -7.25, 0.25]
		}
	}
}