{
	"credit": "Made with Blockbench",
	"texture_size": [32, 32],
	"textures": {
		"2": "season1/hats/christmas/md_plush_snowman_texture",
		"particle": "season1/hats/christmas/md_plush_snowman_texture"
	},
	"elements": [
		{
			"from": [6, 4, 7.25],
			"to": [10, 7, 11.25],
			"rotation": {"angle": 0, "axis": "y", "origin": [12, 0, 0]},
			"faces": {
				"north": {"uv": [7.5, 0, 9.5, 1.5], "texture": "#2"},
				"east": {"uv": [7.5, 1.5, 9.5, 3], "texture": "#2"},
				"south": {"uv": [7.5, 3, 9.5, 4.5], "texture": "#2"},
				"west": {"uv": [7.5, 4.5, 9.5, 6], "texture": "#2"},
				"up": {"uv": [4.5, 9, 2.5, 7], "texture": "#2"},
				"down": {"uv": [2, 7.5, 0, 9.5], "texture": "#2"}
			}
		},
		{
			"from": [5.5, 0, 6.75],
			"to": [10.5, 4, 11.75],
			"rotation": {"angle": 0, "axis": "y", "origin": [12, 0, 0]},
			"faces": {
				"north": {"uv": [2.5, 5, 5, 7], "texture": "#2"},
				"east": {"uv": [5, 2.5, 7.5, 4.5], "texture": "#2"},
				"south": {"uv": [5, 4.5, 7.5, 6.5], "texture": "#2"},
				"west": {"uv": [5, 6.5, 7.5, 8.5], "texture": "#2"},
				"up": {"uv": [2.5, 2.5, 0, 0], "texture": "#2"},
				"down": {"uv": [2.5, 2.5, 0, 5], "texture": "#2"}
			}
		},
		{
			"from": [8, 2, 9.25],
			"to": [13, 7, 9.25],
			"rotation": {"angle": 22.5, "axis": "z", "origin": [11, 5.5, 9.25]},
			"faces": {
				"north": {"uv": [5, 0, 2.5, 2.5], "texture": "#2"},
				"east": {"uv": [0, 0, 0, 2.5], "texture": "#2"},
				"south": {"uv": [2.5, 0, 5, 2.5], "texture": "#2"},
				"west": {"uv": [0, 0, 0, 2.5], "texture": "#2"},
				"up": {"uv": [0, 0, 2.5, 0], "texture": "#2"},
				"down": {"uv": [0, 0, 2.5, 0], "texture": "#2"}
			}
		},
		{
			"from": [8, 7.48359, 6.15381],
			"to": [8, 7.98359, 8.65381],
			"rotation": {"angle": 0, "axis": "y", "origin": [15, 6.98359, 7.90381]},
			"faces": {
				"north": {"uv": [0, 0, 0, 0.5], "texture": "#2"},
				"east": {"uv": [7.5, 9, 9, 9.5], "texture": "#2"},
				"south": {"uv": [0, 0, 0, 0.5], "texture": "#2"},
				"west": {"uv": [9, 7.5, 10.5, 8], "texture": "#2"},
				"up": {"uv": [0, 1.5, 0, 0], "texture": "#2"},
				"down": {"uv": [0, 0, 0, 1.5], "texture": "#2"}
			}
		},
		{
			"from": [6, 7, 7.525],
			"to": [10, 9, 7.525],
			"faces": {
				"north": {"uv": [12, 14, 16, 16], "texture": "#2"},
				"east": {"uv": [0, 0, 0, 1], "texture": "#2"},
				"south": {"uv": [9, 15, 11, 16], "texture": "#2"},
				"west": {"uv": [0, 0, 0, 1], "texture": "#2"},
				"up": {"uv": [0, 0, 2, 0], "texture": "#2"},
				"down": {"uv": [0, 0, 2, 0], "texture": "#2"}
			}
		},
		{
			"from": [6.5, 6.98359, 7.65381],
			"to": [9.5, 9.98359, 10.65381],
			"rotation": {"angle": 0, "axis": "x", "origin": [15, 6.98359, 7.90381]},
			"faces": {
				"north": {"uv": [7.5, 6, 9, 7.5], "texture": "#2"},
				"east": {"uv": [7.5, 7.5, 9, 9], "texture": "#2"},
				"south": {"uv": [4.5, 8.5, 6, 10], "texture": "#2"},
				"west": {"uv": [6, 8.5, 7.5, 10], "texture": "#2"},
				"up": {"uv": [3.5, 10.5, 2, 9], "texture": "#2"},
				"down": {"uv": [10.5, 6, 9, 7.5], "texture": "#2"}
			}
		},
		{
			"from": [5.5, 8.98359, 6.65381],
			"to": [10.5, 8.98359, 11.65381],
			"rotation": {"angle": 0, "axis": "y", "origin": [15, 6.98359, 7.90381]},
			"faces": {
				"north": {"uv": [0, 0, 2.5, 0], "texture": "#2"},
				"east": {"uv": [0, 0, 2.5, 0], "texture": "#2"},
				"south": {"uv": [0, 0, 2.5, 0], "texture": "#2"},
				"west": {"uv": [0, 0, 2.5, 0], "texture": "#2"},
				"up": {"uv": [2.5, 7.5, 0, 5], "texture": "#2"},
				"down": {"uv": [2.5, 5, 0, 7.5], "texture": "#2"}
			}
		},
		{
			"from": [6.5, 4, 7.2],
			"to": [8.5, 6, 7.2],
			"faces": {
				"north": {"uv": [14, 12.5, 15, 13.5], "texture": "#2"},
				"east": {"uv": [0, 0, 0, 1], "texture": "#2"},
				"south": {"uv": [11.5, 12, 12.5, 13], "texture": "#2"},
				"west": {"uv": [0, 0, 0, 1], "texture": "#2"},
				"up": {"uv": [0, 0, 1, 0], "texture": "#2"},
				"down": {"uv": [0, 0, 1, 0], "texture": "#2"}
			}
		},
		{
			"from": [3, 2, 9.25],
			"to": [8, 7, 9.25],
			"rotation": {"angle": -22.5, "axis": "z", "origin": [5, 5.5, 9.25]},
			"faces": {
				"north": {"uv": [2.5, 0, 5, 2.5], "texture": "#2"},
				"east": {"uv": [0, 0, 0, 2.5], "texture": "#2"},
				"south": {"uv": [5, 0, 2.5, 2.5], "texture": "#2"},
				"west": {"uv": [0, 0, 0, 2.5], "texture": "#2"},
				"up": {"uv": [2.5, 0, 0, 0], "texture": "#2"},
				"down": {"uv": [2.5, 0, 0, 0], "texture": "#2"}
			}
		}
	],
	"gui_light": "front",
	"display": {
		"thirdperson_righthand": {
			"rotation": [31, 0, 0],
			"translation": [0, 3.75, 1.75],
			"scale": [1.16, 1.16, 1.16]
		},
		"thirdperson_lefthand": {
			"rotation": [31, 0, 0],
			"translation": [0, 3.75, 1.75],
			"scale": [1.11, 1.11, 1.11]
		},
		"firstperson_righthand": {
			"rotation": [0, 110, 0],
			"translation": [0, 6.25, 0]
		},
		"firstperson_lefthand": {
			"rotation": [0, 110, 0],
			"translation": [0, 6.25, 0]
		},
		"ground": {
			"translation": [0, 9.25, 0]
		},
		"gui": {
			"rotation": [-164.81, 24.31, -178.31],
			"translation": [-0.75, 3, 0],
			"scale": [1.25, 1.25, 1.25]
		},
		"head": {
			"translation": [0, 18.4, -2],
			"scale": [1.49, 1.49, 1.49]
		},
		"fixed": {
			"translation": [-0.25, 4.25, -3.5],
			"scale": [1.53, 1.53, 1.53]
		}
	},
	"groups": [
		{
			"name": "2nd_layer",
			"origin": [9.75, 3, 9.025],
			"color": 0,
			"children": []
		},
		{
			"name": "base_body",
			"origin": [6.25, 3, 9.025],
			"color": 0,
			"children": [0, 1, 2, 3, 4, 5, 6, 7, 8]
		}
	]
}