{
	"credit": "Made with Blockbench",
	"texture_size": [32, 32],
	"textures": {
		"1": "season1/hats/christmas/md_elf_plush_texture",
		"particle": "season1/hats/christmas/md_elf_plush_texture"
	},
	"elements": [
		{
			"from": [5.2, 4.2, 4.475],
			"to": [10.8, 9.8, 10.075],
			"rotation": {"angle": -22.5, "axis": "x", "origin": [8, 7.5, 8.5]},
			"faces": {
				"north": {"uv": [0, 0, 3, 3], "texture": "#1"},
				"east": {"uv": [0, 3, 3, 6], "texture": "#1"},
				"south": {"uv": [3, 0, 6, 3], "texture": "#1"},
				"west": {"uv": [3, 3, 6, 6], "texture": "#1"},
				"up": {"uv": [3, 9, 0, 6], "texture": "#1"},
				"down": {"uv": [9, 0, 6, 3], "texture": "#1"}
			}
		},
		{
			"from": [6.45, -0.05, 6.95],
			"to": [9.55, 5.05, 9.8],
			"rotation": {"angle": 0, "axis": "y", "origin": [0, 1, -1]},
			"faces": {
				"north": {"uv": [8.5, 3, 10, 5.5], "texture": "#1"},
				"east": {"uv": [5.5, 8.5, 7, 11], "texture": "#1"},
				"south": {"uv": [0, 9, 1.5, 11.5], "texture": "#1"},
				"west": {"uv": [9, 0, 10.5, 2.5], "texture": "#1"},
				"up": {"uv": [8.5, 12, 7, 10.5], "texture": "#1"},
				"down": {"uv": [12, 7.5, 10.5, 9], "texture": "#1"}
			}
		},
		{
			"from": [8.7, -0.041, 5.95],
			"to": [10.3, 1.559, 9.05],
			"rotation": {"angle": -22.5, "axis": "y", "origin": [10.25, 0.525, 6.5]},
			"faces": {
				"north": {"uv": [13, 5.5, 14, 6.5], "texture": "#1"},
				"east": {"uv": [10, 10.5, 11.5, 11.5], "texture": "#1"},
				"south": {"uv": [6.5, 13, 7.5, 14], "texture": "#1"},
				"west": {"uv": [3, 11, 4.5, 12], "texture": "#1"},
				"up": {"uv": [8, 10, 7, 8.5], "texture": "#1"},
				"down": {"uv": [5.5, 11, 4.5, 12.5], "texture": "#1"}
			}
		},
		{
			"from": [5.7, -0.041, 5.95],
			"to": [7.3, 1.559, 9.05],
			"rotation": {"angle": 22.5, "axis": "y", "origin": [5.75, 0.525, 6.5]},
			"faces": {
				"north": {"uv": [13, 6.5, 14, 7.5], "texture": "#1"},
				"east": {"uv": [5.5, 11, 7, 12], "texture": "#1"},
				"south": {"uv": [13, 7.5, 14, 8.5], "texture": "#1"},
				"west": {"uv": [0, 11.5, 1.5, 12.5], "texture": "#1"},
				"up": {"uv": [2.5, 13, 1.5, 11.5], "texture": "#1"},
				"down": {"uv": [12.5, 2.5, 11.5, 4], "texture": "#1"}
			}
		},
		{
			"from": [5.2, 1.45, 7.725],
			"to": [6.8, 4.55, 9.325],
			"rotation": {"angle": -45, "axis": "z", "origin": [6.25, 3, 9.025]},
			"faces": {
				"north": {"uv": [10, 11.5, 11, 13], "texture": "#1"},
				"east": {"uv": [11.5, 10.5, 12.5, 12], "texture": "#1"},
				"south": {"uv": [12, 0, 13, 1.5], "texture": "#1"},
				"west": {"uv": [2.5, 12, 3.5, 13.5], "texture": "#1"},
				"up": {"uv": [11, 14, 10, 13], "texture": "#1"},
				"down": {"uv": [14, 12, 13, 13], "texture": "#1"}
			}
		},
		{
			"from": [9.2, 1.45, 7.725],
			"to": [10.8, 4.55, 9.325],
			"rotation": {"angle": 45, "axis": "z", "origin": [9.75, 3, 9.025]},
			"faces": {
				"north": {"uv": [3.5, 12, 4.5, 13.5], "texture": "#1"},
				"east": {"uv": [12, 4, 13, 5.5], "texture": "#1"},
				"south": {"uv": [5.5, 12, 6.5, 13.5], "texture": "#1"},
				"west": {"uv": [12, 5.5, 13, 7], "texture": "#1"},
				"up": {"uv": [14, 14, 13, 13], "texture": "#1"},
				"down": {"uv": [14.5, 1.5, 13.5, 2.5], "texture": "#1"}
			}
		},
		{
			"from": [5.5, 4.5, 4.775],
			"to": [10.5, 9.5, 9.775],
			"rotation": {"angle": -22.5, "axis": "x", "origin": [8, 7.5, 8.5]},
			"faces": {
				"north": {"uv": [3, 6, 5.5, 8.5], "texture": "#1"},
				"east": {"uv": [6, 3, 8.5, 5.5], "texture": "#1"},
				"south": {"uv": [5.5, 6, 8, 8.5], "texture": "#1"},
				"west": {"uv": [8, 5.5, 10.5, 8], "texture": "#1"},
				"up": {"uv": [10.5, 10.5, 8, 8], "texture": "#1"},
				"down": {"uv": [5.5, 8.5, 3, 11], "texture": "#1"}
			}
		},
		{
			"from": [6.5, 0, 7],
			"to": [9.5, 5, 9.75],
			"rotation": {"angle": 0, "axis": "y", "origin": [0, 1, -1]},
			"faces": {
				"north": {"uv": [1.5, 9, 3, 11.5], "texture": "#1"},
				"east": {"uv": [10, 2.5, 11.5, 5], "texture": "#1"},
				"south": {"uv": [10.5, 0, 12, 2.5], "texture": "#1"},
				"west": {"uv": [10.5, 5, 12, 7.5], "texture": "#1"},
				"up": {"uv": [10, 12, 8.5, 10.5], "texture": "#1"},
				"down": {"uv": [12, 9, 10.5, 10.5], "texture": "#1"}
			}
		},
		{
			"from": [8.75, 0.009, 6],
			"to": [10.25, 1.509, 9],
			"rotation": {"angle": -22.5, "axis": "y", "origin": [10.25, 0.525, 6.5]},
			"faces": {
				"north": {"uv": [2, 13.5, 3, 14.5], "texture": "#1"},
				"east": {"uv": [12, 1.5, 13.5, 2.5], "texture": "#1"},
				"south": {"uv": [13.5, 2.5, 14.5, 3.5], "texture": "#1"},
				"west": {"uv": [6.5, 12, 8, 13], "texture": "#1"},
				"up": {"uv": [13, 8.5, 12, 7], "texture": "#1"},
				"down": {"uv": [9, 12, 8, 13.5], "texture": "#1"}
			}
		},
		{
			"from": [5.75, 0.009, 6],
			"to": [7.25, 1.509, 9],
			"rotation": {"angle": 22.5, "axis": "y", "origin": [5.75, 0.525, 6.5]},
			"faces": {
				"north": {"uv": [3, 13.5, 4, 14.5], "texture": "#1"},
				"east": {"uv": [12, 8.5, 13.5, 9.5], "texture": "#1"},
				"south": {"uv": [5.5, 13.5, 6.5, 14.5], "texture": "#1"},
				"west": {"uv": [12, 9.5, 13.5, 10.5], "texture": "#1"},
				"up": {"uv": [10, 13.5, 9, 12], "texture": "#1"},
				"down": {"uv": [12, 12, 11, 13.5], "texture": "#1"}
			}
		},
		{
			"from": [9.25, 1.5, 7.775],
			"to": [10.75, 4.5, 9.275],
			"rotation": {"angle": 45, "axis": "z", "origin": [9.75, 3, 9.025]},
			"faces": {
				"north": {"uv": [12, 12, 13, 13.5], "texture": "#1"},
				"east": {"uv": [0, 12.5, 1, 14], "texture": "#1"},
				"south": {"uv": [12.5, 2.5, 13.5, 4], "texture": "#1"},
				"west": {"uv": [4.5, 12.5, 5.5, 14], "texture": "#1"},
				"up": {"uv": [8.5, 14.5, 7.5, 13.5], "texture": "#1"},
				"down": {"uv": [9.5, 13.5, 8.5, 14.5], "texture": "#1"}
			}
		},
		{
			"from": [5.25, 1.5, 7.775],
			"to": [6.75, 4.5, 9.275],
			"rotation": {"angle": -45, "axis": "z", "origin": [6.25, 3, 9.025]},
			"faces": {
				"north": {"uv": [12.5, 10.5, 13.5, 12], "texture": "#1"},
				"east": {"uv": [13, 0, 14, 1.5], "texture": "#1"},
				"south": {"uv": [1, 13, 2, 14.5], "texture": "#1"},
				"west": {"uv": [13, 4, 14, 5.5], "texture": "#1"},
				"up": {"uv": [14.5, 9.5, 13.5, 8.5], "texture": "#1"},
				"down": {"uv": [14.5, 9.5, 13.5, 10.5], "texture": "#1"}
			}
		}
	],
	"gui_light": "front",
	"display": {
		"thirdperson_righthand": {
			"rotation": [31, 0, 0],
			"translation": [0, 3.75, 1.75]
		},
		"thirdperson_lefthand": {
			"rotation": [31, 0, 0],
			"translation": [0, 3.75, 1.75]
		},
		"firstperson_righthand": {
			"rotation": [0, 110, 0],
			"translation": [0, 6.25, 0]
		},
		"firstperson_lefthand": {
			"rotation": [0, 110, 0],
			"translation": [0, 6.25, 0]
		},
		"ground": {
			"translation": [0, 8.25, 0]
		},
		"gui": {
			"rotation": [18, 145, 0],
			"translation": [0.25, 3.25, 0],
			"scale": [1.25, 1.25, 1.25]
		},
		"head": {
			"translation": [0, 18.4, 0],
			"scale": [1.49, 1.49, 1.49]
		},
		"fixed": {
			"translation": [-0.25, 4.25, -1.75],
			"scale": [1.53, 1.53, 1.53]
		}
	},
	"groups": [
		{
			"name": "2nd_layer",
			"origin": [9.75, 3, 9.025],
			"color": 0,
			"children": [0, 1, 2, 3, 4, 5]
		},
		{
			"name": "base_body",
			"origin": [6.25, 3, 9.025],
			"color": 0,
			"children": [6, 7, 8, 9, 10, 11]
		}
	]
}