{
	"credit": "Made with Blockbench",
	"texture_size": [64, 64],
	"textures": {
		"2": "season1/hats/christmas/md_santa_hat_texture",
		"particle": "season1/hats/christmas/md_santa_hat_texture"
	},
	"elements": [
		{
			"from": [3.5, 18, 3.5],
			"to": [12.5, 20, 12.5],
			"faces": {
				"north": {"uv": [7, 7.5, 9.25, 8], "texture": "#2"},
				"east": {"uv": [7.5, 7, 9.75, 7.5], "texture": "#2"},
				"south": {"uv": [0, 8, 2.25, 8.5], "texture": "#2"},
				"west": {"uv": [2.25, 8, 4.5, 8.5], "texture": "#2"},
				"up": {"uv": [4.75, 2.25, 2.5, 0], "texture": "#2"},
				"down": {"uv": [4.75, 2.25, 2.5, 4.5], "texture": "#2"}
			}
		},
		{
			"from": [6.29448, 17.08883, 14.50448],
			"to": [9.84448, 20.58883, 17.00448],
			"rotation": {"angle": -45, "axis": "x", "origin": [8.06948, 18.08883, 14.50448]},
			"faces": {
				"north": {"uv": [6, 8, 7, 9], "texture": "#2"},
				"east": {"uv": [8.25, 1, 9, 2], "texture": "#2"},
				"south": {"uv": [7, 8, 8, 9], "texture": "#2"},
				"west": {"uv": [8.25, 2, 9, 3], "texture": "#2"},
				"up": {"uv": [1, 9.25, 0, 8.5], "texture": "#2"},
				"down": {"uv": [2, 8.5, 1, 9.25], "texture": "#2"}
			}
		},
		{
			"from": [5.04448, 18.52912, 11.71799],
			"to": [11.09448, 22.52912, 14.21799],
			"rotation": {"angle": 22.5, "axis": "x", "origin": [8.06948, 20.27912, 12.21799]},
			"faces": {
				"north": {"uv": [6.5, 5, 8, 6], "texture": "#2"},
				"east": {"uv": [8, 8, 8.75, 9], "texture": "#2"},
				"south": {"uv": [6, 6.5, 7.5, 7.5], "texture": "#2"},
				"west": {"uv": [8.25, 0, 9, 1], "texture": "#2"},
				"up": {"uv": [6, 8.75, 4.5, 8], "texture": "#2"},
				"down": {"uv": [9.5, 5, 8, 5.75], "texture": "#2"}
			}
		},
		{
			"from": [4.54448, 17.29919, 5.24209],
			"to": [11.59448, 22.79919, 12.86709],
			"rotation": {"angle": 0, "axis": "y", "origin": [8.06948, 21.04919, 9.36709]},
			"faces": {
				"north": {"uv": [6.5, 0, 8.25, 1.5], "texture": "#2"},
				"east": {"uv": [0, 5, 2, 6.5], "texture": "#2"},
				"south": {"uv": [6.5, 1.5, 8.25, 3], "texture": "#2"},
				"west": {"uv": [0, 6.5, 2, 8], "texture": "#2"},
				"up": {"uv": [6.5, 2, 4.75, 0], "texture": "#2"},
				"down": {"uv": [6.5, 2, 4.75, 4], "texture": "#2"}
			}
		},
		{
			"from": [7.04448, 16.40945, 15.94274],
			"to": [9.09448, 19.40945, 17.69274],
			"rotation": {"angle": -22.5, "axis": "x", "origin": [8.06948, 16.90945, 17.31774]},
			"faces": {
				"north": {"uv": [2, 5, 2.5, 5.75], "texture": "#2"},
				"east": {"uv": [2, 5.75, 2.5, 6.5], "texture": "#2"},
				"south": {"uv": [5, 8.75, 5.5, 9.5], "texture": "#2"},
				"west": {"uv": [5.5, 8.75, 6, 9.5], "texture": "#2"},
				"up": {"uv": [5.25, 4.5, 4.75, 4], "texture": "#2"},
				"down": {"uv": [5.75, 4, 5.25, 4.5], "texture": "#2"}
			}
		},
		{
			"from": [3, 16, 3],
			"to": [13, 18, 13],
			"faces": {
				"north": {"uv": [6.5, 6, 9, 6.5], "texture": "#2"},
				"east": {"uv": [2, 7.5, 4.5, 8], "texture": "#2"},
				"south": {"uv": [4.5, 7.5, 7, 8], "texture": "#2"},
				"west": {"uv": [7.5, 6.5, 10, 7], "texture": "#2"},
				"up": {"uv": [2.5, 2.5, 0, 0], "texture": "#2"},
				"down": {"uv": [2.5, 2.5, 0, 5], "texture": "#2"}
			}
		},
		{
			"from": [6.54448, 14.04423, 15.13849],
			"to": [9.54448, 17.04423, 18.38849],
			"rotation": {"angle": 0, "axis": "y", "origin": [8.04448, 15.79423, 17.23849]},
			"faces": {
				"north": {"uv": [2, 8.5, 2.75, 9.25], "texture": "#2"},
				"east": {"uv": [2.75, 8.5, 3.5, 9.25], "texture": "#2"},
				"south": {"uv": [8.5, 3, 9.25, 3.75], "texture": "#2"},
				"west": {"uv": [3.5, 8.5, 4.25, 9.25], "texture": "#2"},
				"up": {"uv": [9.25, 4.5, 8.5, 3.75], "texture": "#2"},
				"down": {"uv": [5, 8.75, 4.25, 9.5], "texture": "#2"}
			}
		},
		{
			"from": [4.11948, 17.91436, 4.2],
			"to": [11.91948, 21.66436, 12],
			"rotation": {"angle": 22.5, "axis": "x", "origin": [7.76948, 20.03936, 7.75]},
			"faces": {
				"north": {"uv": [2, 6.5, 4, 7.5], "texture": "#2"},
				"east": {"uv": [6.5, 3, 8.5, 4], "texture": "#2"},
				"south": {"uv": [4, 6.5, 6, 7.5], "texture": "#2"},
				"west": {"uv": [6.5, 4, 8.5, 5], "texture": "#2"},
				"up": {"uv": [4.5, 6.5, 2.5, 4.5], "texture": "#2"},
				"down": {"uv": [6.5, 4.5, 4.5, 6.5], "texture": "#2"}
			}
		}
	],
	"display": {
		"thirdperson_righthand": {
			"rotation": [0, 63, 0],
			"translation": [0, -5.75, 0],
			"scale": [0.67, 0.67, 0.67]
		},
		"thirdperson_lefthand": {
			"rotation": [0, 63, 0],
			"translation": [0, -5.75, 0],
			"scale": [0.67, 0.67, 0.67]
		},
		"firstperson_righthand": {
			"rotation": [0, 31, 0],
			"translation": [0, -3, 0.5],
			"scale": [0.57, 0.57, 0.57]
		},
		"firstperson_lefthand": {
			"rotation": [0, 31, 0],
			"translation": [0, -3, 0.5],
			"scale": [0.57, 0.57, 0.57]
		},
		"ground": {
			"translation": [0, -4, 0],
			"scale": [0.7, 0.7, 0.7]
		},
		"gui": {
			"rotation": [141.98, 74.46, -133.34],
			"translation": [-3.5, -9.25, 0],
			"scale": [0.95, 0.95, 0.95]
		},
		"head": {
			"translation": [0, -14.25, 0],
			"scale": [1.83, 1.83, 1.83]
		},
		"fixed": {
			"rotation": [0, -88, 0],
			"translation": [2.25, -11, 0]
		}
	},
	"groups": [
		{
			"name": "group",
			"origin": [8, 8, 8],
			"color": 0,
			"children": [0, 1, 2, 3, 4, 5, 6, 7]
		}
	]
}