{
	"credit": "Made with Blockbench",
	"textures": {
		"3": "season1/hats/christmas/md_wreath_crown_2_texture",
		"4": "season1/hats/christmas/md_wreath_crown_texture",
		"particle": "season1/hats/christmas/md_wreath_crown_2_texture"
	},
	"elements": [
		{
			"from": [3.5, 16, 3.525],
			"to": [3.5, 18, 12.525],
			"faces": {
				"north": {"uv": [0, 0, 0, 0.5], "texture": "#4"},
				"east": {"uv": [6.75, 6.25, 9, 6.75], "texture": "#4"},
				"south": {"uv": [0, 0, 0, 0.5], "texture": "#4"},
				"west": {"uv": [6.75, 6.25, 9, 6.75], "texture": "#4"},
				"up": {"uv": [0, 2.25, 0, 0], "texture": "#4"},
				"down": {"uv": [0, 0, 0, 2.25], "texture": "#4"}
			}
		},
		{
			"from": [12.5, 16, 3.525],
			"to": [12.5, 18, 12.525],
			"faces": {
				"north": {"uv": [0, 0, 0, 0.5], "texture": "#4"},
				"east": {"uv": [6.75, 6.75, 9, 7.25], "texture": "#4"},
				"south": {"uv": [0, 0, 0, 0.5], "texture": "#4"},
				"west": {"uv": [6.75, 6.75, 9, 7.25], "texture": "#4"},
				"up": {"uv": [0, 2.25, 0, 0], "texture": "#4"},
				"down": {"uv": [0, 0, 0, 2.25], "texture": "#4"}
			}
		},
		{
			"from": [1.5, 17, 1.525],
			"to": [14.5, 17, 14.525],
			"faces": {
				"north": {"uv": [0, 0, 3.25, 0], "texture": "#4"},
				"east": {"uv": [0, 0, 3.25, 0], "texture": "#4"},
				"south": {"uv": [0, 0, 3.25, 0], "texture": "#4"},
				"west": {"uv": [0, 0, 3.25, 0], "texture": "#4"},
				"up": {"uv": [3.25, 3.25, 0, 0], "texture": "#4"},
				"down": {"uv": [3.25, 0, 0, 3.25], "texture": "#4"}
			}
		},
		{
			"from": [1.5, 17, 1.525],
			"to": [3.5, 17, 14.525],
			"rotation": {"angle": 22.5, "axis": "z", "origin": [3.5, 17, 8.025]},
			"faces": {
				"north": {"uv": [0, 0, 0.5, 0], "texture": "#4"},
				"east": {"uv": [0, 0, 3.25, 0], "texture": "#4"},
				"south": {"uv": [0, 0, 0.5, 0], "texture": "#4"},
				"west": {"uv": [0, 0, 3.25, 0], "texture": "#4"},
				"up": {"uv": [4.75, 5.25, 4.25, 2], "texture": "#4"},
				"down": {"uv": [4.75, 2, 4.25, 5.25], "texture": "#4"}
			}
		},
		{
			"from": [1.5, 17, 1.525],
			"to": [3.5, 17, 14.525],
			"rotation": {"angle": 45, "axis": "z", "origin": [3.5, 17, 8.025]},
			"faces": {
				"north": {"uv": [0, 0, 0.5, 0], "texture": "#4"},
				"east": {"uv": [0, 0, 3.25, 0], "texture": "#4"},
				"south": {"uv": [0, 0, 0.5, 0], "texture": "#4"},
				"west": {"uv": [0, 0, 3.25, 0], "texture": "#4"},
				"up": {"uv": [6.75, 9.5, 6.25, 6.25], "texture": "#4"},
				"down": {"uv": [6.75, 6.25, 6.25, 9.5], "texture": "#4"}
			}
		},
		{
			"from": [1.5, 17, 1.525],
			"to": [3.5, 17, 14.525],
			"rotation": {"angle": -22.5, "axis": "z", "origin": [3.5, 17, 8.025]},
			"faces": {
				"north": {"uv": [0, 0, 0.5, 0], "texture": "#4"},
				"east": {"uv": [0, 0, 3.25, 0], "texture": "#4"},
				"south": {"uv": [0, 0, 0.5, 0], "texture": "#4"},
				"west": {"uv": [0, 0, 3.25, 0], "texture": "#4"},
				"up": {"uv": [3.75, 5.25, 3.25, 2], "texture": "#4"},
				"down": {"uv": [3.75, 2, 3.25, 5.25], "texture": "#4"}
			}
		},
		{
			"from": [1.5, 17, 1.525],
			"to": [3.5, 17, 14.525],
			"rotation": {"angle": -45, "axis": "z", "origin": [3.5, 17, 8.025]},
			"faces": {
				"north": {"uv": [0, 0, 0.5, 0], "texture": "#4"},
				"east": {"uv": [0, 0, 3.25, 0], "texture": "#4"},
				"south": {"uv": [0, 0, 0.5, 0], "texture": "#4"},
				"west": {"uv": [0, 0, 3.25, 0], "texture": "#4"},
				"up": {"uv": [5.75, 9.5, 5.25, 6.25], "texture": "#4"},
				"down": {"uv": [5.75, 6.25, 5.25, 9.5], "texture": "#4"}
			}
		},
		{
			"from": [12.5, 17, 1.525],
			"to": [14.5, 17, 14.525],
			"rotation": {"angle": -45, "axis": "z", "origin": [12.5, 17, 8.025]},
			"faces": {
				"north": {"uv": [0.5, 0, 0, 0], "texture": "#4"},
				"east": {"uv": [3.25, 0, 0, 0], "texture": "#4"},
				"south": {"uv": [0.5, 0, 0, 0], "texture": "#4"},
				"west": {"uv": [3.25, 0, 0, 0], "texture": "#4"},
				"up": {"uv": [6.25, 9.5, 6.75, 6.25], "texture": "#4"},
				"down": {"uv": [6.25, 6.25, 6.75, 9.5], "texture": "#4"}
			}
		},
		{
			"from": [12.5, 17, 1.525],
			"to": [14.5, 17, 14.525],
			"rotation": {"angle": -22.5, "axis": "z", "origin": [12.5, 17, 8.025]},
			"faces": {
				"north": {"uv": [0.5, 0, 0, 0], "texture": "#4"},
				"east": {"uv": [3.25, 0, 0, 0], "texture": "#4"},
				"south": {"uv": [0.5, 0, 0, 0], "texture": "#4"},
				"west": {"uv": [3.25, 0, 0, 0], "texture": "#4"},
				"up": {"uv": [4.25, 5.25, 4.75, 2], "texture": "#4"},
				"down": {"uv": [4.25, 2, 4.75, 5.25], "texture": "#4"}
			}
		},
		{
			"from": [12.5, 17, 1.525],
			"to": [14.5, 17, 14.525],
			"rotation": {"angle": 22.5, "axis": "z", "origin": [12.5, 17, 8.025]},
			"faces": {
				"north": {"uv": [0.5, 0, 0, 0], "texture": "#4"},
				"east": {"uv": [3.25, 0, 0, 0], "texture": "#4"},
				"south": {"uv": [0.5, 0, 0, 0], "texture": "#4"},
				"west": {"uv": [3.25, 0, 0, 0], "texture": "#4"},
				"up": {"uv": [3.25, 5.25, 3.75, 2], "texture": "#4"},
				"down": {"uv": [3.25, 2, 3.75, 5.25], "texture": "#4"}
			}
		},
		{
			"from": [12.5, 17, 1.525],
			"to": [14.5, 17, 14.525],
			"rotation": {"angle": 45, "axis": "z", "origin": [12.5, 17, 8.025]},
			"faces": {
				"north": {"uv": [0.5, 0, 0, 0], "texture": "#4"},
				"east": {"uv": [3.25, 0, 0, 0], "texture": "#4"},
				"south": {"uv": [0.5, 0, 0, 0], "texture": "#4"},
				"west": {"uv": [3.25, 0, 0, 0], "texture": "#4"},
				"up": {"uv": [5.25, 9.5, 5.75, 6.25], "texture": "#4"},
				"down": {"uv": [5.25, 6.25, 5.75, 9.5], "texture": "#4"}
			}
		},
		{
			"from": [1.5, 17, 1.525],
			"to": [14.5, 17, 3.525],
			"rotation": {"angle": 22.5, "axis": "x", "origin": [8, 17, 3.525]},
			"faces": {
				"north": {"uv": [0, 0, 3.25, 0], "texture": "#4"},
				"east": {"uv": [0, 0, 0.5, 0], "texture": "#4"},
				"south": {"uv": [0, 0, 3.25, 0], "texture": "#4"},
				"west": {"uv": [0, 0, 0.5, 0], "texture": "#4"},
				"up": {"uv": [8.5, 3.5, 5.25, 3], "texture": "#4"},
				"down": {"uv": [8.5, 3, 5.25, 3.5], "texture": "#4"}
			}
		},
		{
			"from": [1.5, 17, 1.525],
			"to": [14.5, 17, 3.525],
			"rotation": {"angle": 45, "axis": "x", "origin": [8, 17, 3.525]},
			"faces": {
				"north": {"uv": [0, 0, 3.25, 0], "texture": "#4"},
				"east": {"uv": [0, 0, 0.5, 0], "texture": "#4"},
				"south": {"uv": [0, 0, 3.25, 0], "texture": "#4"},
				"west": {"uv": [0, 0, 0.5, 0], "texture": "#4"},
				"up": {"uv": [8.5, 4, 5.25, 3.5], "texture": "#4"},
				"down": {"uv": [8.5, 3.5, 5.25, 4], "texture": "#4"}
			}
		},
		{
			"from": [1.5, 17, 1.525],
			"to": [14.5, 17, 3.525],
			"rotation": {"angle": -22.5, "axis": "x", "origin": [8, 17, 3.525]},
			"faces": {
				"north": {"uv": [0, 0, 3.25, 0], "texture": "#4"},
				"east": {"uv": [0, 0, 0.5, 0], "texture": "#4"},
				"south": {"uv": [0, 0, 3.25, 0], "texture": "#4"},
				"west": {"uv": [0, 0, 0.5, 0], "texture": "#4"},
				"up": {"uv": [8.5, 2.5, 5.25, 2], "texture": "#4"},
				"down": {"uv": [8.5, 2, 5.25, 2.5], "texture": "#4"}
			}
		},
		{
			"from": [1.5, 17, 1.525],
			"to": [14.5, 17, 3.525],
			"rotation": {"angle": -45, "axis": "x", "origin": [8, 17, 3.525]},
			"faces": {
				"north": {"uv": [0, 0, 3.25, 0], "texture": "#4"},
				"east": {"uv": [0, 0, 0.5, 0], "texture": "#4"},
				"south": {"uv": [0, 0, 3.25, 0], "texture": "#4"},
				"west": {"uv": [0, 0, 0.5, 0], "texture": "#4"},
				"up": {"uv": [8.5, 5, 5.25, 4.5], "texture": "#4"},
				"down": {"uv": [8.5, 4.5, 5.25, 5], "texture": "#4"}
			}
		},
		{
			"from": [3.5, 16, 3.525],
			"to": [12.5, 18, 3.525],
			"faces": {
				"north": {"uv": [6.75, 7.75, 9, 8.25], "texture": "#4"},
				"east": {"uv": [0, 0, 0, 0.5], "texture": "#4"},
				"south": {"uv": [6.75, 7.75, 9, 8.25], "texture": "#4"},
				"west": {"uv": [0, 0, 0, 0.5], "texture": "#4"},
				"up": {"uv": [2.25, 0, 0, 0], "texture": "#4"},
				"down": {"uv": [2.25, 0, 0, 0], "texture": "#4"}
			}
		},
		{
			"from": [3.5, 16, 12.525],
			"to": [12.5, 18, 12.525],
			"faces": {
				"north": {"uv": [8.5, 2.5, 10.75, 3], "texture": "#4"},
				"east": {"uv": [0, 0, 0, 0.5], "texture": "#4"},
				"south": {"uv": [8.5, 2.5, 10.75, 3], "texture": "#4"},
				"west": {"uv": [0, 0, 0, 0.5], "texture": "#4"},
				"up": {"uv": [2.25, 0, 0, 0], "texture": "#4"},
				"down": {"uv": [2.25, 0, 0, 0], "texture": "#4"}
			}
		},
		{
			"from": [1.5, 17, 12.525],
			"to": [14.5, 17, 14.525],
			"rotation": {"angle": 45, "axis": "x", "origin": [8, 17, 12.525]},
			"faces": {
				"north": {"uv": [3.25, 0, 0, 0], "texture": "#4"},
				"east": {"uv": [0.5, 0, 0, 0], "texture": "#4"},
				"south": {"uv": [3.25, 0, 0, 0], "texture": "#4"},
				"west": {"uv": [0.5, 0, 0, 0], "texture": "#4"},
				"up": {"uv": [8.5, 4.5, 5.25, 5], "texture": "#4"},
				"down": {"uv": [8.5, 5, 5.25, 4.5], "texture": "#4"}
			}
		},
		{
			"from": [1.5, 17, 12.525],
			"to": [14.5, 17, 14.525],
			"rotation": {"angle": -22.5, "axis": "x", "origin": [8, 17, 12.525]},
			"faces": {
				"north": {"uv": [3.25, 0, 0, 0], "texture": "#4"},
				"east": {"uv": [0.5, 0, 0, 0], "texture": "#4"},
				"south": {"uv": [3.25, 0, 0, 0], "texture": "#4"},
				"west": {"uv": [0.5, 0, 0, 0], "texture": "#4"},
				"up": {"uv": [8.5, 3, 5.25, 3.5], "texture": "#4"},
				"down": {"uv": [8.5, 3.5, 5.25, 3], "texture": "#4"}
			}
		},
		{
			"from": [1.5, 17, 12.525],
			"to": [14.5, 17, 14.525],
			"rotation": {"angle": 22.5, "axis": "x", "origin": [8, 17, 12.525]},
			"faces": {
				"north": {"uv": [3.25, 0, 0, 0], "texture": "#4"},
				"east": {"uv": [0.5, 0, 0, 0], "texture": "#4"},
				"south": {"uv": [3.25, 0, 0, 0], "texture": "#4"},
				"west": {"uv": [0.5, 0, 0, 0], "texture": "#4"},
				"up": {"uv": [8.5, 2, 5.25, 2.5], "texture": "#4"},
				"down": {"uv": [8.5, 2.5, 5.25, 2], "texture": "#4"}
			}
		},
		{
			"from": [1.5, 17, 12.525],
			"to": [14.5, 17, 14.525],
			"rotation": {"angle": -45, "axis": "x", "origin": [8, 17, 12.525]},
			"faces": {
				"north": {"uv": [3.25, 0, 0, 0], "texture": "#4"},
				"east": {"uv": [0.5, 0, 0, 0], "texture": "#4"},
				"south": {"uv": [3.25, 0, 0, 0], "texture": "#4"},
				"west": {"uv": [0.5, 0, 0, 0], "texture": "#4"},
				"up": {"uv": [8.5, 3.5, 5.25, 4], "texture": "#4"},
				"down": {"uv": [8.5, 4, 5.25, 3.5], "texture": "#4"}
			}
		},
		{
			"from": [4.25, 16.725, 2.75],
			"to": [6.25, 18.725, 2.75],
			"rotation": {"angle": 22.5, "axis": "x", "origin": [6, 19, 2]},
			"faces": {
				"north": {"uv": [2, 0, 4, 2], "texture": "#3"},
				"east": {"uv": [0, 0, 0, 2], "texture": "#3"},
				"south": {"uv": [4, 0, 2, 2], "texture": "#3"},
				"west": {"uv": [0, 0, 0, 2], "texture": "#3"},
				"up": {"uv": [2, 0, 0, 0], "texture": "#3"},
				"down": {"uv": [2, 0, 0, 0], "texture": "#3"}
			}
		},
		{
			"from": [4.25, 16.725, 13.25],
			"to": [6.25, 18.725, 13.25],
			"rotation": {"angle": -22.5, "axis": "x", "origin": [6, 19, 14]},
			"faces": {
				"north": {"uv": [2, 6, 0, 8], "texture": "#3"},
				"east": {"uv": [0, 0, 0, 2], "texture": "#3"},
				"south": {"uv": [0, 6, 2, 8], "texture": "#3"},
				"west": {"uv": [0, 0, 0, 2], "texture": "#3"},
				"up": {"uv": [2, 0, 0, 0], "texture": "#3"},
				"down": {"uv": [2, 0, 0, 0], "texture": "#3"}
			}
		},
		{
			"from": [13.25, 16.225, 7],
			"to": [13.25, 18.225, 9],
			"rotation": {"angle": 22.5, "axis": "z", "origin": [14, 19, 5.75]},
			"faces": {
				"north": {"uv": [0, 0, 0, 2], "texture": "#3"},
				"east": {"uv": [6, 0, 8, 2], "texture": "#3"},
				"south": {"uv": [0, 0, 0, 2], "texture": "#3"},
				"west": {"uv": [8, 0, 6, 2], "texture": "#3"},
				"up": {"uv": [0, 2, 0, 0], "texture": "#3"},
				"down": {"uv": [0, 0, 0, 2], "texture": "#3"}
			}
		},
		{
			"from": [13.25, 16.725, 4],
			"to": [13.25, 18.725, 6],
			"rotation": {"angle": 22.5, "axis": "z", "origin": [14, 19, 5.75]},
			"faces": {
				"north": {"uv": [0, 0, 0, 2], "texture": "#3"},
				"east": {"uv": [6, 2, 8, 4], "texture": "#3"},
				"south": {"uv": [0, 0, 0, 2], "texture": "#3"},
				"west": {"uv": [8, 2, 6, 4], "texture": "#3"},
				"up": {"uv": [0, 2, 0, 0], "texture": "#3"},
				"down": {"uv": [0, 0, 0, 2], "texture": "#3"}
			}
		},
		{
			"from": [13.25, 16.725, 10],
			"to": [13.25, 18.725, 12],
			"rotation": {"angle": 22.5, "axis": "z", "origin": [14, 19, 5.75]},
			"faces": {
				"north": {"uv": [0, 0, 0, 2], "texture": "#3"},
				"east": {"uv": [6, 4, 8, 6], "texture": "#3"},
				"south": {"uv": [0, 0, 0, 2], "texture": "#3"},
				"west": {"uv": [8, 4, 6, 6], "texture": "#3"},
				"up": {"uv": [0, 2, 0, 0], "texture": "#3"},
				"down": {"uv": [0, 0, 0, 2], "texture": "#3"}
			}
		},
		{
			"from": [7.25, 16.225, 2.75],
			"to": [9.25, 18.225, 2.75],
			"rotation": {"angle": 22.5, "axis": "x", "origin": [6, 19, 2]},
			"faces": {
				"north": {"uv": [0, 4, 2, 6], "texture": "#3"},
				"east": {"uv": [0, 0, 0, 2], "texture": "#3"},
				"south": {"uv": [2, 4, 0, 6], "texture": "#3"},
				"west": {"uv": [0, 0, 0, 2], "texture": "#3"},
				"up": {"uv": [2, 0, 0, 0], "texture": "#3"},
				"down": {"uv": [2, 0, 0, 0], "texture": "#3"}
			}
		},
		{
			"from": [13.35, 17.65, 5.85],
			"to": [13.35, 18.65, 6.85],
			"rotation": {"angle": 22.5, "axis": "z", "origin": [14, 19, 5.75]},
			"faces": {
				"north": {"uv": [0, 0, 0, 2], "texture": "#3"},
				"east": {"uv": [10, 4, 8, 6], "texture": "#3"},
				"south": {"uv": [0, 0, 0, 2], "texture": "#3"},
				"west": {"uv": [8, 4, 10, 6], "texture": "#3"},
				"up": {"uv": [0, 2, 0, 0], "texture": "#3"},
				"down": {"uv": [0, 0, 0, 2], "texture": "#3"}
			}
		},
		{
			"from": [2.75, 16.725, 9.75],
			"to": [2.75, 18.725, 11.75],
			"rotation": {"angle": -22.5, "axis": "z", "origin": [2, 19, 5.75]},
			"faces": {
				"north": {"uv": [0, 0, 0, 2], "texture": "#3"},
				"east": {"uv": [10, 0, 8, 2], "texture": "#3"},
				"south": {"uv": [0, 0, 0, 2], "texture": "#3"},
				"west": {"uv": [8, 0, 10, 2], "texture": "#3"},
				"up": {"uv": [0, 2, 0, 0], "texture": "#3"},
				"down": {"uv": [0, 0, 0, 2], "texture": "#3"}
			}
		},
		{
			"from": [10.25, 16.725, 2.75],
			"to": [12.25, 18.725, 2.75],
			"rotation": {"angle": 22.5, "axis": "x", "origin": [6, 19, 2]},
			"faces": {
				"north": {"uv": [2, 4, 4, 6], "texture": "#3"},
				"east": {"uv": [0, 0, 0, 2], "texture": "#3"},
				"south": {"uv": [4, 4, 2, 6], "texture": "#3"},
				"west": {"uv": [0, 0, 0, 2], "texture": "#3"},
				"up": {"uv": [2, 0, 0, 0], "texture": "#3"},
				"down": {"uv": [2, 0, 0, 0], "texture": "#3"}
			}
		},
		{
			"from": [2.75, 16.475, 4],
			"to": [2.75, 18.475, 6],
			"rotation": {"angle": -22.5, "axis": "z", "origin": [2, 19, 5.75]},
			"faces": {
				"north": {"uv": [0, 0, 0, 2], "texture": "#3"},
				"east": {"uv": [10, 4, 8, 6], "texture": "#3"},
				"south": {"uv": [0, 0, 0, 2], "texture": "#3"},
				"west": {"uv": [8, 4, 10, 6], "texture": "#3"},
				"up": {"uv": [0, 2, 0, 0], "texture": "#3"},
				"down": {"uv": [0, 0, 0, 2], "texture": "#3"}
			}
		},
		{
			"from": [13.5, 15.725, 9.125],
			"to": [13.5, 16.725, 10.125],
			"rotation": {"angle": 22.5, "axis": "z", "origin": [14, 19, 5.75]},
			"faces": {
				"north": {"uv": [0, 0, 0, 2], "texture": "#3"},
				"east": {"uv": [10, 2, 8, 4], "texture": "#3"},
				"south": {"uv": [0, 0, 0, 2], "texture": "#3"},
				"west": {"uv": [8, 2, 10, 4], "texture": "#3"},
				"up": {"uv": [0, 2, 0, 0], "texture": "#3"},
				"down": {"uv": [0, 0, 0, 2], "texture": "#3"}
			}
		},
		{
			"from": [8.5, 17.725, 13.5],
			"to": [9.5, 18.725, 13.5],
			"rotation": {"angle": -22.5, "axis": "x", "origin": [6, 19, 14]},
			"faces": {
				"north": {"uv": [10, 6, 8, 8], "texture": "#3"},
				"east": {"uv": [0, 0, 0, 2], "texture": "#3"},
				"south": {"uv": [8, 6, 10, 8], "texture": "#3"},
				"west": {"uv": [0, 0, 0, 2], "texture": "#3"},
				"up": {"uv": [2, 0, 0, 0], "texture": "#3"},
				"down": {"uv": [2, 0, 0, 0], "texture": "#3"}
			}
		},
		{
			"from": [2.75, 16.225, 7],
			"to": [2.75, 18.225, 9],
			"rotation": {"angle": -22.5, "axis": "z", "origin": [2, 19, 5.75]},
			"faces": {
				"north": {"uv": [0, 0, 0, 2], "texture": "#3"},
				"east": {"uv": [10, 2, 8, 4], "texture": "#3"},
				"south": {"uv": [0, 0, 0, 2], "texture": "#3"},
				"west": {"uv": [8, 2, 10, 4], "texture": "#3"},
				"up": {"uv": [0, 2, 0, 0], "texture": "#3"},
				"down": {"uv": [0, 0, 0, 2], "texture": "#3"}
			}
		},
		{
			"from": [2.65, 17.65, 5.85],
			"to": [2.65, 18.65, 6.85],
			"rotation": {"angle": -22.5, "axis": "z", "origin": [2, 19, 5.75]},
			"faces": {
				"north": {"uv": [0, 0, 0, 2], "texture": "#3"},
				"east": {"uv": [10, 4, 8, 6], "texture": "#3"},
				"south": {"uv": [0, 0, 0, 2], "texture": "#3"},
				"west": {"uv": [8, 4, 10, 6], "texture": "#3"},
				"up": {"uv": [0, 2, 0, 0], "texture": "#3"},
				"down": {"uv": [0, 0, 0, 2], "texture": "#3"}
			}
		},
		{
			"from": [6.5, 15.725, 13.4],
			"to": [7.5, 16.725, 13.4],
			"rotation": {"angle": -22.5, "axis": "x", "origin": [6, 19, 14]},
			"faces": {
				"north": {"uv": [10, 6, 8, 8], "texture": "#3"},
				"east": {"uv": [0, 0, 0, 2], "texture": "#3"},
				"south": {"uv": [8, 6, 10, 8], "texture": "#3"},
				"west": {"uv": [0, 0, 0, 2], "texture": "#3"},
				"up": {"uv": [2, 0, 0, 0], "texture": "#3"},
				"down": {"uv": [2, 0, 0, 0], "texture": "#3"}
			}
		},
		{
			"from": [7, 16.225, 13.25],
			"to": [9, 18.225, 13.25],
			"rotation": {"angle": -22.5, "axis": "x", "origin": [6, 19, 14]},
			"faces": {
				"north": {"uv": [10, 6, 8, 8], "texture": "#3"},
				"east": {"uv": [0, 0, 0, 2], "texture": "#3"},
				"south": {"uv": [8, 6, 10, 8], "texture": "#3"},
				"west": {"uv": [0, 0, 0, 2], "texture": "#3"},
				"up": {"uv": [2, 0, 0, 0], "texture": "#3"},
				"down": {"uv": [2, 0, 0, 0], "texture": "#3"}
			}
		},
		{
			"from": [8.5, 17.725, 2.5],
			"to": [9.5, 18.725, 2.5],
			"rotation": {"angle": 22.5, "axis": "x", "origin": [6, 19, 2]},
			"faces": {
				"north": {"uv": [10, 6, 8, 8], "texture": "#3"},
				"east": {"uv": [0, 0, 0, 2], "texture": "#3"},
				"south": {"uv": [8, 6, 10, 8], "texture": "#3"},
				"west": {"uv": [0, 0, 0, 2], "texture": "#3"},
				"up": {"uv": [2, 0, 0, 0], "texture": "#3"},
				"down": {"uv": [2, 0, 0, 0], "texture": "#3"}
			}
		},
		{
			"from": [3.45, 16.225, 13.375],
			"to": [4.45, 17.225, 13.375],
			"rotation": {"angle": -22.5, "axis": "x", "origin": [6, 19, 14]},
			"faces": {
				"north": {"uv": [2, 2, 0, 4], "texture": "#3"},
				"east": {"uv": [0, 0, 0, 2], "texture": "#3"},
				"south": {"uv": [0, 2, 2, 4], "texture": "#3"},
				"west": {"uv": [0, 0, 0, 2], "texture": "#3"},
				"up": {"uv": [2, 0, 0, 0], "texture": "#3"},
				"down": {"uv": [2, 0, 0, 0], "texture": "#3"}
			}
		},
		{
			"from": [11.45, 16.225, 2.7],
			"to": [12.45, 17.225, 2.7],
			"rotation": {"angle": 22.5, "axis": "x", "origin": [6, 19, 2]},
			"faces": {
				"north": {"uv": [2, 2, 0, 4], "texture": "#3"},
				"east": {"uv": [0, 0, 0, 2], "texture": "#3"},
				"south": {"uv": [0, 2, 2, 4], "texture": "#3"},
				"west": {"uv": [0, 0, 0, 2], "texture": "#3"},
				"up": {"uv": [2, 0, 0, 0], "texture": "#3"},
				"down": {"uv": [2, 0, 0, 0], "texture": "#3"}
			}
		},
		{
			"from": [6.5, 15.725, 2.6],
			"to": [7.5, 16.725, 2.6],
			"rotation": {"angle": 22.5, "axis": "x", "origin": [6, 19, 2]},
			"faces": {
				"north": {"uv": [10, 6, 8, 8], "texture": "#3"},
				"east": {"uv": [0, 0, 0, 2], "texture": "#3"},
				"south": {"uv": [8, 6, 10, 8], "texture": "#3"},
				"west": {"uv": [0, 0, 0, 2], "texture": "#3"},
				"up": {"uv": [2, 0, 0, 0], "texture": "#3"},
				"down": {"uv": [2, 0, 0, 0], "texture": "#3"}
			}
		},
		{
			"from": [3.45, 18.225, 2.625],
			"to": [4.45, 19.225, 2.625],
			"rotation": {"angle": 22.5, "axis": "x", "origin": [6, 19, 2]},
			"faces": {
				"north": {"uv": [2, 2, 0, 4], "texture": "#3"},
				"east": {"uv": [0, 0, 0, 2], "texture": "#3"},
				"south": {"uv": [0, 2, 2, 4], "texture": "#3"},
				"west": {"uv": [0, 0, 0, 2], "texture": "#3"},
				"up": {"uv": [2, 0, 0, 0], "texture": "#3"},
				"down": {"uv": [2, 0, 0, 0], "texture": "#3"}
			}
		},
		{
			"from": [11.45, 18.225, 13.3],
			"to": [12.45, 19.225, 13.3],
			"rotation": {"angle": -22.5, "axis": "x", "origin": [6, 19, 14]},
			"faces": {
				"north": {"uv": [2, 2, 0, 4], "texture": "#3"},
				"east": {"uv": [0, 0, 0, 2], "texture": "#3"},
				"south": {"uv": [0, 2, 2, 4], "texture": "#3"},
				"west": {"uv": [0, 0, 0, 2], "texture": "#3"},
				"up": {"uv": [2, 0, 0, 0], "texture": "#3"},
				"down": {"uv": [2, 0, 0, 0], "texture": "#3"}
			}
		},
		{
			"from": [2.75, 16.225, 7],
			"to": [2.75, 18.225, 9],
			"rotation": {"angle": -22.5, "axis": "z", "origin": [2, 19, 5.75]},
			"faces": {
				"north": {"uv": [0, 0, 0, 2], "texture": "#3"},
				"east": {"uv": [10, 2, 8, 4], "texture": "#3"},
				"south": {"uv": [0, 0, 0, 2], "texture": "#3"},
				"west": {"uv": [8, 2, 10, 4], "texture": "#3"},
				"up": {"uv": [0, 2, 0, 0], "texture": "#3"},
				"down": {"uv": [0, 0, 0, 2], "texture": "#3"}
			}
		},
		{
			"from": [11.45, 18.225, 2.7],
			"to": [12.45, 19.225, 2.7],
			"rotation": {"angle": 22.5, "axis": "x", "origin": [6, 19, 2]},
			"faces": {
				"north": {"uv": [2, 2, 0, 4], "texture": "#3"},
				"east": {"uv": [0, 0, 0, 2], "texture": "#3"},
				"south": {"uv": [0, 2, 2, 4], "texture": "#3"},
				"west": {"uv": [0, 0, 0, 2], "texture": "#3"},
				"up": {"uv": [2, 0, 0, 0], "texture": "#3"},
				"down": {"uv": [2, 0, 0, 0], "texture": "#3"}
			}
		},
		{
			"from": [10, 16.725, 13.25],
			"to": [12, 18.725, 13.25],
			"rotation": {"angle": -22.5, "axis": "x", "origin": [6, 19, 14]},
			"faces": {
				"north": {"uv": [2, 2, 0, 4], "texture": "#3"},
				"east": {"uv": [0, 0, 0, 2], "texture": "#3"},
				"south": {"uv": [0, 2, 2, 4], "texture": "#3"},
				"west": {"uv": [0, 0, 0, 2], "texture": "#3"},
				"up": {"uv": [2, 0, 0, 0], "texture": "#3"},
				"down": {"uv": [2, 0, 0, 0], "texture": "#3"}
			}
		},
		{
			"from": [3.45, 18.225, 13.375],
			"to": [4.45, 19.225, 13.375],
			"rotation": {"angle": -22.5, "axis": "x", "origin": [6, 19, 14]},
			"faces": {
				"north": {"uv": [2, 2, 0, 4], "texture": "#3"},
				"east": {"uv": [0, 0, 0, 2], "texture": "#3"},
				"south": {"uv": [0, 2, 2, 4], "texture": "#3"},
				"west": {"uv": [0, 0, 0, 2], "texture": "#3"},
				"up": {"uv": [2, 0, 0, 0], "texture": "#3"},
				"down": {"uv": [2, 0, 0, 0], "texture": "#3"}
			}
		},
		{
			"from": [11.45, 16.225, 13.3],
			"to": [12.45, 17.225, 13.3],
			"rotation": {"angle": -22.5, "axis": "x", "origin": [6, 19, 14]},
			"faces": {
				"north": {"uv": [2, 2, 0, 4], "texture": "#3"},
				"east": {"uv": [0, 0, 0, 2], "texture": "#3"},
				"south": {"uv": [0, 2, 2, 4], "texture": "#3"},
				"west": {"uv": [0, 0, 0, 2], "texture": "#3"},
				"up": {"uv": [2, 0, 0, 0], "texture": "#3"},
				"down": {"uv": [2, 0, 0, 0], "texture": "#3"}
			}
		},
		{
			"from": [2.5, 15.725, 9.125],
			"to": [2.5, 16.725, 10.125],
			"rotation": {"angle": -22.5, "axis": "z", "origin": [2, 19, 5.75]},
			"faces": {
				"north": {"uv": [0, 0, 0, 2], "texture": "#3"},
				"east": {"uv": [10, 2, 8, 4], "texture": "#3"},
				"south": {"uv": [0, 0, 0, 2], "texture": "#3"},
				"west": {"uv": [8, 2, 10, 4], "texture": "#3"},
				"up": {"uv": [0, 2, 0, 0], "texture": "#3"},
				"down": {"uv": [0, 0, 0, 2], "texture": "#3"}
			}
		}
	],
	"display": {
		"thirdperson_righthand": {
			"rotation": [0, 160, 0],
			"translation": [0, -4.25, 0],
			"scale": [0.52, 0.52, 0.52]
		},
		"thirdperson_lefthand": {
			"rotation": [0, 160, 0],
			"translation": [0, -4.25, 0],
			"scale": [0.52, 0.52, 0.52]
		},
		"firstperson_righthand": {
			"rotation": [0, 21, 0],
			"translation": [0, -1, 1],
			"scale": [0.55, 0.55, 0.55]
		},
		"firstperson_lefthand": {
			"rotation": [0, 21, 0],
			"translation": [0, -1, 1],
			"scale": [0.55, 0.55, 0.55]
		},
		"ground": {
			"translation": [0, -1, 0],
			"scale": [0.62, 0.62, 0.62]
		},
		"gui": {
			"rotation": [26.69, 40.24, -15.5],
			"translation": [-1.75, -8, 0],
			"scale": [0.95, 0.95, 0.95]
		},
		"head": {
			"rotation": [22.5, 0, 0],
			"translation": [0, -13.75, -6],
			"scale": [1.83, 1.83, 1.83]
		},
		"fixed": {
			"rotation": [-90, 114, 90],
			"translation": [-4.25, -7.75, 0],
			"scale": [1.28, 1.28, 1.28]
		}
	},
	"groups": [
		0,
		1,
		2,
		3,
		4,
		5,
		6,
		7,
		8,
		9,
		10,
		11,
		12,
		13,
		14,
		15,
		16,
		17,
		18,
		19,
		20,
		{
			"name": "group",
			"origin": [8, 17, 3.525],
			"color": 0,
			"children": [21, 22, 23, 24, 25, 26, 27, 28, 29, 30, 31, 32, 33, 34, 35, 36, 37, 38, 39, 40, 41, 42, 43, 44, 45, 46, 47, 48]
		}
	]
}