{
	"credit": "Made with Blockbench",
	"texture_size": [32, 32],
	"textures": {
		"1": "season1/hats/christmas/rudolph_hat",
		"particle": "season1/hats/christmas/rudolph_hat"
	},
	"elements": [
		{
			"from": [-5.78429, 9.1584, 7.002],
			"to": [-1.78829, 11.1544, 8.998],
			"rotation": {"angle": -22.5, "axis": "z", "origin": [1.21371, 1.1564, 0]},
			"faces": {
				"north": {"uv": [4, 4, 6, 5], "texture": "#1"},
				"east": {"uv": [3, 4, 4, 5], "texture": "#1"},
				"south": {"uv": [7, 4, 9, 5], "texture": "#1"},
				"west": {"uv": [6, 4, 7, 5], "texture": "#1"},
				"up": {"uv": [6, 4, 4, 3], "texture": "#1"},
				"down": {"uv": [8, 3, 6, 4], "texture": "#1"}
			}
		},
		{
			"from": [-2, 9, 7],
			"to": [1, 11, 9],
			"rotation": {"angle": -22.5, "axis": "z", "origin": [0, 1, 0]},
			"faces": {
				"north": {"uv": [5, 1, 6.5, 2], "texture": "#1"},
				"east": {"uv": [4, 1, 5, 2], "texture": "#1"},
				"south": {"uv": [7.5, 1, 9, 2], "texture": "#1"},
				"west": {"uv": [6.5, 1, 7.5, 2], "texture": "#1"},
				"up": {"uv": [6.5, 1, 5, 0], "texture": "#1"},
				"down": {"uv": [8, 0, 6.5, 1], "texture": "#1"}
			}
		},
		{
			"from": [1.21471, 9.1574, 7.001],
			"to": [3.21271, 15.1554, 8.999],
			"rotation": {"angle": 0, "axis": "z", "origin": [1.21371, 1.1564, 0]},
			"faces": {
				"north": {"uv": [1, 1, 2, 4], "texture": "#1"},
				"east": {"uv": [0, 1, 1, 4], "texture": "#1"},
				"south": {"uv": [3, 1, 4, 4], "texture": "#1"},
				"west": {"uv": [2, 1, 3, 4], "texture": "#1"},
				"up": {"uv": [2, 1, 1, 0], "texture": "#1"},
				"down": {"uv": [3, 0, 2, 1], "texture": "#1"}
			}
		},
		{
			"from": [17.78829, 9.1584, 7.002],
			"to": [21.78429, 11.1544, 8.998],
			"shade": false,
			"rotation": {"angle": 22.5, "axis": "z", "origin": [14.78629, 1.1564, 0]},
			"faces": {
				"north": {"uv": [6, 4, 4, 5], "texture": "#1"},
				"east": {"uv": [7, 4, 6, 5], "texture": "#1"},
				"south": {"uv": [9, 4, 7, 5], "texture": "#1"},
				"west": {"uv": [4, 4, 3, 5], "texture": "#1"},
				"up": {"uv": [4, 4, 6, 3], "texture": "#1"},
				"down": {"uv": [6, 3, 8, 4], "texture": "#1"}
			}
		},
		{
			"from": [15, 9, 7],
			"to": [18, 11, 9],
			"shade": false,
			"rotation": {"angle": 22.5, "axis": "z", "origin": [16, 1, 0]},
			"faces": {
				"north": {"uv": [6.5, 1, 5, 2], "texture": "#1"},
				"east": {"uv": [7.5, 1, 6.5, 2], "texture": "#1"},
				"south": {"uv": [9, 1, 7.5, 2], "texture": "#1"},
				"west": {"uv": [5, 1, 4, 2], "texture": "#1"},
				"up": {"uv": [5, 1, 6.5, 0], "texture": "#1"},
				"down": {"uv": [6.5, 0, 8, 1], "texture": "#1"}
			}
		},
		{
			"from": [12.78729, 9.1574, 7.001],
			"to": [14.78529, 15.1554, 8.999],
			"shade": false,
			"rotation": {"angle": 0, "axis": "z", "origin": [14.78629, 1.1564, 0]},
			"faces": {
				"north": {"uv": [2, 1, 1, 4], "texture": "#1"},
				"east": {"uv": [3, 1, 2, 4], "texture": "#1"},
				"south": {"uv": [4, 1, 3, 4], "texture": "#1"},
				"west": {"uv": [1, 1, 0, 4], "texture": "#1"},
				"up": {"uv": [1, 1, 2, 0], "texture": "#1"},
				"down": {"uv": [2, 0, 3, 1], "texture": "#1"}
			}
		},
		{
			"from": [7, 5, 2],
			"to": [9, 7, 4],
			"faces": {
				"north": {"uv": [1, 6, 2, 7], "texture": "#1"},
				"east": {"uv": [0, 6, 1, 7], "texture": "#1"},
				"south": {"uv": [3, 6, 4, 7], "texture": "#1"},
				"west": {"uv": [2, 6, 3, 7], "texture": "#1"},
				"up": {"uv": [2, 6, 1, 5], "texture": "#1"},
				"down": {"uv": [3, 5, 2, 6], "texture": "#1"}
			}
		}
	],
	"display": {
		"thirdperson_righthand": {
			"rotation": [75, 45, 0],
			"translation": [0, 1.5, 0],
			"scale": [0.375, 0.375, 0.375]
		},
		"thirdperson_lefthand": {
			"rotation": [75, 45, 0],
			"translation": [0, 1.5, 0],
			"scale": [0.375, 0.375, 0.375]
		},
		"firstperson_righthand": {
			"rotation": [0, -16.75, 0],
			"scale": [0.4, 0.4, 0.4]
		},
		"firstperson_lefthand": {
			"rotation": [0, -14.25, 0],
			"scale": [0.4, 0.4, 0.4]
		},
		"ground": {
			"translation": [0, 3, 0]
		},
		"gui": {
			"rotation": [-158.75, -45, 180],
			"translation": [0, -2, 0],
			"scale": [0.95, 0.95, 0.95]
		},
		"head": {
			"scale": [1.5, 1.5, 1.5]
		},
		"fixed": {
			"translation": [0, -0.75, 0],
			"scale": [0.95, 0.95, 0.95]
		}
	},
	"groups": [
		{
			"name": "group",
			"origin": [1.21371, 0.1564, 0],
			"color": 0,
			"children": [0, 1, 2]
		},
		{
			"name": "group",
			"origin": [1.21371, 0.1564, 0],
			"color": 0,
			"children": [3, 4, 5]
		},
		6
	]
}