{
	"credit": "Made with Blockbench",
	"texture_size": [64, 64],
	"textures": {
		"0": "march/cosmetics/leprechaun_plushie",
		"particle": "march/cosmetics/leprechaun_plushie"
	},
	"elements": [
		{
			"from": [4, 8.476, 3],
			"to": [6, 10.476, 10],
			"rotation": {"angle": 22.5, "axis": "y", "origin": [5, 9.476, 6]},
			"faces": {
				"north": {"uv": [1, 9, 1.5, 9.5], "texture": "#0"},
				"east": {"uv": [8.25, 5.75, 10, 6.25], "texture": "#0"},
				"south": {"uv": [1.5, 9, 2, 9.5], "texture": "#0"},
				"west": {"uv": [8.25, 6.25, 10, 6.75], "texture": "#0"},
				"up": {"uv": [0.5, 10.25, 0, 8.5], "texture": "#0"},
				"down": {"uv": [1, 8.5, 0.5, 10.25], "texture": "#0"}
			}
		},
		{
			"from": [5, 8.5, 6],
			"to": [11, 15.5, 11],
			"rotation": {"angle": 0, "axis": "y", "origin": [5.5, 9.5, 8]},
			"faces": {
				"north": {"uv": [3.5, 7, 5, 8.75], "texture": "#0"},
				"east": {"uv": [7, 5.25, 8.25, 7], "texture": "#0"},
				"south": {"uv": [5, 7, 6.5, 8.75], "texture": "#0"},
				"west": {"uv": [6.5, 7, 7.75, 8.75], "texture": "#0"},
				"up": {"uv": [9.25, 8.25, 7.75, 7], "texture": "#0"},
				"down": {"uv": [9.75, 0, 8.25, 1.25], "texture": "#0"}
			}
		},
		{
			"from": [4.75, 14.75, 5.25],
			"to": [11.25, 21.25, 11.75],
			"rotation": {"angle": 0, "axis": "y", "origin": [5.5, 16, 7.75]},
			"faces": {
				"north": {"uv": [4.75, 0, 6.5, 1.75], "texture": "#0"},
				"east": {"uv": [4.75, 1.75, 6.5, 3.5], "texture": "#0"},
				"south": {"uv": [4.75, 3.5, 6.5, 5.25], "texture": "#0"},
				"west": {"uv": [0, 5, 1.75, 6.75], "texture": "#0"},
				"up": {"uv": [3.5, 6.75, 1.75, 5], "texture": "#0"},
				"down": {"uv": [5.25, 5.25, 3.5, 7], "texture": "#0"}
			}
		},
		{
			"from": [3.85, 11.25, 5.75],
			"to": [12.15, 20.75, 5.75],
			"rotation": {"angle": 0, "axis": "y", "origin": [5.5, 9.5, 5]},
			"faces": {
				"north": {"uv": [2.5, 0, 4.75, 2.5], "texture": "#0"},
				"east": {"uv": [0, 0, 0, 2.5], "texture": "#0"},
				"south": {"uv": [2.5, 2.5, 4.75, 5], "texture": "#0"},
				"west": {"uv": [0, 0, 0, 2.5], "texture": "#0"},
				"up": {"uv": [2.25, 0, 0, 0], "texture": "#0"},
				"down": {"uv": [2.25, 0, 0, 0], "texture": "#0"}
			}
		},
		{
			"from": [3.25, 20.75, 3.75],
			"to": [12.75, 21.75, 13.25],
			"rotation": {"angle": 0, "axis": "y", "origin": [5.5, 21.5, 7.75]},
			"faces": {
				"north": {"uv": [8.25, 6.75, 10.75, 7], "texture": "#0"},
				"east": {"uv": [8.5, 8.75, 11, 9], "texture": "#0"},
				"south": {"uv": [9, 1.25, 11.5, 1.5], "texture": "#0"},
				"west": {"uv": [9, 1.5, 11.5, 1.75], "texture": "#0"},
				"up": {"uv": [2.5, 2.5, 0, 0], "texture": "#0"},
				"down": {"uv": [2.5, 2.5, 0, 5], "texture": "#0"}
			}
		},
		{
			"from": [4.75, 21.75, 5.25],
			"to": [11.25, 28.75, 11.75],
			"rotation": {"angle": 0, "axis": "y", "origin": [5.5, 22.5, 7.75]},
			"faces": {
				"north": {"uv": [5.25, 5.25, 7, 7], "texture": "#0"},
				"east": {"uv": [6.5, 0, 8.25, 1.75], "texture": "#0"},
				"south": {"uv": [6.5, 1.75, 8.25, 3.5], "texture": "#0"},
				"west": {"uv": [6.5, 3.5, 8.25, 5.25], "texture": "#0"},
				"up": {"uv": [1.75, 8.5, 0, 6.75], "texture": "#0"},
				"down": {"uv": [3.5, 6.75, 1.75, 8.5], "texture": "#0"}
			}
		},
		{
			"from": [3, 9.25, 7.25],
			"to": [5, 15.25, 9.75],
			"rotation": {"angle": -22.5, "axis": "z", "origin": [4, 11.75, 8.5]},
			"faces": {
				"north": {"uv": [3.75, 8.75, 4.25, 10.25], "texture": "#0"},
				"east": {"uv": [8.25, 1.25, 9, 2.75], "texture": "#0"},
				"south": {"uv": [4.25, 8.75, 4.75, 10.25], "texture": "#0"},
				"west": {"uv": [8.25, 2.75, 9, 4.25], "texture": "#0"},
				"up": {"uv": [6.25, 9.5, 5.75, 8.75], "texture": "#0"},
				"down": {"uv": [6.75, 8.75, 6.25, 9.5], "texture": "#0"}
			}
		},
		{
			"from": [11, 9.25, 7.25],
			"to": [13, 15.25, 9.75],
			"rotation": {"angle": 22.5, "axis": "z", "origin": [12, 11.75, 8.5]},
			"faces": {
				"north": {"uv": [4.75, 8.75, 5.25, 10.25], "texture": "#0"},
				"east": {"uv": [8.25, 4.25, 9, 5.75], "texture": "#0"},
				"south": {"uv": [5.25, 8.75, 5.75, 10.25], "texture": "#0"},
				"west": {"uv": [7.75, 8.25, 8.5, 9.75], "texture": "#0"},
				"up": {"uv": [7.25, 9.5, 6.75, 8.75], "texture": "#0"},
				"down": {"uv": [7.75, 8.75, 7.25, 9.5], "texture": "#0"}
			}
		},
		{
			"from": [10, 8.476, 3],
			"to": [12, 10.476, 10],
			"rotation": {"angle": -22.5, "axis": "y", "origin": [11, 9.476, 6]},
			"faces": {
				"north": {"uv": [9, 1.75, 9.5, 2.25], "texture": "#0"},
				"east": {"uv": [1, 8.5, 2.75, 9], "texture": "#0"},
				"south": {"uv": [2, 9, 2.5, 9.5], "texture": "#0"},
				"west": {"uv": [8.5, 8.25, 10.25, 8.75], "texture": "#0"},
				"up": {"uv": [3.25, 10.25, 2.75, 8.5], "texture": "#0"},
				"down": {"uv": [3.75, 8.75, 3.25, 10.5], "texture": "#0"}
			}
		},
		{
			"from": [4, 10.476, 3],
			"to": [6, 12.476, 5],
			"rotation": {"angle": 22.5, "axis": "y", "origin": [5, 11.476, 6]},
			"faces": {
				"north": {"uv": [9, 2.25, 9.5, 2.75], "texture": "#0"},
				"east": {"uv": [9, 2.75, 9.5, 3.25], "texture": "#0"},
				"south": {"uv": [9, 3.25, 9.5, 3.75], "texture": "#0"},
				"west": {"uv": [9, 3.75, 9.5, 4.25], "texture": "#0"},
				"up": {"uv": [9.5, 4.75, 9, 4.25], "texture": "#0"},
				"down": {"uv": [9.5, 4.75, 9, 5.25], "texture": "#0"}
			}
		},
		{
			"from": [10, 10.476, 3],
			"to": [12, 12.476, 5],
			"rotation": {"angle": -22.5, "axis": "y", "origin": [11, 11.476, 6]},
			"faces": {
				"north": {"uv": [9, 5.25, 9.5, 5.75], "texture": "#0"},
				"east": {"uv": [8.5, 9, 9, 9.5], "texture": "#0"},
				"south": {"uv": [9, 9, 9.5, 9.5], "texture": "#0"},
				"west": {"uv": [9.25, 7, 9.75, 7.5], "texture": "#0"},
				"up": {"uv": [9.75, 8, 9.25, 7.5], "texture": "#0"},
				"down": {"uv": [1.5, 9.5, 1, 10], "texture": "#0"}
			}
		}
	],
	"display": {
		"thirdperson_righthand": {
			"translation": [-0.5, -3.5, -1.5],
			"scale": [0.5, 0.5, 0.5]
		},
		"thirdperson_lefthand": {
			"translation": [0.5, -3.5, -1.5],
			"scale": [0.5, 0.5, 0.5]
		},
		"firstperson_righthand": {
			"rotation": [-180, 40, -180],
			"translation": [2, 0.5, 0],
			"scale": [0.5, 0.5, 0.5]
		},
		"firstperson_lefthand": {
			"rotation": [-180, 40, -180],
			"translation": [2, 0.5, 0],
			"scale": [0.5, 0.5, 0.5]
		},
		"ground": {
			"scale": [0.7, 0.7, 0.7]
		},
		"gui": {
			"rotation": [-180, 28, -180],
			"translation": [0, -7.5, 0],
			"scale": [0.72, 0.72, 0.72]
		},
		"head": {
			"translation": [0, 6, 0],
			"scale": [0.85, 0.85, 0.85]
		},
		"fixed": {
			"translation": [0, -9, -0.75],
			"scale": [0.85, 0.85, 0.85]
		}
	},
	"groups": [
		{
			"name": "group",
			"origin": [8, 8, 8],
			"color": 0,
			"children": [0, 1, 2, 3, 4, 5, 6, 7, 8, 9, 10]
		}
	]
}