{
	"credit": "Made with Blockbench",
	"texture_size": [32, 32],
	"textures": {
		"0": "march/cosmetics/leprechaun_cane",
		"particle": "march/cosmetics/leprechaun_cane"
	},
	"elements": [
		{
			"from": [7.5, 0, 7.5],
			"to": [8.5, 12, 8.5],
			"faces": {
				"north": {"uv": [0, 0, 0.5, 6], "texture": "#0"},
				"east": {"uv": [0.5, 0, 1, 6], "texture": "#0"},
				"south": {"uv": [1, 0, 1.5, 6], "texture": "#0"},
				"west": {"uv": [1.5, 0, 2, 6], "texture": "#0"},
				"up": {"uv": [5, 3.5, 4.5, 3], "texture": "#0"},
				"down": {"uv": [5, 3.5, 4.5, 4], "texture": "#0"}
			}
		},
		{
			"from": [7.25, -2, 7.25],
			"to": [8.75, 0, 8.75],
			"faces": {
				"north": {"uv": [4.5, 7, 5.25, 8], "texture": "#0"},
				"east": {"uv": [5.5, 7, 6.25, 8], "texture": "#0"},
				"south": {"uv": [0, 7.5, 0.75, 8.5], "texture": "#0"},
				"west": {"uv": [1, 7.5, 1.75, 8.5], "texture": "#0"},
				"up": {"uv": [8.25, 6.25, 7.5, 5.5], "texture": "#0"},
				"down": {"uv": [7.25, 7.5, 6.5, 8.25], "texture": "#0"}
			}
		},
		{
			"from": [7.25, 12, 7.25],
			"to": [8.75, 14, 8.75],
			"faces": {
				"north": {"uv": [7.5, 1, 8.25, 2], "texture": "#0"},
				"east": {"uv": [3, 7.5, 3.75, 8.5], "texture": "#0"},
				"south": {"uv": [7.5, 3.5, 8.25, 4.5], "texture": "#0"},
				"west": {"uv": [7.5, 4.5, 8.25, 5.5], "texture": "#0"},
				"up": {"uv": [8.25, 8.25, 7.5, 7.5], "texture": "#0"},
				"down": {"uv": [2.75, 8, 2, 8.75], "texture": "#0"}
			}
		},
		{
			"from": [4.65, 12.5, 7],
			"to": [7.15, 16, 9],
			"rotation": {"angle": -45, "axis": "z", "origin": [6.4, 13, 8]},
			"faces": {
				"north": {"uv": [2, 0, 3.25, 1.75], "texture": "#0"},
				"east": {"uv": [3.5, 0, 4.5, 1.75], "texture": "#0"},
				"south": {"uv": [2, 2, 3.25, 3.75], "texture": "#0"},
				"west": {"uv": [3.5, 2, 4.5, 3.75], "texture": "#0"},
				"up": {"uv": [3.25, 6.5, 2, 5.5], "texture": "#0"},
				"down": {"uv": [4.75, 5.5, 3.5, 6.5], "texture": "#0"}
			}
		},
		{
			"from": [8.61899, 14.81421, 7],
			"to": [11.11899, 17.31421, 9],
			"rotation": {"angle": 45, "axis": "z", "origin": [12.26899, 14.41421, 8]},
			"faces": {
				"north": {"uv": [2, 4, 3.25, 5.25], "texture": "#0"},
				"east": {"uv": [0, 6, 1, 7.25], "texture": "#0"},
				"south": {"uv": [3.5, 4, 4.75, 5.25], "texture": "#0"},
				"west": {"uv": [6, 0, 7, 1.25], "texture": "#0"},
				"up": {"uv": [7.25, 2.5, 6, 1.5], "texture": "#0"},
				"down": {"uv": [6.25, 6, 5, 7], "texture": "#0"}
			}
		},
		{
			"from": [10.76924, 17.56604, 7],
			"to": [13.26924, 20.06604, 9],
			"rotation": {"angle": -45, "axis": "z", "origin": [7.31924, 20.56604, 8]},
			"faces": {
				"north": {"uv": [5, 3, 6.25, 4.25], "texture": "#0"},
				"east": {"uv": [6.5, 3.5, 7.5, 4.75], "texture": "#0"},
				"south": {"uv": [5, 4.5, 6.25, 5.75], "texture": "#0"},
				"west": {"uv": [6.5, 5, 7.5, 6.25], "texture": "#0"},
				"up": {"uv": [7.75, 7.5, 6.5, 6.5], "texture": "#0"},
				"down": {"uv": [8.25, 0, 7, 1], "texture": "#0"}
			}
		},
		{
			"from": [3.25711, 16.05183, 7],
			"to": [5.75711, 18.55183, 9],
			"rotation": {"angle": 45, "axis": "z", "origin": [7.10711, 19.15183, 8]},
			"faces": {
				"north": {"uv": [4.5, 0, 5.75, 1.25], "texture": "#0"},
				"east": {"uv": [1, 6, 2, 7.25], "texture": "#0"},
				"south": {"uv": [4.5, 1.5, 5.75, 2.75], "texture": "#0"},
				"west": {"uv": [2, 6.5, 3, 7.75], "texture": "#0"},
				"up": {"uv": [7.75, 3.5, 6.5, 2.5], "texture": "#0"},
				"down": {"uv": [4.25, 6.5, 3, 7.5], "texture": "#0"}
			}
		}
	],
	"display": {
		"thirdperson_righthand": {
			"rotation": [0, -90, 0],
			"translation": [0, 0.75, 1],
			"scale": [1.5, 1.5, 1.5]
		},
		"thirdperson_lefthand": {
			"rotation": [0, -90, 0],
			"translation": [0, 0.5, 1],
			"scale": [1.5, 1.5, 1.5]
		},
		"firstperson_righthand": {
			"rotation": [0, -70, 0],
			"translation": [0, 3.5, 0]
		},
		"firstperson_lefthand": {
			"rotation": [0, -82, 0],
			"translation": [0, 3, 0]
		},
		"ground": {
			"rotation": [90, 0, 0],
			"translation": [0, -2.5, 0]
		},
		"gui": {
			"rotation": [-10.75, 0, -45],
			"translation": [0, -0.25, 0],
			"scale": [0.9, 0.9, 0.9]
		},
		"fixed": {
			"rotation": [0, 0, 45]
		}
	},
	"groups": [
		{
			"name": "group",
			"origin": [8, 8, 8],
			"color": 0,
			"children": [0, 1, 2, 3, 4, 5, 6]
		}
	]
}