{
	"credit": "Made with Blockbench",
	"texture_size": [64, 64],
	"textures": {
		"0": "march/cosmetics/leprechaun_hat",
		"particle": "march/cosmetics/leprechaun_hat"
	},
	"elements": [
		{
			"from": [1, 8.15, 1],
			"to": [15, 9.15, 15],
			"rotation": {"angle": 0, "axis": "y", "origin": [5, -0.05, 0]},
			"faces": {
				"north": {"uv": [7.5, 7, 11, 7.25], "texture": "#0"},
				"east": {"uv": [7.5, 7.25, 11, 7.5], "texture": "#0"},
				"south": {"uv": [7.5, 7.5, 11, 7.75], "texture": "#0"},
				"west": {"uv": [7.5, 7.75, 11, 8], "texture": "#0"},
				"up": {"uv": [3.5, 3.5, 0, 0], "texture": "#0"},
				"down": {"uv": [3.5, 3.5, 0, 7], "texture": "#0"}
			}
		},
		{
			"from": [1, -3.85, 5],
			"to": [15, 8.15, 5],
			"rotation": {"angle": 0, "axis": "y", "origin": [5, -0.05, 0]},
			"faces": {
				"north": {"uv": [3.5, 0, 7, 3], "texture": "#0"},
				"east": {"uv": [0, 0, 0, 3], "texture": "#0"},
				"south": {"uv": [3.5, 3, 7, 6], "texture": "#0"},
				"west": {"uv": [0, 0, 0, 3], "texture": "#0"},
				"up": {"uv": [3.5, 0, 0, 0], "texture": "#0"},
				"down": {"uv": [3.5, 0, 0, 0], "texture": "#0"}
			}
		},
		{
			"from": [4, 9.15, 4],
			"to": [12, 21.15, 12],
			"rotation": {"angle": 0, "axis": "y", "origin": [5, -0.05, 0]},
			"faces": {
				"north": {"uv": [3.5, 6, 5.5, 9], "texture": "#0"},
				"east": {"uv": [5.5, 6, 7.5, 9], "texture": "#0"},
				"south": {"uv": [0, 7, 2, 10], "texture": "#0"},
				"west": {"uv": [7, 0, 9, 3], "texture": "#0"},
				"up": {"uv": [9, 5, 7, 3], "texture": "#0"},
				"down": {"uv": [9.5, 5, 7.5, 7], "texture": "#0"}
			}
		}
	],
	"display": {
		"thirdperson_righthand": {
			"rotation": [35, 0, 0],
			"translation": [0, -0.5, -2.5],
			"scale": [0.5, 0.5, 0.5]
		},
		"thirdperson_lefthand": {
			"rotation": [35, 0, 0],
			"translation": [0, -0.5, -2.5],
			"scale": [0.5, 0.5, 0.5]
		},
		"firstperson_righthand": {
			"rotation": [177, 60.5, -180],
			"translation": [2, 3.5, 0],
			"scale": [0.45, 0.45, 0.45]
		},
		"firstperson_lefthand": {
			"rotation": [177, 60.5, -180],
			"translation": [2, 3.5, 0],
			"scale": [0.45, 0.45, 0.45]
		},
		"ground": {
			"translation": [0, 4.5, 0],
			"scale": [0.6, 0.6, 0.6]
		},
		"gui": {
			"rotation": [-172.64, 35.16, 179.34],
			"translation": [0.5, 0, 0],
			"scale": [0.55, 0.55, 0.55]
		},
		"head": {
			"translation": [0, 6, 0],
			"scale": [1.4, 1.4, 1.4]
		},
		"fixed": {
			"scale": [0.7, 0.7, 0.7]
		}
	},
	"groups": [
		{
			"name": "group",
			"origin": [8, 8, 8],
			"color": 0,
			"children": [0, 1, 2]
		}
	]
}