{
	"credit": "Made with Blockbench",
	"texture_size": [64, 64],
	"textures": {
		"0": "march/cosmetics/pot_of_gold",
		"particle": "march/cosmetics/pot_of_gold"
	},
	"elements": [
		{
			"from": [4, 9, 4],
			"to": [12, 12, 12],
			"faces": {
				"north": {"uv": [0, 7, 2, 7.75], "texture": "#0"},
				"east": {"uv": [7, 0, 9, 0.75], "texture": "#0"},
				"south": {"uv": [7, 0.75, 9, 1.5], "texture": "#0"},
				"west": {"uv": [7, 4.5, 9, 5.25], "texture": "#0"},
				"up": {"uv": [2, 7, 0, 5], "texture": "#0"},
				"down": {"uv": [7, 0, 5, 2], "texture": "#0"}
			}
		},
		{
			"from": [-3, 7.75, 5],
			"to": [3, 7.75, 11],
			"rotation": {"angle": 45, "axis": "z", "origin": [0, 10.5, 8]},
			"faces": {
				"north": {"uv": [0, 0, 1.5, 0], "texture": "#0"},
				"east": {"uv": [0, 0, 1.5, 0], "texture": "#0"},
				"south": {"uv": [0, 0, 1.5, 0], "texture": "#0"},
				"west": {"uv": [0, 0, 1.5, 0], "texture": "#0"},
				"up": {"uv": [3.5, 7.75, 2, 6.25], "texture": "#0"},
				"down": {"uv": [5, 6.25, 3.5, 7.75], "texture": "#0"}
			}
		},
		{
			"from": [13, 7.75, 5],
			"to": [19, 7.75, 11],
			"rotation": {"angle": -45, "axis": "z", "origin": [16, 10.5, 8]},
			"faces": {
				"north": {"uv": [1.5, 0, 0, 0], "texture": "#0"},
				"east": {"uv": [1.5, 0, 0, 0], "texture": "#0"},
				"south": {"uv": [1.5, 0, 0, 0], "texture": "#0"},
				"west": {"uv": [1.5, 0, 0, 0], "texture": "#0"},
				"up": {"uv": [2, 7.75, 3.5, 6.25], "texture": "#0"},
				"down": {"uv": [3.5, 6.25, 5, 7.75], "texture": "#0"}
			}
		},
		{
			"from": [3, 4, 3],
			"to": [13, 9, 13],
			"faces": {
				"north": {"uv": [2, 5, 4.5, 6.25], "texture": "#0"},
				"east": {"uv": [5, 2, 7.5, 3.25], "texture": "#0"},
				"south": {"uv": [5, 3.25, 7.5, 4.5], "texture": "#0"},
				"west": {"uv": [4.5, 5, 7, 6.25], "texture": "#0"},
				"up": {"uv": [2.5, 2.5, 0, 0], "texture": "#0"},
				"down": {"uv": [2.5, 2.5, 0, 5], "texture": "#0"}
			}
		},
		{
			"from": [4, 2, 4],
			"to": [6, 4, 6],
			"rotation": {"angle": 0, "axis": "y", "origin": [16, 0, 16]},
			"faces": {
				"north": {"uv": [5, 4.5, 5.5, 5], "texture": "#0"},
				"east": {"uv": [5.5, 4.5, 6, 5], "texture": "#0"},
				"south": {"uv": [6, 4.5, 6.5, 5], "texture": "#0"},
				"west": {"uv": [6.5, 4.5, 7, 5], "texture": "#0"},
				"up": {"uv": [8, 3, 7.5, 2.5], "texture": "#0"},
				"down": {"uv": [8, 3, 7.5, 3.5], "texture": "#0"}
			}
		},
		{
			"from": [10, 2, 4],
			"to": [12, 4, 6],
			"rotation": {"angle": 0, "axis": "y", "origin": [0, 0, 16]},
			"faces": {
				"north": {"uv": [5.5, 4.5, 5, 5], "texture": "#0"},
				"east": {"uv": [7, 4.5, 6.5, 5], "texture": "#0"},
				"south": {"uv": [6.5, 4.5, 6, 5], "texture": "#0"},
				"west": {"uv": [6, 4.5, 5.5, 5], "texture": "#0"},
				"up": {"uv": [7.5, 3, 8, 2.5], "texture": "#0"},
				"down": {"uv": [7.5, 3, 8, 3.5], "texture": "#0"}
			}
		},
		{
			"from": [10, 2, 10],
			"to": [12, 4, 12],
			"faces": {
				"north": {"uv": [6, 4.5, 6.5, 5], "texture": "#0"},
				"east": {"uv": [6.5, 4.5, 7, 5], "texture": "#0"},
				"south": {"uv": [5, 4.5, 5.5, 5], "texture": "#0"},
				"west": {"uv": [5.5, 4.5, 6, 5], "texture": "#0"},
				"up": {"uv": [7.5, 2.5, 8, 3], "texture": "#0"},
				"down": {"uv": [7.5, 3.5, 8, 3], "texture": "#0"}
			}
		},
		{
			"from": [4, 2, 10],
			"to": [6, 4, 12],
			"rotation": {"angle": 0, "axis": "y", "origin": [16, 0, 0]},
			"faces": {
				"north": {"uv": [6.5, 4.5, 6, 5], "texture": "#0"},
				"east": {"uv": [6, 4.5, 5.5, 5], "texture": "#0"},
				"south": {"uv": [5.5, 4.5, 5, 5], "texture": "#0"},
				"west": {"uv": [7, 4.5, 6.5, 5], "texture": "#0"},
				"up": {"uv": [8, 2.5, 7.5, 3], "texture": "#0"},
				"down": {"uv": [8, 3.5, 7.5, 3], "texture": "#0"}
			}
		},
		{
			"from": [3, 12, 3],
			"to": [13, 14, 13],
			"faces": {
				"north": {"uv": [7, 1.5, 9.5, 2], "texture": "#0"},
				"east": {"uv": [7, 5.25, 9.5, 5.75], "texture": "#0"},
				"south": {"uv": [7, 5.75, 9.5, 6.25], "texture": "#0"},
				"west": {"uv": [7.5, 2, 10, 2.5], "texture": "#0"},
				"up": {"uv": [5, 2.5, 2.5, 0], "texture": "#0"},
				"down": {"uv": [5, 2.5, 2.5, 5], "texture": "#0"}
			}
		}
	],
	"display": {
		"thirdperson_righthand": {
			"translation": [0, 0, -3],
			"scale": [0.65, 0.65, 0.65]
		},
		"thirdperson_lefthand": {
			"translation": [0, 0, -3],
			"scale": [0.65, 0.65, 0.65]
		},
		"firstperson_righthand": {
			"rotation": [-177.5, -7, 178],
			"translation": [2, 2, 0],
			"scale": [0.75, 0.75, 0.75]
		},
		"firstperson_lefthand": {
			"rotation": [-177.12, -7, 178],
			"translation": [2, 2, 0],
			"scale": [0.75, 0.75, 0.75]
		},
		"ground": {
			"translation": [0, 2.25, 0]
		},
		"gui": {
			"rotation": [14, -26, 0],
			"translation": [0.25, -0.25, 0],
			"scale": [0.9, 0.9, 0.9]
		}
	},
	"groups": [
		{
			"name": "group",
			"origin": [8, 8, 8],
			"color": 0,
			"children": [0, 1, 2, 3, 4, 5, 6, 7, 8]
		}
	]
}