{
	"credit": "Made with Blockbench",
	"texture_size": [64, 64],
	"textures": {
		"0": "march/cosmetics/rainbow_hat",
		"particle": "march/cosmetics/rainbow_hat"
	},
	"elements": [
		{
			"from": [15.5, 7, 7],
			"to": [22.5, 10, 9],
			"rotation": {"angle": 0, "axis": "y", "origin": [-3, 0, 0]},
			"faces": {
				"north": {"uv": [0, 6, 1.75, 6.75], "texture": "#0"},
				"east": {"uv": [7.25, 2.5, 7.75, 3.25], "texture": "#0"},
				"south": {"uv": [1.75, 6, 3.5, 6.75], "texture": "#0"},
				"west": {"uv": [7.25, 3.25, 7.75, 4], "texture": "#0"},
				"up": {"uv": [6.75, 7.25, 5, 6.75], "texture": "#0"},
				"down": {"uv": [8.5, 6.75, 6.75, 7.25], "texture": "#0"}
			}
		},
		{
			"from": [-6.5, 10, 8],
			"to": [22.5, 22, 8],
			"rotation": {"angle": 0, "axis": "y", "origin": [-3, 0, 0]},
			"faces": {
				"north": {"uv": [0, 0, 7.25, 3], "texture": "#0"},
				"east": {"uv": [0, 0, 0, 3], "texture": "#0"},
				"south": {"uv": [0, 3, 7.25, 6], "texture": "#0"},
				"west": {"uv": [0, 0, 0, 3], "texture": "#0"},
				"up": {"uv": [7.25, 0, 0, 0], "texture": "#0"},
				"down": {"uv": [7.25, 0, 0, 0], "texture": "#0"}
			}
		},
		{
			"from": [16.5, 10, 7],
			"to": [21.5, 13, 9],
			"rotation": {"angle": 0, "axis": "y", "origin": [-3, 0, 0]},
			"faces": {
				"north": {"uv": [0, 6.75, 1.25, 7.5], "texture": "#0"},
				"east": {"uv": [7.25, 4, 7.75, 4.75], "texture": "#0"},
				"south": {"uv": [1.25, 6.75, 2.5, 7.5], "texture": "#0"},
				"west": {"uv": [7.25, 4.75, 7.75, 5.5], "texture": "#0"},
				"up": {"uv": [8.5, 1, 7.25, 0.5], "texture": "#0"},
				"down": {"uv": [8.5, 1, 7.25, 1.5], "texture": "#0"}
			}
		},
		{
			"from": [-6.5, 7, 7],
			"to": [0.5, 10, 9],
			"rotation": {"angle": 0, "axis": "y", "origin": [19, 0, 0]},
			"faces": {
				"north": {"uv": [1.75, 6, 0, 6.75], "texture": "#0"},
				"east": {"uv": [7.75, 3.25, 7.25, 4], "texture": "#0"},
				"south": {"uv": [3.5, 6, 1.75, 6.75], "texture": "#0"},
				"west": {"uv": [7.75, 2.5, 7.25, 3.25], "texture": "#0"},
				"up": {"uv": [5, 7.25, 6.75, 6.75], "texture": "#0"},
				"down": {"uv": [6.75, 6.75, 8.5, 7.25], "texture": "#0"}
			}
		},
		{
			"from": [-5.5, 10, 7],
			"to": [-0.5, 13, 9],
			"rotation": {"angle": 0, "axis": "y", "origin": [19, 0, 0]},
			"faces": {
				"north": {"uv": [1.25, 6.75, 0, 7.5], "texture": "#0"},
				"east": {"uv": [7.75, 4.75, 7.25, 5.5], "texture": "#0"},
				"south": {"uv": [2.5, 6.75, 1.25, 7.5], "texture": "#0"},
				"west": {"uv": [7.75, 4, 7.25, 4.75], "texture": "#0"},
				"up": {"uv": [7.25, 1, 8.5, 0.5], "texture": "#0"},
				"down": {"uv": [7.25, 1, 8.5, 1.5], "texture": "#0"}
			}
		}
	],
	"display": {
		"thirdperson_righthand": {
			"translation": [0, -2.5, -0.25],
			"scale": [0.4, 0.4, 0.4]
		},
		"thirdperson_lefthand": {
			"translation": [0, -2.5, -0.25],
			"scale": [0.4, 0.4, 0.4]
		},
		"firstperson_righthand": {
			"rotation": [162, -82, 155],
			"scale": [0.5, 0.5, 0.5]
		},
		"firstperson_lefthand": {
			"rotation": [162, -82, 155],
			"scale": [0.5, 0.5, 0.5]
		},
		"ground": {
			"translation": [0, -2.5, 0],
			"scale": [0.8, 0.8, 0.8]
		},
		"gui": {
			"rotation": [3.75, -25.75, 0],
			"translation": [0, -2.5, 0],
			"scale": [0.5, 0.5, 0.5]
		},
		"head": {
			"translation": [0, 5.5, 0],
			"scale": [1.05, 1.05, 1.05]
		},
		"fixed": {
			"translation": [0, -3, 0],
			"scale": [0.6, 0.6, 0.6]
		}
	},
	"groups": [
		{
			"name": "group",
			"origin": [8, 8, 8],
			"color": 0,
			"children": [0, 1, 2, 3, 4]
		}
	]
}