{
	"credit": "Made with Blockbench",
	"texture_size": [32, 32],
	"textures": {
		"1": "march/cosmetics/shamrock_key",
		"particle": "march/cosmetics/shamrock_key"
	},
	"elements": [
		{
			"from": [1.72696, 13.96041, 7],
			"to": [8.22696, 16.46041, 9],
			"rotation": {"angle": 45, "axis": "z", "origin": [10.07696, 16.36041, 8]},
			"faces": {
				"north": {"uv": [0.4, 10, 4.1, 11.5], "texture": "#1"},
				"east": {"uv": [0, 5, 1, 6.5], "texture": "#1"},
				"south": {"uv": [0, 12, 3.5, 13.5], "texture": "#1"},
				"west": {"uv": [1, 5, 2, 6.5], "texture": "#1"},
				"up": {"uv": [3.5, 5, 0, 4], "texture": "#1"},
				"down": {"uv": [8.084, 8.5, 4.4, 9.5], "texture": "#1"}
			}
		},
		{
			"from": [3.72696, 16.46041, 7],
			"to": [6.22696, 18.46041, 9],
			"rotation": {"angle": 45, "axis": "z", "origin": [10.07696, 16.36041, 8]},
			"faces": {
				"north": {"uv": [4.5, 3, 6, 4], "texture": "#1"},
				"east": {"uv": [0, 6.5, 1, 7.5], "texture": "#1"},
				"south": {"uv": [2, 5, 3.5, 6], "texture": "#1"},
				"west": {"uv": [1, 6.5, 2, 7.5], "texture": "#1"},
				"up": {"uv": [5, 6, 3.5, 5], "texture": "#1"},
				"down": {"uv": [6.5, 5, 5, 6], "texture": "#1"}
			}
		},
		{
			"from": [3.72696, 11.96041, 7],
			"to": [6.22696, 13.96041, 9],
			"rotation": {"angle": 45, "axis": "z", "origin": [10.07696, 16.36041, 8]},
			"faces": {
				"north": {"uv": [2, 6, 3.5, 7], "texture": "#1"},
				"east": {"uv": [6.5, 5, 7.5, 6], "texture": "#1"},
				"south": {"uv": [6, 3, 7.5, 4], "texture": "#1"},
				"west": {"uv": [6.5, 6, 7.5, 7], "texture": "#1"},
				"up": {"uv": [5, 7, 3.5, 6], "texture": "#1"},
				"down": {"uv": [6.5, 6, 5, 7], "texture": "#1"}
			}
		},
		{
			"from": [-2, 11.25, 7.25],
			"to": [7, 12.75, 8.75],
			"rotation": {"angle": 0, "axis": "z", "origin": [5, 11, 7]},
			"faces": {
				"north": {"uv": [0, 3, 4.5, 4], "texture": "#1"},
				"east": {"uv": [2, 7, 3, 8], "texture": "#1"},
				"south": {"uv": [3.5, 0, 8, 1], "texture": "#1"},
				"west": {"uv": [3, 7, 4, 8], "texture": "#1"},
				"up": {"uv": [8, 2, 3.5, 1], "texture": "#1"},
				"down": {"uv": [8, 2, 3.5, 3], "texture": "#1"}
			}
		},
		{
			"from": [1, 9.75, 7.25],
			"to": [3, 11.25, 8.75],
			"rotation": {"angle": 0, "axis": "z", "origin": [5, 9.5, 7]},
			"faces": {
				"north": {"uv": [4, 7, 5, 8], "texture": "#1"},
				"east": {"uv": [7, 4, 8, 5], "texture": "#1"},
				"south": {"uv": [5, 7, 6, 8], "texture": "#1"},
				"west": {"uv": [6, 7, 7, 8], "texture": "#1"},
				"up": {"uv": [8, 8, 7, 7], "texture": "#1"},
				"down": {"uv": [1, 7.5, 0, 8.5], "texture": "#1"}
			}
		},
		{
			"from": [-2, 9.75, 7.25],
			"to": [0, 11.25, 8.75],
			"rotation": {"angle": 0, "axis": "z", "origin": [2, 9.5, 7]},
			"faces": {
				"north": {"uv": [1, 7.5, 2, 8.5], "texture": "#1"},
				"east": {"uv": [7.5, 3, 8.5, 4], "texture": "#1"},
				"south": {"uv": [7.5, 5, 8.5, 6], "texture": "#1"},
				"west": {"uv": [7.5, 6, 8.5, 7], "texture": "#1"},
				"up": {"uv": [9, 1, 8, 0], "texture": "#1"},
				"down": {"uv": [9, 1, 8, 2], "texture": "#1"}
			}
		}
	],
	"display": {
		"thirdperson_righthand": {
			"translation": [3, -4, -0.5],
			"scale": [0.6, 0.6, 0.6]
		},
		"thirdperson_lefthand": {
			"translation": [-3, -4, -0.5],
			"scale": [0.6, 0.6, 0.6]
		},
		"firstperson_righthand": {
			"rotation": [0, -70, 0],
			"translation": [5.25, -1.25, 0]
		},
		"firstperson_lefthand": {
			"rotation": [0, 90, -8],
			"translation": [4.25, 0, 0]
		},
		"ground": {
			"rotation": [90, 0, 0],
			"translation": [0, -2.5, 0]
		},
		"gui": {
			"rotation": [-18.5, 0.5, 43.5],
			"translation": [6.5, 0, 0],
			"scale": [1.25, 1.25, 1.25]
		},
		"fixed": {
			"rotation": [-180, 0, -144.75],
			"translation": [-9, -1.25, 0],
			"scale": [1.65, 1.65, 1.65]
		}
	},
	"groups": [
		{
			"name": "group",
			"origin": [8, 8, 8],
			"color": 0,
			"children": [0, 1, 2, 3, 4, 5]
		}
	]
}