{
	"credit": "Made with Blockbench",
	"texture_size": [32, 32],
	"textures": {
		"0": "march/cosmetics/shamrock",
		"particle": "march/cosmetics/shamrock"
	},
	"elements": [
		{
			"from": [7.16447, 3.70711, 6.586],
			"to": [7.96447, 11.70711, 7.386],
			"rotation": {"angle": 0, "axis": "y", "origin": [6.06447, 10.70711, 6.986]},
			"faces": {
				"north": {"uv": [1.5, 6, 2, 10], "texture": "#0"},
				"east": {"uv": [6, 1.5, 6.5, 5.5], "texture": "#0"},
				"south": {"uv": [2, 6, 2.5, 10], "texture": "#0"},
				"west": {"uv": [2.5, 6, 3, 10], "texture": "#0"},
				"up": {"uv": [1.5, 8, 1, 7.5], "texture": "#0"},
				"down": {"uv": [8, 4, 7.5, 4.5], "texture": "#0"}
			}
		},
		{
			"from": [1.25685, 11.65685, 6.5],
			"to": [4.25685, 14.65685, 7.5],
			"rotation": {"angle": -45, "axis": "z", "origin": [2.25685, 12.65685, 7]},
			"faces": {
				"north": {"uv": [1.5, 4.5, 3, 6], "texture": "#0"},
				"east": {"uv": [3.5, 6.5, 4, 8], "texture": "#0"},
				"south": {"uv": [4.5, 1.5, 6, 3], "texture": "#0"},
				"west": {"uv": [4, 6.5, 4.5, 8], "texture": "#0"},
				"up": {"uv": [6, 7, 4.5, 6.5], "texture": "#0"},
				"down": {"uv": [8, 5, 6.5, 5.5], "texture": "#0"}
			}
		},
		{
			"from": [2.25685, 6, 6.5],
			"to": [8.25685, 9, 7.5],
			"rotation": {"angle": 45, "axis": "z", "origin": [2.25685, 7, 7]},
			"faces": {
				"north": {"uv": [0, 0, 3, 1.5], "texture": "#0"},
				"east": {"uv": [6, 6.5, 6.5, 8], "texture": "#0"},
				"south": {"uv": [0, 1.5, 3, 3], "texture": "#0"},
				"west": {"uv": [6.5, 6.5, 7, 8], "texture": "#0"},
				"up": {"uv": [6, 6.5, 3, 6], "texture": "#0"},
				"down": {"uv": [9, 5.5, 6, 6], "texture": "#0"}
			}
		},
		{
			"from": [10.84315, 11.65685, 6.5],
			"to": [13.84315, 14.65685, 7.5],
			"rotation": {"angle": 45, "axis": "z", "origin": [12.84315, 12.65685, 7]},
			"faces": {
				"north": {"uv": [3, 4.5, 4.5, 6], "texture": "#0"},
				"east": {"uv": [7, 2, 7.5, 3.5], "texture": "#0"},
				"south": {"uv": [4.5, 3, 6, 4.5], "texture": "#0"},
				"west": {"uv": [7, 3.5, 7.5, 5], "texture": "#0"},
				"up": {"uv": [6, 7.5, 4.5, 7], "texture": "#0"},
				"down": {"uv": [8.5, 6.5, 7, 7], "texture": "#0"}
			}
		},
		{
			"from": [6.84315, 6, 6.5],
			"to": [12.84315, 9, 7.5],
			"rotation": {"angle": -45, "axis": "z", "origin": [12.84315, 7, 7]},
			"faces": {
				"north": {"uv": [0, 3, 3, 4.5], "texture": "#0"},
				"east": {"uv": [7, 7, 7.5, 8.5], "texture": "#0"},
				"south": {"uv": [3, 0, 6, 1.5], "texture": "#0"},
				"west": {"uv": [0, 7.5, 0.5, 9], "texture": "#0"},
				"up": {"uv": [9, 6.5, 6, 6], "texture": "#0"},
				"down": {"uv": [9.5, 1.5, 6.5, 2], "texture": "#0"}
			}
		},
		{
			"from": [3.44315, 13.65685, 6.5],
			"to": [6.44315, 16.65685, 7.5],
			"rotation": {"angle": 45, "axis": "z", "origin": [5.44315, 15.65685, 7]},
			"faces": {
				"north": {"uv": [4.5, 4.5, 6, 6], "texture": "#0"},
				"east": {"uv": [7.5, 0, 8, 1.5], "texture": "#0"},
				"south": {"uv": [6, 0, 7.5, 1.5], "texture": "#0"},
				"west": {"uv": [0.5, 7.5, 1, 9], "texture": "#0"},
				"up": {"uv": [9, 2.5, 7.5, 2], "texture": "#0"},
				"down": {"uv": [9, 2.5, 7.5, 3], "texture": "#0"}
			}
		},
		{
			"from": [9.1, 9.65685, 6.5],
			"to": [12.1, 15.65685, 7.5],
			"rotation": {"angle": -45, "axis": "z", "origin": [11.1, 15.65685, 7]},
			"faces": {
				"north": {"uv": [3, 1.5, 4.5, 4.5], "texture": "#0"},
				"east": {"uv": [6.5, 2, 7, 5], "texture": "#0"},
				"south": {"uv": [0, 4.5, 1.5, 7.5], "texture": "#0"},
				"west": {"uv": [3, 6.5, 3.5, 9.5], "texture": "#0"},
				"up": {"uv": [9, 3.5, 7.5, 3], "texture": "#0"},
				"down": {"uv": [9, 3.5, 7.5, 4], "texture": "#0"}
			}
		}
	],
	"display": {
		"thirdperson_righthand": {
			"translation": [0.25, 1.5, 1],
			"scale": [0.5, 0.5, 0.5]
		},
		"thirdperson_lefthand": {
			"translation": [-0.25, 1.5, 1],
			"scale": [0.5, 0.5, 0.5]
		},
		"firstperson_righthand": {
			"rotation": [-11, -49, 0]
		},
		"firstperson_lefthand": {
			"rotation": [-11, -49, 0]
		},
		"ground": {
			"rotation": [-45, 0, 0],
			"translation": [0, 1.25, 0]
		},
		"gui": {
			"rotation": [-11.92, -22.78, -11.69],
			"translation": [-0.25, -2, 0]
		},
		"fixed": {
			"translation": [0, -2.25, 0.75]
		}
	},
	"groups": [
		{
			"name": "1",
			"origin": [8, 8, 8],
			"color": 0,
			"children": [
				{
					"name": "group",
					"origin": [10.85, 7, 7],
					"color": 0,
					"children": [0]
				},
				{
					"name": "group",
					"origin": [1.90685, 7, 7],
					"color": 0,
					"children": [1, 2]
				},
				{
					"name": "group",
					"origin": [1.90685, 7, 7],
					"color": 0,
					"children": [3, 4]
				},
				{
					"name": "group",
					"origin": [1.90685, 7, 7],
					"color": 0,
					"children": [5, 6]
				}
			]
		}
	]
}