{"textures":{"0":"modelengine:entity/lord_demon_claw"},"elements":[{"name":"cube","from":[4.7007084,19.402348,7.318625],"to":[7.5447083,21.772346,8.740625],"rotation":{"angle":-45.0,"axis":"z","origin":[4.7007084,13.951348,7.9111247]},"faces":{"down":{"uv":[3.5,9.25,2.75,9.75],"rotation":0,"texture":"#0","tintindex":0},"east":{"uv":[9.0,7.0,9.5,7.75],"rotation":0,"texture":"#0","tintindex":0},"north":{"uv":[9.0,3.25,9.75,4.0],"rotation":0,"texture":"#0","tintindex":0},"south":{"uv":[9.0,4.0,9.75,4.75],"rotation":0,"texture":"#0","tintindex":0},"up":{"uv":[3.75,8.0,3.0,7.5],"rotation":0,"texture":"#0","tintindex":0},"west":{"uv":[9.0,7.75,9.5,8.5],"rotation":0,"texture":"#0","tintindex":0}}},{"name":"cube","from":[2.8047082,11.818348,6.370625],"to":[5.6487083,20.824348,9.688625],"rotation":{"angle":-45.0,"axis":"z","origin":[4.7007084,13.951348,7.9111247]},"faces":{"down":{"uv":[9.5,1.25,8.75,2.25],"rotation":0,"texture":"#0","tintindex":0},"east":{"uv":[0.0,0.0,1.0,2.5],"rotation":0,"texture":"#0","tintindex":0},"north":{"uv":[4.75,2.5,5.5,5.0],"rotation":0,"texture":"#0","tintindex":0},"south":{"uv":[0.0,5.0,0.75,7.5],"rotation":0,"texture":"#0","tintindex":0},"up":{"uv":[5.75,7.75,5.0,6.75],"rotation":0,"texture":"#0","tintindex":0},"west":{"uv":[1.0,0.0,2.0,2.5],"rotation":0,"texture":"#0","tintindex":0}}},{"name":"cube","from":[5.945494,7.69265,4.711625],"to":[9.737495,12.432651,11.347626],"rotation":{"angle":45.0,"axis":"z","origin":[7.8414946,8.16665,8.029625]},"faces":{"down":{"uv":[5.75,5.0,4.75,6.75],"rotation":0,"texture":"#0","tintindex":0},"east":{"uv":[3.0,0.0,4.75,1.25],"rotation":0,"texture":"#0","tintindex":0},"north":{"uv":[0.0,7.5,1.0,8.75],"rotation":0,"texture":"#0","tintindex":0},"south":{"uv":[7.5,0.0,8.5,1.25],"rotation":0,"texture":"#0","tintindex":0},"up":{"uv":[4.75,6.75,3.75,5.0],"rotation":0,"texture":"#0","tintindex":0},"west":{"uv":[3.0,1.25,4.75,2.5],"rotation":0,"texture":"#0","tintindex":0}}},{"name":"cube","from":[2.433018,10.387655,5.4226246],"to":[6.2250185,14.653656,10.399625],"rotation":{"angle":22.5,"axis":"z","origin":[4.3290186,12.757655,8.029625]},"faces":{"down":{"uv":[8.75,2.5,7.75,3.75],"rotation":0,"texture":"#0","tintindex":0},"east":{"uv":[6.5,1.75,7.75,3.0],"rotation":0,"texture":"#0","tintindex":0},"north":{"uv":[1.0,7.5,2.0,8.75],"rotation":0,"texture":"#0","tintindex":0},"south":{"uv":[2.0,7.5,3.0,8.75],"rotation":0,"texture":"#0","tintindex":0},"up":{"uv":[8.75,2.5,7.75,1.25],"rotation":0,"texture":"#0","tintindex":0},"west":{"uv":[6.5,3.0,7.75,4.25],"rotation":0,"texture":"#0","tintindex":0}}}],"display":{"head":{"translation":[0.0,-6.4,0.0],"rotation":[0.0,0.0,0.0],"scale":[3.8095,3.8095,3.8095]}}}