{"textures":{"0":"modelengine:entity/lord_demon_claw"},"elements":[{"name":"cube","from":[8.455292,19.402348,7.318625],"to":[11.299292,21.772346,8.740625],"rotation":{"angle":45.0,"axis":"z","origin":[11.299292,13.951348,7.911125]},"faces":{"down":{"uv":[7.25,9.25,6.5,9.75],"rotation":0,"texture":"#0","tintindex":0},"east":{"uv":[3.5,9.25,4.0,10.0],"rotation":0,"texture":"#0","tintindex":0},"north":{"uv":[9.0,4.75,9.75,5.5],"rotation":0,"texture":"#0","tintindex":0},"south":{"uv":[5.0,9.0,5.75,9.75],"rotation":0,"texture":"#0","tintindex":0},"up":{"uv":[6.5,9.75,5.75,9.25],"rotation":0,"texture":"#0","tintindex":0},"west":{"uv":[4.0,9.25,4.5,10.0],"rotation":0,"texture":"#0","tintindex":0}}},{"name":"cube","from":[10.351292,11.818348,6.370625],"to":[13.1952915,20.824348,9.688625],"rotation":{"angle":45.0,"axis":"z","origin":[11.299292,13.951348,7.911125]},"faces":{"down":{"uv":[9.5,2.25,8.75,3.25],"rotation":0,"texture":"#0","tintindex":0},"east":{"uv":[2.0,0.0,3.0,2.5],"rotation":0,"texture":"#0","tintindex":0},"north":{"uv":[0.75,5.0,1.5,7.5],"rotation":0,"texture":"#0","tintindex":0},"south":{"uv":[1.5,5.0,2.25,7.5],"rotation":0,"texture":"#0","tintindex":0},"up":{"uv":[2.75,9.75,2.0,8.75],"rotation":0,"texture":"#0","tintindex":0},"west":{"uv":[0.0,2.5,1.0,5.0],"rotation":0,"texture":"#0","tintindex":0}}},{"name":"cube","from":[6.2625055,7.69265,4.7116246],"to":[10.054506,12.432651,11.347626],"rotation":{"angle":-45.0,"axis":"z","origin":[8.158505,8.16665,8.029625]},"faces":{"down":{"uv":[6.75,4.25,5.75,6.0],"rotation":0,"texture":"#0","tintindex":0},"east":{"uv":[3.0,2.5,4.75,3.75],"rotation":0,"texture":"#0","tintindex":0},"north":{"uv":[5.0,7.75,6.0,9.0],"rotation":0,"texture":"#0","tintindex":0},"south":{"uv":[3.0,8.0,4.0,9.25],"rotation":0,"texture":"#0","tintindex":0},"up":{"uv":[6.5,4.25,5.5,2.5],"rotation":0,"texture":"#0","tintindex":0},"west":{"uv":[3.0,3.75,4.75,5.0],"rotation":0,"texture":"#0","tintindex":0}}},{"name":"cube","from":[9.7749815,10.387655,5.422625],"to":[13.566982,14.653656,10.399626],"rotation":{"angle":-22.5,"axis":"z","origin":[11.670981,12.757655,8.029625]},"faces":{"down":{"uv":[7.0,8.0,6.0,9.25],"rotation":0,"texture":"#0","tintindex":0},"east":{"uv":[3.75,6.75,5.0,8.0],"rotation":0,"texture":"#0","tintindex":0},"north":{"uv":[8.0,3.75,9.0,5.0],"rotation":0,"texture":"#0","tintindex":0},"south":{"uv":[4.0,8.0,5.0,9.25],"rotation":0,"texture":"#0","tintindex":0},"up":{"uv":[9.0,6.25,8.0,5.0],"rotation":0,"texture":"#0","tintindex":0},"west":{"uv":[6.75,4.25,8.0,5.5],"rotation":0,"texture":"#0","tintindex":0}}}],"display":{"head":{"translation":[0.0,-6.4,0.0],"rotation":[0.0,0.0,0.0],"scale":[3.8095,3.8095,3.8095]}}}