{"textures":{"0":"modelengine:entity/minion_ranged"},"elements":[{"name":"cube","from":[7.3839426,6.030328,7.415375],"to":[8.463943,8.055327,8.555375],"rotation":{"angle":0.0,"axis":"x","origin":[7.9239426,9.000328,7.557875]},"faces":{"down":{"uv":[7.5,2.0,7.0,2.5],"rotation":0,"texture":"#0","tintindex":0},"east":{"uv":[5.25,5.0,5.75,5.75],"rotation":0,"texture":"#0","tintindex":0},"north":{"uv":[4.75,5.25,5.25,6.0],"rotation":0,"texture":"#0","tintindex":0},"south":{"uv":[1.0,5.5,1.5,6.25],"rotation":0,"texture":"#0","tintindex":0},"up":{"uv":[2.5,7.5,2.0,7.0],"rotation":0,"texture":"#0","tintindex":0},"west":{"uv":[5.5,1.0,6.0,1.75],"rotation":0,"texture":"#0","tintindex":0}}},{"name":"cube","from":[7.6539426,4.005327,7.490375],"to":[8.058943,4.6803274,8.435375],"rotation":{"angle":45.0,"axis":"z","origin":[7.7214427,4.2753277,7.962875]},"faces":{"down":{"uv":[7.75,2.5,7.5,3.0],"rotation":0,"texture":"#0","tintindex":0},"east":{"uv":[7.5,1.75,8.0,2.0],"rotation":0,"texture":"#0","tintindex":0},"north":{"uv":[8.0,2.75,8.25,3.0],"rotation":0,"texture":"#0","tintindex":0},"south":{"uv":[3.0,8.0,3.25,8.25],"rotation":0,"texture":"#0","tintindex":0},"up":{"uv":[7.75,2.5,7.5,2.0],"rotation":0,"texture":"#0","tintindex":0},"west":{"uv":[2.0,7.5,2.5,7.75],"rotation":0,"texture":"#0","tintindex":0}}},{"name":"cube","from":[8.106672,4.216017,7.490375],"to":[8.484673,4.702017,8.165375],"rotation":{"angle":0.0,"axis":"x","origin":[7.769172,4.4185166,7.962875]},"faces":{"down":{"uv":[8.25,3.75,8.0,4.0],"rotation":0,"texture":"#0","tintindex":0},"east":{"uv":[3.25,8.0,3.5,8.25],"rotation":0,"texture":"#0","tintindex":0},"north":{"uv":[8.0,3.0,8.25,3.25],"rotation":0,"texture":"#0","tintindex":0},"south":{"uv":[3.5,8.0,3.75,8.25],"rotation":0,"texture":"#0","tintindex":0},"up":{"uv":[4.0,8.25,3.75,8.0],"rotation":0,"texture":"#0","tintindex":0},"west":{"uv":[8.0,3.5,8.25,3.75],"rotation":0,"texture":"#0","tintindex":0}}},{"name":"cube","from":[7.5189424,4.6803274,7.490375],"to":[8.328943,6.030328,8.435375],"rotation":{"angle":0.0,"axis":"x","origin":[7.9239426,9.000328,7.557875]},"faces":{"down":{"uv":[3.75,7.5,3.5,8.0],"rotation":0,"texture":"#0","tintindex":0},"east":{"uv":[7.0,2.5,7.5,3.0],"rotation":0,"texture":"#0","tintindex":0},"north":{"uv":[3.0,7.5,3.25,8.0],"rotation":0,"texture":"#0","tintindex":0},"south":{"uv":[7.5,3.0,7.75,3.5],"rotation":0,"texture":"#0","tintindex":0},"up":{"uv":[3.5,8.0,3.25,7.5],"rotation":0,"texture":"#0","tintindex":0},"west":{"uv":[3.0,7.0,3.5,7.5],"rotation":0,"texture":"#0","tintindex":0}}}],"display":{"head":{"translation":[0.0,-6.4,0.0],"rotation":[0.0,0.0,0.0],"scale":[3.8095,3.8095,3.8095]}}}