{"textures":{"0":"modelengine:entity/minion_ranged"},"elements":[{"name":"cube","from":[7.9258456,5.7222624,7.1359997],"to":[9.2758465,8.692263,8.471],"rotation":{"angle":0.0,"axis":"x","origin":[8.600845,6.8022623,7.4735]},"faces":{"down":{"uv":[7.0,1.0,6.5,1.5],"rotation":0,"texture":"#0","tintindex":0},"east":{"uv":[1.5,3.0,2.0,4.25],"rotation":0,"texture":"#0","tintindex":0},"north":{"uv":[1.0,3.0,1.5,4.25],"rotation":0,"texture":"#0","tintindex":0},"south":{"uv":[2.75,3.0,3.25,4.25],"rotation":0,"texture":"#0","tintindex":0},"up":{"uv":[0.5,7.0,0.0,6.5],"rotation":0,"texture":"#0","tintindex":0},"west":{"uv":[3.25,3.0,3.75,4.25],"rotation":0,"texture":"#0","tintindex":0}}}],"display":{"head":{"translation":[0.0,-6.4,0.0],"rotation":[0.0,0.0,0.0],"scale":[3.8095,3.8095,3.8095]}}}