{"textures":{"0":"modelengine:entity/minion_ranged"},"elements":[{"name":"cube","from":[7.5360575,6.030328,7.415375],"to":[8.616057,8.055327,8.555375],"rotation":{"angle":0.0,"axis":"x","origin":[8.076057,9.000328,7.557875]},"faces":{"down":{"uv":[7.5,1.5,7.0,2.0],"rotation":0,"texture":"#0","tintindex":0},"east":{"uv":[3.25,5.25,3.75,6.0],"rotation":0,"texture":"#0","tintindex":0},"north":{"uv":[0.5,5.0,1.0,5.75],"rotation":0,"texture":"#0","tintindex":0},"south":{"uv":[3.75,5.25,4.25,6.0],"rotation":0,"texture":"#0","tintindex":0},"up":{"uv":[7.5,1.5,7.0,1.0],"rotation":0,"texture":"#0","tintindex":0},"west":{"uv":[5.25,4.25,5.75,5.0],"rotation":0,"texture":"#0","tintindex":0}}},{"name":"cube","from":[7.9410577,4.005327,7.490375],"to":[8.346058,4.6803274,8.435375],"rotation":{"angle":-45.0,"axis":"z","origin":[8.278557,4.2753277,7.962875]},"faces":{"down":{"uv":[2.0,7.5,1.75,8.0],"rotation":0,"texture":"#0","tintindex":0},"east":{"uv":[7.5,1.0,8.0,1.25],"rotation":0,"texture":"#0","tintindex":0},"north":{"uv":[1.75,8.0,2.0,8.25],"rotation":0,"texture":"#0","tintindex":0},"south":{"uv":[8.0,1.75,8.25,2.0],"rotation":0,"texture":"#0","tintindex":0},"up":{"uv":[7.75,1.75,7.5,1.25],"rotation":0,"texture":"#0","tintindex":0},"west":{"uv":[1.25,7.5,1.75,7.75],"rotation":0,"texture":"#0","tintindex":0}}},{"name":"cube","from":[7.515328,4.216017,7.490375],"to":[7.8933277,4.702017,8.165375],"rotation":{"angle":0.0,"axis":"x","origin":[8.230827,4.4185166,7.962875]},"faces":{"down":{"uv":[3.0,8.0,2.75,8.25],"rotation":0,"texture":"#0","tintindex":0},"east":{"uv":[2.25,8.0,2.5,8.25],"rotation":0,"texture":"#0","tintindex":0},"north":{"uv":[2.0,8.0,2.25,8.25],"rotation":0,"texture":"#0","tintindex":0},"south":{"uv":[8.0,2.25,8.25,2.5],"rotation":0,"texture":"#0","tintindex":0},"up":{"uv":[8.25,2.75,8.0,2.5],"rotation":0,"texture":"#0","tintindex":0},"west":{"uv":[2.5,8.0,2.75,8.25],"rotation":0,"texture":"#0","tintindex":0}}},{"name":"cube","from":[7.671057,4.6803274,7.490375],"to":[8.481058,6.030328,8.435375],"rotation":{"angle":0.0,"axis":"x","origin":[8.076057,9.000328,7.557875]},"faces":{"down":{"uv":[1.0,7.5,0.75,8.0],"rotation":0,"texture":"#0","tintindex":0},"east":{"uv":[0.0,7.0,0.5,7.5],"rotation":0,"texture":"#0","tintindex":0},"north":{"uv":[0.0,7.5,0.25,8.0],"rotation":0,"texture":"#0","tintindex":0},"south":{"uv":[0.25,7.5,0.5,8.0],"rotation":0,"texture":"#0","tintindex":0},"up":{"uv":[0.75,8.0,0.5,7.5],"rotation":0,"texture":"#0","tintindex":0},"west":{"uv":[0.5,7.0,1.0,7.5],"rotation":0,"texture":"#0","tintindex":0}}}],"display":{"head":{"translation":[0.0,-6.4,0.0],"rotation":[0.0,0.0,0.0],"scale":[3.8095,3.8095,3.8095]}}}