{"textures":{"0":"modelengine:entity/minion_ranged"},"elements":[{"name":"cube","from":[6.724154,5.7222624,7.196],"to":[8.074154,8.692263,8.471],"rotation":{"angle":0.0,"axis":"x","origin":[7.399154,6.8022623,7.4735]},"faces":{"down":{"uv":[4.0,7.0,3.5,7.5],"rotation":0,"texture":"#0","tintindex":0},"east":{"uv":[4.0,1.75,4.5,3.0],"rotation":0,"texture":"#0","tintindex":0},"north":{"uv":[4.0,0.5,4.5,1.75],"rotation":0,"texture":"#0","tintindex":0},"south":{"uv":[1.0,4.25,1.5,5.5],"rotation":0,"texture":"#0","tintindex":0},"up":{"uv":[7.5,3.5,7.0,3.0],"rotation":0,"texture":"#0","tintindex":0},"west":{"uv":[1.5,4.25,2.0,5.5],"rotation":0,"texture":"#0","tintindex":0}}}],"display":{"head":{"translation":[0.0,-6.4,0.0],"rotation":[0.0,0.0,0.0],"scale":[3.8095,3.8095,3.8095]}}}