{"textures":{"0":"modelengine:entity/minion_ranged"},"elements":[{"name":"cube","from":[6.6499996,7.700285,7.5515885],"to":[9.35,8.915285,8.901588],"rotation":{"angle":0.0,"axis":"x","origin":[8.81,8.982784,9.104088]},"faces":{"down":{"uv":[4.0,2.0,2.75,2.5],"rotation":0,"texture":"#0","tintindex":0},"east":{"uv":[1.0,6.25,1.5,6.75],"rotation":0,"texture":"#0","tintindex":0},"north":{"uv":[1.0,2.5,2.25,3.0],"rotation":0,"texture":"#0","tintindex":0},"south":{"uv":[2.75,1.0,4.0,1.5],"rotation":0,"texture":"#0","tintindex":0},"up":{"uv":[4.0,2.0,2.75,1.5],"rotation":0,"texture":"#0","tintindex":0},"west":{"uv":[1.5,6.25,2.0,6.75],"rotation":0,"texture":"#0","tintindex":0}}},{"name":"cube","from":[6.785,8.915285,7.6865883],"to":[9.215,9.815285,8.901588],"rotation":{"angle":0.0,"axis":"x","origin":[8.81,8.982784,9.104088]},"faces":{"down":{"uv":[5.5,2.0,4.5,2.5],"rotation":0,"texture":"#0","tintindex":0},"east":{"uv":[6.25,3.5,6.75,4.0],"rotation":0,"texture":"#0","tintindex":0},"north":{"uv":[3.0,0.5,4.0,1.0],"rotation":0,"texture":"#0","tintindex":0},"south":{"uv":[4.5,1.0,5.5,1.5],"rotation":0,"texture":"#0","tintindex":0},"up":{"uv":[5.5,2.0,4.5,1.5],"rotation":0,"texture":"#0","tintindex":0},"west":{"uv":[6.25,4.0,6.75,4.5],"rotation":0,"texture":"#0","tintindex":0}}},{"name":"cube","from":[6.665,9.815285,7.431588],"to":[9.335001,11.0152855,9.051588],"rotation":{"angle":0.0,"axis":"x","origin":[8.27,12.155285,8.024089]},"faces":{"down":{"uv":[2.25,0.75,1.25,1.5],"rotation":0,"texture":"#0","tintindex":0},"east":{"uv":[5.0,0.0,5.75,0.5],"rotation":0,"texture":"#0","tintindex":0},"north":{"uv":[4.5,2.5,5.5,3.0],"rotation":0,"texture":"#0","tintindex":0},"south":{"uv":[4.75,3.75,5.75,4.25],"rotation":0,"texture":"#0","tintindex":0},"up":{"uv":[2.25,0.75,1.25,0.0],"rotation":0,"texture":"#0","tintindex":0},"west":{"uv":[5.0,0.5,5.75,1.0],"rotation":0,"texture":"#0","tintindex":0}}},{"name":"cube","from":[6.3949995,11.0152855,7.1615887],"to":[9.605,12.215285,9.186588],"rotation":{"angle":0.0,"axis":"x","origin":[8.27,12.155285,8.024089]},"faces":{"down":{"uv":[1.25,0.75,0.0,1.5],"rotation":0,"texture":"#0","tintindex":0},"east":{"uv":[2.5,5.0,3.25,5.5],"rotation":0,"texture":"#0","tintindex":0},"north":{"uv":[2.75,2.5,4.0,3.0],"rotation":0,"texture":"#0","tintindex":0},"south":{"uv":[3.0,0.0,4.25,0.5],"rotation":0,"texture":"#0","tintindex":0},"up":{"uv":[1.25,0.75,0.0,0.0],"rotation":0,"texture":"#0","tintindex":0},"west":{"uv":[5.0,3.0,5.75,3.5],"rotation":0,"texture":"#0","tintindex":0}}},{"name":"cube","from":[7.34,12.215285,7.2965884],"to":[8.66,12.755285,8.916588],"rotation":{"angle":0.0,"axis":"x","origin":[8.27,12.155285,8.024089]},"faces":{"down":{"uv":[6.0,1.75,5.5,2.5],"rotation":0,"texture":"#0","tintindex":0},"east":{"uv":[5.0,3.5,5.75,3.75],"rotation":0,"texture":"#0","tintindex":0},"north":{"uv":[7.5,4.0,8.0,4.25],"rotation":0,"texture":"#0","tintindex":0},"south":{"uv":[7.5,4.25,8.0,4.5],"rotation":0,"texture":"#0","tintindex":0},"up":{"uv":[2.0,6.25,1.5,5.5],"rotation":0,"texture":"#0","tintindex":0},"west":{"uv":[7.25,0.0,8.0,0.25],"rotation":0,"texture":"#0","tintindex":0}}}],"display":{"head":{"translation":[0.0,-6.4,0.0],"rotation":[0.0,0.0,0.0],"scale":[3.8095,3.8095,3.8095]}}}