{"textures":{"0":"modelengine:entity/minion_ranged"},"elements":[{"name":"cube","from":[7.7330003,9.1648445,11.9355545],"to":[8.243,10.214846,12.430554],"rotation":{"angle":0.0,"axis":"x","origin":[8.108,12.434844,7.503054]},"faces":{"down":{"uv":[2.5,8.25,2.25,8.5],"rotation":0,"texture":"#0","tintindex":0},"east":{"uv":[7.75,7.5,8.0,8.0],"rotation":0,"texture":"#0","tintindex":0},"north":{"uv":[7.5,7.75,7.75,8.25],"rotation":0,"texture":"#0","tintindex":0},"south":{"uv":[0.0,8.0,0.25,8.5],"rotation":0,"texture":"#0","tintindex":0},"up":{"uv":[8.5,2.25,8.25,2.0],"rotation":0,"texture":"#0","tintindex":0},"west":{"uv":[8.0,0.0,8.25,0.5],"rotation":0,"texture":"#0","tintindex":0}}},{"name":"cube","from":[7.7330003,8.714845,10.735555],"to":[8.243,9.1648445,12.580554],"rotation":{"angle":0.0,"axis":"x","origin":[8.108,12.434844,7.503054]},"faces":{"down":{"uv":[4.5,7.25,4.25,8.0],"rotation":0,"texture":"#0","tintindex":0},"east":{"uv":[7.25,3.5,8.0,3.75],"rotation":0,"texture":"#0","tintindex":0},"north":{"uv":[8.25,1.5,8.5,1.75],"rotation":0,"texture":"#0","tintindex":0},"south":{"uv":[1.75,8.25,2.0,8.5],"rotation":0,"texture":"#0","tintindex":0},"up":{"uv":[7.5,4.75,7.25,4.0],"rotation":0,"texture":"#0","tintindex":0},"west":{"uv":[7.25,3.75,8.0,4.0],"rotation":0,"texture":"#0","tintindex":0}}},{"name":"cube","from":[7.7330003,8.264845,9.085554],"to":[8.243,8.714845,11.530555],"rotation":{"angle":0.0,"axis":"x","origin":[8.108,12.434844,7.503054]},"faces":{"down":{"uv":[7.25,6.25,7.0,7.25],"rotation":0,"texture":"#0","tintindex":0},"east":{"uv":[7.0,5.75,8.0,6.0],"rotation":0,"texture":"#0","tintindex":0},"north":{"uv":[8.25,1.0,8.5,1.25],"rotation":0,"texture":"#0","tintindex":0},"south":{"uv":[1.25,8.25,1.5,8.5],"rotation":0,"texture":"#0","tintindex":0},"up":{"uv":[6.25,8.0,6.0,7.0],"rotation":0,"texture":"#0","tintindex":0},"west":{"uv":[7.0,6.0,8.0,6.25],"rotation":0,"texture":"#0","tintindex":0}}},{"name":"cube","from":[7.7330003,7.8148446,7.2855544],"to":[8.243,8.264845,9.730555],"rotation":{"angle":0.0,"axis":"x","origin":[8.108,12.434844,7.503054]},"faces":{"down":{"uv":[6.0,7.0,5.75,8.0],"rotation":0,"texture":"#0","tintindex":0},"east":{"uv":[7.0,5.25,8.0,5.5],"rotation":0,"texture":"#0","tintindex":0},"north":{"uv":[8.0,7.5,8.25,7.75],"rotation":0,"texture":"#0","tintindex":0},"south":{"uv":[7.75,8.0,8.0,8.25],"rotation":0,"texture":"#0","tintindex":0},"up":{"uv":[4.25,8.0,4.0,7.0],"rotation":0,"texture":"#0","tintindex":0},"west":{"uv":[7.0,5.5,8.0,5.75],"rotation":0,"texture":"#0","tintindex":0}}},{"name":"cube","from":[7.973,7.8148446,6.280554],"to":[8.243,8.264845,7.2855544],"rotation":{"angle":0.0,"axis":"x","origin":[8.108,12.434844,7.503054]},"faces":{"down":{"uv":[6.75,7.75,6.5,8.25],"rotation":0,"texture":"#0","tintindex":0},"east":{"uv":[7.75,4.75,8.25,5.0],"rotation":0,"texture":"#0","tintindex":0},"north":{"uv":[8.25,0.5,8.5,0.75],"rotation":0,"texture":"#0","tintindex":0},"south":{"uv":[0.75,8.25,1.0,8.5],"rotation":0,"texture":"#0","tintindex":0},"up":{"uv":[6.5,8.25,6.25,7.75],"rotation":0,"texture":"#0","tintindex":0},"west":{"uv":[7.75,5.0,8.25,5.25],"rotation":0,"texture":"#0","tintindex":0}}},{"name":"cube","from":[7.7330003,7.8148446,5.6355543],"to":[8.243,8.264845,6.280554],"rotation":{"angle":0.0,"axis":"x","origin":[8.108,12.434844,7.503054]},"faces":{"down":{"uv":[0.75,8.25,0.5,8.5],"rotation":0,"texture":"#0","tintindex":0},"east":{"uv":[8.0,8.0,8.25,8.25],"rotation":0,"texture":"#0","tintindex":0},"north":{"uv":[8.0,7.75,8.25,8.0],"rotation":0,"texture":"#0","tintindex":0},"south":{"uv":[8.25,0.0,8.5,0.25],"rotation":0,"texture":"#0","tintindex":0},"up":{"uv":[8.5,0.5,8.25,0.25],"rotation":0,"texture":"#0","tintindex":0},"west":{"uv":[0.25,8.25,0.5,8.5],"rotation":0,"texture":"#0","tintindex":0}}},{"name":"cube","from":[7.7330003,8.264845,4.1355543],"to":[8.243,8.714845,5.980554],"rotation":{"angle":0.0,"axis":"x","origin":[8.108,12.434844,7.503054]},"faces":{"down":{"uv":[1.25,7.25,1.0,8.0],"rotation":0,"texture":"#0","tintindex":0},"east":{"uv":[7.25,0.25,8.0,0.5],"rotation":0,"texture":"#0","tintindex":0},"north":{"uv":[8.25,0.75,8.5,1.0],"rotation":0,"texture":"#0","tintindex":0},"south":{"uv":[1.0,8.25,1.25,8.5],"rotation":0,"texture":"#0","tintindex":0},"up":{"uv":[2.75,4.25,2.5,3.5],"rotation":0,"texture":"#0","tintindex":0},"west":{"uv":[7.25,0.5,8.0,0.75],"rotation":0,"texture":"#0","tintindex":0}}},{"name":"cube","from":[7.7330003,8.714845,2.6355538],"to":[8.243,9.1648445,4.480554],"rotation":{"angle":0.0,"axis":"x","origin":[8.108,12.434844,7.503054]},"faces":{"down":{"uv":[3.0,7.25,2.75,8.0],"rotation":0,"texture":"#0","tintindex":0},"east":{"uv":[7.25,0.75,8.0,1.0],"rotation":0,"texture":"#0","tintindex":0},"north":{"uv":[8.25,1.25,8.5,1.5],"rotation":0,"texture":"#0","tintindex":0},"south":{"uv":[1.5,8.25,1.75,8.5],"rotation":0,"texture":"#0","tintindex":0},"up":{"uv":[2.75,8.0,2.5,7.25],"rotation":0,"texture":"#0","tintindex":0},"west":{"uv":[1.25,7.25,2.0,7.5],"rotation":0,"texture":"#0","tintindex":0}}},{"name":"cube","from":[7.7330003,9.1648445,2.7855537],"to":[8.243,10.214846,3.2805543],"rotation":{"angle":0.0,"axis":"x","origin":[7.988,9.689845,3.0330539]},"faces":{"down":{"uv":[2.25,8.25,2.0,8.5],"rotation":0,"texture":"#0","tintindex":0},"east":{"uv":[7.75,6.75,8.0,7.25],"rotation":0,"texture":"#0","tintindex":0},"north":{"uv":[6.75,7.75,7.0,8.25],"rotation":0,"texture":"#0","tintindex":0},"south":{"uv":[7.0,7.75,7.25,8.25],"rotation":0,"texture":"#0","tintindex":0},"up":{"uv":[8.5,2.0,8.25,1.75],"rotation":0,"texture":"#0","tintindex":0},"west":{"uv":[7.25,7.75,7.5,8.25],"rotation":0,"texture":"#0","tintindex":0}}},{"name":"cube","from":[7.7330003,10.266397,2.205012],"to":[8.243,11.016397,2.700012],"rotation":{"angle":-45.0,"axis":"x","origin":[7.988,10.941397,3.0525117]},"faces":{"down":{"uv":[3.25,8.25,3.0,8.5],"rotation":0,"texture":"#0","tintindex":0},"east":{"uv":[2.5,8.25,2.75,8.5],"rotation":0,"texture":"#0","tintindex":0},"north":{"uv":[8.25,2.25,8.5,2.5],"rotation":0,"texture":"#0","tintindex":0},"south":{"uv":[8.25,2.5,8.5,2.75],"rotation":0,"texture":"#0","tintindex":0},"up":{"uv":[8.5,3.0,8.25,2.75],"rotation":0,"texture":"#0","tintindex":0},"west":{"uv":[2.75,8.25,3.0,8.5],"rotation":0,"texture":"#0","tintindex":0}}}],"display":{"head":{"translation":[0.0,-6.4,0.0],"rotation":[0.0,0.0,0.0],"scale":[3.8095,3.8095,3.8095]}}}