{"textures":{"0":"modelengine:entity/minion_ranged"},"elements":[{"name":"cube","from":[7.52,5.0086246,5.7961445],"to":[8.48,6.3586245,6.8761444],"rotation":{"angle":0.0,"axis":"x","origin":[11.24,5.0086246,7.0111446]},"faces":{"down":{"uv":[6.25,4.75,5.75,5.25],"rotation":0,"texture":"#0","tintindex":0},"east":{"uv":[5.75,0.5,6.25,1.0],"rotation":0,"texture":"#0","tintindex":0},"north":{"uv":[5.75,0.0,6.25,0.5],"rotation":0,"texture":"#0","tintindex":0},"south":{"uv":[5.75,3.75,6.25,4.25],"rotation":0,"texture":"#0","tintindex":0},"up":{"uv":[6.25,4.75,5.75,4.25],"rotation":0,"texture":"#0","tintindex":0},"west":{"uv":[4.25,5.75,4.75,6.25],"rotation":0,"texture":"#0","tintindex":0}}},{"name":"cube","from":[7.655,5.456375,6.7538548],"to":[8.344999,8.156375,7.773855],"rotation":{"angle":45.0,"axis":"x","origin":[7.8650002,6.8063745,7.2338552]},"faces":{"down":{"uv":[4.75,7.25,4.5,7.75],"rotation":0,"texture":"#0","tintindex":0},"east":{"uv":[0.0,2.5,0.5,3.75],"rotation":0,"texture":"#0","tintindex":0},"north":{"uv":[3.0,5.5,3.25,6.75],"rotation":0,"texture":"#0","tintindex":0},"south":{"uv":[0.5,5.75,0.75,7.0],"rotation":0,"texture":"#0","tintindex":0},"up":{"uv":[5.75,3.0,5.5,2.5],"rotation":0,"texture":"#0","tintindex":0},"west":{"uv":[0.5,2.5,1.0,3.75],"rotation":0,"texture":"#0","tintindex":0}}}],"display":{"head":{"translation":[0.0,-6.4,0.0],"rotation":[0.0,0.0,0.0],"scale":[3.8095,3.8095,3.8095]}}}