{"textures":{"0":"modelengine:entity/minion_ranged"},"elements":[{"name":"cube","from":[7.46,7.87836,6.10402],"to":[8.54,8.958361,6.76402],"rotation":{"angle":-22.5,"axis":"x","origin":[8.0,8.82336,7.62652]},"faces":{"down":{"uv":[5.25,7.75,4.75,8.0],"rotation":0,"texture":"#0","tintindex":0},"east":{"uv":[7.75,2.75,8.0,3.25],"rotation":0,"texture":"#0","tintindex":0},"north":{"uv":[4.75,7.0,5.25,7.5],"rotation":0,"texture":"#0","tintindex":0},"south":{"uv":[5.25,7.0,5.75,7.5],"rotation":0,"texture":"#0","tintindex":0},"up":{"uv":[8.25,3.5,7.75,3.25],"rotation":0,"texture":"#0","tintindex":0},"west":{"uv":[4.5,7.75,4.75,8.25],"rotation":0,"texture":"#0","tintindex":0}}},{"name":"cube","from":[7.0699997,7.87836,6.76402],"to":[8.93,10.038361,8.639021],"rotation":{"angle":-22.5,"axis":"x","origin":[8.0,8.82336,7.62652]},"faces":{"down":{"uv":[5.0,3.0,4.25,3.75],"rotation":0,"texture":"#0","tintindex":0},"east":{"uv":[0.75,1.5,1.5,2.5],"rotation":0,"texture":"#0","tintindex":0},"north":{"uv":[0.0,1.5,0.75,2.5],"rotation":0,"texture":"#0","tintindex":0},"south":{"uv":[1.5,1.5,2.25,2.5],"rotation":0,"texture":"#0","tintindex":0},"up":{"uv":[3.25,5.0,2.5,4.25],"rotation":0,"texture":"#0","tintindex":0},"west":{"uv":[2.25,0.0,3.0,1.0],"rotation":0,"texture":"#0","tintindex":0}}},{"name":"cube","from":[8.675,9.407438,6.265439],"to":[9.485001,10.0824375,7.2104387],"rotation":{"angle":22.5,"axis":"x","origin":[9.1475,9.744938,6.737939]},"faces":{"down":{"uv":[8.0,1.25,7.75,1.75],"rotation":0,"texture":"#0","tintindex":0},"east":{"uv":[7.25,7.5,7.75,7.75],"rotation":0,"texture":"#0","tintindex":0},"north":{"uv":[8.0,4.5,8.25,4.75],"rotation":0,"texture":"#0","tintindex":0},"south":{"uv":[4.75,8.0,5.0,8.25],"rotation":0,"texture":"#0","tintindex":0},"up":{"uv":[1.5,8.25,1.25,7.75],"rotation":0,"texture":"#0","tintindex":0},"west":{"uv":[7.5,7.25,8.0,7.5],"rotation":0,"texture":"#0","tintindex":0}}},{"name":"cube","from":[8.81,9.984203,5.73929],"to":[9.35,10.659203,6.8192906],"rotation":{"angle":45.0,"axis":"x","origin":[9.08,10.186703,6.076791]},"faces":{"down":{"uv":[8.0,2.25,7.75,2.75],"rotation":0,"texture":"#0","tintindex":0},"east":{"uv":[2.0,7.75,2.5,8.0],"rotation":0,"texture":"#0","tintindex":0},"north":{"uv":[5.0,8.0,5.25,8.25],"rotation":0,"texture":"#0","tintindex":0},"south":{"uv":[5.25,8.0,5.5,8.25],"rotation":0,"texture":"#0","tintindex":0},"up":{"uv":[1.75,8.25,1.5,7.75],"rotation":0,"texture":"#0","tintindex":0},"west":{"uv":[7.75,2.0,8.25,2.25],"rotation":0,"texture":"#0","tintindex":0}}},{"name":"cube","from":[6.5150003,9.407438,6.265439],"to":[7.325,10.0824375,7.2104387],"rotation":{"angle":22.5,"axis":"x","origin":[6.8525,9.744938,6.737939]},"faces":{"down":{"uv":[5.5,7.5,5.25,8.0],"rotation":0,"texture":"#0","tintindex":0},"east":{"uv":[7.5,4.5,8.0,4.75],"rotation":0,"texture":"#0","tintindex":0},"north":{"uv":[4.0,8.0,4.25,8.25],"rotation":0,"texture":"#0","tintindex":0},"south":{"uv":[8.0,4.0,8.25,4.25],"rotation":0,"texture":"#0","tintindex":0},"up":{"uv":[4.0,8.0,3.75,7.5],"rotation":0,"texture":"#0","tintindex":0},"west":{"uv":[4.75,7.5,5.25,7.75],"rotation":0,"texture":"#0","tintindex":0}}},{"name":"cube","from":[6.6499996,9.984203,5.73929],"to":[7.19,10.659203,6.8192906],"rotation":{"angle":45.0,"axis":"x","origin":[6.92,10.186703,6.076791]},"faces":{"down":{"uv":[7.75,6.75,7.5,7.25],"rotation":0,"texture":"#0","tintindex":0},"east":{"uv":[6.25,7.5,6.75,7.75],"rotation":0,"texture":"#0","tintindex":0},"north":{"uv":[4.25,8.0,4.5,8.25],"rotation":0,"texture":"#0","tintindex":0},"south":{"uv":[8.0,4.25,8.25,4.5],"rotation":0,"texture":"#0","tintindex":0},"up":{"uv":[5.75,8.0,5.5,7.5],"rotation":0,"texture":"#0","tintindex":0},"west":{"uv":[7.5,6.5,8.0,6.75],"rotation":0,"texture":"#0","tintindex":0}}},{"name":"cube","from":[6.6499996,10.316799,5.4541993],"to":[7.19,10.991799,6.0841994],"rotation":{"angle":22.5,"axis":"x","origin":[8.0,10.654299,5.5442]},"faces":{"down":{"uv":[8.25,7.25,8.0,7.5],"rotation":0,"texture":"#0","tintindex":0},"east":{"uv":[8.0,6.25,8.25,6.5],"rotation":0,"texture":"#0","tintindex":0},"north":{"uv":[8.0,6.0,8.25,6.25],"rotation":0,"texture":"#0","tintindex":0},"south":{"uv":[8.0,6.5,8.25,6.75],"rotation":0,"texture":"#0","tintindex":0},"up":{"uv":[8.25,7.25,8.0,7.0],"rotation":0,"texture":"#0","tintindex":0},"west":{"uv":[8.0,6.75,8.25,7.0],"rotation":0,"texture":"#0","tintindex":0}}},{"name":"cube","from":[8.81,10.316799,5.4541993],"to":[9.35,10.991799,6.0841994],"rotation":{"angle":22.5,"axis":"x","origin":[8.0,10.654299,5.5442]},"faces":{"down":{"uv":[6.25,8.0,6.0,8.25],"rotation":0,"texture":"#0","tintindex":0},"east":{"uv":[5.5,8.0,5.75,8.25],"rotation":0,"texture":"#0","tintindex":0},"north":{"uv":[8.0,5.25,8.25,5.5],"rotation":0,"texture":"#0","tintindex":0},"south":{"uv":[8.0,5.5,8.25,5.75],"rotation":0,"texture":"#0","tintindex":0},"up":{"uv":[8.25,6.0,8.0,5.75],"rotation":0,"texture":"#0","tintindex":0},"west":{"uv":[5.75,8.0,6.0,8.25],"rotation":0,"texture":"#0","tintindex":0}}}],"display":{"head":{"translation":[0.0,-6.4,0.0],"rotation":[0.0,0.0,0.0],"scale":[3.8095,3.8095,3.8095]}}}