{"textures":{"0":"modelengine:entity/minion_ranged"},"elements":[{"name":"cube","from":[7.655,4.8619223,7.485024],"to":[8.344999,7.5619226,8.4450245],"rotation":{"angle":-45.0,"axis":"x","origin":[8.0,7.842195,7.90969]},"faces":{"down":{"uv":[4.5,0.0,4.25,0.5],"rotation":0,"texture":"#0","tintindex":0},"east":{"uv":[2.25,1.0,2.75,2.25],"rotation":0,"texture":"#0","tintindex":0},"north":{"uv":[2.5,5.5,2.75,6.75],"rotation":0,"texture":"#0","tintindex":0},"south":{"uv":[2.75,5.5,3.0,6.75],"rotation":0,"texture":"#0","tintindex":0},"up":{"uv":[2.25,3.5,2.0,3.0],"rotation":0,"texture":"#0","tintindex":0},"west":{"uv":[2.25,2.25,2.75,3.5],"rotation":0,"texture":"#0","tintindex":0}}},{"name":"cube","from":[7.52,5.3921137,9.674351],"to":[8.48,6.4721136,10.754351],"rotation":{"angle":0.0,"axis":"x","origin":[11.51,1.6121131,7.64935]},"faces":{"down":{"uv":[6.75,0.5,6.25,1.0],"rotation":0,"texture":"#0","tintindex":0},"east":{"uv":[3.25,6.0,3.75,6.5],"rotation":0,"texture":"#0","tintindex":0},"north":{"uv":[6.0,3.0,6.5,3.5],"rotation":0,"texture":"#0","tintindex":0},"south":{"uv":[3.75,6.0,4.25,6.5],"rotation":0,"texture":"#0","tintindex":0},"up":{"uv":[6.75,0.5,6.25,0.0],"rotation":0,"texture":"#0","tintindex":0},"west":{"uv":[4.75,6.0,5.25,6.5],"rotation":0,"texture":"#0","tintindex":0}}}],"display":{"head":{"translation":[0.0,-6.4,0.0],"rotation":[0.0,0.0,0.0],"scale":[3.8095,3.8095,3.8095]}}}