{"textures":{"0":"modelengine:entity/minion_ranged"},"elements":[{"name":"cube","from":[7.655,4.8619223,7.485024],"to":[8.344999,7.5619226,8.505024],"rotation":{"angle":-45.0,"axis":"x","origin":[8.0,7.842195,7.90969]},"faces":{"down":{"uv":[7.0,7.25,6.75,7.75],"rotation":0,"texture":"#0","tintindex":0},"east":{"uv":[2.0,3.5,2.5,4.75],"rotation":0,"texture":"#0","tintindex":0},"north":{"uv":[0.75,5.75,1.0,7.0],"rotation":0,"texture":"#0","tintindex":0},"south":{"uv":[2.0,5.75,2.25,7.0],"rotation":0,"texture":"#0","tintindex":0},"up":{"uv":[7.5,7.0,7.25,6.5],"rotation":0,"texture":"#0","tintindex":0},"west":{"uv":[0.0,3.75,0.5,5.0],"rotation":0,"texture":"#0","tintindex":0}}},{"name":"cube","from":[7.52,5.3921137,9.674351],"to":[8.48,6.4721136,10.754351],"rotation":{"angle":0.0,"axis":"x","origin":[4.49,1.6121131,7.64935]},"faces":{"down":{"uv":[4.25,6.5,3.75,7.0],"rotation":0,"texture":"#0","tintindex":0},"east":{"uv":[6.5,2.0,7.0,2.5],"rotation":0,"texture":"#0","tintindex":0},"north":{"uv":[6.5,1.5,7.0,2.0],"rotation":0,"texture":"#0","tintindex":0},"south":{"uv":[6.5,2.5,7.0,3.0],"rotation":0,"texture":"#0","tintindex":0},"up":{"uv":[3.75,7.0,3.25,6.5],"rotation":0,"texture":"#0","tintindex":0},"west":{"uv":[6.5,3.0,7.0,3.5],"rotation":0,"texture":"#0","tintindex":0}}}],"display":{"head":{"translation":[0.0,-6.4,0.0],"rotation":[0.0,0.0,0.0],"scale":[3.8095,3.8095,3.8095]}}}