{"textures":{"0":"modelengine:entity/minion_ranged"},"elements":[{"name":"cube","from":[7.25,6.1517725,5.9866776],"to":[8.48,8.716772,7.351678],"rotation":{"angle":45.0,"axis":"x","origin":[7.8650002,6.6917725,6.526678]},"faces":{"down":{"uv":[6.5,2.5,6.0,3.0],"rotation":0,"texture":"#0","tintindex":0},"east":{"uv":[3.75,4.25,4.25,5.25],"rotation":0,"texture":"#0","tintindex":0},"north":{"uv":[3.25,4.25,3.75,5.25],"rotation":0,"texture":"#0","tintindex":0},"south":{"uv":[4.25,3.75,4.75,4.75],"rotation":0,"texture":"#0","tintindex":0},"up":{"uv":[6.5,2.5,6.0,2.0],"rotation":0,"texture":"#0","tintindex":0},"west":{"uv":[4.5,0.0,5.0,1.0],"rotation":0,"texture":"#0","tintindex":0}}},{"name":"cube","from":[7.3849998,5.6117725,5.628002],"to":[8.344999,6.6917725,6.8430023],"rotation":{"angle":0.0,"axis":"x","origin":[11.24,1.8317722,6.3030024]},"faces":{"down":{"uv":[6.5,1.5,6.0,2.0],"rotation":0,"texture":"#0","tintindex":0},"east":{"uv":[5.75,5.25,6.25,5.75],"rotation":0,"texture":"#0","tintindex":0},"north":{"uv":[5.25,5.75,5.75,6.25],"rotation":0,"texture":"#0","tintindex":0},"south":{"uv":[5.75,5.75,6.25,6.25],"rotation":0,"texture":"#0","tintindex":0},"up":{"uv":[6.5,1.5,6.0,1.0],"rotation":0,"texture":"#0","tintindex":0},"west":{"uv":[0.0,6.0,0.5,6.5],"rotation":0,"texture":"#0","tintindex":0}}}],"display":{"head":{"translation":[0.0,-6.4,0.0],"rotation":[0.0,0.0,0.0],"scale":[3.8095,3.8095,3.8095]}}}