{"textures":{"0":"modelengine:entity/minion_ranged"},"elements":[{"name":"cube","from":[7.52,6.1517725,5.9866776],"to":[8.75,8.716772,7.351678],"rotation":{"angle":45.0,"axis":"x","origin":[8.135,6.6917725,6.526678]},"faces":{"down":{"uv":[7.25,0.5,6.75,1.0],"rotation":0,"texture":"#0","tintindex":0},"east":{"uv":[4.25,4.75,4.75,5.75],"rotation":0,"texture":"#0","tintindex":0},"north":{"uv":[2.0,4.75,2.5,5.75],"rotation":0,"texture":"#0","tintindex":0},"south":{"uv":[4.75,4.25,5.25,5.25],"rotation":0,"texture":"#0","tintindex":0},"up":{"uv":[7.25,0.5,6.75,0.0],"rotation":0,"texture":"#0","tintindex":0},"west":{"uv":[0.0,5.0,0.5,6.0],"rotation":0,"texture":"#0","tintindex":0}}},{"name":"cube","from":[7.655,5.6117725,5.628002],"to":[8.615,6.6917725,6.8430023],"rotation":{"angle":0.0,"axis":"x","origin":[4.7599998,1.8317722,6.3030024]},"faces":{"down":{"uv":[7.0,6.75,6.5,7.25],"rotation":0,"texture":"#0","tintindex":0},"east":{"uv":[1.5,6.75,2.0,7.25],"rotation":0,"texture":"#0","tintindex":0},"north":{"uv":[1.0,6.75,1.5,7.25],"rotation":0,"texture":"#0","tintindex":0},"south":{"uv":[2.5,6.75,3.0,7.25],"rotation":0,"texture":"#0","tintindex":0},"up":{"uv":[7.25,4.5,6.75,4.0],"rotation":0,"texture":"#0","tintindex":0},"west":{"uv":[6.75,3.5,7.25,4.0],"rotation":0,"texture":"#0","tintindex":0}}}],"display":{"head":{"translation":[0.0,-6.4,0.0],"rotation":[0.0,0.0,0.0],"scale":[3.8095,3.8095,3.8095]}}}