{"textures":{"0":"modelengine:entity/minion_ranged"},"elements":[{"name":"cube","from":[7.784,7.8514996,11.014999],"to":[8.216,8.1484995,11.555],"rotation":{"angle":0.0,"axis":"x","origin":[8.0,8.0,6.29]},"faces":{"down":{"uv":[8.25,1.5,8.0,1.75],"rotation":0,"texture":"#0","tintindex":0},"east":{"uv":[8.0,0.75,8.25,1.0],"rotation":0,"texture":"#0","tintindex":0},"north":{"uv":[0.75,8.0,1.0,8.25],"rotation":0,"texture":"#0","tintindex":0},"south":{"uv":[1.0,8.0,1.25,8.25],"rotation":0,"texture":"#0","tintindex":0},"up":{"uv":[8.25,1.5,8.0,1.25],"rotation":0,"texture":"#0","tintindex":0},"west":{"uv":[8.0,1.0,8.25,1.25],"rotation":0,"texture":"#0","tintindex":0}}},{"name":"cube","from":[7.784,7.7164993,8.045],"to":[8.216,8.2835,10.475],"rotation":{"angle":0.0,"axis":"x","origin":[8.0,8.0,6.29]},"faces":{"down":{"uv":[6.5,6.25,6.25,7.25],"rotation":0,"texture":"#0","tintindex":0},"east":{"uv":[6.25,5.0,7.25,5.25],"rotation":0,"texture":"#0","tintindex":0},"north":{"uv":[7.75,6.25,8.0,6.5],"rotation":0,"texture":"#0","tintindex":0},"south":{"uv":[0.25,8.0,0.5,8.25],"rotation":0,"texture":"#0","tintindex":0},"up":{"uv":[6.5,6.25,6.25,5.25],"rotation":0,"texture":"#0","tintindex":0},"west":{"uv":[5.25,6.25,6.25,6.5],"rotation":0,"texture":"#0","tintindex":0}}},{"name":"cube","from":[7.514,7.8514996,10.475],"to":[8.486,8.1484995,11.014999],"rotation":{"angle":0.0,"axis":"x","origin":[8.0,8.0,6.29]},"faces":{"down":{"uv":[7.75,6.25,7.25,6.5],"rotation":0,"texture":"#0","tintindex":0},"east":{"uv":[0.5,8.0,0.75,8.25],"rotation":0,"texture":"#0","tintindex":0},"north":{"uv":[7.25,4.75,7.75,5.0],"rotation":0,"texture":"#0","tintindex":0},"south":{"uv":[7.25,5.0,7.75,5.25],"rotation":0,"texture":"#0","tintindex":0},"up":{"uv":[6.75,7.5,6.25,7.25],"rotation":0,"texture":"#0","tintindex":0},"west":{"uv":[8.0,0.5,8.25,0.75],"rotation":0,"texture":"#0","tintindex":0}}}],"display":{"head":{"translation":[0.0,-6.4,0.0],"rotation":[0.0,0.0,0.0],"scale":[3.8095,3.8095,3.8095]}}}