{"textures":{"0":"modelengine:entity/minion_ranged"},"elements":[{"name":"cube","from":[7.73,7.6625,8.0],"to":[8.27,8.3375,10.43],"rotation":{"angle":0.0,"axis":"x","origin":[8.0,8.0,8.675]},"faces":{"down":{"uv":[4.75,6.25,4.5,7.25],"rotation":0,"texture":"#0","tintindex":0},"east":{"uv":[6.25,4.5,7.25,4.75],"rotation":0,"texture":"#0","tintindex":0},"north":{"uv":[6.0,3.5,6.25,3.75],"rotation":0,"texture":"#0","tintindex":0},"south":{"uv":[3.0,6.75,3.25,7.0],"rotation":0,"texture":"#0","tintindex":0},"up":{"uv":[4.5,7.25,4.25,6.25],"rotation":0,"texture":"#0","tintindex":0},"west":{"uv":[6.25,4.75,7.25,5.0],"rotation":0,"texture":"#0","tintindex":0}}}],"display":{"head":{"translation":[0.0,-6.4,0.0],"rotation":[0.0,0.0,0.0],"scale":[3.8095,3.8095,3.8095]}}}