{"textures":{"0":"modelengine:entity/nocsy_fpv2_boss","1":"modelengine:entity/nocsy_fpv2_ghoul"},"elements":[{"name":"jewelornement","from":[1.995306,4.17416,4.5716267],"to":[13.995306,16.17416,4.5716267],"rotation":{"angle":-45.0,"axis":"z","origin":[7.995306,10.17416,4.5716267]},"faces":{"down":{"uv":[9.25,1.625,8.625,1.625],"rotation":0,"texture":"#0","tintindex":0},"east":{"uv":[5.0,8.6875,5.0,9.3125],"rotation":0,"texture":"#0","tintindex":0},"north":{"uv":[2.09375,1.4375,2.71875,2.0625],"rotation":0,"texture":"#0","tintindex":0},"south":{"uv":[2.09375,2.09375,2.71875,2.71875],"rotation":0,"texture":"#0","tintindex":0},"up":{"uv":[9.21875,6.8125,8.59375,6.8125],"rotation":0,"texture":"#0","tintindex":0},"west":{"uv":[5.03125,8.6875,5.03125,9.3125],"rotation":0,"texture":"#0","tintindex":0}}},{"name":"jewel","from":[8.083174,6.514161,4.391627],"to":[9.883174,8.314161,4.9916267],"rotation":{"angle":45.0,"axis":"z","origin":[7.783174,6.514161,4.751627]},"faces":{"down":{"uv":[4.6875,1.46875,4.59375,1.5],"rotation":0,"texture":"#0","tintindex":0},"east":{"uv":[3.15625,4.6875,3.1875,4.78125],"rotation":0,"texture":"#0","tintindex":0},"north":{"uv":[5.4375,6.03125,5.53125,6.125],"rotation":0,"texture":"#0","tintindex":0},"south":{"uv":[7.40625,5.0,7.5,5.09375],"rotation":0,"texture":"#0","tintindex":0},"up":{"uv":[2.71875,3.09375,2.625,3.0625],"rotation":0,"texture":"#0","tintindex":0},"west":{"uv":[0.40625,4.9375,0.4375,5.03125],"rotation":0,"texture":"#0","tintindex":0}}},{"name":"collar","from":[1.995306,4.714161,5.591627],"to":[13.995306,16.71416,5.591627],"rotation":{"angle":22.5,"axis":"x","origin":[7.995306,10.714161,4.751627]},"faces":{"down":{"uv":[9.125,4.09375,8.5,4.09375],"rotation":0,"texture":"#0","tintindex":0},"east":{"uv":[2.0,8.6875,2.0,9.3125],"rotation":0,"texture":"#0","tintindex":0},"north":{"uv":[1.4375,1.4375,2.0625,2.0625],"rotation":0,"texture":"#0","tintindex":0},"south":{"uv":[1.4375,2.09375,2.0625,2.71875],"rotation":0,"texture":"#0","tintindex":0},"up":{"uv":[9.09375,5.90625,8.46875,5.90625],"rotation":0,"texture":"#0","tintindex":0},"west":{"uv":[2.03125,8.6875,2.03125,9.3125],"rotation":0,"texture":"#0","tintindex":0}}},{"name":"pec","from":[7.395306,6.391986,6.6116266],"to":[16.395306,12.391986,15.611628],"rotation":{"angle":22.5,"axis":"z","origin":[11.895306,14.191986,7.211627]},"faces":{"down":{"uv":[1.78125,4.09375,1.3125,4.5625],"rotation":0,"texture":"#0","tintindex":0},"east":{"uv":[5.5,2.34375,5.96875,2.65625],"rotation":0,"texture":"#0","tintindex":0},"north":{"uv":[5.5,0.0,5.96875,0.3125],"rotation":0,"texture":"#0","tintindex":0},"south":{"uv":[5.5,2.6875,5.96875,3.0],"rotation":0,"texture":"#0","tintindex":0},"up":{"uv":[1.28125,4.5625,0.8125,4.09375],"rotation":0,"texture":"#0","tintindex":0},"west":{"uv":[5.5,3.75,5.96875,4.0625],"rotation":0,"texture":"#0","tintindex":0}}},{"name":"pec","from":[-0.40469408,6.391986,6.6116266],"to":[8.595306,12.391986,15.611628],"rotation":{"angle":-22.5,"axis":"z","origin":[4.095306,14.191986,7.211627]},"faces":{"down":{"uv":[4.5625,4.09375,4.09375,4.5625],"rotation":0,"texture":"#0","tintindex":0},"east":{"uv":[5.53125,3.03125,6.0,3.34375],"rotation":0,"texture":"#0","tintindex":0},"north":{"uv":[5.5,4.5625,5.96875,4.875],"rotation":0,"texture":"#0","tintindex":0},"south":{"uv":[5.5625,5.46875,6.03125,5.78125],"rotation":0,"texture":"#0","tintindex":0},"up":{"uv":[4.5625,4.0625,4.09375,3.59375],"rotation":0,"texture":"#0","tintindex":0},"west":{"uv":[5.59375,3.375,6.0625,3.6875],"rotation":0,"texture":"#0","tintindex":0}}},{"name":"trapeze","from":[-0.39869404,8.14016,7.217627],"to":[16.389307,14.1281595,15.005627],"rotation":{"angle":0.0,"axis":"x","origin":[14.895306,7.534159,7.211627]},"faces":{"down":{"uv":[3.0,0.4375,2.125,0.84375],"rotation":0,"texture":"#0","tintindex":0},"east":{"uv":[6.0,4.5625,6.40625,4.875],"rotation":0,"texture":"#0","tintindex":0},"north":{"uv":[1.1875,3.34375,2.0625,3.65625],"rotation":0,"texture":"#0","tintindex":0},"south":{"uv":[3.34375,1.9375,4.21875,2.25],"rotation":0,"texture":"#0","tintindex":0},"up":{"uv":[3.0,0.40625,2.125,0.0],"rotation":0,"texture":"#0","tintindex":0},"west":{"uv":[6.03125,2.96875,6.4375,3.28125],"rotation":0,"texture":"#0","tintindex":0}}},{"name":"trapeze","from":[5.002506,8.577461,7.218827],"to":[10.988106,16.36306,15.004428],"rotation":{"angle":0.0,"axis":"x","origin":[14.895306,7.9702616,7.211627]},"faces":{"down":{"uv":[6.375,4.90625,6.0625,5.3125],"rotation":0,"texture":"#0","tintindex":0},"east":{"uv":[5.0625,3.75,5.46875,4.15625],"rotation":0,"texture":"#0","tintindex":0},"north":{"uv":[4.25,6.0,4.5625,6.40625],"rotation":0,"texture":"#0","tintindex":0},"south":{"uv":[5.09375,6.03125,5.40625,6.4375],"rotation":0,"texture":"#0","tintindex":0},"up":{"uv":[6.34375,6.21875,6.03125,5.8125],"rotation":0,"texture":"#0","tintindex":0},"west":{"uv":[5.0625,4.5625,5.46875,4.96875],"rotation":0,"texture":"#0","tintindex":0}}},{"name":"trapeze","from":[9.949596,15.123662,7.218227],"to":[15.936397,17.510464,15.005027],"rotation":{"angle":-22.5,"axis":"z","origin":[7.5429964,14.517062,11.111628]},"faces":{"down":{"uv":[6.40625,1.0625,6.09375,1.46875],"rotation":0,"texture":"#0","tintindex":0},"east":{"uv":[7.59375,7.3125,8.0,7.4375],"rotation":0,"texture":"#0","tintindex":0},"north":{"uv":[1.6875,8.0,2.0,8.125],"rotation":0,"texture":"#0","tintindex":0},"south":{"uv":[8.03125,4.125,8.34375,4.25],"rotation":0,"texture":"#0","tintindex":0},"up":{"uv":[6.375,5.75,6.0625,5.34375],"rotation":0,"texture":"#0","tintindex":0},"west":{"uv":[0.6875,7.65625,1.09375,7.78125],"rotation":0,"texture":"#0","tintindex":0}}},{"name":"trapeze","from":[0.05421567,15.123662,7.218227],"to":[6.0410156,17.510464,15.005027],"rotation":{"angle":22.5,"axis":"z","origin":[8.447616,14.517062,11.111628]},"faces":{"down":{"uv":[6.46875,0.46875,6.15625,0.875],"rotation":0,"texture":"#0","tintindex":0},"east":{"uv":[1.125,7.65625,1.53125,7.78125],"rotation":0,"texture":"#0","tintindex":0},"north":{"uv":[8.03125,6.0625,8.34375,6.1875],"rotation":0,"texture":"#0","tintindex":0},"south":{"uv":[8.03125,6.21875,8.34375,6.34375],"rotation":0,"texture":"#0","tintindex":0},"up":{"uv":[1.59375,6.53125,1.28125,6.125],"rotation":0,"texture":"#0","tintindex":0},"west":{"uv":[7.65625,3.84375,8.0625,3.96875],"rotation":0,"texture":"#0","tintindex":0}}},{"name":"neck","from":[4.695306,9.33416,7.211627],"to":[11.295306,17.13416,13.211627],"rotation":{"angle":-22.5,"axis":"x","origin":[7.995306,13.53416,10.811626]},"faces":{"down":{"uv":[6.875,3.3125,6.53125,3.625],"rotation":0,"texture":"#0","tintindex":0},"east":{"uv":[5.4375,6.15625,5.75,6.5625],"rotation":0,"texture":"#0","tintindex":0},"north":{"uv":[3.875,5.78125,4.21875,6.1875],"rotation":0,"texture":"#0","tintindex":0},"south":{"uv":[5.8125,1.65625,6.15625,2.0625],"rotation":0,"texture":"#0","tintindex":0},"up":{"uv":[1.15625,4.0625,0.8125,3.75],"rotation":0,"texture":"#0","tintindex":0},"west":{"uv":[6.1875,1.5,6.5,1.90625],"rotation":0,"texture":"#0","tintindex":0}}},{"name":"ornement","from":[-2.636075,8.115087,6.0116267],"to":[3.363925,10.515087,7.211627],"rotation":{"angle":-22.5,"axis":"z","origin":[1.5639249,10.215086,6.6116266]},"faces":{"down":{"uv":[8.90625,3.28125,8.59375,3.34375],"rotation":0,"texture":"#0","tintindex":0},"east":{"uv":[7.0,7.53125,7.0625,7.65625],"rotation":0,"texture":"#0","tintindex":0},"north":{"uv":[6.90625,8.03125,7.21875,8.15625],"rotation":0,"texture":"#0","tintindex":0},"south":{"uv":[8.03125,7.28125,8.34375,7.40625],"rotation":0,"texture":"#0","tintindex":0},"up":{"uv":[8.875,6.90625,8.5625,6.84375],"rotation":0,"texture":"#0","tintindex":0},"west":{"uv":[7.65625,6.40625,7.71875,6.53125],"rotation":0,"texture":"#0","tintindex":0}}},{"name":"ornement","from":[0.96566963,8.725561,6.017627],"to":[5.153669,10.513561,7.2056265],"rotation":{"angle":45.0,"axis":"z","origin":[3.0596695,9.919561,6.6116266]},"faces":{"down":{"uv":[6.0,6.15625,5.78125,6.21875],"rotation":0,"texture":"#0","tintindex":0},"east":{"uv":[8.21875,7.96875,8.28125,8.0625],"rotation":0,"texture":"#0","tintindex":0},"north":{"uv":[1.1875,3.21875,1.40625,3.3125],"rotation":0,"texture":"#0","tintindex":0},"south":{"uv":[0.375,8.5625,0.59375,8.65625],"rotation":0,"texture":"#0","tintindex":0},"up":{"uv":[2.0625,4.125,1.84375,4.0625],"rotation":0,"texture":"#0","tintindex":0},"west":{"uv":[5.5625,8.375,5.625,8.46875],"rotation":0,"texture":"#0","tintindex":0}}},{"name":"ornement","from":[3.0596695,10.892355,6.0116267],"to":[4.259669,13.292355,7.211627],"rotation":{"angle":45.0,"axis":"z","origin":[3.0596695,11.192354,6.6116266]},"faces":{"down":{"uv":[1.40625,8.4375,1.34375,8.5],"rotation":0,"texture":"#0","tintindex":0},"east":{"uv":[7.59375,8.71875,7.65625,8.84375],"rotation":0,"texture":"#0","tintindex":0},"north":{"uv":[7.5,8.71875,7.5625,8.84375],"rotation":0,"texture":"#0","tintindex":0},"south":{"uv":[7.9375,8.71875,8.0,8.84375],"rotation":0,"texture":"#0","tintindex":0},"up":{"uv":[3.09375,8.46875,3.03125,8.40625],"rotation":0,"texture":"#0","tintindex":0},"west":{"uv":[8.71875,8.09375,8.78125,8.21875],"rotation":0,"texture":"#0","tintindex":0}}},{"name":"ornement","from":[2.4596696,12.692355,6.0116267],"to":[3.0596695,13.292355,7.211627],"rotation":{"angle":45.0,"axis":"z","origin":[3.0596695,11.192354,6.6116266]},"faces":{"down":{"uv":[5.09375,1.375,5.0625,1.4375],"rotation":0,"texture":"#0","tintindex":0},"east":{"uv":[6.6875,4.84375,6.75,4.875],"rotation":0,"texture":"#0","tintindex":0},"north":{"uv":[4.0625,5.53125,4.09375,5.5625],"rotation":0,"texture":"#0","tintindex":0},"south":{"uv":[4.0625,5.59375,4.09375,5.625],"rotation":0,"texture":"#0","tintindex":0},"up":{"uv":[4.21875,1.90625,4.1875,1.84375],"rotation":0,"texture":"#0","tintindex":0},"west":{"uv":[0.125,6.75,0.1875,6.78125],"rotation":0,"texture":"#0","tintindex":0}}},{"name":"ornement","from":[-1.4360752,7.515086,14.891626],"to":[4.563925,9.915087,16.091627],"rotation":{"angle":-22.5,"axis":"z","origin":[2.763925,9.615087,15.491627]},"faces":{"down":{"uv":[8.90625,4.875,8.59375,4.9375],"rotation":0,"texture":"#0","tintindex":0},"east":{"uv":[8.71875,8.25,8.78125,8.375],"rotation":0,"texture":"#0","tintindex":0},"north":{"uv":[8.0625,6.9375,8.375,7.0625],"rotation":0,"texture":"#0","tintindex":0},"south":{"uv":[8.0625,7.09375,8.375,7.21875],"rotation":0,"texture":"#0","tintindex":0},"up":{"uv":[8.90625,4.84375,8.59375,4.78125],"rotation":0,"texture":"#0","tintindex":0},"west":{"uv":[8.71875,8.40625,8.78125,8.53125],"rotation":0,"texture":"#0","tintindex":0}}},{"name":"ornement","from":[2.1656694,8.125561,14.897627],"to":[6.353669,9.913561,16.085627],"rotation":{"angle":45.0,"axis":"z","origin":[4.259669,9.319561,15.491627]},"faces":{"down":{"uv":[8.875,4.65625,8.65625,4.71875],"rotation":0,"texture":"#0","tintindex":0},"east":{"uv":[6.4375,8.75,6.5,8.84375],"rotation":0,"texture":"#0","tintindex":0},"north":{"uv":[0.625,8.5625,0.84375,8.65625],"rotation":0,"texture":"#0","tintindex":0},"south":{"uv":[0.875,8.5625,1.09375,8.65625],"rotation":0,"texture":"#0","tintindex":0},"up":{"uv":[8.84375,3.25,8.625,3.1875],"rotation":0,"texture":"#0","tintindex":0},"west":{"uv":[6.53125,8.75,6.59375,8.84375],"rotation":0,"texture":"#0","tintindex":0}}},{"name":"ornement","from":[3.659669,12.092355,14.891626],"to":[4.259669,12.692355,16.091627],"rotation":{"angle":45.0,"axis":"z","origin":[4.259669,10.592355,15.491627]},"faces":{"down":{"uv":[5.25,2.1875,5.21875,2.25],"rotation":0,"texture":"#0","tintindex":0},"east":{"uv":[1.5,7.0,1.5625,7.03125],"rotation":0,"texture":"#0","tintindex":0},"north":{"uv":[4.0625,5.65625,4.09375,5.6875],"rotation":0,"texture":"#0","tintindex":0},"south":{"uv":[4.0625,5.71875,4.09375,5.75],"rotation":0,"texture":"#0","tintindex":0},"up":{"uv":[5.25,2.15625,5.21875,2.09375],"rotation":0,"texture":"#0","tintindex":0},"west":{"uv":[7.0625,5.65625,7.125,5.6875],"rotation":0,"texture":"#0","tintindex":0}}},{"name":"ornement","from":[4.259669,10.292355,14.891626],"to":[5.459669,12.692355,16.091627],"rotation":{"angle":45.0,"axis":"z","origin":[4.259669,10.592355,15.491627]},"faces":{"down":{"uv":[8.84375,3.84375,8.78125,3.90625],"rotation":0,"texture":"#0","tintindex":0},"east":{"uv":[8.75,0.9375,8.8125,1.0625],"rotation":0,"texture":"#0","tintindex":0},"north":{"uv":[0.0,8.75,0.0625,8.875],"rotation":0,"texture":"#0","tintindex":0},"south":{"uv":[1.0625,8.75,1.125,8.875],"rotation":0,"texture":"#0","tintindex":0},"up":{"uv":[8.84375,3.8125,8.78125,3.75],"rotation":0,"texture":"#0","tintindex":0},"west":{"uv":[8.75,1.09375,8.8125,1.21875],"rotation":0,"texture":"#0","tintindex":0}}},{"name":"ornement","from":[11.426687,7.515086,14.891626],"to":[17.426687,9.915087,16.091627],"rotation":{"angle":22.5,"axis":"z","origin":[13.226687,9.615087,15.491627]},"faces":{"down":{"uv":[7.0,8.59375,6.6875,8.65625],"rotation":0,"texture":"#0","tintindex":0},"east":{"uv":[1.15625,8.75,1.21875,8.875],"rotation":0,"texture":"#0","tintindex":0},"north":{"uv":[8.09375,2.59375,8.40625,2.71875],"rotation":0,"texture":"#0","tintindex":0},"south":{"uv":[8.09375,2.75,8.40625,2.875],"rotation":0,"texture":"#0","tintindex":0},"up":{"uv":[8.90625,6.6875,8.59375,6.625],"rotation":0,"texture":"#0","tintindex":0},"west":{"uv":[1.25,8.75,1.3125,8.875],"rotation":0,"texture":"#0","tintindex":0}}},{"name":"ornement","from":[9.636943,8.125561,14.897627],"to":[13.824943,9.913561,16.085627],"rotation":{"angle":-45.0,"axis":"z","origin":[11.730943,9.319561,15.491627]},"faces":{"down":{"uv":[8.875,5.59375,8.65625,5.65625],"rotation":0,"texture":"#0","tintindex":0},"east":{"uv":[8.75,7.25,8.8125,7.34375],"rotation":0,"texture":"#0","tintindex":0},"north":{"uv":[1.5625,8.5625,1.78125,8.65625],"rotation":0,"texture":"#0","tintindex":0},"south":{"uv":[1.8125,8.5625,2.03125,8.65625],"rotation":0,"texture":"#0","tintindex":0},"up":{"uv":[5.71875,8.71875,5.5,8.65625],"rotation":0,"texture":"#0","tintindex":0},"west":{"uv":[7.6875,8.75,7.75,8.84375],"rotation":0,"texture":"#0","tintindex":0}}},{"name":"ornement","from":[11.730943,12.092355,14.891626],"to":[12.330943,12.692355,16.091627],"rotation":{"angle":-45.0,"axis":"z","origin":[11.730943,10.592355,15.491627]},"faces":{"down":{"uv":[5.25,2.375,5.21875,2.4375],"rotation":0,"texture":"#0","tintindex":0},"east":{"uv":[7.28125,0.28125,7.34375,0.3125],"rotation":0,"texture":"#0","tintindex":0},"north":{"uv":[1.9375,5.875,1.96875,5.90625],"rotation":0,"texture":"#0","tintindex":0},"south":{"uv":[1.9375,5.9375,1.96875,5.96875],"rotation":0,"texture":"#0","tintindex":0},"up":{"uv":[5.25,2.34375,5.21875,2.28125],"rotation":0,"texture":"#0","tintindex":0},"west":{"uv":[7.28125,2.625,7.34375,2.65625],"rotation":0,"texture":"#0","tintindex":0}}},{"name":"ornement","from":[10.530943,10.292355,14.891626],"to":[11.730943,12.692355,16.091627],"rotation":{"angle":-45.0,"axis":"z","origin":[11.730943,10.592355,15.491627]},"faces":{"down":{"uv":[8.84375,4.3125,8.78125,4.375],"rotation":0,"texture":"#0","tintindex":0},"east":{"uv":[2.34375,8.75,2.40625,8.875],"rotation":0,"texture":"#0","tintindex":0},"north":{"uv":[8.75,1.875,8.8125,2.0],"rotation":0,"texture":"#0","tintindex":0},"south":{"uv":[2.4375,8.75,2.5,8.875],"rotation":0,"texture":"#0","tintindex":0},"up":{"uv":[8.84375,4.28125,8.78125,4.21875],"rotation":0,"texture":"#0","tintindex":0},"west":{"uv":[2.53125,8.75,2.59375,8.875],"rotation":0,"texture":"#0","tintindex":0}}},{"name":"ornement","from":[12.9309435,12.692355,6.0116267],"to":[13.530944,13.292355,7.211627],"rotation":{"angle":-45.0,"axis":"z","origin":[12.9309435,11.192354,6.6116266]},"faces":{"down":{"uv":[4.09375,5.4375,4.0625,5.5],"rotation":0,"texture":"#0","tintindex":0},"east":{"uv":[7.5625,1.9375,7.625,1.96875],"rotation":0,"texture":"#0","tintindex":0},"north":{"uv":[1.9375,6.0,1.96875,6.03125],"rotation":0,"texture":"#0","tintindex":0},"south":{"uv":[6.0,5.34375,6.03125,5.375],"rotation":0,"texture":"#0","tintindex":0},"up":{"uv":[5.25,2.53125,5.21875,2.46875],"rotation":0,"texture":"#0","tintindex":0},"west":{"uv":[7.65625,1.9375,7.71875,1.96875],"rotation":0,"texture":"#0","tintindex":0}}},{"name":"ornement","from":[11.730943,10.892355,6.0116267],"to":[12.9309435,13.292355,7.211627],"rotation":{"angle":-45.0,"axis":"z","origin":[12.9309435,11.192354,6.6116266]},"faces":{"down":{"uv":[4.625,8.78125,4.5625,8.84375],"rotation":0,"texture":"#0","tintindex":0},"east":{"uv":[2.71875,8.75,2.78125,8.875],"rotation":0,"texture":"#0","tintindex":0},"north":{"uv":[2.625,8.75,2.6875,8.875],"rotation":0,"texture":"#0","tintindex":0},"south":{"uv":[2.8125,8.75,2.875,8.875],"rotation":0,"texture":"#0","tintindex":0},"up":{"uv":[4.53125,8.84375,4.46875,8.78125],"rotation":0,"texture":"#0","tintindex":0},"west":{"uv":[2.90625,8.75,2.96875,8.875],"rotation":0,"texture":"#0","tintindex":0}}},{"name":"ornement","from":[10.836943,8.725561,6.017627],"to":[15.024942,10.513561,7.2056265],"rotation":{"angle":-45.0,"axis":"z","origin":[12.9309435,9.919561,6.6116266]},"faces":{"down":{"uv":[8.875,5.78125,8.65625,5.84375],"rotation":0,"texture":"#0","tintindex":0},"east":{"uv":[7.78125,8.75,7.84375,8.84375],"rotation":0,"texture":"#0","tintindex":0},"north":{"uv":[8.5625,4.40625,8.78125,4.5],"rotation":0,"texture":"#0","tintindex":0},"south":{"uv":[8.5625,4.53125,8.78125,4.625],"rotation":0,"texture":"#0","tintindex":0},"up":{"uv":[8.875,5.75,8.65625,5.6875],"rotation":0,"texture":"#0","tintindex":0},"west":{"uv":[8.03125,8.75,8.09375,8.84375],"rotation":0,"texture":"#0","tintindex":0}}},{"name":"ornement","from":[12.626687,8.115087,6.0116267],"to":[18.626686,10.515087,7.211627],"rotation":{"angle":22.5,"axis":"z","origin":[14.426687,10.215086,6.6116266]},"faces":{"down":{"uv":[8.90625,6.9375,8.59375,7.0],"rotation":0,"texture":"#0","tintindex":0},"east":{"uv":[3.5,8.75,3.5625,8.875],"rotation":0,"texture":"#0","tintindex":0},"north":{"uv":[8.09375,3.8125,8.40625,3.9375],"rotation":0,"texture":"#0","tintindex":0},"south":{"uv":[8.09375,4.28125,8.40625,4.40625],"rotation":0,"texture":"#0","tintindex":0},"up":{"uv":[8.90625,6.78125,8.59375,6.71875],"rotation":0,"texture":"#0","tintindex":0},"west":{"uv":[3.59375,8.75,3.65625,8.875],"rotation":0,"texture":"#0","tintindex":0}}}],"display":{"head":{"translation":[0.0,-6.4,0.0],"rotation":[0.0,0.0,0.0],"scale":[3.8095,3.8095,3.8095]}}}