{"textures":{"0":"modelengine:entity/nocsy_fpv2_boss","1":"modelengine:entity/nocsy_fpv2_ghoul"},"elements":[{"name":"cube","from":[7.511362,4.080924,6.7815514],"to":[9.191362,8.160924,9.061552],"rotation":{"angle":0.0,"axis":"x","origin":[8.0,5.8999996,8.0]},"faces":{"down":{"uv":[1.875,10.0,1.5,10.5],"rotation":0,"texture":"#1","tintindex":0},"east":{"uv":[0.75,9.0,1.25,9.875],"rotation":0,"texture":"#1","tintindex":0},"north":{"uv":[9.25,9.5,9.625,10.375],"rotation":0,"texture":"#1","tintindex":0},"south":{"uv":[0.0,9.625,0.375,10.5],"rotation":0,"texture":"#1","tintindex":0},"up":{"uv":[10.375,1.75,10.0,1.25],"rotation":0,"texture":"#1","tintindex":0},"west":{"uv":[1.375,9.0,1.875,9.875],"rotation":0,"texture":"#1","tintindex":0}}}],"display":{"head":{"translation":[0.0,-6.4,0.0],"rotation":[0.0,0.0,0.0],"scale":[3.8095,3.8095,3.8095]}}}