{"textures":{"0":"modelengine:entity/nocsy_fpv2_boss","1":"modelengine:entity/nocsy_fpv2_ghoul"},"elements":[{"name":"cube","from":[6.5,5.6000004,4.94],"to":[9.5,8.6,8.54],"rotation":{"angle":0.0,"axis":"x","origin":[8.3,2.6,5.6]},"faces":{"down":{"uv":[9.125,7.875,8.5,8.625],"rotation":0,"texture":"#1","tintindex":0},"east":{"uv":[8.375,4.25,9.125,4.875],"rotation":0,"texture":"#1","tintindex":0},"north":{"uv":[9.0,3.5,9.625,4.125],"rotation":0,"texture":"#1","tintindex":0},"south":{"uv":[9.0,5.875,9.625,6.5],"rotation":0,"texture":"#1","tintindex":0},"up":{"uv":[7.0,9.25,6.375,8.5],"rotation":0,"texture":"#1","tintindex":0},"west":{"uv":[4.375,8.375,5.125,9.0],"rotation":0,"texture":"#1","tintindex":0}}}],"display":{"head":{"translation":[0.0,-6.4,0.0],"rotation":[0.0,0.0,0.0],"scale":[3.8095,3.8095,3.8095]}}}