{"textures":{"0":"modelengine:entity/nocsy_fpv2_boss","1":"modelengine:entity/nocsy_fpv2_ghoul"},"elements":[{"name":"cube","from":[5.415949,5.463101,6.3119454],"to":[8.295949,7.743101,9.791946],"rotation":{"angle":45.0,"axis":"z","origin":[6.4495735,7.594329,8.0]},"faces":{"down":{"uv":[9.25,6.875,8.625,7.625],"rotation":0,"texture":"#1","tintindex":0},"east":{"uv":[4.125,9.125,4.875,9.625],"rotation":0,"texture":"#1","tintindex":0},"north":{"uv":[8.5,9.625,9.125,10.125],"rotation":0,"texture":"#1","tintindex":0},"south":{"uv":[2.0,9.75,2.625,10.25],"rotation":0,"texture":"#1","tintindex":0},"up":{"uv":[9.25,5.75,8.625,5.0],"rotation":0,"texture":"#1","tintindex":0},"west":{"uv":[9.25,4.25,10.0,4.75],"rotation":0,"texture":"#1","tintindex":0}}},{"name":"cube","from":[5.8905697,3.315448,6.9119453],"to":[7.57057,6.7954493,9.191946],"rotation":{"angle":0.0,"axis":"x","origin":[6.4495735,7.594329,8.0]},"faces":{"down":{"uv":[10.625,0.0,10.25,0.5],"rotation":0,"texture":"#1","tintindex":0},"east":{"uv":[9.25,7.75,9.75,8.5],"rotation":0,"texture":"#1","tintindex":0},"north":{"uv":[4.375,9.75,4.75,10.5],"rotation":0,"texture":"#1","tintindex":0},"south":{"uv":[9.75,9.5,10.125,10.25],"rotation":0,"texture":"#1","tintindex":0},"up":{"uv":[5.75,10.625,5.375,10.125],"rotation":0,"texture":"#1","tintindex":0},"west":{"uv":[9.25,8.625,9.75,9.375],"rotation":0,"texture":"#1","tintindex":0}}}],"display":{"head":{"translation":[0.0,-6.4,0.0],"rotation":[0.0,0.0,0.0],"scale":[3.8095,3.8095,3.8095]}}}