{"textures":{"0":"modelengine:entity/nocsy_fpv2_boss","1":"modelengine:entity/nocsy_fpv2_ghoul"},"elements":[{"name":"cube","from":[5.8999996,5.531404,4.3032055],"to":[5.8999996,9.131404,7.9032054],"rotation":{"angle":22.5,"axis":"x","origin":[7.7,7.3323174,6.9822884]},"faces":{"down":{"uv":[4.375,10.625,4.375,11.375],"rotation":0,"texture":"#1","tintindex":0},"east":{"uv":[7.5,0.875,8.25,1.625],"rotation":0,"texture":"#1","tintindex":0},"north":{"uv":[1.625,10.625,1.625,11.375],"rotation":0,"texture":"#1","tintindex":0},"south":{"uv":[1.75,10.625,1.75,11.375],"rotation":0,"texture":"#1","tintindex":0},"up":{"uv":[1.875,11.375,1.875,10.625],"rotation":0,"texture":"#1","tintindex":0},"west":{"uv":[7.5,1.75,8.25,2.5],"rotation":0,"texture":"#1","tintindex":0}}},{"name":"cube","from":[9.5,5.531404,4.3032055],"to":[9.5,9.131404,7.9032054],"rotation":{"angle":22.5,"axis":"x","origin":[7.7,7.3323174,6.9822884]},"faces":{"down":{"uv":[10.625,4.875,10.625,5.625],"rotation":0,"texture":"#1","tintindex":0},"east":{"uv":[7.5,2.625,8.25,3.375],"rotation":0,"texture":"#1","tintindex":0},"north":{"uv":[4.5,10.625,4.5,11.375],"rotation":0,"texture":"#1","tintindex":0},"south":{"uv":[4.625,10.625,4.625,11.375],"rotation":0,"texture":"#1","tintindex":0},"up":{"uv":[4.75,11.375,4.75,10.625],"rotation":0,"texture":"#1","tintindex":0},"west":{"uv":[7.75,5.375,8.5,6.125],"rotation":0,"texture":"#1","tintindex":0}}},{"name":"cube","from":[5.3,4.5452003,1.9931076],"to":[10.1,6.9452,7.393108],"rotation":{"angle":0.0,"axis":"x","origin":[8.0,7.9323173,8.482288]},"faces":{"down":{"uv":[3.375,3.375,2.375,4.5],"rotation":0,"texture":"#1","tintindex":0},"east":{"uv":[7.75,6.25,8.875,6.75],"rotation":0,"texture":"#1","tintindex":0},"north":{"uv":[8.375,2.25,9.375,2.75],"rotation":0,"texture":"#1","tintindex":0},"south":{"uv":[8.375,2.875,9.375,3.375],"rotation":0,"texture":"#1","tintindex":0},"up":{"uv":[2.25,4.5,1.25,3.375],"rotation":0,"texture":"#1","tintindex":0},"west":{"uv":[6.5,7.875,7.625,8.375],"rotation":0,"texture":"#1","tintindex":0}}},{"name":"cube","from":[5.3,4.404487,2.1111803],"to":[10.1,9.804487,2.1111803],"rotation":{"angle":-45.0,"axis":"x","origin":[7.7,7.032317,1.8822881]},"faces":{"down":{"uv":[11.5,9.375,10.5,9.375],"rotation":0,"texture":"#1","tintindex":0},"east":{"uv":[10.625,5.75,10.625,6.875],"rotation":0,"texture":"#1","tintindex":0},"north":{"uv":[3.5,3.375,4.5,4.5],"rotation":0,"texture":"#1","tintindex":0},"south":{"uv":[3.75,0.0,4.75,1.125],"rotation":0,"texture":"#1","tintindex":0},"up":{"uv":[11.5,9.25,10.5,9.25],"rotation":0,"texture":"#1","tintindex":0},"west":{"uv":[10.625,7.0,10.625,8.125],"rotation":0,"texture":"#1","tintindex":0}}},{"name":"cube","from":[6.2,4.3323174,2.4822881],"to":[6.2,9.732317,7.2822886],"rotation":{"angle":-22.5,"axis":"y","origin":[7.7,7.032317,1.8822881]},"faces":{"down":{"uv":[2.75,10.75,2.75,11.75],"rotation":0,"texture":"#1","tintindex":0},"east":{"uv":[3.75,1.25,4.75,2.375],"rotation":0,"texture":"#1","tintindex":0},"north":{"uv":[10.625,10.5,10.625,11.625],"rotation":0,"texture":"#1","tintindex":0},"south":{"uv":[10.75,0.0,10.75,1.125],"rotation":0,"texture":"#1","tintindex":0},"up":{"uv":[10.75,2.25,10.75,1.25],"rotation":0,"texture":"#1","tintindex":0},"west":{"uv":[0.0,4.5,1.0,5.625],"rotation":0,"texture":"#1","tintindex":0}}},{"name":"cube","from":[9.277592,4.5452003,2.3446717],"to":[9.277592,9.9452,7.1446724],"rotation":{"angle":22.5,"axis":"y","origin":[7.7,7.032317,1.8822881]},"faces":{"down":{"uv":[10.75,3.125,10.75,4.125],"rotation":0,"texture":"#1","tintindex":0},"east":{"uv":[1.125,4.625,2.125,5.75],"rotation":0,"texture":"#1","tintindex":0},"north":{"uv":[2.875,10.75,2.875,11.875],"rotation":0,"texture":"#1","tintindex":0},"south":{"uv":[3.0,10.75,3.0,11.875],"rotation":0,"texture":"#1","tintindex":0},"up":{"uv":[3.125,11.75,3.125,10.75],"rotation":0,"texture":"#1","tintindex":0},"west":{"uv":[2.25,4.625,3.25,5.75],"rotation":0,"texture":"#1","tintindex":0}}}],"display":{"head":{"translation":[0.0,-6.4,0.0],"rotation":[0.0,0.0,0.0],"scale":[3.8095,3.8095,3.8095]}}}