{"textures":{"0":"modelengine:entity/nocsy_fpv2_boss","1":"modelengine:entity/nocsy_fpv2_ghoul"},"elements":[{"name":"handle","from":[7.1428566,7.197321,-1.8826437],"to":[8.857142,8.911607,18.688786],"rotation":{"angle":0.0,"axis":"x","origin":[7.785714,8.054464,1.3316419]},"faces":{"down":{"uv":[1.6875,4.59375,1.5625,6.09375],"rotation":0,"texture":"#0","tintindex":0},"east":{"uv":[4.59375,4.40625,6.09375,4.53125],"rotation":0,"texture":"#0","tintindex":0},"north":{"uv":[8.625,2.875,8.75,3.0],"rotation":0,"texture":"#0","tintindex":0},"south":{"uv":[8.625,3.03125,8.75,3.15625],"rotation":0,"texture":"#0","tintindex":0},"up":{"uv":[1.53125,6.09375,1.40625,4.59375],"rotation":0,"texture":"#0","tintindex":0},"west":{"uv":[4.625,0.46875,6.125,0.59375],"rotation":0,"texture":"#0","tintindex":0}}},{"name":"shovel","from":[6.7142854,6.768749,12.260214],"to":[9.285714,9.340178,13.974499],"rotation":{"angle":0.0,"axis":"x","origin":[7.785714,8.054464,1.3316419]},"faces":{"down":{"uv":[8.6875,3.65625,8.5,3.78125],"rotation":0,"texture":"#0","tintindex":0},"east":{"uv":[4.25,2.0625,4.375,2.25],"rotation":0,"texture":"#0","tintindex":0},"north":{"uv":[7.3125,8.1875,7.5,8.375],"rotation":0,"texture":"#0","tintindex":0},"south":{"uv":[7.53125,8.1875,7.71875,8.375],"rotation":0,"texture":"#0","tintindex":0},"up":{"uv":[8.6875,3.625,8.5,3.5],"rotation":0,"texture":"#0","tintindex":0},"west":{"uv":[3.09375,5.71875,3.21875,5.90625],"rotation":0,"texture":"#0","tintindex":0}}},{"name":"shovel","from":[6.7142854,6.768749,14.831642],"to":[9.285714,9.340178,16.545929],"rotation":{"angle":0.0,"axis":"x","origin":[7.785714,8.054464,1.3316419]},"faces":{"down":{"uv":[7.90625,8.5,7.71875,8.625],"rotation":0,"texture":"#0","tintindex":0},"east":{"uv":[4.25,5.78125,4.375,5.96875],"rotation":0,"texture":"#0","tintindex":0},"north":{"uv":[8.21875,1.53125,8.40625,1.71875],"rotation":0,"texture":"#0","tintindex":0},"south":{"uv":[8.21875,2.90625,8.40625,3.09375],"rotation":0,"texture":"#0","tintindex":0},"up":{"uv":[5.75,8.625,5.5625,8.5],"rotation":0,"texture":"#0","tintindex":0},"west":{"uv":[5.96875,4.15625,6.09375,4.34375],"rotation":0,"texture":"#0","tintindex":0}}},{"name":"shovel","from":[4.5714283,6.340178,18.688786],"to":[11.428572,9.76875,20.40307],"rotation":{"angle":0.0,"axis":"x","origin":[7.785714,8.054464,1.3316419]},"faces":{"down":{"uv":[4.65625,7.3125,4.15625,7.4375],"rotation":0,"texture":"#0","tintindex":0},"east":{"uv":[2.65625,5.75,2.78125,6.0],"rotation":0,"texture":"#0","tintindex":0},"north":{"uv":[2.28125,6.1875,2.78125,6.4375],"rotation":0,"texture":"#0","tintindex":0},"south":{"uv":[5.78125,6.25,6.28125,6.5],"rotation":0,"texture":"#0","tintindex":0},"up":{"uv":[7.75,5.53125,7.25,5.40625],"rotation":0,"texture":"#0","tintindex":0},"west":{"uv":[1.28125,8.15625,1.40625,8.40625],"rotation":0,"texture":"#0","tintindex":0}}},{"name":"shovel","from":[3.2857141,7.9258924,18.688786],"to":[12.714286,8.183035,28.117357],"rotation":{"angle":0.0,"axis":"x","origin":[7.785714,8.054464,1.3316419]},"faces":{"down":{"uv":[1.40625,1.4375,0.71875,2.125],"rotation":0,"texture":"#0","tintindex":0},"east":{"uv":[8.28125,2.1875,8.96875,2.21875],"rotation":0,"texture":"#0","tintindex":0},"north":{"uv":[3.46875,1.875,4.15625,1.90625],"rotation":0,"texture":"#0","tintindex":0},"south":{"uv":[8.4375,1.6875,9.125,1.71875],"rotation":0,"texture":"#0","tintindex":0},"up":{"uv":[0.6875,2.125,0.0,1.4375],"rotation":0,"texture":"#0","tintindex":0},"west":{"uv":[8.46875,6.5625,9.15625,6.59375],"rotation":0,"texture":"#0","tintindex":0}}},{"name":"shovel","from":[0.9285712,8.997321,18.688786],"to":[15.071428,8.997321,28.117357],"rotation":{"angle":0.0,"axis":"x","origin":[8.0,8.054464,1.3316419]},"faces":{"down":{"uv":[1.03125,0.71875,0.0,1.40625],"rotation":0,"texture":"#0","tintindex":0},"east":{"uv":[8.75,1.25,9.4375,1.25],"rotation":0,"texture":"#0","tintindex":0},"north":{"uv":[8.71875,8.5625,9.75,8.5625],"rotation":0,"texture":"#0","tintindex":0},"south":{"uv":[8.75,1.28125,9.78125,1.28125],"rotation":0,"texture":"#0","tintindex":0},"up":{"uv":[1.03125,0.6875,0.0,0.0],"rotation":0,"texture":"#0","tintindex":0},"west":{"uv":[8.75,7.375,9.4375,7.375],"rotation":0,"texture":"#0","tintindex":0}}},{"name":"shovel","from":[0.9285712,7.2830353,18.688786],"to":[15.071428,7.2830353,28.117357],"rotation":{"angle":0.0,"axis":"x","origin":[8.0,8.054464,1.3316419]},"faces":{"down":{"uv":[2.09375,0.71875,1.0625,1.40625],"rotation":0,"texture":"#0","tintindex":0},"east":{"uv":[8.78125,3.46875,9.46875,3.46875],"rotation":0,"texture":"#0","tintindex":0},"north":{"uv":[8.75,7.40625,9.78125,7.40625],"rotation":0,"texture":"#0","tintindex":0},"south":{"uv":[8.78125,3.9375,9.8125,3.9375],"rotation":0,"texture":"#0","tintindex":0},"up":{"uv":[2.09375,0.6875,1.0625,0.0],"rotation":0,"texture":"#0","tintindex":0},"west":{"uv":[8.78125,8.59375,9.46875,8.59375],"rotation":0,"texture":"#0","tintindex":0}}},{"name":"shovel","from":[10.0862465,6.7644634,17.765701],"to":[14.380533,9.344463,19.48856],"rotation":{"angle":22.5,"axis":"y","origin":[12.619104,8.054464,18.62713]},"faces":{"down":{"uv":[6.75,8.15625,6.4375,8.28125],"rotation":0,"texture":"#0","tintindex":0},"east":{"uv":[4.09375,6.21875,4.21875,6.40625],"rotation":0,"texture":"#0","tintindex":0},"north":{"uv":[4.15625,7.46875,4.46875,7.65625],"rotation":0,"texture":"#0","tintindex":0},"south":{"uv":[7.46875,5.5625,7.78125,5.75],"rotation":0,"texture":"#0","tintindex":0},"up":{"uv":[6.1875,8.28125,5.875,8.15625],"rotation":0,"texture":"#0","tintindex":0},"west":{"uv":[2.09375,6.8125,2.21875,7.0],"rotation":0,"texture":"#0","tintindex":0}}},{"name":"shovel","from":[1.7344053,7.6258926,18.1925],"to":[5.591548,8.483035,23.763927],"rotation":{"angle":-22.5,"axis":"y","origin":[3.8772624,8.054464,18.62107]},"faces":{"down":{"uv":[6.90625,6.09375,6.625,6.5],"rotation":0,"texture":"#0","tintindex":0},"east":{"uv":[8.375,6.28125,8.78125,6.34375],"rotation":0,"texture":"#0","tintindex":0},"north":{"uv":[8.59375,7.03125,8.875,7.09375],"rotation":0,"texture":"#0","tintindex":0},"south":{"uv":[8.3125,8.59375,8.59375,8.65625],"rotation":0,"texture":"#0","tintindex":0},"up":{"uv":[1.875,7.03125,1.59375,6.625],"rotation":0,"texture":"#0","tintindex":0},"west":{"uv":[8.40625,0.09375,8.8125,0.15625],"rotation":0,"texture":"#0","tintindex":0}}},{"name":"shovel","from":[6.1786947,7.621607,20.063602],"to":[8.758695,8.487321,29.929317],"rotation":{"angle":45.0,"axis":"y","origin":[6.1786947,8.487321,29.92932]},"faces":{"down":{"uv":[0.1875,6.0,0.0,6.71875],"rotation":0,"texture":"#0","tintindex":0},"east":{"uv":[7.90625,4.6875,8.625,4.75],"rotation":0,"texture":"#0","tintindex":0},"north":{"uv":[8.65625,8.0,8.84375,8.0625],"rotation":0,"texture":"#0","tintindex":0},"south":{"uv":[8.09375,8.65625,8.28125,8.71875],"rotation":0,"texture":"#0","tintindex":0},"up":{"uv":[1.90625,6.59375,1.71875,5.875],"rotation":0,"texture":"#0","tintindex":0},"west":{"uv":[7.9375,2.5,8.65625,2.5625],"rotation":0,"texture":"#0","tintindex":0}}},{"name":"shovel","from":[13.678623,7.621607,19.537178],"to":[16.258623,8.487321,31.97432],"rotation":{"angle":-45.0,"axis":"y","origin":[12.397194,8.054464,21.898605]},"faces":{"down":{"uv":[5.46875,1.9375,5.28125,2.84375],"rotation":0,"texture":"#0","tintindex":0},"east":{"uv":[7.25,1.28125,8.15625,1.34375],"rotation":0,"texture":"#0","tintindex":0},"north":{"uv":[0.3125,8.6875,0.5,8.75],"rotation":0,"texture":"#0","tintindex":0},"south":{"uv":[0.53125,8.6875,0.71875,8.75],"rotation":0,"texture":"#0","tintindex":0},"up":{"uv":[4.59375,5.96875,4.40625,5.0625],"rotation":0,"texture":"#0","tintindex":0},"west":{"uv":[7.34375,2.15625,8.25,2.21875],"rotation":0,"texture":"#0","tintindex":0}}},{"name":"shovel","from":[10.408451,7.6258926,18.198559],"to":[14.2655945,8.483035,23.769987],"rotation":{"angle":22.5,"axis":"y","origin":[12.122737,8.054464,18.62713]},"faces":{"down":{"uv":[6.9375,0.0,6.65625,0.40625],"rotation":0,"texture":"#0","tintindex":0},"east":{"uv":[8.40625,0.1875,8.8125,0.25],"rotation":0,"texture":"#0","tintindex":0},"north":{"uv":[8.625,0.28125,8.90625,0.34375],"rotation":0,"texture":"#0","tintindex":0},"south":{"uv":[8.625,0.375,8.90625,0.4375],"rotation":0,"texture":"#0","tintindex":0},"up":{"uv":[6.90625,6.9375,6.625,6.53125],"rotation":0,"texture":"#0","tintindex":0},"west":{"uv":[8.40625,5.9375,8.8125,6.0],"rotation":0,"texture":"#0","tintindex":0}}},{"name":"shovel","from":[12.816627,6.768749,15.334427],"to":[14.530912,9.340178,18.762999],"rotation":{"angle":0.0,"axis":"x","origin":[13.67377,8.054464,16.62014]},"faces":{"down":{"uv":[3.5,8.21875,3.375,8.46875],"rotation":0,"texture":"#0","tintindex":0},"east":{"uv":[5.875,7.9375,6.125,8.125],"rotation":0,"texture":"#0","tintindex":0},"north":{"uv":[8.5,7.90625,8.625,8.09375],"rotation":0,"texture":"#0","tintindex":0},"south":{"uv":[7.9375,8.5,8.0625,8.6875],"rotation":0,"texture":"#0","tintindex":0},"up":{"uv":[0.375,8.46875,0.25,8.21875],"rotation":0,"texture":"#0","tintindex":0},"west":{"uv":[6.625,7.9375,6.875,8.125],"rotation":0,"texture":"#0","tintindex":0}}},{"name":"shovel","from":[10.567093,7.197321,13.942928],"to":[13.138521,8.911607,15.657214],"rotation":{"angle":22.5,"axis":"y","origin":[11.852807,8.054464,14.800071]},"faces":{"down":{"uv":[8.6875,8.4375,8.5,8.5625],"rotation":0,"texture":"#0","tintindex":0},"east":{"uv":[3.25,8.625,3.375,8.75],"rotation":0,"texture":"#0","tintindex":0},"north":{"uv":[8.09375,8.5,8.28125,8.625],"rotation":0,"texture":"#0","tintindex":0},"south":{"uv":[8.5,8.125,8.6875,8.25],"rotation":0,"texture":"#0","tintindex":0},"up":{"uv":[8.6875,8.40625,8.5,8.28125],"rotation":0,"texture":"#0","tintindex":0},"west":{"uv":[8.625,3.8125,8.75,3.9375],"rotation":0,"texture":"#0","tintindex":0}}},{"name":"shovel","from":[2.8614783,7.197321,13.942928],"to":[5.432907,8.911607,15.657214],"rotation":{"angle":-22.5,"axis":"y","origin":[4.147193,8.054464,14.800071]},"faces":{"down":{"uv":[8.71875,1.875,8.53125,2.0],"rotation":0,"texture":"#0","tintindex":0},"east":{"uv":[8.625,4.21875,8.75,4.34375],"rotation":0,"texture":"#0","tintindex":0},"north":{"uv":[8.53125,1.0,8.71875,1.125],"rotation":0,"texture":"#0","tintindex":0},"south":{"uv":[8.53125,1.15625,8.71875,1.28125],"rotation":0,"texture":"#0","tintindex":0},"up":{"uv":[1.53125,8.65625,1.34375,8.53125],"rotation":0,"texture":"#0","tintindex":0},"west":{"uv":[8.625,4.96875,8.75,5.09375],"rotation":0,"texture":"#0","tintindex":0}}},{"name":"shovel","from":[2.4302192,6.9401784,13.871193],"to":[4.144505,9.083035,16.442623],"rotation":{"angle":-45.0,"axis":"y","origin":[3.287362,8.054464,14.728336]},"faces":{"down":{"uv":[2.5,8.53125,2.375,8.71875],"rotation":0,"texture":"#0","tintindex":0},"east":{"uv":[5.28125,2.875,5.46875,3.03125],"rotation":0,"texture":"#0","tintindex":0},"north":{"uv":[7.03125,8.59375,7.15625,8.75],"rotation":0,"texture":"#0","tintindex":0},"south":{"uv":[7.1875,8.59375,7.3125,8.75],"rotation":0,"texture":"#0","tintindex":0},"up":{"uv":[0.125,8.71875,0.0,8.53125],"rotation":0,"texture":"#0","tintindex":0},"west":{"uv":[0.59375,5.75,0.78125,5.90625],"rotation":0,"texture":"#0","tintindex":0}}},{"name":"shovel","from":[11.8554945,6.9401784,13.871193],"to":[13.56978,9.083035,16.442623],"rotation":{"angle":45.0,"axis":"y","origin":[12.712638,8.054464,14.728336]},"faces":{"down":{"uv":[2.8125,8.53125,2.6875,8.71875],"rotation":0,"texture":"#0","tintindex":0},"east":{"uv":[6.34375,3.96875,6.53125,4.125],"rotation":0,"texture":"#0","tintindex":0},"north":{"uv":[8.59375,7.25,8.71875,7.40625],"rotation":0,"texture":"#0","tintindex":0},"south":{"uv":[7.34375,8.59375,7.46875,8.75],"rotation":0,"texture":"#0","tintindex":0},"up":{"uv":[2.65625,8.71875,2.53125,8.53125],"rotation":0,"texture":"#0","tintindex":0},"west":{"uv":[6.09375,6.53125,6.28125,6.6875],"rotation":0,"texture":"#0","tintindex":0}}},{"name":"shovel","from":[1.4690874,6.768749,15.334427],"to":[3.1833732,9.340178,18.762999],"rotation":{"angle":0.0,"axis":"x","origin":[2.3262303,8.054464,16.62014]},"faces":{"down":{"uv":[0.125,8.25,0.0,8.5],"rotation":0,"texture":"#0","tintindex":0},"east":{"uv":[2.96875,7.96875,3.21875,8.15625],"rotation":0,"texture":"#0","tintindex":0},"north":{"uv":[5.78125,8.53125,5.90625,8.71875],"rotation":0,"texture":"#0","tintindex":0},"south":{"uv":[5.9375,8.53125,6.0625,8.71875],"rotation":0,"texture":"#0","tintindex":0},"up":{"uv":[5.78125,8.46875,5.65625,8.21875],"rotation":0,"texture":"#0","tintindex":0},"west":{"uv":[3.59375,7.96875,3.84375,8.15625],"rotation":0,"texture":"#0","tintindex":0}}},{"name":"shovel","from":[1.555181,6.7644634,17.765701],"to":[5.849467,9.344463,19.48856],"rotation":{"angle":-22.5,"axis":"y","origin":[3.3808954,8.054464,18.62713]},"faces":{"down":{"uv":[8.5,1.9375,8.1875,2.0625],"rotation":0,"texture":"#0","tintindex":0},"east":{"uv":[6.375,8.53125,6.5,8.71875],"rotation":0,"texture":"#0","tintindex":0},"north":{"uv":[6.3125,7.46875,6.625,7.65625],"rotation":0,"texture":"#0","tintindex":0},"south":{"uv":[7.09375,7.46875,7.40625,7.65625],"rotation":0,"texture":"#0","tintindex":0},"up":{"uv":[8.5,1.34375,8.1875,1.21875],"rotation":0,"texture":"#0","tintindex":0},"west":{"uv":[6.53125,8.53125,6.65625,8.71875],"rotation":0,"texture":"#0","tintindex":0}}},{"name":"ornement","from":[6.5428567,6.597321,-2.6969295],"to":[9.457142,9.511607,-1.4969296],"rotation":{"angle":0.0,"axis":"x","origin":[8.0,8.054464,-2.0969296]},"faces":{"down":{"uv":[5.03125,8.5625,4.8125,8.65625],"rotation":0,"texture":"#0","tintindex":0},"east":{"uv":[3.75,7.34375,3.84375,7.5625],"rotation":0,"texture":"#0","tintindex":0},"north":{"uv":[7.90625,0.8125,8.125,1.03125],"rotation":0,"texture":"#0","tintindex":0},"south":{"uv":[7.90625,4.96875,8.125,5.1875],"rotation":0,"texture":"#0","tintindex":0},"up":{"uv":[4.78125,8.65625,4.5625,8.5625],"rotation":0,"texture":"#0","tintindex":0},"west":{"uv":[2.0625,8.5625,2.15625,8.78125],"rotation":0,"texture":"#0","tintindex":0}}},{"name":"ornement","from":[1.4654984,7.840178,-7.845392],"to":[6.608356,7.840178,0.7260368],"rotation":{"angle":0.0,"axis":"x","origin":[4.8328643,8.054464,-8.046809]},"faces":{"down":{"uv":[0.78125,3.75,0.40625,4.375],"rotation":0,"texture":"#0","tintindex":0},"east":{"uv":[8.78125,8.65625,9.40625,8.65625],"rotation":0,"texture":"#0","tintindex":0},"north":{"uv":[8.78125,8.625,9.15625,8.625],"rotation":0,"texture":"#0","tintindex":0},"south":{"uv":[8.78125,8.6875,9.15625,8.6875],"rotation":0,"texture":"#0","tintindex":0},"up":{"uv":[0.375,4.375,0.0,3.75],"rotation":0,"texture":"#0","tintindex":0},"west":{"uv":[8.78125,8.71875,9.40625,8.71875],"rotation":0,"texture":"#0","tintindex":0}}},{"name":"ornement","from":[7.1428566,7.197321,-4.454073],"to":[8.857142,8.911607,-2.7397866],"rotation":{"angle":0.0,"axis":"x","origin":[7.785714,8.054464,8.617356]},"faces":{"down":{"uv":[4.125,8.65625,4.0,8.78125],"rotation":0,"texture":"#0","tintindex":0},"east":{"uv":[8.625,8.59375,8.75,8.71875],"rotation":0,"texture":"#0","tintindex":0},"north":{"uv":[8.625,5.125,8.75,5.25],"rotation":0,"texture":"#0","tintindex":0},"south":{"uv":[0.15625,8.65625,0.28125,8.78125],"rotation":0,"texture":"#0","tintindex":0},"up":{"uv":[3.15625,8.78125,3.03125,8.65625],"rotation":0,"texture":"#0","tintindex":0},"west":{"uv":[2.1875,8.65625,2.3125,8.78125],"rotation":0,"texture":"#0","tintindex":0}}},{"name":"ornement","from":[9.391644,7.840178,-7.845392],"to":[14.534501,7.840178,0.7260368],"rotation":{"angle":0.0,"axis":"x","origin":[11.167135,8.054464,-8.046809]},"faces":{"down":{"uv":[4.375,2.9375,4.0,3.5625],"rotation":0,"texture":"#0","tintindex":0},"east":{"uv":[8.8125,0.03125,9.4375,0.03125],"rotation":0,"texture":"#0","tintindex":0},"north":{"uv":[8.8125,0.0,9.1875,0.0],"rotation":0,"texture":"#0","tintindex":0},"south":{"uv":[8.8125,0.0625,9.1875,0.0625],"rotation":0,"texture":"#0","tintindex":0},"up":{"uv":[4.375,2.90625,4.0,2.28125],"rotation":0,"texture":"#0","tintindex":0},"west":{"uv":[8.8125,4.125,9.4375,4.125],"rotation":0,"texture":"#0","tintindex":0}}},{"name":"ornement","from":[3.1797843,7.411607,-6.1311064],"to":[4.465499,8.268749,-4.845392],"rotation":{"angle":-22.5,"axis":"y","origin":[3.8226418,7.840178,-5.488249]},"faces":{"down":{"uv":[7.34375,8.03125,7.25,8.125],"rotation":0,"texture":"#0","tintindex":0},"east":{"uv":[6.4375,4.8125,6.53125,4.875],"rotation":0,"texture":"#0","tintindex":0},"north":{"uv":[6.34375,2.875,6.4375,2.9375],"rotation":0,"texture":"#0","tintindex":0},"south":{"uv":[7.75,2.96875,7.84375,3.03125],"rotation":0,"texture":"#0","tintindex":0},"up":{"uv":[7.875,0.46875,7.78125,0.375],"rotation":0,"texture":"#0","tintindex":0},"west":{"uv":[7.8125,5.6875,7.90625,5.75],"rotation":0,"texture":"#0","tintindex":0}}},{"name":"ornement","from":[4.465499,6.983035,-7.845392],"to":[7.036927,9.125893,-6.988249],"rotation":{"angle":-45.0,"axis":"y","origin":[4.8328643,8.054464,-8.046809]},"faces":{"down":{"uv":[1.53125,8.6875,1.34375,8.75],"rotation":0,"texture":"#0","tintindex":0},"east":{"uv":[0.25,7.6875,0.3125,7.84375],"rotation":0,"texture":"#0","tintindex":0},"north":{"uv":[2.46875,8.0,2.65625,8.15625],"rotation":0,"texture":"#0","tintindex":0},"south":{"uv":[8.375,4.78125,8.5625,4.9375],"rotation":0,"texture":"#0","tintindex":0},"up":{"uv":[0.9375,8.75,0.75,8.6875],"rotation":0,"texture":"#0","tintindex":0},"west":{"uv":[0.15625,8.25,0.21875,8.40625],"rotation":0,"texture":"#0","tintindex":0}}},{"name":"ornement","from":[5.638571,6.9787493,-6.6012144],"to":[10.361428,9.130178,-5.7355022],"rotation":{"angle":0.0,"axis":"x","origin":[8.0,8.054464,-6.168358]},"faces":{"down":{"uv":[8.84375,4.0,8.5,4.0625],"rotation":0,"texture":"#0","tintindex":0},"east":{"uv":[3.40625,8.625,3.46875,8.78125],"rotation":0,"texture":"#0","tintindex":0},"north":{"uv":[7.5625,0.0,7.90625,0.15625],"rotation":0,"texture":"#0","tintindex":0},"south":{"uv":[7.5625,1.375,7.90625,1.53125],"rotation":0,"texture":"#0","tintindex":0},"up":{"uv":[7.84375,4.40625,7.5,4.34375],"rotation":0,"texture":"#0","tintindex":0},"west":{"uv":[0.96875,8.6875,1.03125,8.84375],"rotation":0,"texture":"#0","tintindex":0}}},{"name":"ornement","from":[8.963072,6.983035,-7.845392],"to":[11.534501,9.125893,-6.988249],"rotation":{"angle":45.0,"axis":"y","origin":[11.167135,8.054464,-8.046809]},"faces":{"down":{"uv":[1.96875,8.6875,1.78125,8.75],"rotation":0,"texture":"#0","tintindex":0},"east":{"uv":[4.90625,8.6875,4.96875,8.84375],"rotation":0,"texture":"#0","tintindex":0},"north":{"uv":[8.375,6.65625,8.5625,6.8125],"rotation":0,"texture":"#0","tintindex":0},"south":{"uv":[8.375,7.25,8.5625,7.40625],"rotation":0,"texture":"#0","tintindex":0},"up":{"uv":[1.75,8.75,1.5625,8.6875],"rotation":0,"texture":"#0","tintindex":0},"west":{"uv":[6.90625,8.6875,6.96875,8.84375],"rotation":0,"texture":"#0","tintindex":0}}},{"name":"ornement","from":[11.3182745,7.197321,-9.272346],"to":[12.175417,8.911607,-7.5580616],"rotation":{"angle":0.0,"axis":"x","origin":[11.167135,8.268749,-8.046809]},"faces":{"down":{"uv":[5.46875,8.75,5.40625,8.875],"rotation":0,"texture":"#0","tintindex":0},"east":{"uv":[4.15625,8.65625,4.28125,8.78125],"rotation":0,"texture":"#0","tintindex":0},"north":{"uv":[3.8125,8.75,3.875,8.875],"rotation":0,"texture":"#0","tintindex":0},"south":{"uv":[3.90625,8.75,3.96875,8.875],"rotation":0,"texture":"#0","tintindex":0},"up":{"uv":[5.375,8.875,5.3125,8.75],"rotation":0,"texture":"#0","tintindex":0},"west":{"uv":[4.3125,8.65625,4.4375,8.78125],"rotation":0,"texture":"#0","tintindex":0}}},{"name":"ornement","from":[10.36237,7.411607,-9.632983],"to":[12.076656,8.697321,-8.775841],"rotation":{"angle":-22.5,"axis":"y","origin":[11.219513,8.054464,-9.204412]},"faces":{"down":{"uv":[8.875,2.09375,8.75,2.15625],"rotation":0,"texture":"#0","tintindex":0},"east":{"uv":[8.125,8.75,8.1875,8.84375],"rotation":0,"texture":"#0","tintindex":0},"north":{"uv":[2.0,5.15625,2.125,5.25],"rotation":0,"texture":"#0","tintindex":0},"south":{"uv":[5.09375,5.90625,5.21875,6.0],"rotation":0,"texture":"#0","tintindex":0},"up":{"uv":[8.0625,6.71875,7.9375,6.65625],"rotation":0,"texture":"#0","tintindex":0},"west":{"uv":[8.21875,8.75,8.28125,8.84375],"rotation":0,"texture":"#0","tintindex":0}}},{"name":"ornement","from":[3.9233432,7.411607,-9.632983],"to":[5.637629,8.697321,-8.775841],"rotation":{"angle":22.5,"axis":"y","origin":[4.780486,8.054464,-9.204412]},"faces":{"down":{"uv":[5.78125,8.75,5.65625,8.8125],"rotation":0,"texture":"#0","tintindex":0},"east":{"uv":[8.5625,8.75,8.625,8.84375],"rotation":0,"texture":"#0","tintindex":0},"north":{"uv":[2.1875,8.34375,2.3125,8.4375],"rotation":0,"texture":"#0","tintindex":0},"south":{"uv":[6.1875,8.65625,6.3125,8.75],"rotation":0,"texture":"#0","tintindex":0},"up":{"uv":[5.625,8.8125,5.5,8.75],"rotation":0,"texture":"#0","tintindex":0},"west":{"uv":[8.65625,8.75,8.71875,8.84375],"rotation":0,"texture":"#0","tintindex":0}}},{"name":"ornement","from":[3.8245823,7.197321,-9.272346],"to":[4.681725,8.911607,-7.5580616],"rotation":{"angle":0.0,"axis":"x","origin":[4.8328643,8.268749,-8.046809]},"faces":{"down":{"uv":[6.40625,8.75,6.34375,8.875],"rotation":0,"texture":"#0","tintindex":0},"east":{"uv":[8.65625,5.28125,8.78125,5.40625],"rotation":0,"texture":"#0","tintindex":0},"north":{"uv":[5.8125,8.75,5.875,8.875],"rotation":0,"texture":"#0","tintindex":0},"south":{"uv":[5.90625,8.75,5.96875,8.875],"rotation":0,"texture":"#0","tintindex":0},"up":{"uv":[6.0625,8.875,6.0,8.75],"rotation":0,"texture":"#0","tintindex":0},"west":{"uv":[8.65625,5.4375,8.78125,5.5625],"rotation":0,"texture":"#0","tintindex":0}}},{"name":"ornement","from":[4.3792124,7.407321,-8.545957],"to":[6.959213,8.701607,-7.6802454],"rotation":{"angle":22.5,"axis":"y","origin":[6.740641,8.054464,-8.670244]},"faces":{"down":{"uv":[4.65625,8.6875,4.46875,8.75],"rotation":0,"texture":"#0","tintindex":0},"east":{"uv":[8.75,8.75,8.8125,8.84375],"rotation":0,"texture":"#0","tintindex":0},"north":{"uv":[7.5,8.59375,7.6875,8.6875],"rotation":0,"texture":"#0","tintindex":0},"south":{"uv":[8.625,0.6875,8.8125,0.78125],"rotation":0,"texture":"#0","tintindex":0},"up":{"uv":[8.875,2.5625,8.6875,2.5],"rotation":0,"texture":"#0","tintindex":0},"west":{"uv":[0.3125,8.78125,0.375,8.875],"rotation":0,"texture":"#0","tintindex":0}}},{"name":"ornement","from":[5.2142854,7.7116065,-13.882645],"to":[10.785714,8.097321,-5.739787],"rotation":{"angle":0.0,"axis":"x","origin":[8.0,8.054464,-6.168358]},"faces":{"down":{"uv":[4.0625,3.65625,3.65625,4.25],"rotation":0,"texture":"#0","tintindex":0},"east":{"uv":[8.5,0.625,9.09375,0.65625],"rotation":0,"texture":"#0","tintindex":0},"north":{"uv":[4.625,0.9375,5.03125,0.96875],"rotation":0,"texture":"#0","tintindex":0},"south":{"uv":[8.53125,2.03125,8.9375,2.0625],"rotation":0,"texture":"#0","tintindex":0},"up":{"uv":[3.625,4.25,3.21875,3.65625],"rotation":0,"texture":"#0","tintindex":0},"west":{"uv":[8.53125,1.3125,9.125,1.34375],"rotation":0,"texture":"#0","tintindex":0}}},{"name":"ornement","from":[6.7416086,7.4158926,-11.383613],"to":[7.5901794,8.693035,-8.820754],"rotation":{"angle":22.5,"axis":"y","origin":[7.1658936,8.054464,-9.459326]},"faces":{"down":{"uv":[3.65625,4.8125,3.59375,5.0],"rotation":0,"texture":"#0","tintindex":0},"east":{"uv":[1.125,8.625,1.3125,8.71875],"rotation":0,"texture":"#0","tintindex":0},"north":{"uv":[0.40625,8.78125,0.46875,8.875],"rotation":0,"texture":"#0","tintindex":0},"south":{"uv":[0.5,8.78125,0.5625,8.875],"rotation":0,"texture":"#0","tintindex":0},"up":{"uv":[3.4375,1.3125,3.375,1.125],"rotation":0,"texture":"#0","tintindex":0},"west":{"uv":[8.625,1.5,8.8125,1.59375],"rotation":0,"texture":"#0","tintindex":0}}},{"name":"ornement","from":[6.9833336,7.411607,-9.193418],"to":[7.8404765,8.697321,-7.9077053],"rotation":{"angle":-22.5,"axis":"y","origin":[7.4119053,8.054464,-9.193418]},"faces":{"down":{"uv":[0.9375,8.78125,0.875,8.875],"rotation":0,"texture":"#0","tintindex":0},"east":{"uv":[8.6875,7.125,8.78125,7.21875],"rotation":0,"texture":"#0","tintindex":0},"north":{"uv":[0.59375,8.78125,0.65625,8.875],"rotation":0,"texture":"#0","tintindex":0},"south":{"uv":[0.6875,8.78125,0.75,8.875],"rotation":0,"texture":"#0","tintindex":0},"up":{"uv":[0.84375,8.875,0.78125,8.78125],"rotation":0,"texture":"#0","tintindex":0},"west":{"uv":[8.6875,7.53125,8.78125,7.625],"rotation":0,"texture":"#0","tintindex":0}}},{"name":"ornement","from":[9.040787,7.407321,-8.545957],"to":[11.620787,8.701607,-7.6802454],"rotation":{"angle":-22.5,"axis":"y","origin":[9.259358,8.054464,-8.670244]},"faces":{"down":{"uv":[6.875,8.6875,6.6875,8.75],"rotation":0,"texture":"#0","tintindex":0},"east":{"uv":[1.34375,8.78125,1.40625,8.875],"rotation":0,"texture":"#0","tintindex":0},"north":{"uv":[8.625,1.75,8.8125,1.84375],"rotation":0,"texture":"#0","tintindex":0},"south":{"uv":[8.625,2.25,8.8125,2.34375],"rotation":0,"texture":"#0","tintindex":0},"up":{"uv":[4.875,8.75,4.6875,8.6875],"rotation":0,"texture":"#0","tintindex":0},"west":{"uv":[1.4375,8.78125,1.5,8.875],"rotation":0,"texture":"#0","tintindex":0}}},{"name":"ornement","from":[8.159523,7.411607,-9.193418],"to":[9.016666,8.697321,-7.9077053],"rotation":{"angle":22.5,"axis":"y","origin":[8.588095,8.054464,-9.193418]},"faces":{"down":{"uv":[1.875,8.78125,1.8125,8.875],"rotation":0,"texture":"#0","tintindex":0},"east":{"uv":[8.6875,7.65625,8.78125,7.75],"rotation":0,"texture":"#0","tintindex":0},"north":{"uv":[1.53125,8.78125,1.59375,8.875],"rotation":0,"texture":"#0","tintindex":0},"south":{"uv":[1.625,8.78125,1.6875,8.875],"rotation":0,"texture":"#0","tintindex":0},"up":{"uv":[1.78125,8.875,1.71875,8.78125],"rotation":0,"texture":"#0","tintindex":0},"west":{"uv":[8.6875,7.78125,8.78125,7.875],"rotation":0,"texture":"#0","tintindex":0}}},{"name":"ornement","from":[8.409821,7.4158926,-11.383613],"to":[9.258391,8.693035,-8.820754],"rotation":{"angle":-22.5,"axis":"y","origin":[8.8341055,8.054464,-9.459326]},"faces":{"down":{"uv":[0.28125,6.0,0.21875,6.1875],"rotation":0,"texture":"#0","tintindex":0},"east":{"uv":[8.625,2.375,8.8125,2.46875],"rotation":0,"texture":"#0","tintindex":0},"north":{"uv":[1.90625,8.78125,1.96875,8.875],"rotation":0,"texture":"#0","tintindex":0},"south":{"uv":[8.78125,2.71875,8.84375,2.8125],"rotation":0,"texture":"#0","tintindex":0},"up":{"uv":[0.375,5.625,0.3125,5.4375],"rotation":0,"texture":"#0","tintindex":0},"west":{"uv":[8.625,2.59375,8.8125,2.6875],"rotation":0,"texture":"#0","tintindex":0}}},{"name":"ornement","from":[8.647259,7.407321,-15.962353],"to":[9.512974,8.701607,-10.8109255],"rotation":{"angle":22.5,"axis":"y","origin":[9.080116,8.054464,-12.100925]},"faces":{"down":{"uv":[3.4375,7.59375,3.375,7.96875],"rotation":0,"texture":"#0","tintindex":0},"east":{"uv":[7.5,0.8125,7.875,0.90625],"rotation":0,"texture":"#0","tintindex":0},"north":{"uv":[8.78125,2.84375,8.84375,2.9375],"rotation":0,"texture":"#0","tintindex":0},"south":{"uv":[8.78125,2.96875,8.84375,3.0625],"rotation":0,"texture":"#0","tintindex":0},"up":{"uv":[1.6875,6.5,1.625,6.125],"rotation":0,"texture":"#0","tintindex":0},"west":{"uv":[8.1875,3.28125,8.5625,3.375],"rotation":0,"texture":"#0","tintindex":0}}},{"name":"ornement","from":[6.491312,7.411607,-15.958067],"to":[7.348455,8.697321,-10.81521],"rotation":{"angle":-22.5,"axis":"y","origin":[6.9198837,8.054464,-12.100925]},"faces":{"down":{"uv":[6.15625,8.53125,6.09375,8.90625],"rotation":0,"texture":"#0","tintindex":0},"east":{"uv":[8.21875,1.75,8.59375,1.84375],"rotation":0,"texture":"#0","tintindex":0},"north":{"uv":[3.1875,8.78125,3.25,8.875],"rotation":0,"texture":"#0","tintindex":0},"south":{"uv":[3.28125,8.78125,3.34375,8.875],"rotation":0,"texture":"#0","tintindex":0},"up":{"uv":[3.78125,8.78125,3.71875,8.40625],"rotation":0,"texture":"#0","tintindex":0},"west":{"uv":[4.625,8.21875,5.0,8.3125],"rotation":0,"texture":"#0","tintindex":0}}},{"name":"ornement","from":[6.5,6.554464,-5.739787],"to":[9.5,9.554464,-4.454073],"rotation":{"angle":45.0,"axis":"z","origin":[8.0,8.054464,-5.0969296]},"faces":{"down":{"uv":[8.78125,6.15625,8.5625,6.25],"rotation":0,"texture":"#0","tintindex":0},"east":{"uv":[5.0625,8.5625,5.15625,8.78125],"rotation":0,"texture":"#0","tintindex":0},"north":{"uv":[7.9375,2.25,8.15625,2.46875],"rotation":0,"texture":"#0","tintindex":0},"south":{"uv":[7.9375,3.15625,8.15625,3.375],"rotation":0,"texture":"#0","tintindex":0},"up":{"uv":[8.78125,6.125,8.5625,6.03125],"rotation":0,"texture":"#0","tintindex":0},"west":{"uv":[5.1875,8.5625,5.28125,8.78125],"rotation":0,"texture":"#0","tintindex":0}}},{"name":"ornement","from":[4.6660104,7.6258926,-3.789137],"to":[5.951725,8.054464,-2.5034223],"rotation":{"angle":45.0,"axis":"y","origin":[4.63849,7.840178,-1.5161843]},"faces":{"down":{"uv":[8.53125,8.6875,8.4375,8.78125],"rotation":0,"texture":"#0","tintindex":0},"east":{"uv":[6.125,4.5,6.21875,4.53125],"rotation":0,"texture":"#0","tintindex":0},"north":{"uv":[6.09375,3.65625,6.1875,3.6875],"rotation":0,"texture":"#0","tintindex":0},"south":{"uv":[6.21875,3.65625,6.3125,3.6875],"rotation":0,"texture":"#0","tintindex":0},"up":{"uv":[8.40625,8.78125,8.3125,8.6875],"rotation":0,"texture":"#0","tintindex":0},"west":{"uv":[6.25,4.5,6.34375,4.53125],"rotation":0,"texture":"#0","tintindex":0}}},{"name":"ornement","from":[11.534501,7.411607,-6.1311064],"to":[12.820215,8.268749,-4.845392],"rotation":{"angle":22.5,"axis":"y","origin":[12.177359,7.840178,-5.488249]},"faces":{"down":{"uv":[8.8125,0.8125,8.71875,0.90625],"rotation":0,"texture":"#0","tintindex":0},"east":{"uv":[1.15625,8.34375,1.25,8.40625],"rotation":0,"texture":"#0","tintindex":0},"north":{"uv":[1.5625,8.21875,1.65625,8.28125],"rotation":0,"texture":"#0","tintindex":0},"south":{"uv":[8.78125,3.09375,8.875,3.15625],"rotation":0,"texture":"#0","tintindex":0},"up":{"uv":[8.8125,0.5625,8.71875,0.46875],"rotation":0,"texture":"#0","tintindex":0},"west":{"uv":[8.78125,3.375,8.875,3.4375],"rotation":0,"texture":"#0","tintindex":0}}},{"name":"ornement","from":[10.048275,7.6258926,-3.789137],"to":[11.333989,8.054464,-2.5034223],"rotation":{"angle":-45.0,"axis":"y","origin":[11.361509,7.840178,-1.5161843]},"faces":{"down":{"uv":[8.8125,3.625,8.71875,3.71875],"rotation":0,"texture":"#0","tintindex":0},"east":{"uv":[6.71875,5.71875,6.8125,5.75],"rotation":0,"texture":"#0","tintindex":0},"north":{"uv":[6.5625,4.84375,6.65625,4.875],"rotation":0,"texture":"#0","tintindex":0},"south":{"uv":[0.0,6.75,0.09375,6.78125],"rotation":0,"texture":"#0","tintindex":0},"up":{"uv":[8.8125,3.59375,8.71875,3.5],"rotation":0,"texture":"#0","tintindex":0},"west":{"uv":[7.21875,4.78125,7.3125,4.8125],"rotation":0,"texture":"#0","tintindex":0}}}],"display":{"head":{"translation":[0.0,-6.4,0.0],"rotation":[0.0,0.0,0.0],"scale":[3.7333333,3.7333333,3.7333333]}}}