{"textures":{"0":"modelengine:entity/cerberus_chain"},"elements":[{"name":"cube","from":[6.5,-8.885715,7.4],"to":[9.5,-4.6857142,8.6],"rotation":{"angle":0.0,"axis":"x","origin":[7.1,-8.885715,8.0]},"faces":{"down":{"uv":[2.25,2.25,1.0,2.75],"rotation":0,"texture":"#0","tintindex":0},"east":{"uv":[0.0,1.75,0.5,3.5],"rotation":0,"texture":"#0","tintindex":0},"north":{"uv":[0.0,0.0,1.25,1.75],"rotation":0,"texture":"#0","tintindex":0},"south":{"uv":[0.0,0.0,1.25,1.75],"rotation":0,"texture":"#0","tintindex":0},"up":{"uv":[2.25,2.25,1.0,1.75],"rotation":0,"texture":"#0","tintindex":0},"west":{"uv":[0.5,1.75,1.0,3.5],"rotation":0,"texture":"#0","tintindex":0}}},{"name":"cube inverted","from":[9.5,-4.6857142,8.6],"to":[6.5,-8.885715,7.4],"rotation":{"angle":0.0,"axis":"x","origin":[7.1,-8.885715,8.0]},"faces":{"down":{"uv":[1.0,2.25,2.25,1.75],"rotation":0,"texture":"#0","tintindex":0},"east":{"uv":[0.5,3.5,1.0,1.75],"rotation":0,"texture":"#0","tintindex":0},"north":{"uv":[0.0,1.75,1.25,0.0],"rotation":0,"texture":"#0","tintindex":0},"south":{"uv":[0.0,1.75,1.25,0.0],"rotation":0,"texture":"#0","tintindex":0},"up":{"uv":[1.0,2.25,2.25,2.75],"rotation":0,"texture":"#0","tintindex":0},"west":{"uv":[0.0,3.5,0.5,1.75],"rotation":0,"texture":"#0","tintindex":0}}},{"name":"cube inverted","from":[8.6,-1.6857142,9.5],"to":[7.4,-5.8857145,6.5],"rotation":{"angle":0.0,"axis":"x","origin":[8.0,-8.885715,7.1]},"faces":{"down":{"uv":[1.0,2.25,2.25,1.75],"rotation":270,"texture":"#0","tintindex":0},"east":{"uv":[0.0,1.75,1.25,0.0],"rotation":0,"texture":"#0","tintindex":0},"north":{"uv":[0.0,3.5,0.5,1.75],"rotation":0,"texture":"#0","tintindex":0},"south":{"uv":[0.5,3.5,1.0,1.75],"rotation":0,"texture":"#0","tintindex":0},"up":{"uv":[1.0,2.25,2.25,2.75],"rotation":90,"texture":"#0","tintindex":0},"west":{"uv":[0.0,1.75,1.25,0.0],"rotation":0,"texture":"#0","tintindex":0}}},{"name":"cube","from":[7.4,-5.8857145,6.5],"to":[8.6,-1.6857142,9.5],"rotation":{"angle":0.0,"axis":"x","origin":[8.0,-8.885715,7.1]},"faces":{"down":{"uv":[2.25,2.25,1.0,2.75],"rotation":270,"texture":"#0","tintindex":0},"east":{"uv":[0.0,0.0,1.25,1.75],"rotation":0,"texture":"#0","tintindex":0},"north":{"uv":[0.5,1.75,1.0,3.5],"rotation":0,"texture":"#0","tintindex":0},"south":{"uv":[0.0,1.75,0.5,3.5],"rotation":0,"texture":"#0","tintindex":0},"up":{"uv":[2.25,2.25,1.0,1.75],"rotation":90,"texture":"#0","tintindex":0},"west":{"uv":[0.0,0.0,1.25,1.75],"rotation":0,"texture":"#0","tintindex":0}}},{"name":"cube inverted","from":[8.6,-7.6857147,9.5],"to":[7.4,-11.885715,6.5],"rotation":{"angle":0.0,"axis":"x","origin":[8.0,-8.885715,7.1]},"faces":{"down":{"uv":[1.0,2.25,2.25,1.75],"rotation":270,"texture":"#0","tintindex":0},"east":{"uv":[0.0,1.75,1.25,0.0],"rotation":0,"texture":"#0","tintindex":0},"north":{"uv":[0.0,3.5,0.5,1.75],"rotation":0,"texture":"#0","tintindex":0},"south":{"uv":[0.5,3.5,1.0,1.75],"rotation":0,"texture":"#0","tintindex":0},"up":{"uv":[1.0,2.25,2.25,2.75],"rotation":90,"texture":"#0","tintindex":0},"west":{"uv":[0.0,1.75,1.25,0.0],"rotation":0,"texture":"#0","tintindex":0}}},{"name":"cube","from":[7.4,-11.885715,6.5],"to":[8.6,-7.6857147,9.5],"rotation":{"angle":0.0,"axis":"x","origin":[8.0,-8.885715,7.1]},"faces":{"down":{"uv":[2.25,2.25,1.0,2.75],"rotation":270,"texture":"#0","tintindex":0},"east":{"uv":[0.0,0.0,1.25,1.75],"rotation":0,"texture":"#0","tintindex":0},"north":{"uv":[0.5,1.75,1.0,3.5],"rotation":0,"texture":"#0","tintindex":0},"south":{"uv":[0.0,1.75,0.5,3.5],"rotation":0,"texture":"#0","tintindex":0},"up":{"uv":[2.25,2.25,1.0,1.75],"rotation":90,"texture":"#0","tintindex":0},"west":{"uv":[0.0,0.0,1.25,1.75],"rotation":0,"texture":"#0","tintindex":0}}},{"name":"cube","from":[7.4,0.11428571,6.5],"to":[8.6,4.3142858,9.5],"rotation":{"angle":0.0,"axis":"x","origin":[8.0,-8.885715,7.1]},"faces":{"down":{"uv":[2.25,2.25,1.0,2.75],"rotation":270,"texture":"#0","tintindex":0},"east":{"uv":[0.0,0.0,1.25,1.75],"rotation":0,"texture":"#0","tintindex":0},"north":{"uv":[0.5,1.75,1.0,3.5],"rotation":0,"texture":"#0","tintindex":0},"south":{"uv":[0.0,1.75,0.5,3.5],"rotation":0,"texture":"#0","tintindex":0},"up":{"uv":[2.25,2.25,1.0,1.75],"rotation":90,"texture":"#0","tintindex":0},"west":{"uv":[0.0,0.0,1.25,1.75],"rotation":0,"texture":"#0","tintindex":0}}},{"name":"cube inverted","from":[8.6,4.3142858,9.5],"to":[7.4,0.11428571,6.5],"rotation":{"angle":0.0,"axis":"x","origin":[8.0,-8.885715,7.1]},"faces":{"down":{"uv":[1.0,2.25,2.25,1.75],"rotation":270,"texture":"#0","tintindex":0},"east":{"uv":[0.0,1.75,1.25,0.0],"rotation":0,"texture":"#0","tintindex":0},"north":{"uv":[0.0,3.5,0.5,1.75],"rotation":0,"texture":"#0","tintindex":0},"south":{"uv":[0.5,3.5,1.0,1.75],"rotation":0,"texture":"#0","tintindex":0},"up":{"uv":[1.0,2.25,2.25,2.75],"rotation":90,"texture":"#0","tintindex":0},"west":{"uv":[0.0,1.75,1.25,0.0],"rotation":0,"texture":"#0","tintindex":0}}},{"name":"cube inverted","from":[9.5,1.3142858,8.6],"to":[6.5,-2.8857145,7.4],"rotation":{"angle":0.0,"axis":"x","origin":[7.1,-8.885715,8.0]},"faces":{"down":{"uv":[1.0,2.25,2.25,1.75],"rotation":0,"texture":"#0","tintindex":0},"east":{"uv":[0.5,3.5,1.0,1.75],"rotation":0,"texture":"#0","tintindex":0},"north":{"uv":[0.0,1.75,1.25,0.0],"rotation":0,"texture":"#0","tintindex":0},"south":{"uv":[0.0,1.75,1.25,0.0],"rotation":0,"texture":"#0","tintindex":0},"up":{"uv":[1.0,2.25,2.25,2.75],"rotation":0,"texture":"#0","tintindex":0},"west":{"uv":[0.0,3.5,0.5,1.75],"rotation":0,"texture":"#0","tintindex":0}}},{"name":"cube","from":[6.5,-2.8857145,7.4],"to":[9.5,1.3142858,8.6],"rotation":{"angle":0.0,"axis":"x","origin":[7.1,-8.885715,8.0]},"faces":{"down":{"uv":[2.25,2.25,1.0,2.75],"rotation":0,"texture":"#0","tintindex":0},"east":{"uv":[0.0,1.75,0.5,3.5],"rotation":0,"texture":"#0","tintindex":0},"north":{"uv":[0.0,0.0,1.25,1.75],"rotation":0,"texture":"#0","tintindex":0},"south":{"uv":[0.0,0.0,1.25,1.75],"rotation":0,"texture":"#0","tintindex":0},"up":{"uv":[2.25,2.25,1.0,1.75],"rotation":0,"texture":"#0","tintindex":0},"west":{"uv":[0.5,1.75,1.0,3.5],"rotation":0,"texture":"#0","tintindex":0}}},{"name":"cube","from":[6.5,9.114286,7.4],"to":[9.5,13.314286,8.6],"rotation":{"angle":0.0,"axis":"x","origin":[7.1,-8.885715,8.0]},"faces":{"down":{"uv":[2.25,2.25,1.0,2.75],"rotation":0,"texture":"#0","tintindex":0},"east":{"uv":[0.0,1.75,0.5,3.5],"rotation":0,"texture":"#0","tintindex":0},"north":{"uv":[0.0,0.0,1.25,1.75],"rotation":0,"texture":"#0","tintindex":0},"south":{"uv":[0.0,0.0,1.25,1.75],"rotation":0,"texture":"#0","tintindex":0},"up":{"uv":[2.25,2.25,1.0,1.75],"rotation":0,"texture":"#0","tintindex":0},"west":{"uv":[0.5,1.75,1.0,3.5],"rotation":0,"texture":"#0","tintindex":0}}},{"name":"cube inverted","from":[9.5,13.314286,8.6],"to":[6.5,9.114286,7.4],"rotation":{"angle":0.0,"axis":"x","origin":[7.1,-8.885715,8.0]},"faces":{"down":{"uv":[1.0,2.25,2.25,1.75],"rotation":0,"texture":"#0","tintindex":0},"east":{"uv":[0.5,3.5,1.0,1.75],"rotation":0,"texture":"#0","tintindex":0},"north":{"uv":[0.0,1.75,1.25,0.0],"rotation":0,"texture":"#0","tintindex":0},"south":{"uv":[0.0,1.75,1.25,0.0],"rotation":0,"texture":"#0","tintindex":0},"up":{"uv":[1.0,2.25,2.25,2.75],"rotation":0,"texture":"#0","tintindex":0},"west":{"uv":[0.0,3.5,0.5,1.75],"rotation":0,"texture":"#0","tintindex":0}}},{"name":"cube inverted","from":[8.6,16.314285,9.5],"to":[7.4,12.114286,6.5],"rotation":{"angle":0.0,"axis":"x","origin":[8.0,-8.885715,7.1]},"faces":{"down":{"uv":[1.0,2.25,2.25,1.75],"rotation":270,"texture":"#0","tintindex":0},"east":{"uv":[0.0,1.75,1.25,0.0],"rotation":0,"texture":"#0","tintindex":0},"north":{"uv":[0.0,3.5,0.5,1.75],"rotation":0,"texture":"#0","tintindex":0},"south":{"uv":[0.5,3.5,1.0,1.75],"rotation":0,"texture":"#0","tintindex":0},"up":{"uv":[1.0,2.25,2.25,2.75],"rotation":90,"texture":"#0","tintindex":0},"west":{"uv":[0.0,1.75,1.25,0.0],"rotation":0,"texture":"#0","tintindex":0}}},{"name":"cube","from":[7.4,12.114286,6.5],"to":[8.6,16.314285,9.5],"rotation":{"angle":0.0,"axis":"x","origin":[8.0,-8.885715,7.1]},"faces":{"down":{"uv":[2.25,2.25,1.0,2.75],"rotation":270,"texture":"#0","tintindex":0},"east":{"uv":[0.0,0.0,1.25,1.75],"rotation":0,"texture":"#0","tintindex":0},"north":{"uv":[0.5,1.75,1.0,3.5],"rotation":0,"texture":"#0","tintindex":0},"south":{"uv":[0.0,1.75,0.5,3.5],"rotation":0,"texture":"#0","tintindex":0},"up":{"uv":[2.25,2.25,1.0,1.75],"rotation":90,"texture":"#0","tintindex":0},"west":{"uv":[0.0,0.0,1.25,1.75],"rotation":0,"texture":"#0","tintindex":0}}},{"name":"cube","from":[7.4,6.114286,6.5],"to":[8.6,10.314286,9.5],"rotation":{"angle":0.0,"axis":"x","origin":[8.0,-8.885715,7.1]},"faces":{"down":{"uv":[2.25,2.25,1.0,2.75],"rotation":270,"texture":"#0","tintindex":0},"east":{"uv":[0.0,0.0,1.25,1.75],"rotation":0,"texture":"#0","tintindex":0},"north":{"uv":[0.5,1.75,1.0,3.5],"rotation":0,"texture":"#0","tintindex":0},"south":{"uv":[0.0,1.75,0.5,3.5],"rotation":0,"texture":"#0","tintindex":0},"up":{"uv":[2.25,2.25,1.0,1.75],"rotation":90,"texture":"#0","tintindex":0},"west":{"uv":[0.0,0.0,1.25,1.75],"rotation":0,"texture":"#0","tintindex":0}}},{"name":"cube inverted","from":[8.6,10.314286,9.5],"to":[7.4,6.114286,6.5],"rotation":{"angle":0.0,"axis":"x","origin":[8.0,-8.885715,7.1]},"faces":{"down":{"uv":[1.0,2.25,2.25,1.75],"rotation":270,"texture":"#0","tintindex":0},"east":{"uv":[0.0,1.75,1.25,0.0],"rotation":0,"texture":"#0","tintindex":0},"north":{"uv":[0.0,3.5,0.5,1.75],"rotation":0,"texture":"#0","tintindex":0},"south":{"uv":[0.5,3.5,1.0,1.75],"rotation":0,"texture":"#0","tintindex":0},"up":{"uv":[1.0,2.25,2.25,2.75],"rotation":90,"texture":"#0","tintindex":0},"west":{"uv":[0.0,1.75,1.25,0.0],"rotation":0,"texture":"#0","tintindex":0}}},{"name":"cube inverted","from":[9.5,7.314286,8.6],"to":[6.5,3.114286,7.4],"rotation":{"angle":0.0,"axis":"x","origin":[7.1,-8.885715,8.0]},"faces":{"down":{"uv":[1.0,2.25,2.25,1.75],"rotation":0,"texture":"#0","tintindex":0},"east":{"uv":[0.5,3.5,1.0,1.75],"rotation":0,"texture":"#0","tintindex":0},"north":{"uv":[0.0,1.75,1.25,0.0],"rotation":0,"texture":"#0","tintindex":0},"south":{"uv":[0.0,1.75,1.25,0.0],"rotation":0,"texture":"#0","tintindex":0},"up":{"uv":[1.0,2.25,2.25,2.75],"rotation":0,"texture":"#0","tintindex":0},"west":{"uv":[0.0,3.5,0.5,1.75],"rotation":0,"texture":"#0","tintindex":0}}},{"name":"cube","from":[6.5,3.114286,7.4],"to":[9.5,7.314286,8.6],"rotation":{"angle":0.0,"axis":"x","origin":[7.1,-8.885715,8.0]},"faces":{"down":{"uv":[2.25,2.25,1.0,2.75],"rotation":0,"texture":"#0","tintindex":0},"east":{"uv":[0.0,1.75,0.5,3.5],"rotation":0,"texture":"#0","tintindex":0},"north":{"uv":[0.0,0.0,1.25,1.75],"rotation":0,"texture":"#0","tintindex":0},"south":{"uv":[0.0,0.0,1.25,1.75],"rotation":0,"texture":"#0","tintindex":0},"up":{"uv":[2.25,2.25,1.0,1.75],"rotation":0,"texture":"#0","tintindex":0},"west":{"uv":[0.5,1.75,1.0,3.5],"rotation":0,"texture":"#0","tintindex":0}}},{"name":"cube","from":[2.2999997,13.914287,7.58],"to":[13.7,22.914288,7.58],"rotation":{"angle":0.0,"axis":"x","origin":[2.8999999,-8.885715,8.18]},"faces":{"down":{"uv":[4.75,0.0,0.0,0.0],"rotation":0,"texture":"#0","tintindex":0},"east":{"uv":[0.0,0.0,0.0,3.75],"rotation":0,"texture":"#0","tintindex":0},"north":{"uv":[4.5,3.75,9.25,7.5],"rotation":0,"texture":"#0","tintindex":0},"south":{"uv":[4.5,3.75,9.25,7.5],"rotation":0,"texture":"#0","tintindex":0},"up":{"uv":[4.75,0.0,0.0,0.0],"rotation":0,"texture":"#0","tintindex":0},"west":{"uv":[0.0,0.0,0.0,3.75],"rotation":0,"texture":"#0","tintindex":0}}},{"name":"cube","from":[2.2999997,13.914287,7.4300003],"to":[13.7,22.914288,7.4300003],"rotation":{"angle":0.0,"axis":"x","origin":[2.8999999,-8.885715,8.18]},"faces":{"down":{"uv":[4.75,0.0,0.0,0.0],"rotation":0,"texture":"#0","tintindex":0},"east":{"uv":[0.0,0.0,0.0,3.75],"rotation":0,"texture":"#0","tintindex":0},"north":{"uv":[4.5,3.75,9.25,7.5],"rotation":0,"texture":"#0","tintindex":0},"south":{"uv":[4.5,3.75,9.25,7.5],"rotation":0,"texture":"#0","tintindex":0},"up":{"uv":[4.75,0.0,0.0,0.0],"rotation":0,"texture":"#0","tintindex":0},"west":{"uv":[0.0,0.0,0.0,3.75],"rotation":0,"texture":"#0","tintindex":0}}},{"name":"cube","from":[2.2999997,13.914287,7.73],"to":[13.7,22.914288,7.73],"rotation":{"angle":0.0,"axis":"x","origin":[2.8999999,-8.885715,8.18]},"faces":{"down":{"uv":[4.75,0.0,0.0,0.0],"rotation":0,"texture":"#0","tintindex":0},"east":{"uv":[0.0,0.0,0.0,3.75],"rotation":0,"texture":"#0","tintindex":0},"north":{"uv":[4.5,3.75,9.25,7.5],"rotation":0,"texture":"#0","tintindex":0},"south":{"uv":[4.5,3.75,9.25,7.5],"rotation":0,"texture":"#0","tintindex":0},"up":{"uv":[4.75,0.0,0.0,0.0],"rotation":0,"texture":"#0","tintindex":0},"west":{"uv":[0.0,0.0,0.0,3.75],"rotation":0,"texture":"#0","tintindex":0}}},{"name":"cube","from":[2.2999997,13.914287,7.28],"to":[13.7,22.914288,7.28],"rotation":{"angle":0.0,"axis":"x","origin":[2.8999999,-8.885715,8.18]},"faces":{"down":{"uv":[4.75,0.0,0.0,0.0],"rotation":0,"texture":"#0","tintindex":0},"east":{"uv":[0.0,0.0,0.0,3.75],"rotation":0,"texture":"#0","tintindex":0},"north":{"uv":[4.5,3.75,9.25,7.5],"rotation":0,"texture":"#0","tintindex":0},"south":{"uv":[4.5,3.75,9.25,7.5],"rotation":0,"texture":"#0","tintindex":0},"up":{"uv":[4.75,0.0,0.0,0.0],"rotation":0,"texture":"#0","tintindex":0},"west":{"uv":[0.0,0.0,0.0,3.75],"rotation":0,"texture":"#0","tintindex":0}}},{"name":"cube","from":[2.2999997,13.914287,7.88],"to":[13.7,22.914288,7.88],"rotation":{"angle":0.0,"axis":"x","origin":[2.8999999,-8.885715,8.18]},"faces":{"down":{"uv":[4.75,0.0,0.0,0.0],"rotation":0,"texture":"#0","tintindex":0},"east":{"uv":[0.0,0.0,0.0,3.75],"rotation":0,"texture":"#0","tintindex":0},"north":{"uv":[4.5,3.75,9.25,7.5],"rotation":0,"texture":"#0","tintindex":0},"south":{"uv":[4.5,3.75,9.25,7.5],"rotation":0,"texture":"#0","tintindex":0},"up":{"uv":[4.75,0.0,0.0,0.0],"rotation":0,"texture":"#0","tintindex":0},"west":{"uv":[0.0,0.0,0.0,3.75],"rotation":0,"texture":"#0","tintindex":0}}},{"name":"cube","from":[2.2999997,13.914287,8.719999],"to":[13.7,22.914288,8.719999],"rotation":{"angle":0.0,"axis":"x","origin":[2.8999999,-8.885715,8.18]},"faces":{"down":{"uv":[4.75,0.0,0.0,0.0],"rotation":0,"texture":"#0","tintindex":0},"east":{"uv":[0.0,0.0,0.0,3.75],"rotation":0,"texture":"#0","tintindex":0},"north":{"uv":[4.5,3.75,9.25,7.5],"rotation":0,"texture":"#0","tintindex":0},"south":{"uv":[4.5,3.75,9.25,7.5],"rotation":0,"texture":"#0","tintindex":0},"up":{"uv":[4.75,0.0,0.0,0.0],"rotation":0,"texture":"#0","tintindex":0},"west":{"uv":[0.0,0.0,0.0,3.75],"rotation":0,"texture":"#0","tintindex":0}}},{"name":"cube","from":[2.2999997,13.914287,8.12],"to":[13.7,22.914288,8.12],"rotation":{"angle":0.0,"axis":"x","origin":[2.8999999,-8.885715,8.18]},"faces":{"down":{"uv":[4.75,0.0,0.0,0.0],"rotation":0,"texture":"#0","tintindex":0},"east":{"uv":[0.0,0.0,0.0,3.75],"rotation":0,"texture":"#0","tintindex":0},"north":{"uv":[4.5,3.75,9.25,7.5],"rotation":0,"texture":"#0","tintindex":0},"south":{"uv":[4.5,3.75,9.25,7.5],"rotation":0,"texture":"#0","tintindex":0},"up":{"uv":[4.75,0.0,0.0,0.0],"rotation":0,"texture":"#0","tintindex":0},"west":{"uv":[0.0,0.0,0.0,3.75],"rotation":0,"texture":"#0","tintindex":0}}},{"name":"cube","from":[2.2999997,13.914287,8.57],"to":[13.7,22.914288,8.57],"rotation":{"angle":0.0,"axis":"x","origin":[2.8999999,-8.885715,8.18]},"faces":{"down":{"uv":[4.75,0.0,0.0,0.0],"rotation":0,"texture":"#0","tintindex":0},"east":{"uv":[0.0,0.0,0.0,3.75],"rotation":0,"texture":"#0","tintindex":0},"north":{"uv":[4.5,3.75,9.25,7.5],"rotation":0,"texture":"#0","tintindex":0},"south":{"uv":[4.5,3.75,9.25,7.5],"rotation":0,"texture":"#0","tintindex":0},"up":{"uv":[4.75,0.0,0.0,0.0],"rotation":0,"texture":"#0","tintindex":0},"west":{"uv":[0.0,0.0,0.0,3.75],"rotation":0,"texture":"#0","tintindex":0}}},{"name":"cube","from":[2.2999997,13.914287,8.27],"to":[13.7,22.914288,8.27],"rotation":{"angle":0.0,"axis":"x","origin":[2.8999999,-8.885715,8.18]},"faces":{"down":{"uv":[4.75,0.0,0.0,0.0],"rotation":0,"texture":"#0","tintindex":0},"east":{"uv":[0.0,0.0,0.0,3.75],"rotation":0,"texture":"#0","tintindex":0},"north":{"uv":[4.5,3.75,9.25,7.5],"rotation":0,"texture":"#0","tintindex":0},"south":{"uv":[4.5,3.75,9.25,7.5],"rotation":0,"texture":"#0","tintindex":0},"up":{"uv":[4.75,0.0,0.0,0.0],"rotation":0,"texture":"#0","tintindex":0},"west":{"uv":[0.0,0.0,0.0,3.75],"rotation":0,"texture":"#0","tintindex":0}}},{"name":"cube","from":[2.2999997,13.914287,8.42],"to":[13.7,22.914288,8.42],"rotation":{"angle":0.0,"axis":"x","origin":[2.8999999,-8.885715,8.18]},"faces":{"down":{"uv":[4.75,0.0,0.0,0.0],"rotation":0,"texture":"#0","tintindex":0},"east":{"uv":[0.0,0.0,0.0,3.75],"rotation":0,"texture":"#0","tintindex":0},"north":{"uv":[4.5,3.75,9.25,7.5],"rotation":0,"texture":"#0","tintindex":0},"south":{"uv":[4.5,3.75,9.25,7.5],"rotation":0,"texture":"#0","tintindex":0},"up":{"uv":[4.75,0.0,0.0,0.0],"rotation":0,"texture":"#0","tintindex":0},"west":{"uv":[0.0,0.0,0.0,3.75],"rotation":0,"texture":"#0","tintindex":0}}}],"display":{"head":{"translation":[0.0,-6.4,0.0],"rotation":[0.0,0.0,0.0],"scale":[3.8095,3.8095,3.8095]}}}