{
  "parent": "minecraft:item/generated",
  "textures": {
    "layer0": "minecraft:item/blaze_rod"
 },
    "overrides": [
        { "predicate": {"custom_model_data": 1},"model": "season1/misc/strixkey"},
        { "predicate": {"custom_model_data": 2},"model": "season1/misc/holykey"},
        { "predicate": {"custom_model_data": 3},"model": "season1/misc/spawnerkey"},
        { "predicate": {"custom_model_data": 4},"model": "season1/misc/demonickey"},
        { "predicate": {"custom_model_data": 5},"model": "valentines/cosmetics/valentinekey"},
        { "predicate": {"custom_model_data": 6},"model": "march/cosmetics/shamrock_key"},
        { "predicate": {"custom_model_data": 99},"model": "march/cosmetics/leprechaun_cane"},
        { "predicate": {"custom_model_data": 100},"model": "season1/misc/money_wand"}
    ]
}