{
  "parent": "minecraft:item/generated",
  "textures": {
    "layer0": "minecraft:item/book"
  },
  "overrides": [
    {
      "predicate": {
        "custom_model_data": 1
      },
      "model": "season1/misc/divine_book"
    },
    {
      "predicate": {
        "custom_model_data": 2
      },
      "model": "season1/misc/mythical_book"
    },
    {
      "predicate": {
        "custom_model_data": 3
      },
      "model": "season1/misc/celestial_book"
    },
    {
      "predicate": {
        "custom_model_data": 4
      },
      "model": "season1/misc/enchant_fragment"
    },
    {
      "predicate": {
        "custom_model_data": 5
      },
      "model": "season1/misc/openbook"
    }
  ]
}