{
  "parent": "minecraft:item/handheld",
  "textures": {
    "layer0": "minecraft:item/feather"
  },
    "overrides": [
        { "predicate": {"custom_model_data": 1}, "model": "item/toffy/gems/toffy_redgem"},
		{ "predicate": {"custom_model_data": 2}, "model": "item/toffy/gems/toffy_blackgem"},
		{ "predicate": {"custom_model_data": 3}, "model": "item/toffy/gems/toffy_whitegem"},
		{ "predicate": {"custom_model_data": 4}, "model": "item/toffy/gems/toffy_purplegem"},
		{ "predicate": {"custom_model_data": 5}, "model": "item/toffy/gems/toffy_yellowgem"},
		{ "predicate": {"custom_model_data": 6}, "model": "item/toffy/gems/toffy_browngem"},
		{ "predicate": {"custom_model_data": 7}, "model": "item/toffy/gems/toffy_greengem"},
		{ "predicate": {"custom_model_data": 8}, "model": "item/toffy/gems/toffy_cyangem"},
		{ "predicate": {"custom_model_data": 9}, "model": "item/toffy/gems/toffy_bluegem"},
		{ "predicate": {"custom_model_data": 10}, "model": "item/toffy/gems/toffy_orangegem"},
		{ "predicate": {"custom_model_data": 100}, "model": "valentines/cosmetics/lovechest"},
		{ "predicate": {"custom_model_data": 101}, "model": "march/cosmetics/crate"}

    ]
}