{
    "parent": "item/handheld_rod",
    "textures": {
        "layer0": "item/fishing_rod"
    },
    "overrides": [
        {
            "predicate": {
                "cast": 1
            },
            "model": "item/fishing_rod_cast"
        },
        { "predicate": {"custom_model_data": 1}, "model": "season1/tools/blossom_fishing_rod"},
        { "predicate": {"cast": 1, "custom_model_data": 1}, "model": "season1/tools/blossom_fishing_rod_cast"},
        { "predicate": {"custom_model_data": 2}, "model": "valentines/tools/cupid_rod"},
        { "predicate": {"cast": 1, "custom_model_data": 2}, "model": "valentines/tools/cupid_rod_cast"}

    ]
}
