{
  "parent": "item/generated",
  "textures": {
    "layer0": "item/leather_leggings",
    "layer1": "item/leather_leggings_overlay"
  },
  "overrides": [
        { "predicate": {"custom_model_data": 1}, "model": "minecraft:valentines/rankup/armor/archer_leggings"},
        { "predicate": {"custom_model_data": 2}, "model": "minecraft:valentines/rankup/armor/assassin_leggings"},
        { "predicate": {"custom_model_data": 3}, "model": "minecraft:valentines/rankup/armor/mage_leggings"},
        { "predicate": {"custom_model_data": 4}, "model": "minecraft:season1/armor/blossom_leggings"},
        { "predicate": {"custom_model_data": 5}, "model": "minecraft:valentines/armor/valentines_leggings"},
        { "predicate": {"custom_model_data": 6}, "model": "minecraft:march/armor/march_leggings"}
  ]
}