{"data":252,"parent":"item/generated","textures":{"layer0":"item/leather_horse_armor"},"overrides":[{"predicate":{"custom_model_data":1},"model":"modelengine:cerberus/chain"},{"predicate":{"custom_model_data":2},"model":"modelengine:cerberus/left_paw"},{"predicate":{"custom_model_data":3},"model":"modelengine:cerberus/left_arm2"},{"predicate":{"custom_model_data":4},"model":"modelengine:cerberus/left_chain"},{"predicate":{"custom_model_data":5},"model":"modelengine:cerberus/left_arm"},{"predicate":{"custom_model_data":6},"model":"modelengine:cerberus/right_paw"},{"predicate":{"custom_model_data":7},"model":"modelengine:cerberus/right_arm2"},{"predicate":{"custom_model_data":8},"model":"modelengine:cerberus/right_chain"},{"predicate":{"custom_model_data":9},"model":"modelengine:cerberus/right_arm"},{"predicate":{"custom_model_data":10},"model":"modelengine:cerberus/right_mouth"},{"predicate":{"custom_model_data":11},"model":"modelengine:cerberus/right_head"},{"predicate":{"custom_model_data":12},"model":"modelengine:cerberus/right_neck"},{"predicate":{"custom_model_data":13},"model":"modelengine:cerberus/left_mouth"},{"predicate":{"custom_model_data":14},"model":"modelengine:cerberus/left_head"},{"predicate":{"custom_model_data":15},"model":"modelengine:cerberus/left_neck"},{"predicate":{"custom_model_data":16},"model":"modelengine:cerberus/mid_mouth"},{"predicate":{"custom_model_data":17},"model":"modelengine:cerberus/mid_head"},{"predicate":{"custom_model_data":18},"model":"modelengine:cerberus/mid_neck"},{"predicate":{"custom_model_data":19},"model":"modelengine:cerberus/upper"},{"predicate":{"custom_model_data":20},"model":"modelengine:cerberus/tail3"},{"predicate":{"custom_model_data":21},"model":"modelengine:cerberus/tail2"},{"predicate":{"custom_model_data":22},"model":"modelengine:cerberus/tail"},{"predicate":{"custom_model_data":23},"model":"modelengine:cerberus/left_backpaw"},{"predicate":{"custom_model_data":24},"model":"modelengine:cerberus/left_backleg3"},{"predicate":{"custom_model_data":25},"model":"modelengine:cerberus/left_backleg2"},{"predicate":{"custom_model_data":26},"model":"modelengine:cerberus/left_backleg"},{"predicate":{"custom_model_data":27},"model":"modelengine:cerberus/right_backpaw"},{"predicate":{"custom_model_data":28},"model":"modelengine:cerberus/right_backleg3"},{"predicate":{"custom_model_data":29},"model":"modelengine:cerberus/right_backleg2"},{"predicate":{"custom_model_data":30},"model":"modelengine:cerberus/right_backleg"},{"predicate":{"custom_model_data":31},"model":"modelengine:cerberus/main"},{"predicate":{"custom_model_data":32},"model":"modelengine:cerberus_chain/main"},{"predicate":{"custom_model_data":33},"model":"modelengine:demon/bone5"},{"predicate":{"custom_model_data":34},"model":"modelengine:demon/bone4"},{"predicate":{"custom_model_data":35},"model":"modelengine:demon/head"},{"predicate":{"custom_model_data":36},"model":"modelengine:demon/la2"},{"predicate":{"custom_model_data":37},"model":"modelengine:demon/la1"},{"predicate":{"custom_model_data":38},"model":"modelengine:demon/leftarm"},{"predicate":{"custom_model_data":39},"model":"modelengine:demon/bone"},{"predicate":{"custom_model_data":40},"model":"modelengine:demon/ra2"},{"predicate":{"custom_model_data":41},"model":"modelengine:demon/ra1"},{"predicate":{"custom_model_data":42},"model":"modelengine:demon/rightarm"},{"predicate":{"custom_model_data":43},"model":"modelengine:demon/bone2"},{"predicate":{"custom_model_data":44},"model":"modelengine:demon/bone3"},{"predicate":{"custom_model_data":45},"model":"modelengine:demon/b1"},{"predicate":{"custom_model_data":46},"model":"modelengine:demon/hv3"},{"predicate":{"custom_model_data":47},"model":"modelengine:demon/hv2"},{"predicate":{"custom_model_data":48},"model":"modelengine:demon/hv1"},{"predicate":{"custom_model_data":49},"model":"modelengine:demon/ll1"},{"predicate":{"custom_model_data":50},"model":"modelengine:demon/leftleg"},{"predicate":{"custom_model_data":51},"model":"modelengine:demon/rl1"},{"predicate":{"custom_model_data":52},"model":"modelengine:demon/rightleg"},{"predicate":{"custom_model_data":53},"model":"modelengine:demon/body"},{"predicate":{"custom_model_data":54},"model":"modelengine:discord1/righth"},{"predicate":{"custom_model_data":55},"model":"modelengine:discord1/lefth"},{"predicate":{"custom_model_data":56},"model":"modelengine:discord1/body"},{"predicate":{"custom_model_data":57},"model":"modelengine:discord1/list3"},{"predicate":{"custom_model_data":58},"model":"modelengine:discord1/list2"},{"predicate":{"custom_model_data":59},"model":"modelengine:discord1/list1"},{"predicate":{"custom_model_data":60},"model":"modelengine:discord1/eyes"},{"predicate":{"custom_model_data":61},"model":"modelengine:discord1/eyes2"},{"predicate":{"custom_model_data":62},"model":"modelengine:discord1/head"},{"predicate":{"custom_model_data":63},"model":"modelengine:discord1/leftl"},{"predicate":{"custom_model_data":64},"model":"modelengine:discord1/rightl"},{"predicate":{"custom_model_data":65},"model":"modelengine:discord2/handles"},{"predicate":{"custom_model_data":66},"model":"modelengine:discord2/wingr"},{"predicate":{"custom_model_data":67},"model":"modelengine:discord2/downr"},{"predicate":{"custom_model_data":68},"model":"modelengine:discord2/topr"},{"predicate":{"custom_model_data":69},"model":"modelengine:discord2/wingl"},{"predicate":{"custom_model_data":70},"model":"modelengine:discord2/downl"},{"predicate":{"custom_model_data":71},"model":"modelengine:discord2/topl"},{"predicate":{"custom_model_data":72},"model":"modelengine:discord2/base"},{"predicate":{"custom_model_data":73},"model":"modelengine:discord2/jetpack"},{"predicate":{"custom_model_data":74},"model":"modelengine:discord2/righth"},{"predicate":{"custom_model_data":75},"model":"modelengine:discord2/lefth"},{"predicate":{"custom_model_data":76},"model":"modelengine:discord2/body"},{"predicate":{"custom_model_data":77},"model":"modelengine:discord2/ears"},{"predicate":{"custom_model_data":78},"model":"modelengine:discord2/helmet"},{"predicate":{"custom_model_data":79},"model":"modelengine:discord2/eyes"},{"predicate":{"custom_model_data":80},"model":"modelengine:discord2/eyes2"},{"predicate":{"custom_model_data":81},"model":"modelengine:discord2/head"},{"predicate":{"custom_model_data":82},"model":"modelengine:discord2/leftl"},{"predicate":{"custom_model_data":83},"model":"modelengine:discord2/rightl"},{"predicate":{"custom_model_data":84},"model":"modelengine:lord_demon/leg_armor1"},{"predicate":{"custom_model_data":85},"model":"modelengine:lord_demon/feet1"},{"predicate":{"custom_model_data":86},"model":"modelengine:lord_demon/leg1_1"},{"predicate":{"custom_model_data":87},"model":"modelengine:lord_demon/leg_armor4"},{"predicate":{"custom_model_data":88},"model":"modelengine:lord_demon/leg1"},{"predicate":{"custom_model_data":89},"model":"modelengine:lord_demon/leg_armor3"},{"predicate":{"custom_model_data":90},"model":"modelengine:lord_demon/feet2"},{"predicate":{"custom_model_data":91},"model":"modelengine:lord_demon/leg_armor2"},{"predicate":{"custom_model_data":92},"model":"modelengine:lord_demon/leg1_2"},{"predicate":{"custom_model_data":93},"model":"modelengine:lord_demon/leg2"},{"predicate":{"custom_model_data":94},"model":"modelengine:lord_demon/cape3_1"},{"predicate":{"custom_model_data":95},"model":"modelengine:lord_demon/cape3"},{"predicate":{"custom_model_data":96},"model":"modelengine:lord_demon/cape2"},{"predicate":{"custom_model_data":97},"model":"modelengine:lord_demon/cape1"},{"predicate":{"custom_model_data":98},"model":"modelengine:lord_demon/head"},{"predicate":{"custom_model_data":99},"model":"modelengine:lord_demon/arm1_armor"},{"predicate":{"custom_model_data":100},"model":"modelengine:lord_demon/sword"},{"predicate":{"custom_model_data":101},"model":"modelengine:lord_demon/arm1_armor1"},{"predicate":{"custom_model_data":102},"model":"modelengine:lord_demon/arm1_1"},{"predicate":{"custom_model_data":103},"model":"modelengine:lord_demon/arm1"},{"predicate":{"custom_model_data":104},"model":"modelengine:lord_demon/arm2_armor1"},{"predicate":{"custom_model_data":105},"model":"modelengine:lord_demon/arm1_2"},{"predicate":{"custom_model_data":106},"model":"modelengine:lord_demon/arm2_armor"},{"predicate":{"custom_model_data":107},"model":"modelengine:lord_demon/arm2"},{"predicate":{"custom_model_data":108},"model":"modelengine:lord_demon/back_cape1"},{"predicate":{"custom_model_data":109},"model":"modelengine:lord_demon/back_cape"},{"predicate":{"custom_model_data":110},"model":"modelengine:lord_demon/body_armor"},{"predicate":{"custom_model_data":111},"model":"modelengine:lord_demon/body"},{"predicate":{"custom_model_data":112},"model":"modelengine:lord_demon_claw/claw1"},{"predicate":{"custom_model_data":113},"model":"modelengine:lord_demon_claw/claw3"},{"predicate":{"custom_model_data":114},"model":"modelengine:lord_demon_claw/claw2"},{"predicate":{"custom_model_data":115},"model":"modelengine:minion_melee/arm1_2"},{"predicate":{"custom_model_data":116},"model":"modelengine:minion_melee/arm2"},{"predicate":{"custom_model_data":117},"model":"modelengine:minion_melee/head"},{"predicate":{"custom_model_data":118},"model":"modelengine:minion_melee/sword"},{"predicate":{"custom_model_data":119},"model":"modelengine:minion_melee/arm1_1"},{"predicate":{"custom_model_data":120},"model":"modelengine:minion_melee/arm1"},{"predicate":{"custom_model_data":121},"model":"modelengine:minion_melee/tail1"},{"predicate":{"custom_model_data":122},"model":"modelengine:minion_melee/tail"},{"predicate":{"custom_model_data":123},"model":"modelengine:minion_melee/body"},{"predicate":{"custom_model_data":124},"model":"modelengine:minion_melee/feet1"},{"predicate":{"custom_model_data":125},"model":"modelengine:minion_melee/leg1_1"},{"predicate":{"custom_model_data":126},"model":"modelengine:minion_melee/leg1"},{"predicate":{"custom_model_data":127},"model":"modelengine:minion_melee/feet2"},{"predicate":{"custom_model_data":128},"model":"modelengine:minion_melee/leg1_2"},{"predicate":{"custom_model_data":129},"model":"modelengine:minion_melee/leg2"},{"predicate":{"custom_model_data":130},"model":"modelengine:minion_ranged/arm1_2"},{"predicate":{"custom_model_data":131},"model":"modelengine:minion_ranged/arm2"},{"predicate":{"custom_model_data":132},"model":"modelengine:minion_ranged/head"},{"predicate":{"custom_model_data":133},"model":"modelengine:minion_ranged/bow"},{"predicate":{"custom_model_data":134},"model":"modelengine:minion_ranged/arm1_1"},{"predicate":{"custom_model_data":135},"model":"modelengine:minion_ranged/arm1"},{"predicate":{"custom_model_data":136},"model":"modelengine:minion_ranged/tail1"},{"predicate":{"custom_model_data":137},"model":"modelengine:minion_ranged/tail"},{"predicate":{"custom_model_data":138},"model":"modelengine:minion_ranged/body"},{"predicate":{"custom_model_data":139},"model":"modelengine:minion_ranged/feet1"},{"predicate":{"custom_model_data":140},"model":"modelengine:minion_ranged/leg1_1"},{"predicate":{"custom_model_data":141},"model":"modelengine:minion_ranged/leg1"},{"predicate":{"custom_model_data":142},"model":"modelengine:minion_ranged/feet2"},{"predicate":{"custom_model_data":143},"model":"modelengine:minion_ranged/leg1_2"},{"predicate":{"custom_model_data":144},"model":"modelengine:minion_ranged/leg2"},{"predicate":{"custom_model_data":145},"model":"modelengine:nocsy_fpv2_boss/left_foot"},{"predicate":{"custom_model_data":146},"model":"modelengine:nocsy_fpv2_boss/left_tibia"},{"predicate":{"custom_model_data":147},"model":"modelengine:nocsy_fpv2_boss/left_leg"},{"predicate":{"custom_model_data":148},"model":"modelengine:nocsy_fpv2_boss/right_foot"},{"predicate":{"custom_model_data":149},"model":"modelengine:nocsy_fpv2_boss/right_tibia"},{"predicate":{"custom_model_data":150},"model":"modelengine:nocsy_fpv2_boss/right_leg"},{"predicate":{"custom_model_data":151},"model":"modelengine:nocsy_fpv2_boss/hips"},{"predicate":{"custom_model_data":152},"model":"modelengine:nocsy_fpv2_boss/hoodie"},{"predicate":{"custom_model_data":153},"model":"modelengine:nocsy_fpv2_boss/jaw"},{"predicate":{"custom_model_data":154},"model":"modelengine:nocsy_fpv2_boss/head"},{"predicate":{"custom_model_data":155},"model":"modelengine:nocsy_fpv2_boss/proj_left_foot"},{"predicate":{"custom_model_data":156},"model":"modelengine:nocsy_fpv2_boss/proj__left_leg"},{"predicate":{"custom_model_data":157},"model":"modelengine:nocsy_fpv2_boss/proj_right_foot"},{"predicate":{"custom_model_data":158},"model":"modelengine:nocsy_fpv2_boss/proj_right_leg"},{"predicate":{"custom_model_data":159},"model":"modelengine:nocsy_fpv2_boss/proj_hips"},{"predicate":{"custom_model_data":160},"model":"modelengine:nocsy_fpv2_boss/proj_left_forearm"},{"predicate":{"custom_model_data":161},"model":"modelengine:nocsy_fpv2_boss/proj_left_arm"},{"predicate":{"custom_model_data":162},"model":"modelengine:nocsy_fpv2_boss/proj_right_forearm"},{"predicate":{"custom_model_data":163},"model":"modelengine:nocsy_fpv2_boss/proj_right_arm"},{"predicate":{"custom_model_data":164},"model":"modelengine:nocsy_fpv2_boss/proj_h_machoire"},{"predicate":{"custom_model_data":165},"model":"modelengine:nocsy_fpv2_boss/proj_h_head"},{"predicate":{"custom_model_data":166},"model":"modelengine:nocsy_fpv2_boss/proj_chest"},{"predicate":{"custom_model_data":167},"model":"modelengine:nocsy_fpv2_boss/left_forearm"},{"predicate":{"custom_model_data":168},"model":"modelengine:nocsy_fpv2_boss/left_shoulder"},{"predicate":{"custom_model_data":169},"model":"modelengine:nocsy_fpv2_boss/shovel_hand"},{"predicate":{"custom_model_data":170},"model":"modelengine:nocsy_fpv2_boss/right_forearm"},{"predicate":{"custom_model_data":171},"model":"modelengine:nocsy_fpv2_boss/right_shoulder"},{"predicate":{"custom_model_data":172},"model":"modelengine:nocsy_fpv2_boss/chest"},{"predicate":{"custom_model_data":173},"model":"modelengine:nocsy_fpv2_dog/end_tail"},{"predicate":{"custom_model_data":174},"model":"modelengine:nocsy_fpv2_dog/tail"},{"predicate":{"custom_model_data":175},"model":"modelengine:nocsy_fpv2_dog/jaw"},{"predicate":{"custom_model_data":176},"model":"modelengine:nocsy_fpv2_dog/head"},{"predicate":{"custom_model_data":177},"model":"modelengine:nocsy_fpv2_dog/chest"},{"predicate":{"custom_model_data":178},"model":"modelengine:nocsy_fpv2_dog/right_foot"},{"predicate":{"custom_model_data":179},"model":"modelengine:nocsy_fpv2_dog/right_tibia"},{"predicate":{"custom_model_data":180},"model":"modelengine:nocsy_fpv2_dog/leg_right"},{"predicate":{"custom_model_data":181},"model":"modelengine:nocsy_fpv2_dog/left_foot"},{"predicate":{"custom_model_data":182},"model":"modelengine:nocsy_fpv2_dog/left_tibia"},{"predicate":{"custom_model_data":183},"model":"modelengine:nocsy_fpv2_dog/leg_left"},{"predicate":{"custom_model_data":184},"model":"modelengine:nocsy_fpv2_ghost/left_hand"},{"predicate":{"custom_model_data":185},"model":"modelengine:nocsy_fpv2_ghost/left_arm"},{"predicate":{"custom_model_data":186},"model":"modelengine:nocsy_fpv2_ghost/right_hand"},{"predicate":{"custom_model_data":187},"model":"modelengine:nocsy_fpv2_ghost/right_arm"},{"predicate":{"custom_model_data":188},"model":"modelengine:nocsy_fpv2_ghost/tail_end"},{"predicate":{"custom_model_data":189},"model":"modelengine:nocsy_fpv2_ghost/tail_mid"},{"predicate":{"custom_model_data":190},"model":"modelengine:nocsy_fpv2_ghost/tail"},{"predicate":{"custom_model_data":191},"model":"modelengine:nocsy_fpv2_ghost/jaw"},{"predicate":{"custom_model_data":192},"model":"modelengine:nocsy_fpv2_ghost/head"},{"predicate":{"custom_model_data":193},"model":"modelengine:nocsy_fpv2_ghost/body"},{"predicate":{"custom_model_data":194},"model":"modelengine:nocsy_fpv2_ghoul/left_foot"},{"predicate":{"custom_model_data":195},"model":"modelengine:nocsy_fpv2_ghoul/left_leg"},{"predicate":{"custom_model_data":196},"model":"modelengine:nocsy_fpv2_ghoul/right_foot"},{"predicate":{"custom_model_data":197},"model":"modelengine:nocsy_fpv2_ghoul/right_leg"},{"predicate":{"custom_model_data":198},"model":"modelengine:nocsy_fpv2_ghoul/hips"},{"predicate":{"custom_model_data":199},"model":"modelengine:nocsy_fpv2_ghoul/left_forearm"},{"predicate":{"custom_model_data":200},"model":"modelengine:nocsy_fpv2_ghoul/left_arm"},{"predicate":{"custom_model_data":201},"model":"modelengine:nocsy_fpv2_ghoul/right_forearm"},{"predicate":{"custom_model_data":202},"model":"modelengine:nocsy_fpv2_ghoul/right_arm"},{"predicate":{"custom_model_data":203},"model":"modelengine:nocsy_fpv2_ghoul/machoire"},{"predicate":{"custom_model_data":204},"model":"modelengine:nocsy_fpv2_ghoul/head"},{"predicate":{"custom_model_data":205},"model":"modelengine:nocsy_fpv2_ghoul/chest"},{"predicate":{"custom_model_data":206},"model":"modelengine:nocsy_fpv2_ghoul_crash/left_foot"},{"predicate":{"custom_model_data":207},"model":"modelengine:nocsy_fpv2_ghoul_crash/left_leg"},{"predicate":{"custom_model_data":208},"model":"modelengine:nocsy_fpv2_ghoul_crash/right_foot"},{"predicate":{"custom_model_data":209},"model":"modelengine:nocsy_fpv2_ghoul_crash/right_leg"},{"predicate":{"custom_model_data":210},"model":"modelengine:nocsy_fpv2_ghoul_crash/hips"},{"predicate":{"custom_model_data":211},"model":"modelengine:nocsy_fpv2_ghoul_crash/left_forearm"},{"predicate":{"custom_model_data":212},"model":"modelengine:nocsy_fpv2_ghoul_crash/left_arm"},{"predicate":{"custom_model_data":213},"model":"modelengine:nocsy_fpv2_ghoul_crash/right_forearm"},{"predicate":{"custom_model_data":214},"model":"modelengine:nocsy_fpv2_ghoul_crash/right_arm"},{"predicate":{"custom_model_data":215},"model":"modelengine:nocsy_fpv2_ghoul_crash/machoire"},{"predicate":{"custom_model_data":216},"model":"modelengine:nocsy_fpv2_ghoul_crash/head"},{"predicate":{"custom_model_data":217},"model":"modelengine:nocsy_fpv2_ghoul_crash/chest"},{"predicate":{"custom_model_data":218},"model":"modelengine:nocsy_fpv2_ghoul_grave/left_foot"},{"predicate":{"custom_model_data":219},"model":"modelengine:nocsy_fpv2_ghoul_grave/left_leg"},{"predicate":{"custom_model_data":220},"model":"modelengine:nocsy_fpv2_ghoul_grave/right_foot"},{"predicate":{"custom_model_data":221},"model":"modelengine:nocsy_fpv2_ghoul_grave/right_leg"},{"predicate":{"custom_model_data":222},"model":"modelengine:nocsy_fpv2_ghoul_grave/hips"},{"predicate":{"custom_model_data":223},"model":"modelengine:nocsy_fpv2_ghoul_grave/left_forearm"},{"predicate":{"custom_model_data":224},"model":"modelengine:nocsy_fpv2_ghoul_grave/left_arm"},{"predicate":{"custom_model_data":225},"model":"modelengine:nocsy_fpv2_ghoul_grave/right_forearm"},{"predicate":{"custom_model_data":226},"model":"modelengine:nocsy_fpv2_ghoul_grave/right_arm"},{"predicate":{"custom_model_data":227},"model":"modelengine:nocsy_fpv2_ghoul_grave/machoire"},{"predicate":{"custom_model_data":228},"model":"modelengine:nocsy_fpv2_ghoul_grave/head"},{"predicate":{"custom_model_data":229},"model":"modelengine:nocsy_fpv2_ghoul_grave/chest"},{"predicate":{"custom_model_data":230},"model":"modelengine:nocsy_fpv2_ghoul_projectile/proj_left_foot"},{"predicate":{"custom_model_data":231},"model":"modelengine:nocsy_fpv2_ghoul_projectile/proj_left_leg"},{"predicate":{"custom_model_data":232},"model":"modelengine:nocsy_fpv2_ghoul_projectile/proj_right_foot"},{"predicate":{"custom_model_data":233},"model":"modelengine:nocsy_fpv2_ghoul_projectile/proj_right_leg"},{"predicate":{"custom_model_data":234},"model":"modelengine:nocsy_fpv2_ghoul_projectile/proj_hips"},{"predicate":{"custom_model_data":235},"model":"modelengine:nocsy_fpv2_ghoul_projectile/proj_left_forearm"},{"predicate":{"custom_model_data":236},"model":"modelengine:nocsy_fpv2_ghoul_projectile/proj_left_arm"},{"predicate":{"custom_model_data":237},"model":"modelengine:nocsy_fpv2_ghoul_projectile/proj_right_forearm"},{"predicate":{"custom_model_data":238},"model":"modelengine:nocsy_fpv2_ghoul_projectile/proj_right_arm"},{"predicate":{"custom_model_data":239},"model":"modelengine:nocsy_fpv2_ghoul_projectile/proj_h_machoire"},{"predicate":{"custom_model_data":240},"model":"modelengine:nocsy_fpv2_ghoul_projectile/proj_h_head"},{"predicate":{"custom_model_data":241},"model":"modelengine:nocsy_fpv2_ghoul_projectile/proj_chest"},{"predicate":{"custom_model_data":242},"model":"modelengine:nocsy_fpv2_slender/jaw"},{"predicate":{"custom_model_data":243},"model":"modelengine:nocsy_fpv2_slender/head"},{"predicate":{"custom_model_data":244},"model":"modelengine:nocsy_fpv2_slender/left_forearm"},{"predicate":{"custom_model_data":245},"model":"modelengine:nocsy_fpv2_slender/left_arm"},{"predicate":{"custom_model_data":246},"model":"modelengine:nocsy_fpv2_slender/right_forearm"},{"predicate":{"custom_model_data":247},"model":"modelengine:nocsy_fpv2_slender/right_arm"},{"predicate":{"custom_model_data":248},"model":"modelengine:nocsy_fpv2_slender/chest"},{"predicate":{"custom_model_data":249},"model":"modelengine:nocsy_fpv2_slender/spine"},{"predicate":{"custom_model_data":250},"model":"modelengine:nocsy_fpv2_slender/leg"},{"predicate":{"custom_model_data":251},"model":"modelengine:nocsy_fpv2_tombstone/tombstone"},{"predicate":{"custom_model_data":252},"model":"modelengine:nocsy_fpv2_tombstone2/tombstone"}]}