{
  "parent": "item/generated",
  "textures": {
    "layer0": "item/leather_boots",
    "layer1": "item/leather_boots_overlay"
  },
  "overrides": [
        { "predicate": {"custom_model_data": 1}, "model": "minecraft:valentines/rankup/armor/archer_boots"},
        { "predicate": {"custom_model_data": 2}, "model": "minecraft:valentines/rankup/armor/assassin_boots"},
        { "predicate": {"custom_model_data": 3}, "model": "minecraft:valentines/rankup/armor/mage_boots"},
        { "predicate": {"custom_model_data": 4}, "model": "minecraft:season1/armor/blossom_boots"},
        { "predicate": {"custom_model_data": 5}, "model": "minecraft:valentines/armor/valentines_boots"},
        { "predicate": {"custom_model_data": 6}, "model": "minecraft:march/armor/march_boots"}

    ]
}