{
  "parent": "minecraft:item/handheld",
  "textures": {
    "layer0": "minecraft:item/netherite_pickaxe"
  },
  "overrides": [
        { "predicate": {"custom_model_data": 1}, "model": "season1/tools/blossom_pickaxe"},
        { "predicate": {"custom_model_data": 2}, "model": "season1/tools/fire_pickaxe"},
        { "predicate": {"custom_model_data": 3}, "model": "valentines/koth/nebula_pickaxe"},
        { "predicate": {"custom_model_data": 4}, "model": "valentines/tools/chocolate_pickaxe"},
        { "predicate": {"custom_model_data": 5}, "model": "march/tools/rainbow_pickaxe"}
  ]
}
