{
  "parent": "minecraft:item/handheld",
  "textures": {
    "layer0": "minecraft:item/netherite_sword"
  },
  "overrides": [
        { "predicate": {"custom_model_data": 1}, "model": "season1/tools/blossom_sword"},
        { "predicate": {"custom_model_data": 2}, "model": "season1/tools/fire_sword"},
        { "predicate": {"custom_model_data": 3}, "model": "valentines/rankup/assassin_blade"},
        { "predicate": {"custom_model_data": 4}, "model": "valentines/rankup/warrior_sword"},
        { "predicate": {"custom_model_data": 5}, "model": "valentines/tools/heart_sword"}       
  ]
}
