{
  "parent": "minecraft:item/generated",
  "textures": {
    "layer0": "minecraft:item/paper"
  },
  "overrides": [
        { "predicate": {"custom_model_data": 1}, "model": "item/badges/misc/moneynote"},
        { "predicate": {"custom_model_data": 2}, "model": "item/badges/misc/coin"},
        { "predicate": {"custom_model_data": 3}, "model": "valentines/cosmetics/bs_box_of_chocolates"},
        { "predicate": {"custom_model_data": 4}, "model": "valentines/cosmetics/bs_heart_glasses"},
        { "predicate": {"custom_model_data": 5}, "model": "valentines/cosmetics/bs_love_teddy_bear"},
        { "predicate": {"custom_model_data": 6}, "model": "valentines/cosmetics/bs_ring_box"},
        { "predicate": {"custom_model_data": 7}, "model": "valentines/cosmetics/bs_rose_bouquet"},
        { "predicate": {"custom_model_data": 8}, "model": "valentines/cosmetics/bs_rose_in_glass"},
        { "predicate": {"custom_model_data": 9}, "model": "march/cosmetics/pot_of_gold"},
        { "predicate": {"custom_model_data": 10}, "model": "march/cosmetics/leprechaun_plushie"},
        { "predicate": {"custom_model_data": 11}, "model": "march/cosmetics/leprechaun_hat"},
        { "predicate": {"custom_model_data": 12}, "model": "march/cosmetics/rainbow_hat"}
  ]
}