{
  "parent": "minecraft:item/generated",
  "textures": {
    "layer0": "minecraft:item/quartz"
  },
  "overrides": [
        { "predicate": {"custom_model_data": 1}, "model": "season1/hats/release/trophy"},
        { "predicate": {"custom_model_data": 2}, "model": "season1/hats/release/archangel_wings"},
        { "predicate": {"custom_model_data": 3}, "model": "season1/hats/release/blood_wing"},
        { "predicate": {"custom_model_data": 4}, "model": "season1/hats/release/demonhorns"},
        { "predicate": {"custom_model_data": 5}, "model": "season1/hats/release/devil_crown"},
        { "predicate": {"custom_model_data": 6}, "model": "season1/hats/release/dragonplushie"},
        { "predicate": {"custom_model_data": 7}, "model": "season1/hats/release/evil_duck_plushie"},
        { "predicate": {"custom_model_data": 8}, "model": "season1/hats/release/evil_hades_plushie"},
        { "predicate": {"custom_model_data": 9}, "model": "season1/hats/autumn/frog_plushie"},
        { "predicate": {"custom_model_data": 10}, "model": "season1/hats/autumn/leaf_crown"},
        { "predicate": {"custom_model_data": 11}, "model": "season1/hats/autumn/mushroom_hat"},
        { "predicate": {"custom_model_data": 12}, "model": "season1/hats/autumn/owl"},
        { "predicate": {"custom_model_data": 13}, "model": "season1/hats/halloween/corners_2"},
        { "predicate": {"custom_model_data": 14}, "model": "season1/hats/halloween/ghost_pet"},
        { "predicate": {"custom_model_data": 15}, "model": "season1/hats/halloween/halo"},
        { "predicate": {"custom_model_data": 16}, "model": "season1/hats/halloween/joke_axe"},
        { "predicate": {"custom_model_data": 17}, "model": "season1/hats/halloween/witch_hat"},
        { "predicate": {"custom_model_data": 18}, "model": "season1/hats/christmas/candy_cane_hat"},
        { "predicate": {"custom_model_data": 19}, "model": "season1/hats/christmas/elf_hat"},
        { "predicate": {"custom_model_data": 20}, "model": "season1/hats/christmas/md_plush_elf_hat"},
        { "predicate": {"custom_model_data": 21}, "model": "season1/hats/christmas/md_plush_snowman_hat"},
        { "predicate": {"custom_model_data": 22}, "model": "season1/hats/christmas/md_santa_hat"},
        { "predicate": {"custom_model_data": 23}, "model": "season1/hats/christmas/md_wreath_crown"},
        { "predicate": {"custom_model_data": 24}, "model": "season1/hats/christmas/present_hat"},
        { "predicate": {"custom_model_data": 25}, "model": "season1/hats/christmas/rudolph_hat"},
        { "predicate": {"custom_model_data": 26}, "model": "season1/hats/christmas/fur_cap_red"},
        { "predicate": {"custom_model_data": 27}, "model": "season1/hats/newyear/partyhat"},
        { "predicate": {"custom_model_data": 28}, "model": "season1/hats/winter/blossom_crown"},
        { "predicate": {"custom_model_data": 29}, "model": "season1/hats/winter/icey_wing"},
        { "predicate": {"custom_model_data": 30}, "model": "season1/hats/winter/lotus_chain"},
        { "predicate": {"custom_model_data": 31}, "model": "season1/hats/winter/lotus_flower_hat"},
        { "predicate": {"custom_model_data": 32}, "model": "season1/hats/winter/penguin_hat"},
        { "predicate": {"custom_model_data": 33}, "model": "season1/hats/winter/scarf"},
        { "predicate": {"custom_model_data": 34}, "model": "season1/hats/winter/snowflake_hat"},
        { "predicate": {"custom_model_data": 35}, "model": "season1/hats/winter/yeti_plushie"}
  ]
}