{
  "parent": "minecraft:item/generated",
  "textures": {
    "layer0": "minecraft:item/slime_ball"
  },
  "overrides": [
        { "predicate": {"custom_model_data": 1}, "model": "item/badges/demon"},
        { "predicate": {"custom_model_data": 2}, "model": "item/badges/lotus"},
        { "predicate": {"custom_model_data": 3}, "model": "item/badges/ancient"},
        { "predicate": {"custom_model_data": 4}, "model": "item/badges/wumpus"},
        { "predicate": {"custom_model_data": 5}, "model": "item/badges/koth"},
        { "predicate": {"custom_model_data": 6}, "model": "item/badges/grimreaper"},
        { "predicate": {"custom_model_data": 7}, "model": "item/badges/fire"},
        { "predicate": {"custom_model_data": 8}, "model": "item/badges/end"},
        { "predicate": {"custom_model_data": 9}, "model": "item/badges/youtube"},
        { "predicate": {"custom_model_data": 10}, "model": "item/badges/twitch"},
        { "predicate": {"custom_model_data": 11}, "model": "item/badges/acorn"},
        { "predicate": {"custom_model_data": 12}, "model": "item/badges/mapleleaf"},
        { "predicate": {"custom_model_data": 13}, "model": "item/badges/owl"},
        { "predicate": {"custom_model_data": 14}, "model": "item/badges/viper"},
        { "predicate": {"custom_model_data": 15}, "model": "item/badges/ghost"},
        { "predicate": {"custom_model_data": 16}, "model": "item/badges/pumpkin"},
        { "predicate": {"custom_model_data": 17}, "model": "item/badges/witchhat"},
        { "predicate": {"custom_model_data": 18}, "model": "item/badges/candycane"},
        { "predicate": {"custom_model_data": 19}, "model": "item/badges/gingerbread"},
        { "predicate": {"custom_model_data": 21}, "model": "item/badges/snowman"},
        { "predicate": {"custom_model_data": 22}, "model": "item/badges/present"},
        { "predicate": {"custom_model_data": 23}, "model": "item/badges/cerberus"},
        { "predicate": {"custom_model_data": 24}, "model": "item/badges/goliath"},
        { "predicate": {"custom_model_data": 25}, "model": "item/badges/santa"},
        { "predicate": {"custom_model_data": 26}, "model": "item/badges/rudolph"},
        { "predicate": {"custom_model_data": 27}, "model": "item/badges/blossom"},
        { "predicate": {"custom_model_data": 28}, "model": "item/badges/snowflake"},
        { "predicate": {"custom_model_data": 29}, "model": "item/badges/polarbear"},
        { "predicate": {"custom_model_data": 30}, "model": "item/badges/yeti"},
        { "predicate": {"custom_model_data": 31}, "model": "item/badges/ice"},
        { "predicate": {"custom_model_data": 32}, "model": "item/badges/rose"},
        { "predicate": {"custom_model_data": 33}, "model": "item/badges/heartpierce"},
        { "predicate": {"custom_model_data": 34}, "model": "item/badges/boxofchocolate"},
        { "predicate": {"custom_model_data": 35}, "model": "item/badges/teddybear"},
        { "predicate": {"custom_model_data": 36}, "model": "item/badges/lion"},
        { "predicate": {"custom_model_data": 37}, "model": "item/badges/leprechaun"},
        { "predicate": {"custom_model_data": 38}, "model": "item/badges/shamrock"},
        { "predicate": {"custom_model_data": 39}, "model": "item/badges/pot_of_gold"},
        { "predicate": {"custom_model_data": 40}, "model": "item/badges/rainbow"}
  ]
}