{"textures":{"0":"modelengine:entity/nocsy_fpv2_ghost"},"elements":[{"name":"cube","from":[6.2,5.854438,4.6819673],"to":[9.8,11.854438,7.681967],"rotation":{"angle":-22.5,"axis":"x","origin":[8.0,8.554438,7.981967]},"faces":{"down":{"uv":[10.75,6.875,10.0,7.5],"rotation":0,"texture":"#0","tintindex":0},"east":{"uv":[0.0,8.625,0.625,9.875],"rotation":0,"texture":"#0","tintindex":0},"north":{"uv":[7.875,3.375,8.625,4.625],"rotation":0,"texture":"#0","tintindex":0},"south":{"uv":[7.875,4.75,8.625,6.0],"rotation":0,"texture":"#0","tintindex":0},"up":{"uv":[7.0,10.625,6.25,10.0],"rotation":0,"texture":"#0","tintindex":0},"west":{"uv":[2.0,8.625,2.625,9.875],"rotation":0,"texture":"#0","tintindex":0}}},{"name":"cube","from":[6.2,7.654438,8.281967],"to":[9.8,11.854438,8.281967],"rotation":{"angle":-45.0,"axis":"x","origin":[8.0,8.554438,7.981967]},"faces":{"down":{"uv":[5.625,6.875,4.875,6.875],"rotation":0,"texture":"#0","tintindex":0},"east":{"uv":[1.875,8.875,1.875,9.75],"rotation":0,"texture":"#0","tintindex":0},"north":{"uv":[9.125,6.375,9.875,7.25],"rotation":0,"texture":"#0","tintindex":0},"south":{"uv":[9.125,7.375,9.875,8.25],"rotation":0,"texture":"#0","tintindex":0},"up":{"uv":[5.625,6.75,4.875,6.75],"rotation":0,"texture":"#0","tintindex":0},"west":{"uv":[9.125,10.5,9.125,11.375],"rotation":0,"texture":"#0","tintindex":0}}},{"name":"cube","from":[9.8,1.6544379,4.6819673],"to":[9.8,11.854438,12.481968],"rotation":{"angle":-22.5,"axis":"x","origin":[8.0,8.554438,7.981967]},"faces":{"down":{"uv":[7.875,10.875,7.875,12.5],"rotation":0,"texture":"#0","tintindex":0},"east":{"uv":[4.0,0.0,5.625,2.125],"rotation":0,"texture":"#0","tintindex":0},"north":{"uv":[7.5,10.875,7.5,13.0],"rotation":0,"texture":"#0","tintindex":0},"south":{"uv":[7.625,10.875,7.625,13.0],"rotation":0,"texture":"#0","tintindex":0},"up":{"uv":[7.75,12.5,7.75,10.875],"rotation":0,"texture":"#0","tintindex":0},"west":{"uv":[4.0,2.25,5.625,4.375],"rotation":0,"texture":"#0","tintindex":0}}},{"name":"cube","from":[6.185,1.6544379,4.6819673],"to":[6.185,11.854438,12.481968],"rotation":{"angle":-22.5,"axis":"x","origin":[8.0,8.554438,7.981967]},"faces":{"down":{"uv":[8.375,10.875,8.375,12.5],"rotation":0,"texture":"#0","tintindex":0},"east":{"uv":[4.0,4.5,5.625,6.625],"rotation":0,"texture":"#0","tintindex":0},"north":{"uv":[8.0,10.875,8.0,13.0],"rotation":0,"texture":"#0","tintindex":0},"south":{"uv":[8.125,10.875,8.125,13.0],"rotation":0,"texture":"#0","tintindex":0},"up":{"uv":[8.25,12.5,8.25,10.875],"rotation":0,"texture":"#0","tintindex":0},"west":{"uv":[0.0,5.0,1.625,7.125],"rotation":0,"texture":"#0","tintindex":0}}}],"display":{"head":{"translation":[0.0,-6.4,0.0],"rotation":[0.0,0.0,0.0],"scale":[3.8095,3.8095,3.8095]}}}