{"textures":{"0":"modelengine:entity/nocsy_fpv2_ghost"},"elements":[{"name":"cube","from":[5.6,5.080119,3.761623],"to":[10.4,8.08012,7.9616227],"rotation":{"angle":0.0,"axis":"x","origin":[8.0,6.58012,5.861623]},"faces":{"down":{"uv":[9.0,7.125,8.0,8.0],"rotation":0,"texture":"#0","tintindex":0},"east":{"uv":[1.5,10.0,2.375,10.625],"rotation":0,"texture":"#0","tintindex":0},"north":{"uv":[6.25,9.25,7.25,9.875],"rotation":0,"texture":"#0","tintindex":0},"south":{"uv":[9.0,9.25,10.0,9.875],"rotation":0,"texture":"#0","tintindex":0},"up":{"uv":[9.0,7.0,8.0,6.125],"rotation":0,"texture":"#0","tintindex":0},"west":{"uv":[10.0,6.125,10.875,6.75],"rotation":0,"texture":"#0","tintindex":0}}},{"name":"cube","from":[10.4,3.8801193,7.9616227],"to":[10.4,8.08012,10.361623],"rotation":{"angle":0.0,"axis":"x","origin":[8.0,6.58012,5.861623]},"faces":{"down":{"uv":[1.375,10.125,1.375,10.625],"rotation":0,"texture":"#0","tintindex":0},"east":{"uv":[7.375,9.25,7.875,10.125],"rotation":0,"texture":"#0","tintindex":0},"north":{"uv":[2.75,11.125,2.75,12.0],"rotation":0,"texture":"#0","tintindex":0},"south":{"uv":[2.875,11.125,2.875,12.0],"rotation":0,"texture":"#0","tintindex":0},"up":{"uv":[3.625,8.0,3.625,7.5],"rotation":0,"texture":"#0","tintindex":0},"west":{"uv":[0.0,10.0,0.5,10.875],"rotation":0,"texture":"#0","tintindex":0}}},{"name":"cube","from":[10.4,3.8801193,6.341623],"to":[10.4,8.68012,11.141623],"rotation":{"angle":22.5,"axis":"y","origin":[8.0,6.58012,5.861623]},"faces":{"down":{"uv":[3.375,11.125,3.375,12.125],"rotation":0,"texture":"#0","tintindex":0},"east":{"uv":[2.0,7.5,3.0,8.5],"rotation":0,"texture":"#0","tintindex":0},"north":{"uv":[3.0,11.125,3.0,12.125],"rotation":0,"texture":"#0","tintindex":0},"south":{"uv":[3.125,11.125,3.125,12.125],"rotation":0,"texture":"#0","tintindex":0},"up":{"uv":[3.25,12.125,3.25,11.125],"rotation":0,"texture":"#0","tintindex":0},"west":{"uv":[7.625,0.0,8.625,1.0],"rotation":0,"texture":"#0","tintindex":0}}},{"name":"cube","from":[5.6,3.8801193,6.341623],"to":[5.6,8.68012,11.141623],"rotation":{"angle":-22.5,"axis":"y","origin":[8.0,6.58012,5.861623]},"faces":{"down":{"uv":[3.875,11.125,3.875,12.125],"rotation":0,"texture":"#0","tintindex":0},"east":{"uv":[7.875,1.125,8.875,2.125],"rotation":0,"texture":"#0","tintindex":0},"north":{"uv":[3.5,11.125,3.5,12.125],"rotation":0,"texture":"#0","tintindex":0},"south":{"uv":[3.625,11.125,3.625,12.125],"rotation":0,"texture":"#0","tintindex":0},"up":{"uv":[3.75,12.125,3.75,11.125],"rotation":0,"texture":"#0","tintindex":0},"west":{"uv":[7.875,2.25,8.875,3.25],"rotation":0,"texture":"#0","tintindex":0}}},{"name":"cube","from":[5.6,9.572031,3.4649823],"to":[10.4,9.572031,7.664983],"rotation":{"angle":-22.5,"axis":"x","origin":[8.0,9.572031,7.3649826]},"faces":{"down":{"uv":[9.0,8.125,8.0,9.0],"rotation":0,"texture":"#0","tintindex":0},"east":{"uv":[11.0,0.625,11.875,0.625],"rotation":0,"texture":"#0","tintindex":0},"north":{"uv":[11.0,0.5,12.0,0.5],"rotation":0,"texture":"#0","tintindex":0},"south":{"uv":[11.0,2.0,12.0,2.0],"rotation":0,"texture":"#0","tintindex":0},"up":{"uv":[4.125,9.0,3.125,8.125],"rotation":0,"texture":"#0","tintindex":0},"west":{"uv":[11.0,9.5,11.875,9.5],"rotation":0,"texture":"#0","tintindex":0}}},{"name":"cube","from":[5.6,9.847313,7.434913],"to":[10.4,9.847313,13.434914],"rotation":{"angle":22.5,"axis":"x","origin":[8.0,9.2473135,7.1349134]},"faces":{"down":{"uv":[5.875,7.0,4.875,8.25],"rotation":0,"texture":"#0","tintindex":0},"east":{"uv":[11.125,6.25,12.375,6.25],"rotation":0,"texture":"#0","tintindex":0},"north":{"uv":[11.125,6.125,12.125,6.125],"rotation":0,"texture":"#0","tintindex":0},"south":{"uv":[11.125,6.375,12.125,6.375],"rotation":0,"texture":"#0","tintindex":0},"up":{"uv":[4.75,8.0,3.75,6.75],"rotation":0,"texture":"#0","tintindex":0},"west":{"uv":[11.125,6.5,12.375,6.5],"rotation":0,"texture":"#0","tintindex":0}}},{"name":"cube","from":[5.6825,4.120119,3.8216226],"to":[10.3175,5.320119,3.8216226],"rotation":{"angle":0.0,"axis":"x","origin":[7.9925003,6.82012,5.9216228]},"faces":{"down":{"uv":[12.125,6.75,11.125,6.75],"rotation":0,"texture":"#0","tintindex":0},"east":{"uv":[7.625,1.125,7.625,1.375],"rotation":0,"texture":"#0","tintindex":0},"north":{"uv":[7.5,10.5,8.5,10.75],"rotation":0,"texture":"#0","tintindex":0},"south":{"uv":[10.625,2.125,11.625,2.375],"rotation":0,"texture":"#0","tintindex":0},"up":{"uv":[12.125,6.625,11.125,6.625],"rotation":0,"texture":"#0","tintindex":0},"west":{"uv":[7.75,1.125,7.75,1.375],"rotation":0,"texture":"#0","tintindex":0}}},{"name":"cube","from":[5.6825,0.52011967,3.8216226],"to":[10.3175,4.120119,3.8216226],"rotation":{"angle":0.0,"axis":"x","origin":[8.0,2.3201191,3.8216226]},"faces":{"down":{"uv":[12.125,8.25,11.125,8.25],"rotation":0,"texture":"#0","tintindex":0},"east":{"uv":[4.0,11.125,4.0,11.875],"rotation":0,"texture":"#0","tintindex":0},"north":{"uv":[8.75,3.375,9.75,4.125],"rotation":0,"texture":"#0","tintindex":0},"south":{"uv":[8.75,4.25,9.75,5.0],"rotation":0,"texture":"#0","tintindex":0},"up":{"uv":[12.125,8.125,11.125,8.125],"rotation":0,"texture":"#0","tintindex":0},"west":{"uv":[4.125,11.125,4.125,11.875],"rotation":0,"texture":"#0","tintindex":0}}},{"name":"cube","from":[5.6825,1.720119,3.8216226],"to":[5.6825,5.320119,7.946623],"rotation":{"angle":0.0,"axis":"x","origin":[8.1875,6.82012,5.8466225]},"faces":{"down":{"uv":[4.625,11.125,4.625,12.0],"rotation":0,"texture":"#0","tintindex":0},"east":{"uv":[8.0,9.125,8.875,9.875],"rotation":0,"texture":"#0","tintindex":0},"north":{"uv":[4.25,11.125,4.25,11.875],"rotation":0,"texture":"#0","tintindex":0},"south":{"uv":[4.375,11.125,4.375,11.875],"rotation":0,"texture":"#0","tintindex":0},"up":{"uv":[4.5,12.0,4.5,11.125],"rotation":0,"texture":"#0","tintindex":0},"west":{"uv":[9.125,8.375,10.0,9.125],"rotation":0,"texture":"#0","tintindex":0}}},{"name":"cube","from":[10.3169,1.720119,3.8216226],"to":[10.3169,5.320119,7.916623],"rotation":{"angle":0.0,"axis":"x","origin":[7.8119,6.82012,5.8166227]},"faces":{"down":{"uv":[6.375,11.125,6.375,12.0],"rotation":0,"texture":"#0","tintindex":0},"east":{"uv":[4.25,9.25,5.125,10.0],"rotation":0,"texture":"#0","tintindex":0},"north":{"uv":[4.75,11.125,4.75,11.875],"rotation":0,"texture":"#0","tintindex":0},"south":{"uv":[4.875,11.125,4.875,11.875],"rotation":0,"texture":"#0","tintindex":0},"up":{"uv":[6.25,12.0,6.25,11.125],"rotation":0,"texture":"#0","tintindex":0},"west":{"uv":[5.25,9.25,6.125,10.0],"rotation":0,"texture":"#0","tintindex":0}}}],"display":{"head":{"translation":[0.0,-6.4,0.0],"rotation":[0.0,0.0,0.0],"scale":[3.8095,3.8095,3.8095]}}}