{"textures":{"0":"modelengine:entity/nocsy_fpv2_ghost"},"elements":[{"name":"cube","from":[6.14,6.44,4.64],"to":[9.860001,8.360001,8.360001],"rotation":{"angle":0.0,"axis":"x","origin":[8.0,9.8,6.2]},"faces":{"down":{"uv":[10.625,3.0,9.875,3.75],"rotation":0,"texture":"#0","tintindex":0},"east":{"uv":[10.125,8.125,10.875,8.5],"rotation":0,"texture":"#0","tintindex":0},"north":{"uv":[5.0,10.125,5.75,10.5],"rotation":0,"texture":"#0","tintindex":0},"south":{"uv":[10.125,8.625,10.875,9.0],"rotation":0,"texture":"#0","tintindex":0},"up":{"uv":[10.5,2.875,9.75,2.125],"rotation":0,"texture":"#0","tintindex":0},"west":{"uv":[10.125,9.125,10.875,9.5],"rotation":0,"texture":"#0","tintindex":0}}},{"name":"cube","from":[6.2,7.955,4.4599996],"to":[9.8,9.155001,4.4599996],"rotation":{"angle":-22.5,"axis":"x","origin":[8.0,8.555,4.7]},"faces":{"down":{"uv":[11.875,8.5,11.125,8.5],"rotation":0,"texture":"#0","tintindex":0},"east":{"uv":[9.75,3.0,9.75,3.25],"rotation":0,"texture":"#0","tintindex":0},"north":{"uv":[4.125,10.75,4.875,11.0],"rotation":0,"texture":"#0","tintindex":0},"south":{"uv":[6.25,10.75,7.0,11.0],"rotation":0,"texture":"#0","tintindex":0},"up":{"uv":[11.875,8.375,11.125,8.375],"rotation":0,"texture":"#0","tintindex":0},"west":{"uv":[2.5,10.0,2.5,10.25],"rotation":0,"texture":"#0","tintindex":0}}},{"name":"cube","from":[9.605442,8.3,4.3254414],"to":[9.605442,10.1,6.1254416],"rotation":{"angle":22.5,"axis":"y","origin":[9.545442,9.2,5.345442]},"faces":{"down":{"uv":[6.875,11.125,6.875,11.5],"rotation":0,"texture":"#0","tintindex":0},"east":{"uv":[10.25,10.75,10.625,11.125],"rotation":0,"texture":"#0","tintindex":0},"north":{"uv":[6.5,11.125,6.5,11.5],"rotation":0,"texture":"#0","tintindex":0},"south":{"uv":[6.625,11.125,6.625,11.5],"rotation":0,"texture":"#0","tintindex":0},"up":{"uv":[6.75,11.5,6.75,11.125],"rotation":0,"texture":"#0","tintindex":0},"west":{"uv":[10.75,10.75,11.125,11.125],"rotation":0,"texture":"#0","tintindex":0}}},{"name":"cube","from":[6.3945584,8.3,4.3254414],"to":[6.3945584,10.1,6.1254416],"rotation":{"angle":-22.5,"axis":"y","origin":[6.4545584,9.2,5.345442]},"faces":{"down":{"uv":[11.25,1.375,11.25,1.75],"rotation":0,"texture":"#0","tintindex":0},"east":{"uv":[10.875,3.625,11.25,4.0],"rotation":0,"texture":"#0","tintindex":0},"north":{"uv":[7.0,11.125,7.0,11.5],"rotation":0,"texture":"#0","tintindex":0},"south":{"uv":[11.125,8.625,11.125,9.0],"rotation":0,"texture":"#0","tintindex":0},"up":{"uv":[11.25,1.25,11.25,0.875],"rotation":0,"texture":"#0","tintindex":0},"west":{"uv":[10.875,4.125,11.25,4.5],"rotation":0,"texture":"#0","tintindex":0}}}],"display":{"head":{"translation":[0.0,-6.4,0.0],"rotation":[0.0,0.0,0.0],"scale":[3.8095,3.8095,3.8095]}}}