{"textures":{"0":"modelengine:entity/nocsy_fpv2_ghost"},"elements":[{"name":"cube","from":[7.4,7.3080306,7.537641],"to":[8.6,8.508031,12.337642],"rotation":{"angle":-22.5,"axis":"x","origin":[14.0,7.608031,9.637642]},"faces":{"down":{"uv":[1.75,8.875,1.5,9.875],"rotation":0,"texture":"#0","tintindex":0},"east":{"uv":[10.125,9.625,11.125,9.875],"rotation":0,"texture":"#0","tintindex":0},"north":{"uv":[8.75,5.125,9.0,5.375],"rotation":0,"texture":"#0","tintindex":0},"south":{"uv":[8.75,5.5,9.0,5.75],"rotation":0,"texture":"#0","tintindex":0},"up":{"uv":[3.875,6.0,3.625,5.0],"rotation":0,"texture":"#0","tintindex":0},"west":{"uv":[10.25,10.0,11.25,10.25],"rotation":0,"texture":"#0","tintindex":0}}},{"name":"cube","from":[5.6,7.9080305,5.7376413],"to":[14.6,7.9080305,17.137642],"rotation":{"angle":-22.5,"axis":"x","origin":[14.0,7.608031,9.637642]},"faces":{"down":{"uv":[3.875,0.0,2.0,2.375],"rotation":0,"texture":"#0","tintindex":0},"east":{"uv":[10.875,5.75,13.25,5.75],"rotation":0,"texture":"#0","tintindex":0},"north":{"uv":[10.0,0.75,11.875,0.75],"rotation":0,"texture":"#0","tintindex":0},"south":{"uv":[10.875,5.875,12.75,5.875],"rotation":0,"texture":"#0","tintindex":0},"up":{"uv":[1.875,2.375,0.0,0.0],"rotation":0,"texture":"#0","tintindex":0},"west":{"uv":[10.875,6.0,13.25,6.0],"rotation":0,"texture":"#0","tintindex":0}}}],"display":{"head":{"translation":[0.0,-6.4,0.0],"rotation":[0.0,0.0,0.0],"scale":[3.8095,3.8095,3.8095]}}}