{"textures":{"0":"modelengine:entity/nocsy_fpv2_ghost"},"elements":[{"name":"cube","from":[4.46,8.056861,7.460624],"to":[7.94,9.136861,8.540625],"rotation":{"angle":-22.5,"axis":"x","origin":[9.8,8.296861,9.500624]},"faces":{"down":{"uv":[2.25,10.75,1.5,11.0],"rotation":0,"texture":"#0","tintindex":0},"east":{"uv":[3.625,6.125,3.875,6.375],"rotation":0,"texture":"#0","tintindex":0},"north":{"uv":[10.625,2.5,11.375,2.75],"rotation":0,"texture":"#0","tintindex":0},"south":{"uv":[5.0,10.625,5.75,10.875],"rotation":0,"texture":"#0","tintindex":0},"up":{"uv":[1.375,11.0,0.625,10.75],"rotation":0,"texture":"#0","tintindex":0},"west":{"uv":[2.75,8.625,3.0,8.875],"rotation":0,"texture":"#0","tintindex":0}}}],"display":{"head":{"translation":[0.0,-6.4,0.0],"rotation":[0.0,0.0,0.0],"scale":[3.8095,3.8095,3.8095]}}}