{"textures":{"0":"modelengine:entity/nocsy_fpv2_ghost"},"elements":[{"name":"cube","from":[8.06,8.056861,7.460624],"to":[11.54,9.136861,8.540625],"rotation":{"angle":-22.5,"axis":"x","origin":[6.2,8.296861,9.500624]},"faces":{"down":{"uv":[11.5,3.25,10.75,3.5],"rotation":0,"texture":"#0","tintindex":0},"east":{"uv":[3.625,10.375,3.875,10.625],"rotation":0,"texture":"#0","tintindex":0},"north":{"uv":[2.375,10.75,3.125,11.0],"rotation":0,"texture":"#0","tintindex":0},"south":{"uv":[10.75,2.875,11.5,3.125],"rotation":0,"texture":"#0","tintindex":0},"up":{"uv":[4.0,11.0,3.25,10.75],"rotation":0,"texture":"#0","tintindex":0},"west":{"uv":[10.875,4.625,11.125,4.875],"rotation":0,"texture":"#0","tintindex":0}}}],"display":{"head":{"translation":[0.0,-6.4,0.0],"rotation":[0.0,0.0,0.0],"scale":[3.8095,3.8095,3.8095]}}}