{"textures":{"0":"modelengine:entity/nocsy_fpv2_ghost"},"elements":[{"name":"cube","from":[7.4,7.3080306,7.537641],"to":[8.6,8.508031,12.337642],"rotation":{"angle":-22.5,"axis":"x","origin":[1.9999998,7.608031,9.637642]},"faces":{"down":{"uv":[7.375,10.25,7.125,11.25],"rotation":0,"texture":"#0","tintindex":0},"east":{"uv":[2.5,10.375,3.5,10.625],"rotation":0,"texture":"#0","tintindex":0},"north":{"uv":[10.875,5.0,11.125,5.25],"rotation":0,"texture":"#0","tintindex":0},"south":{"uv":[10.875,5.375,11.125,5.625],"rotation":0,"texture":"#0","tintindex":0},"up":{"uv":[6.125,11.125,5.875,10.125],"rotation":0,"texture":"#0","tintindex":0},"west":{"uv":[10.25,10.375,11.25,10.625],"rotation":0,"texture":"#0","tintindex":0}}},{"name":"cube","from":[1.3999997,7.9080305,5.7376413],"to":[10.4,7.9080305,17.137642],"rotation":{"angle":-22.5,"axis":"x","origin":[1.9999998,7.608031,9.637642]},"faces":{"down":{"uv":[3.875,2.5,2.0,4.875],"rotation":0,"texture":"#0","tintindex":0},"east":{"uv":[10.875,7.0,13.25,7.0],"rotation":0,"texture":"#0","tintindex":0},"north":{"uv":[10.875,6.875,12.75,6.875],"rotation":0,"texture":"#0","tintindex":0},"south":{"uv":[10.875,7.125,12.75,7.125],"rotation":0,"texture":"#0","tintindex":0},"up":{"uv":[1.875,4.875,0.0,2.5],"rotation":0,"texture":"#0","tintindex":0},"west":{"uv":[10.875,7.25,13.25,7.25],"rotation":0,"texture":"#0","tintindex":0}}}],"display":{"head":{"translation":[0.0,-6.4,0.0],"rotation":[0.0,0.0,0.0],"scale":[3.8095,3.8095,3.8095]}}}