{"textures":{"0":"modelengine:entity/nocsy_fpv2_ghost"},"elements":[{"name":"cube","from":[7.4,8.0,7.1],"to":[9.2,9.8,12.5],"rotation":{"angle":-22.5,"axis":"x","origin":[8.0,9.2,9.8]},"faces":{"down":{"uv":[10.125,10.0,9.75,11.125],"rotation":0,"texture":"#0","tintindex":0},"east":{"uv":[10.0,7.625,11.125,8.0],"rotation":0,"texture":"#0","tintindex":0},"north":{"uv":[3.125,7.5,3.5,7.875],"rotation":0,"texture":"#0","tintindex":0},"south":{"uv":[8.625,10.5,9.0,10.875],"rotation":0,"texture":"#0","tintindex":0},"up":{"uv":[9.625,11.125,9.25,10.0],"rotation":0,"texture":"#0","tintindex":0},"west":{"uv":[8.0,10.0,9.125,10.375],"rotation":0,"texture":"#0","tintindex":0}}},{"name":"cube","from":[6.8,10.28,7.4],"to":[9.8,10.28,12.8],"rotation":{"angle":-45.0,"axis":"x","origin":[7.4,9.2,9.8]},"faces":{"down":{"uv":[9.75,5.125,9.125,6.25],"rotation":0,"texture":"#0","tintindex":0},"east":{"uv":[11.0,0.125,12.125,0.125],"rotation":0,"texture":"#0","tintindex":0},"north":{"uv":[11.0,0.0,11.625,0.0],"rotation":0,"texture":"#0","tintindex":0},"south":{"uv":[11.0,0.25,11.625,0.25],"rotation":0,"texture":"#0","tintindex":0},"up":{"uv":[4.125,10.25,3.5,9.125],"rotation":0,"texture":"#0","tintindex":0},"west":{"uv":[11.0,0.375,12.125,0.375],"rotation":0,"texture":"#0","tintindex":0}}},{"name":"cube","from":[9.2,3.1999998,7.1],"to":[9.2,8.0,16.7],"rotation":{"angle":-22.5,"axis":"x","origin":[8.0,9.2,9.8]},"faces":{"down":{"uv":[0.875,11.125,0.875,13.125],"rotation":0,"texture":"#0","tintindex":0},"east":{"uv":[5.75,1.625,7.75,2.625],"rotation":0,"texture":"#0","tintindex":0},"north":{"uv":[9.0,11.0,9.0,12.0],"rotation":0,"texture":"#0","tintindex":0},"south":{"uv":[0.625,11.125,0.625,12.125],"rotation":0,"texture":"#0","tintindex":0},"up":{"uv":[0.75,13.125,0.75,11.125],"rotation":0,"texture":"#0","tintindex":0},"west":{"uv":[5.75,2.75,7.75,3.75],"rotation":0,"texture":"#0","tintindex":0}}},{"name":"cube","from":[7.4,3.1999998,7.1],"to":[7.4,8.0,16.7],"rotation":{"angle":-22.5,"axis":"x","origin":[8.6,9.2,9.8]},"faces":{"down":{"uv":[1.25,11.125,1.25,13.125],"rotation":0,"texture":"#0","tintindex":0},"east":{"uv":[5.75,3.875,7.75,4.875],"rotation":0,"texture":"#0","tintindex":0},"north":{"uv":[11.125,0.875,11.125,1.875],"rotation":0,"texture":"#0","tintindex":0},"south":{"uv":[1.0,11.125,1.0,12.125],"rotation":0,"texture":"#0","tintindex":0},"up":{"uv":[1.125,13.125,1.125,11.125],"rotation":0,"texture":"#0","tintindex":0},"west":{"uv":[5.75,5.0,7.75,6.0],"rotation":0,"texture":"#0","tintindex":0}}},{"name":"cube","from":[9.2,8.0,12.5],"to":[9.2,11.0,16.7],"rotation":{"angle":-22.5,"axis":"x","origin":[8.0,9.2,9.8]},"faces":{"down":{"uv":[1.625,11.125,1.625,12.0],"rotation":0,"texture":"#0","tintindex":0},"east":{"uv":[9.875,3.875,10.75,4.5],"rotation":0,"texture":"#0","tintindex":0},"north":{"uv":[11.0,6.125,11.0,6.75],"rotation":0,"texture":"#0","tintindex":0},"south":{"uv":[1.375,11.125,1.375,11.75],"rotation":0,"texture":"#0","tintindex":0},"up":{"uv":[1.5,12.0,1.5,11.125],"rotation":0,"texture":"#0","tintindex":0},"west":{"uv":[9.875,4.625,10.75,5.25],"rotation":0,"texture":"#0","tintindex":0}}},{"name":"cube","from":[7.4,8.0,12.5],"to":[7.4,11.0,16.7],"rotation":{"angle":-22.5,"axis":"x","origin":[8.6,9.2,9.8]},"faces":{"down":{"uv":[2.125,11.125,2.125,12.0],"rotation":0,"texture":"#0","tintindex":0},"east":{"uv":[9.875,5.375,10.75,6.0],"rotation":0,"texture":"#0","tintindex":0},"north":{"uv":[1.75,11.125,1.75,11.75],"rotation":0,"texture":"#0","tintindex":0},"south":{"uv":[1.875,11.125,1.875,11.75],"rotation":0,"texture":"#0","tintindex":0},"up":{"uv":[2.0,12.0,2.0,11.125],"rotation":0,"texture":"#0","tintindex":0},"west":{"uv":[10.0,0.0,10.875,0.625],"rotation":0,"texture":"#0","tintindex":0}}}],"display":{"head":{"translation":[0.0,-6.4,0.0],"rotation":[0.0,0.0,0.0],"scale":[3.8095,3.8095,3.8095]}}}