{"textures":{"0":"modelengine:entity/nocsy_fpv2_ghost"},"elements":[{"name":"cube","from":[8.0,7.9769135,7.3527927],"to":[8.0,15.176913,15.752793],"rotation":{"angle":-45.0,"axis":"x","origin":[8.0,9.896914,11.672792]},"faces":{"down":{"uv":[2.625,11.125,2.625,12.875],"rotation":0,"texture":"#0","tintindex":0},"east":{"uv":[1.75,5.0,3.5,6.5],"rotation":0,"texture":"#0","tintindex":0},"north":{"uv":[2.25,11.125,2.25,12.625],"rotation":0,"texture":"#0","tintindex":0},"south":{"uv":[2.375,11.125,2.375,12.625],"rotation":0,"texture":"#0","tintindex":0},"up":{"uv":[2.5,12.875,2.5,11.125],"rotation":0,"texture":"#0","tintindex":0},"west":{"uv":[5.75,0.0,7.5,1.5],"rotation":0,"texture":"#0","tintindex":0}}}],"display":{"head":{"translation":[0.0,-6.4,0.0],"rotation":[0.0,0.0,0.0],"scale":[3.8095,3.8095,3.8095]}}}