{"textures":{"0":"modelengine:entity/nocsy_fpv2_dog"},"elements":[{"name":"cube","from":[4.4659476,5.552,8.559527],"to":[6.8659477,8.552,12.159528],"rotation":{"angle":22.5,"axis":"x","origin":[5.6899476,8.0,11.211528]},"faces":{"down":{"uv":[4.375,6.0,3.875,6.75],"rotation":0,"texture":"#0","tintindex":0},"east":{"uv":[5.75,0.0,6.5,0.625],"rotation":0,"texture":"#0","tintindex":0},"north":{"uv":[2.5,6.625,3.0,7.25],"rotation":0,"texture":"#0","tintindex":0},"south":{"uv":[6.625,4.25,7.125,4.875],"rotation":0,"texture":"#0","tintindex":0},"up":{"uv":[3.75,6.75,3.25,6.0],"rotation":0,"texture":"#0","tintindex":0},"west":{"uv":[5.75,0.75,6.5,1.375],"rotation":0,"texture":"#0","tintindex":0}}},{"name":"cube","from":[3.8659475,6.128,6.303528],"to":[7.4659476,9.728001,9.903528],"rotation":{"angle":0.0,"axis":"x","origin":[5.4979477,8.0,7.335528]},"faces":{"down":{"uv":[3.625,5.0,2.875,5.75],"rotation":0,"texture":"#0","tintindex":0},"east":{"uv":[4.5,4.25,5.25,5.0],"rotation":0,"texture":"#0","tintindex":0},"north":{"uv":[1.125,4.5,1.875,5.25],"rotation":0,"texture":"#0","tintindex":0},"south":{"uv":[4.875,0.0,5.625,0.75],"rotation":0,"texture":"#0","tintindex":0},"up":{"uv":[2.75,5.75,2.0,5.0],"rotation":0,"texture":"#0","tintindex":0},"west":{"uv":[4.875,0.875,5.625,1.625],"rotation":0,"texture":"#0","tintindex":0}}},{"name":"cube","from":[5.665948,9.548,6.9035273],"to":[5.665948,12.212,9.975528],"rotation":{"angle":0.0,"axis":"x","origin":[4.0339475,8.0,7.335528]},"faces":{"down":{"uv":[6.75,8.375,6.75,9.0],"rotation":0,"texture":"#0","tintindex":0},"east":{"uv":[6.625,0.625,7.25,1.125],"rotation":0,"texture":"#0","tintindex":0},"north":{"uv":[0.75,8.375,0.75,8.875],"rotation":0,"texture":"#0","tintindex":0},"south":{"uv":[0.875,8.375,0.875,8.875],"rotation":0,"texture":"#0","tintindex":0},"up":{"uv":[5.5,9.0,5.5,8.375],"rotation":0,"texture":"#0","tintindex":0},"west":{"uv":[1.75,6.625,2.375,7.125],"rotation":0,"texture":"#0","tintindex":0}}},{"name":"cube","from":[3.421895,6.128,6.164],"to":[3.421895,9.728001,9.764],"rotation":{"angle":-22.5,"axis":"y","origin":[3.3318949,8.0,8.0]},"faces":{"down":{"uv":[6.875,8.5,6.875,9.25],"rotation":0,"texture":"#0","tintindex":0},"east":{"uv":[5.875,2.625,5.125,3.375],"rotation":0,"texture":"#0","tintindex":0},"north":{"uv":[4.75,8.5,4.75,9.25],"rotation":0,"texture":"#0","tintindex":0},"south":{"uv":[4.875,8.5,4.875,9.25],"rotation":0,"texture":"#0","tintindex":0},"up":{"uv":[5.0,9.25,5.0,8.5],"rotation":0,"texture":"#0","tintindex":0},"west":{"uv":[5.125,2.625,5.875,3.375],"rotation":0,"texture":"#0","tintindex":0}}},{"name":"cube","from":[7.9100003,6.128,6.164],"to":[7.9100003,9.728001,9.764],"rotation":{"angle":22.5,"axis":"y","origin":[8.0,8.0,8.0]},"faces":{"down":{"uv":[6.875,8.5,6.875,9.25],"rotation":0,"texture":"#0","tintindex":0},"east":{"uv":[5.875,2.625,5.125,3.375],"rotation":0,"texture":"#0","tintindex":0},"north":{"uv":[4.75,8.5,4.75,9.25],"rotation":0,"texture":"#0","tintindex":0},"south":{"uv":[4.875,8.5,4.875,9.25],"rotation":0,"texture":"#0","tintindex":0},"up":{"uv":[5.0,9.25,5.0,8.5],"rotation":0,"texture":"#0","tintindex":0},"west":{"uv":[5.125,2.625,5.875,3.375],"rotation":0,"texture":"#0","tintindex":0}}}],"display":{"head":{"translation":[0.0,-6.4,0.0],"rotation":[0.0,0.0,0.0],"scale":[3.8095,3.8095,3.8095]}}}