{"textures":{"0":"modelengine:entity/nocsy_fpv2_dog"},"elements":[{"name":"cube","from":[7.09472,7.452686,7.61576],"to":[8.774719,9.732686,9.295759],"rotation":{"angle":22.5,"axis":"x","origin":[7.89152,8.934925,8.39624]},"faces":{"down":{"uv":[8.0,7.625,7.625,8.0],"rotation":0,"texture":"#0","tintindex":0},"east":{"uv":[1.75,7.25,2.125,7.75],"rotation":0,"texture":"#0","tintindex":0},"north":{"uv":[7.125,6.0,7.5,6.5],"rotation":0,"texture":"#0","tintindex":0},"south":{"uv":[7.25,4.25,7.625,4.75],"rotation":0,"texture":"#0","tintindex":0},"up":{"uv":[8.0,7.5,7.625,7.125],"rotation":0,"texture":"#0","tintindex":0},"west":{"uv":[6.0,7.25,6.375,7.75],"rotation":0,"texture":"#0","tintindex":0}}},{"name":"cube","from":[7.93472,8.763566,5.36312],"to":[7.93472,14.763566,11.36312],"rotation":{"angle":0.0,"axis":"x","origin":[8.791519,8.934925,8.39624]},"faces":{"down":{"uv":[8.125,8.625,8.125,9.875],"rotation":0,"texture":"#0","tintindex":0},"east":{"uv":[2.625,2.0,1.375,3.25],"rotation":0,"texture":"#0","tintindex":0},"north":{"uv":[5.75,8.625,5.75,9.875],"rotation":0,"texture":"#0","tintindex":0},"south":{"uv":[5.875,8.625,5.875,9.875],"rotation":0,"texture":"#0","tintindex":0},"up":{"uv":[8.0,9.875,8.0,8.625],"rotation":0,"texture":"#0","tintindex":0},"west":{"uv":[1.375,2.0,2.625,3.25],"rotation":0,"texture":"#0","tintindex":0}}}],"display":{"head":{"translation":[0.0,-6.4,0.0],"rotation":[0.0,0.0,0.0],"scale":[3.8095,3.8095,3.8095]}}}