{"textures":{"0":"modelengine:entity/nocsy_fpv2_dog"},"elements":[{"name":"cube","from":[6.14,6.9703865,4.4104776],"to":[9.860001,8.890387,8.130478],"rotation":{"angle":0.0,"axis":"x","origin":[7.74224,6.558546,6.3554373]},"faces":{"down":{"uv":[1.625,5.375,0.875,6.125],"rotation":0,"texture":"#0","tintindex":0},"east":{"uv":[6.625,5.0,7.375,5.375],"rotation":0,"texture":"#0","tintindex":0},"north":{"uv":[4.5,6.625,5.25,7.0],"rotation":0,"texture":"#0","tintindex":0},"south":{"uv":[5.375,6.625,6.125,7.0],"rotation":0,"texture":"#0","tintindex":0},"up":{"uv":[0.75,6.0,0.0,5.25],"rotation":0,"texture":"#0","tintindex":0},"west":{"uv":[6.625,5.5,7.375,5.875],"rotation":0,"texture":"#0","tintindex":0}}},{"name":"cube","from":[8.0,4.9303865,0.87047696],"to":[8.0,13.930386,9.270477],"rotation":{"angle":22.5,"axis":"x","origin":[8.0,9.430386,5.0704775]},"faces":{"down":{"uv":[8.625,8.625,8.625,10.375],"rotation":0,"texture":"#0","tintindex":0},"east":{"uv":[3.625,0.0,1.875,1.875],"rotation":0,"texture":"#0","tintindex":0},"north":{"uv":[8.25,8.625,8.25,10.5],"rotation":0,"texture":"#0","tintindex":0},"south":{"uv":[8.375,8.625,8.375,10.5],"rotation":0,"texture":"#0","tintindex":0},"up":{"uv":[8.5,10.375,8.5,8.625],"rotation":0,"texture":"#0","tintindex":0},"west":{"uv":[1.875,0.0,3.625,1.875],"rotation":0,"texture":"#0","tintindex":0}}}],"display":{"head":{"translation":[0.0,-6.4,0.0],"rotation":[0.0,0.0,0.0],"scale":[3.8095,3.8095,3.8095]}}}