{"textures":{"0":"modelengine:entity/nocsy_fpv2_dog"},"elements":[{"name":"cube","from":[5.6,6.0139666,3.4589407],"to":[10.4,8.413967,8.258941],"rotation":{"angle":0.0,"axis":"x","origin":[7.48544,5.0630865,7.2634206]},"faces":{"down":{"uv":[2.125,3.375,1.125,4.375],"rotation":0,"texture":"#0","tintindex":0},"east":{"uv":[5.375,4.125,6.375,4.625],"rotation":0,"texture":"#0","tintindex":0},"north":{"uv":[5.125,3.5,6.125,4.0],"rotation":0,"texture":"#0","tintindex":0},"south":{"uv":[5.5,4.75,6.5,5.25],"rotation":0,"texture":"#0","tintindex":0},"up":{"uv":[1.0,4.375,0.0,3.375],"rotation":0,"texture":"#0","tintindex":0},"west":{"uv":[5.5,5.375,6.5,5.875],"rotation":0,"texture":"#0","tintindex":0}}},{"name":"cube","from":[5.1439996,8.365967,3.4589407],"to":[5.1439996,11.965967,8.258941],"rotation":{"angle":22.5,"axis":"z","origin":[5.564,10.081966,5.8949404]},"faces":{"down":{"uv":[0.5,8.75,0.5,9.75],"rotation":0,"texture":"#0","tintindex":0},"east":{"uv":[4.75,0.875,3.75,1.625],"rotation":0,"texture":"#0","tintindex":0},"north":{"uv":[8.625,7.125,8.625,7.875],"rotation":0,"texture":"#0","tintindex":0},"south":{"uv":[8.75,0.0,8.75,0.75],"rotation":0,"texture":"#0","tintindex":0},"up":{"uv":[0.375,9.75,0.375,8.75],"rotation":0,"texture":"#0","tintindex":0},"west":{"uv":[3.75,0.875,4.75,1.625],"rotation":0,"texture":"#0","tintindex":0}}},{"name":"cube","from":[10.856001,8.365967,3.4589407],"to":[10.856001,11.965967,8.258941],"rotation":{"angle":-22.5,"axis":"z","origin":[10.436,10.081966,5.8949404]},"faces":{"down":{"uv":[3.0,8.75,3.0,9.75],"rotation":0,"texture":"#0","tintindex":0},"east":{"uv":[4.0,1.75,5.0,2.5],"rotation":0,"texture":"#0","tintindex":0},"north":{"uv":[0.625,8.75,0.625,9.5],"rotation":0,"texture":"#0","tintindex":0},"south":{"uv":[8.75,0.875,8.75,1.625],"rotation":0,"texture":"#0","tintindex":0},"up":{"uv":[2.875,9.75,2.875,8.75],"rotation":0,"texture":"#0","tintindex":0},"west":{"uv":[5.0,1.75,4.0,2.5],"rotation":0,"texture":"#0","tintindex":0}}},{"name":"cube","from":[5.3,7.8139668,3.038941],"to":[10.700001,12.613967,3.038941],"rotation":{"angle":-22.5,"axis":"x","origin":[8.336,10.249968,3.4589407]},"faces":{"down":{"uv":[9.625,3.875,8.5,3.875],"rotation":0,"texture":"#0","tintindex":0},"east":{"uv":[3.125,8.75,3.125,9.75],"rotation":0,"texture":"#0","tintindex":0},"north":{"uv":[2.75,2.0,3.875,3.0],"rotation":0,"texture":"#0","tintindex":0},"south":{"uv":[3.875,2.0,2.75,3.0],"rotation":0,"texture":"#0","tintindex":0},"up":{"uv":[9.5,1.875,8.375,1.875],"rotation":0,"texture":"#0","tintindex":0},"west":{"uv":[3.25,8.75,3.25,9.75],"rotation":0,"texture":"#0","tintindex":0}}},{"name":"cube","from":[6.344,7.0732136,5.459133],"to":[6.344,10.145214,8.291133],"rotation":{"angle":22.5,"axis":"x","origin":[6.164,8.309214,6.8751335]},"faces":{"down":{"uv":[8.75,4.0,8.75,4.625],"rotation":0,"texture":"#0","tintindex":0},"east":{"uv":[3.125,5.875,2.5,6.5],"rotation":0,"texture":"#0","tintindex":0},"north":{"uv":[8.75,2.0,8.75,2.625],"rotation":0,"texture":"#0","tintindex":0},"south":{"uv":[3.375,8.75,3.375,9.375],"rotation":0,"texture":"#0","tintindex":0},"up":{"uv":[3.5,9.375,3.5,8.75],"rotation":0,"texture":"#0","tintindex":0},"west":{"uv":[2.5,5.875,3.125,6.5],"rotation":0,"texture":"#0","tintindex":0}}},{"name":"cube","from":[9.656,7.0732136,5.459133],"to":[9.656,10.145214,8.291133],"rotation":{"angle":22.5,"axis":"x","origin":[9.836,8.309214,6.8751335]},"faces":{"down":{"uv":[8.75,4.0,8.75,4.625],"rotation":0,"texture":"#0","tintindex":0},"east":{"uv":[3.125,5.875,2.5,6.5],"rotation":0,"texture":"#0","tintindex":0},"north":{"uv":[8.75,2.0,8.75,2.625],"rotation":0,"texture":"#0","tintindex":0},"south":{"uv":[3.375,8.75,3.375,9.375],"rotation":0,"texture":"#0","tintindex":0},"up":{"uv":[3.5,9.375,3.5,8.75],"rotation":0,"texture":"#0","tintindex":0},"west":{"uv":[2.5,5.875,3.125,6.5],"rotation":0,"texture":"#0","tintindex":0}}}],"display":{"head":{"translation":[0.0,-6.4,0.0],"rotation":[0.0,0.0,0.0],"scale":[3.8095,3.8095,3.8095]}}}