{"textures":{"0":"modelengine:entity/nocsy_fpv2_dog"},"elements":[{"name":"cube","from":[7.184,5.96,7.184],"to":[8.384001,7.76,8.384001],"rotation":{"angle":0.0,"axis":"x","origin":[9.632,10.448,8.612]},"faces":{"down":{"uv":[4.25,8.125,4.0,8.375],"rotation":0,"texture":"#0","tintindex":0},"east":{"uv":[3.625,8.0,3.875,8.375],"rotation":0,"texture":"#0","tintindex":0},"north":{"uv":[6.75,2.5,7.0,2.875],"rotation":0,"texture":"#0","tintindex":0},"south":{"uv":[6.875,8.0,7.125,8.375],"rotation":0,"texture":"#0","tintindex":0},"up":{"uv":[8.375,3.5,8.125,3.25],"rotation":0,"texture":"#0","tintindex":0},"west":{"uv":[7.25,8.0,7.5,8.375],"rotation":0,"texture":"#0","tintindex":0}}},{"name":"cube","from":[7.029355,7.4293957,7.085683],"to":[8.709355,9.109396,8.765682],"rotation":{"angle":45.0,"axis":"z","origin":[8.0,8.0,8.0]},"faces":{"down":{"uv":[3.375,7.5,3.0,7.875],"rotation":0,"texture":"#0","tintindex":0},"east":{"uv":[7.375,3.625,7.75,4.0],"rotation":0,"texture":"#0","tintindex":0},"north":{"uv":[7.125,3.125,7.5,3.5],"rotation":0,"texture":"#0","tintindex":0},"south":{"uv":[7.5,0.0,7.875,0.375],"rotation":0,"texture":"#0","tintindex":0},"up":{"uv":[1.25,7.875,0.875,7.5],"rotation":0,"texture":"#0","tintindex":0},"west":{"uv":[0.375,7.5,0.75,7.875],"rotation":0,"texture":"#0","tintindex":0}}}],"display":{"head":{"translation":[0.0,-6.4,0.0],"rotation":[0.0,0.0,0.0],"scale":[3.8095,3.8095,3.8095]}}}