{"textures":{"0":"modelengine:entity/nocsy_fpv2_dog"},"elements":[{"name":"cube","from":[6.800495,7.109933,6.9724903],"to":[9.200495,8.309933,9.37249],"rotation":{"angle":-22.5,"axis":"x","origin":[8.024495,7.477133,8.07409]},"faces":{"down":{"uv":[0.5,6.75,0.0,7.25],"rotation":0,"texture":"#0","tintindex":0},"east":{"uv":[7.75,0.5,8.25,0.75],"rotation":0,"texture":"#0","tintindex":0},"north":{"uv":[7.375,2.125,7.875,2.375],"rotation":0,"texture":"#0","tintindex":0},"south":{"uv":[7.75,0.875,8.25,1.125],"rotation":0,"texture":"#0","tintindex":0},"up":{"uv":[6.75,7.125,6.25,6.625],"rotation":0,"texture":"#0","tintindex":0},"west":{"uv":[7.75,1.25,8.25,1.5],"rotation":0,"texture":"#0","tintindex":0}}},{"name":"cube","from":[6.804575,6.4332085,7.0146027],"to":[9.192575,7.621209,9.402603],"rotation":{"angle":0.0,"axis":"x","origin":[8.00291,7.011065,8.314546]},"faces":{"down":{"uv":[7.25,1.875,6.75,2.375],"rotation":0,"texture":"#0","tintindex":0},"east":{"uv":[7.75,2.5,8.25,2.75],"rotation":0,"texture":"#0","tintindex":0},"north":{"uv":[7.75,1.625,8.25,1.875],"rotation":0,"texture":"#0","tintindex":0},"south":{"uv":[4.0,7.75,4.5,8.0],"rotation":0,"texture":"#0","tintindex":0},"up":{"uv":[7.25,1.75,6.75,1.25],"rotation":0,"texture":"#0","tintindex":0},"west":{"uv":[7.75,4.125,8.25,4.375],"rotation":0,"texture":"#0","tintindex":0}}},{"name":"cube","from":[7.450357,6.457154,7.6663003],"to":[8.650357,7.657154,10.066301],"rotation":{"angle":0.0,"axis":"x","origin":[8.065294,7.2731323,9.09409]},"faces":{"down":{"uv":[5.5,7.75,5.25,8.25],"rotation":0,"texture":"#0","tintindex":0},"east":{"uv":[7.75,4.5,8.25,4.75],"rotation":0,"texture":"#0","tintindex":0},"north":{"uv":[4.375,8.125,4.625,8.375],"rotation":0,"texture":"#0","tintindex":0},"south":{"uv":[4.75,8.125,5.0,8.375],"rotation":0,"texture":"#0","tintindex":0},"up":{"uv":[1.625,8.0,1.375,7.5],"rotation":0,"texture":"#0","tintindex":0},"west":{"uv":[4.625,7.75,5.125,8.0],"rotation":0,"texture":"#0","tintindex":0}}},{"name":"cube","from":[8.050358,6.457154,9.466301],"to":[8.050358,9.457153,14.266301],"rotation":{"angle":0.0,"axis":"x","origin":[8.065294,7.2731323,9.09409]},"faces":{"down":{"uv":[7.625,8.5,7.625,9.5],"rotation":0,"texture":"#0","tintindex":0},"east":{"uv":[3.25,4.25,2.25,4.875],"rotation":0,"texture":"#0","tintindex":0},"north":{"uv":[8.5,5.625,8.5,6.25],"rotation":0,"texture":"#0","tintindex":0},"south":{"uv":[7.375,8.5,7.375,9.125],"rotation":0,"texture":"#0","tintindex":0},"up":{"uv":[7.5,9.5,7.5,8.5],"rotation":0,"texture":"#0","tintindex":0},"west":{"uv":[2.25,4.25,3.25,4.875],"rotation":0,"texture":"#0","tintindex":0}}},{"name":"cube","from":[9.246567,6.457154,5.412316],"to":[10.446566,7.657154,6.612316],"rotation":{"angle":-45.0,"axis":"y","origin":[8.024495,7.477133,5.6260905]},"faces":{"down":{"uv":[8.375,7.875,8.125,8.125],"rotation":0,"texture":"#0","tintindex":0},"east":{"uv":[8.125,6.0,8.375,6.25],"rotation":0,"texture":"#0","tintindex":0},"north":{"uv":[8.125,5.625,8.375,5.875],"rotation":0,"texture":"#0","tintindex":0},"south":{"uv":[8.125,7.125,8.375,7.375],"rotation":0,"texture":"#0","tintindex":0},"up":{"uv":[7.875,8.375,7.625,8.125],"rotation":0,"texture":"#0","tintindex":0},"west":{"uv":[8.125,7.5,8.375,7.75],"rotation":0,"texture":"#0","tintindex":0}}},{"name":"cube","from":[6.4718695,6.457154,2.694961],"to":[7.6718693,7.657154,3.894961],"rotation":{"angle":45.0,"axis":"y","origin":[11.778095,7.477133,5.6260905]},"faces":{"down":{"uv":[8.625,1.125,8.375,1.375],"rotation":0,"texture":"#0","tintindex":0},"east":{"uv":[8.0,8.25,8.25,8.5],"rotation":0,"texture":"#0","tintindex":0},"north":{"uv":[5.625,8.25,5.875,8.5],"rotation":0,"texture":"#0","tintindex":0},"south":{"uv":[0.375,8.375,0.625,8.625],"rotation":0,"texture":"#0","tintindex":0},"up":{"uv":[8.625,1.0,8.375,0.75],"rotation":0,"texture":"#0","tintindex":0},"west":{"uv":[8.375,0.375,8.625,0.625],"rotation":0,"texture":"#0","tintindex":0}}},{"name":"cube","from":[7.071869,6.457154,0.2949617],"to":[7.071869,8.857154,3.894961],"rotation":{"angle":45.0,"axis":"y","origin":[11.778095,7.477133,5.6260905]},"faces":{"down":{"uv":[0.125,8.625,0.125,9.375],"rotation":0,"texture":"#0","tintindex":0},"east":{"uv":[6.125,6.0,5.375,6.5],"rotation":0,"texture":"#0","tintindex":0},"north":{"uv":[7.75,8.5,7.75,9.0],"rotation":0,"texture":"#0","tintindex":0},"south":{"uv":[7.875,8.5,7.875,9.0],"rotation":0,"texture":"#0","tintindex":0},"up":{"uv":[0.0,9.375,0.0,8.625],"rotation":0,"texture":"#0","tintindex":0},"west":{"uv":[5.375,6.0,6.125,6.5],"rotation":0,"texture":"#0","tintindex":0}}},{"name":"cube","from":[9.780145,6.457154,2.6349616],"to":[9.780145,8.857154,6.2349615],"rotation":{"angle":-45.0,"axis":"y","origin":[8.013919,7.477133,5.6260905]},"faces":{"down":{"uv":[1.25,8.625,1.25,9.375],"rotation":0,"texture":"#0","tintindex":0},"east":{"uv":[1.625,6.25,0.875,6.75],"rotation":0,"texture":"#0","tintindex":0},"north":{"uv":[0.25,8.625,0.25,9.125],"rotation":0,"texture":"#0","tintindex":0},"south":{"uv":[1.0,8.625,1.0,9.125],"rotation":0,"texture":"#0","tintindex":0},"up":{"uv":[1.125,9.375,1.125,8.625],"rotation":0,"texture":"#0","tintindex":0},"west":{"uv":[0.875,6.25,1.625,6.75],"rotation":0,"texture":"#0","tintindex":0}}}],"display":{"head":{"translation":[0.0,-6.4,0.0],"rotation":[0.0,0.0,0.0],"scale":[3.8095,3.8095,3.8095]}}}