{"textures":{"0":"modelengine:entity/nocsy_fpv2_dog"},"elements":[{"name":"cube","from":[7.6871805,6.0104756,7.5946627],"to":[8.88718,9.010475,8.794662],"rotation":{"angle":0.0,"axis":"x","origin":[6.4391804,8.458475,9.022663]},"faces":{"down":{"uv":[8.125,2.875,8.375,3.125],"rotation":0,"texture":"#0","tintindex":0},"east":{"uv":[0.25,7.375,0.0,8.0],"rotation":0,"texture":"#0","tintindex":0},"north":{"uv":[6.75,7.25,6.5,7.875],"rotation":0,"texture":"#0","tintindex":0},"south":{"uv":[7.5,7.25,7.25,7.875],"rotation":0,"texture":"#0","tintindex":0},"up":{"uv":[8.0,7.0,8.25,6.75],"rotation":0,"texture":"#0","tintindex":0},"west":{"uv":[7.125,7.25,6.875,7.875],"rotation":0,"texture":"#0","tintindex":0}}}],"display":{"head":{"translation":[0.0,-6.4,0.0],"rotation":[0.0,0.0,0.0],"scale":[3.8095,3.8095,3.8095]}}}