{"textures":{"0":"modelengine:entity/nocsy_fpv2_dog"},"elements":[{"name":"cube","from":[7.1128197,6.0104756,7.5946627],"to":[8.3128195,9.010475,8.794662],"rotation":{"angle":0.0,"axis":"x","origin":[9.56082,8.458475,9.022663]},"faces":{"down":{"uv":[8.375,2.875,8.125,3.125],"rotation":0,"texture":"#0","tintindex":0},"east":{"uv":[6.875,7.25,7.125,7.875],"rotation":0,"texture":"#0","tintindex":0},"north":{"uv":[6.5,7.25,6.75,7.875],"rotation":0,"texture":"#0","tintindex":0},"south":{"uv":[7.25,7.25,7.5,7.875],"rotation":0,"texture":"#0","tintindex":0},"up":{"uv":[8.25,7.0,8.0,6.75],"rotation":0,"texture":"#0","tintindex":0},"west":{"uv":[0.0,7.375,0.25,8.0],"rotation":0,"texture":"#0","tintindex":0}}}],"display":{"head":{"translation":[0.0,-6.4,0.0],"rotation":[0.0,0.0,0.0],"scale":[3.8095,3.8095,3.8095]}}}