{"textures":{"0":"modelengine:entity/nocsy_fpv2_dog"},"elements":[{"name":"cube","from":[6.799505,7.109933,6.9724903],"to":[9.199505,8.309933,9.37249],"rotation":{"angle":-22.5,"axis":"x","origin":[7.975505,7.477133,8.07409]},"faces":{"down":{"uv":[0.0,6.75,0.5,7.25],"rotation":0,"texture":"#0","tintindex":0},"east":{"uv":[8.25,1.25,7.75,1.5],"rotation":0,"texture":"#0","tintindex":0},"north":{"uv":[7.875,2.125,7.375,2.375],"rotation":0,"texture":"#0","tintindex":0},"south":{"uv":[8.25,0.875,7.75,1.125],"rotation":0,"texture":"#0","tintindex":0},"up":{"uv":[6.25,7.125,6.75,6.625],"rotation":0,"texture":"#0","tintindex":0},"west":{"uv":[8.25,0.5,7.75,0.75],"rotation":0,"texture":"#0","tintindex":0}}},{"name":"cube","from":[6.8074245,6.4332085,7.0146027],"to":[9.195425,7.621209,9.402603],"rotation":{"angle":0.0,"axis":"x","origin":[7.9970903,7.011065,8.314546]},"faces":{"down":{"uv":[6.75,1.875,7.25,2.375],"rotation":0,"texture":"#0","tintindex":0},"east":{"uv":[8.25,4.125,7.75,4.375],"rotation":0,"texture":"#0","tintindex":0},"north":{"uv":[8.25,1.625,7.75,1.875],"rotation":0,"texture":"#0","tintindex":0},"south":{"uv":[4.5,7.75,4.0,8.0],"rotation":0,"texture":"#0","tintindex":0},"up":{"uv":[6.75,1.75,7.25,1.25],"rotation":0,"texture":"#0","tintindex":0},"west":{"uv":[8.25,2.5,7.75,2.75],"rotation":0,"texture":"#0","tintindex":0}}},{"name":"cube","from":[7.3496428,6.457154,7.6663003],"to":[8.549643,7.657154,10.066301],"rotation":{"angle":0.0,"axis":"x","origin":[7.934705,7.2731323,9.09409]},"faces":{"down":{"uv":[5.25,7.75,5.5,8.25],"rotation":0,"texture":"#0","tintindex":0},"east":{"uv":[5.125,7.75,4.625,8.0],"rotation":0,"texture":"#0","tintindex":0},"north":{"uv":[4.625,8.125,4.375,8.375],"rotation":0,"texture":"#0","tintindex":0},"south":{"uv":[5.0,8.125,4.75,8.375],"rotation":0,"texture":"#0","tintindex":0},"up":{"uv":[1.375,8.0,1.625,7.5],"rotation":0,"texture":"#0","tintindex":0},"west":{"uv":[8.25,4.5,7.75,4.75],"rotation":0,"texture":"#0","tintindex":0}}},{"name":"cube","from":[7.9496427,6.457154,9.466301],"to":[7.9496427,9.457153,14.266301],"rotation":{"angle":0.0,"axis":"x","origin":[7.934705,7.2731323,9.09409]},"faces":{"down":{"uv":[7.625,8.5,7.625,9.5],"rotation":0,"texture":"#0","tintindex":0},"east":{"uv":[3.25,4.25,2.25,4.875],"rotation":0,"texture":"#0","tintindex":0},"north":{"uv":[8.5,5.625,8.5,6.25],"rotation":0,"texture":"#0","tintindex":0},"south":{"uv":[7.375,8.5,7.375,9.125],"rotation":0,"texture":"#0","tintindex":0},"up":{"uv":[7.5,9.5,7.5,8.5],"rotation":0,"texture":"#0","tintindex":0},"west":{"uv":[2.25,4.25,3.25,4.875],"rotation":0,"texture":"#0","tintindex":0}}},{"name":"cube","from":[5.553434,6.457154,5.412316],"to":[6.753434,7.657154,6.612316],"rotation":{"angle":45.0,"axis":"y","origin":[7.975505,7.477133,5.6260905]},"faces":{"down":{"uv":[8.125,7.875,8.375,8.125],"rotation":0,"texture":"#0","tintindex":0},"east":{"uv":[8.375,7.5,8.125,7.75],"rotation":0,"texture":"#0","tintindex":0},"north":{"uv":[8.375,5.625,8.125,5.875],"rotation":0,"texture":"#0","tintindex":0},"south":{"uv":[8.375,7.125,8.125,7.375],"rotation":0,"texture":"#0","tintindex":0},"up":{"uv":[7.625,8.375,7.875,8.125],"rotation":0,"texture":"#0","tintindex":0},"west":{"uv":[8.375,6.0,8.125,6.25],"rotation":0,"texture":"#0","tintindex":0}}},{"name":"cube","from":[8.328131,6.457154,2.694961],"to":[9.5281315,7.657154,3.894961],"rotation":{"angle":-45.0,"axis":"y","origin":[4.2219048,7.477133,5.6260905]},"faces":{"down":{"uv":[8.375,1.125,8.625,1.375],"rotation":0,"texture":"#0","tintindex":0},"east":{"uv":[8.625,0.375,8.375,0.625],"rotation":0,"texture":"#0","tintindex":0},"north":{"uv":[5.875,8.25,5.625,8.5],"rotation":0,"texture":"#0","tintindex":0},"south":{"uv":[0.625,8.375,0.375,8.625],"rotation":0,"texture":"#0","tintindex":0},"up":{"uv":[8.375,1.0,8.625,0.75],"rotation":0,"texture":"#0","tintindex":0},"west":{"uv":[8.25,8.25,8.0,8.5],"rotation":0,"texture":"#0","tintindex":0}}},{"name":"cube","from":[8.928131,6.457154,0.2949617],"to":[8.928131,8.857154,3.894961],"rotation":{"angle":-45.0,"axis":"y","origin":[4.2219048,7.477133,5.6260905]},"faces":{"down":{"uv":[0.125,8.625,0.125,9.375],"rotation":0,"texture":"#0","tintindex":0},"east":{"uv":[6.125,6.0,5.375,6.5],"rotation":0,"texture":"#0","tintindex":0},"north":{"uv":[7.75,8.5,7.75,9.0],"rotation":0,"texture":"#0","tintindex":0},"south":{"uv":[7.875,8.5,7.875,9.0],"rotation":0,"texture":"#0","tintindex":0},"up":{"uv":[0.0,9.375,0.0,8.625],"rotation":0,"texture":"#0","tintindex":0},"west":{"uv":[5.375,6.0,6.125,6.5],"rotation":0,"texture":"#0","tintindex":0}}},{"name":"cube","from":[6.2198553,6.457154,2.6349616],"to":[6.2198553,8.857154,6.2349615],"rotation":{"angle":45.0,"axis":"y","origin":[7.986081,7.477133,5.6260905]},"faces":{"down":{"uv":[1.25,8.625,1.25,9.375],"rotation":0,"texture":"#0","tintindex":0},"east":{"uv":[1.625,6.25,0.875,6.75],"rotation":0,"texture":"#0","tintindex":0},"north":{"uv":[0.25,8.625,0.25,9.125],"rotation":0,"texture":"#0","tintindex":0},"south":{"uv":[1.0,8.625,1.0,9.125],"rotation":0,"texture":"#0","tintindex":0},"up":{"uv":[1.125,9.375,1.125,8.625],"rotation":0,"texture":"#0","tintindex":0},"west":{"uv":[0.875,6.25,1.625,6.75],"rotation":0,"texture":"#0","tintindex":0}}}],"display":{"head":{"translation":[0.0,-6.4,0.0],"rotation":[0.0,0.0,0.0],"scale":[3.8095,3.8095,3.8095]}}}