{"textures":{"0":"modelengine:entity/nocsy_fpv2_dog"},"elements":[{"name":"cube","from":[7.616,5.96,7.184],"to":[8.816,7.76,8.384001],"rotation":{"angle":0.0,"axis":"x","origin":[6.368,10.448,8.612]},"faces":{"down":{"uv":[4.0,8.125,4.25,8.375],"rotation":0,"texture":"#0","tintindex":0},"east":{"uv":[7.5,8.0,7.25,8.375],"rotation":0,"texture":"#0","tintindex":0},"north":{"uv":[7.0,2.5,6.75,2.875],"rotation":0,"texture":"#0","tintindex":0},"south":{"uv":[7.125,8.0,6.875,8.375],"rotation":0,"texture":"#0","tintindex":0},"up":{"uv":[8.125,3.5,8.375,3.25],"rotation":0,"texture":"#0","tintindex":0},"west":{"uv":[3.875,8.0,3.625,8.375],"rotation":0,"texture":"#0","tintindex":0}}},{"name":"cube","from":[7.2906446,7.4293957,7.085683],"to":[8.970645,9.109396,8.765682],"rotation":{"angle":-45.0,"axis":"z","origin":[8.0,8.0,8.0]},"faces":{"down":{"uv":[3.0,7.5,3.375,7.875],"rotation":0,"texture":"#0","tintindex":0},"east":{"uv":[0.75,7.5,0.375,7.875],"rotation":0,"texture":"#0","tintindex":0},"north":{"uv":[7.5,3.125,7.125,3.5],"rotation":0,"texture":"#0","tintindex":0},"south":{"uv":[7.875,0.0,7.5,0.375],"rotation":0,"texture":"#0","tintindex":0},"up":{"uv":[0.875,7.875,1.25,7.5],"rotation":0,"texture":"#0","tintindex":0},"west":{"uv":[7.75,3.625,7.375,4.0],"rotation":0,"texture":"#0","tintindex":0}}}],"display":{"head":{"translation":[0.0,-6.4,0.0],"rotation":[0.0,0.0,0.0],"scale":[3.8095,3.8095,3.8095]}}}