{"textures":{"0":"modelengine:entity/nocsy_fpv2_dog"},"elements":[{"name":"cube","from":[6.9368,6.7769957,7.1551104],"to":[8.736799,9.176996,9.555111],"rotation":{"angle":-22.5,"axis":"x","origin":[7.96496,7.428164,7.5832705]},"faces":{"down":{"uv":[5.875,7.125,5.5,7.625],"rotation":0,"texture":"#0","tintindex":0},"east":{"uv":[7.125,2.5,7.625,3.0],"rotation":0,"texture":"#0","tintindex":0},"north":{"uv":[2.25,3.375,2.625,3.875],"rotation":0,"texture":"#0","tintindex":0},"south":{"uv":[1.25,6.875,1.625,7.375],"rotation":0,"texture":"#0","tintindex":0},"up":{"uv":[5.375,7.625,5.0,7.125],"rotation":0,"texture":"#0","tintindex":0},"west":{"uv":[4.375,7.125,4.875,7.625],"rotation":0,"texture":"#0","tintindex":0}}}],"display":{"head":{"translation":[0.0,-6.4,0.0],"rotation":[0.0,0.0,0.0],"scale":[3.8095,3.8095,3.8095]}}}