{
	"credit": "Made by Manning Design",
	"textures": {
		"0": "season1/fish/md_fish_small_yellow",
		"1": "season1/fish/md_fish_sparkles",
		"particle": "season1/fish/md_fish_small_yellow"
	},
	"elements": [
		{
			"from": [7.28, -1.17842, 7.24364],
			"to": [7.28, 1.70158, 9.76364],
			"rotation": {"angle": -45, "axis": "z", "origin": [7.28, 0.51158, 9.94364]},
			"faces": {
				"north": {"uv": [0, 0, 0, 1.5], "texture": "#0"},
				"east": {"uv": [6.5, 4.5, 5, 6], "texture": "#0"},
				"south": {"uv": [0, 0, 0, 1.5], "texture": "#0"},
				"west": {"uv": [5, 4.5, 6.5, 6], "texture": "#0"},
				"up": {"uv": [0, 1.5, 0, 0], "texture": "#0"},
				"down": {"uv": [0, 0, 0, 1.5], "texture": "#0"}
			}
		},
		{
			"from": [8.72, -1.17842, 7.24364],
			"to": [8.72, 1.70158, 9.76364],
			"rotation": {"angle": 45, "axis": "z", "origin": [8.72, 0.51158, 9.94364]},
			"faces": {
				"north": {"uv": [0, 0, 0, 1.5], "texture": "#0"},
				"east": {"uv": [6.5, 4.5, 5, 6], "texture": "#0"},
				"south": {"uv": [0, 0, 0, 1.5], "texture": "#0"},
				"west": {"uv": [5, 4.5, 6.5, 6], "texture": "#0"},
				"up": {"uv": [0, 1.5, 0, 0], "texture": "#0"},
				"down": {"uv": [0, 0, 0, 1.5], "texture": "#0"}
			}
		},
		{
			"from": [9.085, -0.81396, 4.30199],
			"to": [9.085, 1.34604, 5.74199],
			"rotation": {"angle": 45, "axis": "z", "origin": [9.085, 1.21604, 5.02199]},
			"faces": {
				"north": {"uv": [0, 0, 0, 1], "texture": "#0"},
				"east": {"uv": [6.5, 5, 7, 6], "texture": "#0"},
				"south": {"uv": [0, 0, 0, 1], "texture": "#0"},
				"west": {"uv": [6.5, 5, 7, 6], "texture": "#0"},
				"up": {"uv": [0, 0.5, 0, 0], "texture": "#0"},
				"down": {"uv": [0, 0, 0, 0.5], "texture": "#0"}
			}
		},
		{
			"from": [6.915, -0.81396, 4.30199],
			"to": [6.915, 1.34604, 5.74199],
			"rotation": {"angle": -45, "axis": "z", "origin": [6.915, 1.21604, 5.02199]},
			"faces": {
				"north": {"uv": [0, 0, 0, 1], "texture": "#0"},
				"east": {"uv": [7.5, 2, 7, 3], "texture": "#0"},
				"south": {"uv": [0, 0, 0, 1], "texture": "#0"},
				"west": {"uv": [7, 2, 7.5, 3], "texture": "#0"},
				"up": {"uv": [0, 0.5, 0, 0], "texture": "#0"},
				"down": {"uv": [0, 0, 0, 0.5], "texture": "#0"}
			}
		},
		{
			"from": [7, 0, 3],
			"to": [9, 3, 12],
			"rotation": {"angle": 0, "axis": "y", "origin": [5, 0, -3]},
			"faces": {
				"north": {"uv": [6, 0, 7, 1.5], "texture": "#0"},
				"east": {"uv": [4.5, 1.5, 0, 3], "texture": "#0"},
				"south": {"uv": [6, 1.5, 7, 3], "texture": "#0"},
				"west": {"uv": [0, 1.5, 4.5, 3], "texture": "#0"},
				"up": {"uv": [1, 7.5, 0, 3], "texture": "#0"},
				"down": {"uv": [2, 3, 1, 7.5], "texture": "#0"}
			}
		},
		{
			"from": [8, 0, 12],
			"to": [8, 3, 15],
			"rotation": {"angle": 0, "axis": "y", "origin": [5, 0, -3]},
			"faces": {
				"north": {"uv": [0, 0, 0, 1.5], "texture": "#0"},
				"east": {"uv": [6, 1.5, 4.5, 3], "texture": "#0"},
				"south": {"uv": [0, 0, 0, 1.5], "texture": "#0"},
				"west": {"uv": [4.5, 1.5, 6, 3], "texture": "#0"},
				"up": {"uv": [0, 1.5, 0, 0], "texture": "#0"},
				"down": {"uv": [0, 0, 0, 1.5], "texture": "#0"}
			}
		},
		{
			"from": [8, 3, 5],
			"to": [8, 5, 11],
			"rotation": {"angle": 0, "axis": "y", "origin": [5, 0, -3]},
			"faces": {
				"north": {"uv": [0, 0, 0, 1], "texture": "#0"},
				"east": {"uv": [5, 4, 2, 5], "texture": "#0"},
				"south": {"uv": [0, 0, 0, 1], "texture": "#0"},
				"west": {"uv": [2, 4, 5, 5], "texture": "#0"},
				"up": {"uv": [0, 3, 0, 0], "texture": "#0"},
				"down": {"uv": [0, 0, 0, 3], "texture": "#0"}
			}
		},
		{
			"from": [8, -1, 6],
			"to": [8, 0, 12],
			"rotation": {"angle": 0, "axis": "y", "origin": [5, 0, -3]},
			"faces": {
				"north": {"uv": [0, 0, 0, 0.5], "texture": "#0"},
				"east": {"uv": [9.5, 3.5, 6.5, 4], "texture": "#0"},
				"south": {"uv": [0, 0, 0, 0.5], "texture": "#0"},
				"west": {"uv": [6.5, 3.5, 9.5, 4], "texture": "#0"},
				"up": {"uv": [0, 3, 0, 0], "texture": "#0"},
				"down": {"uv": [0, 0, 0, 3], "texture": "#0"}
			}
		},
		{
			"from": [7, 0, 1],
			"to": [9, 3, 3],
			"rotation": {"angle": 0, "axis": "y", "origin": [5, 0, -3]},
			"faces": {
				"north": {"uv": [5, 6, 6, 7.5], "texture": "#0"},
				"east": {"uv": [4, 6.5, 3, 8], "texture": "#0"},
				"south": {"uv": [2, 6.5, 3, 8], "texture": "#0"},
				"west": {"uv": [3, 6.5, 4, 8], "texture": "#0"},
				"up": {"uv": [5, 7.5, 4, 6.5], "texture": "#0"},
				"down": {"uv": [7.5, 4, 6.5, 5], "texture": "#0"}
			}
		},
		{
			"from": [10, 3.25, -2],
			"to": [10, 6.25, 1],
			"faces": {
				"north": {"uv": [0, 0, 0, 3], "texture": "#1"},
				"east": {"uv": [3, 3, 0, 6], "texture": "#1"},
				"south": {"uv": [0, 0, 0, 3], "texture": "#1"},
				"west": {"uv": [0, 3, 3, 6], "texture": "#1"},
				"up": {"uv": [0, 3, 0, 0], "texture": "#1"},
				"down": {"uv": [0, 0, 0, 3], "texture": "#1"}
			}
		},
		{
			"from": [8.5, 3.25, -0.5],
			"to": [11.5, 6.25, -0.5],
			"rotation": {"angle": 0, "axis": "y", "origin": [8, 4.75, -0.5]},
			"faces": {
				"north": {"uv": [0, 3, 3, 6], "texture": "#1"},
				"east": {"uv": [0, 0, 0, 3], "texture": "#1"},
				"south": {"uv": [3, 3, 0, 6], "texture": "#1"},
				"west": {"uv": [0, 0, 0, 3], "texture": "#1"},
				"up": {"uv": [0, 3, 0, 0], "rotation": 90, "texture": "#1"},
				"down": {"uv": [0, 0, 0, 3], "rotation": 270, "texture": "#1"}
			}
		},
		{
			"from": [6.25, -2, 15.5],
			"to": [6.25, 1, 18.5],
			"faces": {
				"north": {"uv": [0, 0, 0, 3], "texture": "#1"},
				"east": {"uv": [3, 3, 6, 6], "texture": "#1"},
				"south": {"uv": [0, 0, 0, 3], "texture": "#1"},
				"west": {"uv": [3, 3, 6, 6], "texture": "#1"},
				"up": {"uv": [0, 3, 0, 0], "texture": "#1"},
				"down": {"uv": [0, 0, 0, 3], "texture": "#1"}
			}
		},
		{
			"from": [4.75, -2, 17],
			"to": [7.75, 1, 17],
			"rotation": {"angle": 0, "axis": "y", "origin": [8, -0.5, 17]},
			"faces": {
				"north": {"uv": [3, 3, 6, 6], "texture": "#1"},
				"east": {"uv": [0, 0, 0, 3], "texture": "#1"},
				"south": {"uv": [3, 3, 6, 6], "texture": "#1"},
				"west": {"uv": [0, 0, 0, 3], "texture": "#1"},
				"up": {"uv": [0, 3, 0, 0], "rotation": 270, "texture": "#1"},
				"down": {"uv": [0, 0, 0, 3], "rotation": 90, "texture": "#1"}
			}
		}
	],
	"gui_light": "front",
	"display": {
		"thirdperson_righthand": {
			"rotation": [78, 0, 0],
			"translation": [0, -1.25, 6.25]
		},
		"thirdperson_lefthand": {
			"rotation": [78, 0, 0],
			"translation": [0, -0.75, 6.5]
		},
		"firstperson_righthand": {
			"rotation": [42, 0, 0],
			"translation": [0, 6.25, 5]
		},
		"firstperson_lefthand": {
			"rotation": [42, 0, 0],
			"translation": [0, 5, 6.5]
		},
		"ground": {
			"rotation": [0, 0, 90],
			"translation": [-5, 9.25, -1]
		},
		"gui": {
			"rotation": [40, -48, 19],
			"translation": [-1.5, 4.5, 0],
			"scale": [0.7, 0.7, 0.7]
		},
		"head": {
			"translation": [0, 14.25, 0]
		},
		"fixed": {
			"rotation": [0, 90, 0],
			"translation": [1, 6.75, 0],
			"scale": [1.03, 1.03, 1.03]
		}
	}
}