{
	"credit": "Made by Manning Design",
	"textures": {
		"0": "season1/fish/md_fish_medium_texture",
		"1": "season1/fish/md_fish_sparkles",
		"particle": "season1/fish/md_fish_medium_texture"
	},
	"elements": [
		{
			"from": [6.92, 0.51158, 5.20364],
			"to": [9.08, 3.39158, 18.52364],
			"rotation": {"angle": 0, "axis": "y", "origin": [1.88, 0.51158, 3.40364]},
			"faces": {
				"north": {"uv": [1.5, 5, 2.25, 6], "texture": "#0"},
				"east": {"uv": [4.75, 1, 0, 2], "texture": "#0"},
				"south": {"uv": [2.25, 5, 3, 6], "texture": "#0"},
				"west": {"uv": [0, 1, 4.75, 2], "texture": "#0"},
				"up": {"uv": [0.75, 8.75, 0, 4], "texture": "#0"},
				"down": {"uv": [1.5, 4, 0.75, 8.75], "texture": "#0"}
			}
		},
		{
			"from": [8, 1.95158, 5.20364],
			"to": [8, 4.83158, 18.52364],
			"rotation": {"angle": 0, "axis": "y", "origin": [1.88, 0.51158, 3.40364]},
			"faces": {
				"north": {"uv": [0, 0, 0, 1], "texture": "#0"},
				"east": {"uv": [0, 2, 4.75, 3], "texture": "#0"},
				"south": {"uv": [0, 0, 0, 1], "texture": "#0"},
				"west": {"uv": [4.75, 2, 0, 3], "texture": "#0"},
				"up": {"uv": [0, 4.75, 0, 0], "texture": "#0"},
				"down": {"uv": [0, 0, 0, 4.75], "texture": "#0"}
			}
		},
		{
			"from": [8, 0.02558, 17.80364],
			"to": [8, 4.20158, 23.20364],
			"rotation": {"angle": 0, "axis": "y", "origin": [1.88, 0.51158, 3.40364]},
			"faces": {
				"north": {"uv": [0, 0, 0, 1], "texture": "#0"},
				"east": {"uv": [1.5, 14.125, 0, 16], "texture": "#0"},
				"south": {"uv": [0, 0, 0, 1], "texture": "#0"},
				"west": {"uv": [0, 14.125, 1.5, 16], "texture": "#0"},
				"up": {"uv": [0, 1.25, 0, 0], "texture": "#0"},
				"down": {"uv": [0, 0, 0, 1.25], "texture": "#0"}
			}
		},
		{
			"from": [8, -0.92842, 15.28364],
			"to": [8, 1.23158, 17.80364],
			"rotation": {"angle": 0, "axis": "y", "origin": [1.88, 0.51158, 3.40364]},
			"faces": {
				"north": {"uv": [0, 0, 0, 0.75], "texture": "#0"},
				"east": {"uv": [4, 5.5, 5, 6.25], "texture": "#0"},
				"south": {"uv": [0, 0, 0, 0.75], "texture": "#0"},
				"west": {"uv": [4, 5.5, 5, 6.25], "texture": "#0"},
				"up": {"uv": [0, 1, 0, 0], "texture": "#0"},
				"down": {"uv": [0, 0, 0, 1], "texture": "#0"}
			}
		},
		{
			"from": [7.28, -0.92842, 10.24364],
			"to": [7.28, 1.95158, 12.76364],
			"rotation": {"angle": -45, "axis": "z", "origin": [7.28, 0.51158, 12.94364]},
			"faces": {
				"north": {"uv": [0, 0, 0, 1], "texture": "#0"},
				"east": {"uv": [5.75, 2.5, 4.75, 3.5], "texture": "#0"},
				"south": {"uv": [0, 0, 0, 1], "texture": "#0"},
				"west": {"uv": [4.75, 2.5, 5.75, 3.5], "texture": "#0"},
				"up": {"uv": [0, 1, 0, 0], "texture": "#0"},
				"down": {"uv": [0, 0, 0, 1], "texture": "#0"}
			}
		},
		{
			"from": [8.72, -0.92842, 10.24364],
			"to": [8.72, 1.95158, 12.76364],
			"rotation": {"angle": 45, "axis": "z", "origin": [8.72, 0.51158, 12.94364]},
			"faces": {
				"north": {"uv": [0, 0, 0, 1], "texture": "#0"},
				"east": {"uv": [5.75, 2.5, 4.75, 3.5], "texture": "#0"},
				"south": {"uv": [0, 0, 0, 1], "texture": "#0"},
				"west": {"uv": [4.75, 2.5, 5.75, 3.5], "texture": "#0"},
				"up": {"uv": [0, 1, 0, 0], "texture": "#0"},
				"down": {"uv": [0, 0, 0, 1], "texture": "#0"}
			}
		},
		{
			"from": [7.1, 0.62204, 2.10799],
			"to": [8.9, 2.06204, 6.24799],
			"rotation": {"angle": 0, "axis": "y", "origin": [2.24, 0.62204, 3.36799]},
			"faces": {
				"north": {"uv": [3, 5.75, 3.75, 6.25], "texture": "#0"},
				"east": {"uv": [7, 0.5, 5.5, 1], "texture": "#0"},
				"south": {"uv": [5.75, 4, 6.5, 4.5], "texture": "#0"},
				"west": {"uv": [5.5, 0.5, 7.14375, 1], "texture": "#0"},
				"up": {"uv": [4.75, 5.5, 4, 4], "texture": "#0"},
				"down": {"uv": [5.5, 0, 4.75, 1.5], "texture": "#0"}
			}
		},
		{
			"from": [7.28, 1.58387, 2.13248],
			"to": [8.72, 3.02387, 5.49848],
			"rotation": {"angle": -22.5, "axis": "x", "origin": [8, 2.48387, 4.53548]},
			"faces": {
				"north": {"uv": [5, 6, 5.5, 6.5], "texture": "#0"},
				"east": {"uv": [6.375, 5.5, 5, 6], "texture": "#0"},
				"south": {"uv": [5.5, 6, 6, 6.5], "texture": "#0"},
				"west": {"uv": [5, 5.5, 6.375, 6], "texture": "#0"},
				"up": {"uv": [6.25, 2.75, 5.75, 1.5], "texture": "#0"},
				"down": {"uv": [6.25, 2.75, 5.75, 4], "texture": "#0"}
			}
		},
		{
			"from": [9.08, 0.49604, 7.02199],
			"to": [11.24, 1.93604, 7.02199],
			"rotation": {"angle": -45, "axis": "y", "origin": [9.08, 1.21604, 7.02199]},
			"faces": {
				"north": {"uv": [2.25, 6, 1.5, 6.5], "texture": "#0"},
				"east": {"uv": [0, 0, 0, 0.5], "texture": "#0"},
				"south": {"uv": [1.5, 6, 2.25, 6.5], "texture": "#0"},
				"west": {"uv": [0, 0, 0, 0.5], "texture": "#0"},
				"up": {"uv": [0.75, 0, 0, 0], "texture": "#0"},
				"down": {"uv": [0.75, 0, 0, 0], "texture": "#0"}
			}
		},
		{
			"from": [4.76, 0.49604, 7.02199],
			"to": [6.92, 1.93604, 7.02199],
			"rotation": {"angle": 45, "axis": "y", "origin": [6.92, 1.21604, 7.02199]},
			"faces": {
				"north": {"uv": [1.5, 6, 2.25, 6.5], "texture": "#0"},
				"east": {"uv": [0, 0, 0, 0.5], "texture": "#0"},
				"south": {"uv": [2.25, 6, 1.5, 6.5], "texture": "#0"},
				"west": {"uv": [0, 0, 0, 0.5], "texture": "#0"},
				"up": {"uv": [0.75, 0, 0, 0], "texture": "#0"},
				"down": {"uv": [0.75, 0, 0, 0], "texture": "#0"}
			}
		},
		{
			"from": [10, 2.25, -1],
			"to": [10, 5.25, 2],
			"faces": {
				"north": {"uv": [0, 0, 0, 3], "texture": "#1"},
				"east": {"uv": [0, 3, 3, 6], "texture": "#1"},
				"south": {"uv": [0, 0, 0, 3], "texture": "#1"},
				"west": {"uv": [0, 3, 3, 6], "texture": "#1"},
				"up": {"uv": [0, 3, 0, 0], "texture": "#1"},
				"down": {"uv": [0, 0, 0, 3], "texture": "#1"}
			}
		},
		{
			"from": [6.25, -1, 23.5],
			"to": [6.25, 2, 26.5],
			"faces": {
				"north": {"uv": [0, 0, 0, 3], "texture": "#1"},
				"east": {"uv": [3, 3, 6, 6], "texture": "#1"},
				"south": {"uv": [0, 0, 0, 3], "texture": "#1"},
				"west": {"uv": [3, 3, 6, 6], "texture": "#1"},
				"up": {"uv": [0, 3, 0, 0], "texture": "#1"},
				"down": {"uv": [0, 0, 0, 3], "texture": "#1"}
			}
		},
		{
			"from": [8.5, 2.25, 0.5],
			"to": [11.5, 5.25, 0.5],
			"rotation": {"angle": 0, "axis": "y", "origin": [8, 4.75, -0.5]},
			"faces": {
				"north": {"uv": [0, 3, 3, 6], "texture": "#1"},
				"east": {"uv": [0, 0, 0, 3], "texture": "#1"},
				"south": {"uv": [0, 3, 3, 6], "texture": "#1"},
				"west": {"uv": [0, 0, 0, 3], "texture": "#1"},
				"up": {"uv": [3, 0, 0, 0], "texture": "#1"},
				"down": {"uv": [3, 0, 0, 0], "texture": "#1"}
			}
		},
		{
			"from": [4.75, -1, 25],
			"to": [7.75, 2, 25],
			"rotation": {"angle": 0, "axis": "y", "origin": [8, -0.5, 17]},
			"faces": {
				"north": {"uv": [3, 3, 6, 6], "texture": "#1"},
				"east": {"uv": [0, 0, 0, 3], "texture": "#1"},
				"south": {"uv": [3, 3, 6, 6], "texture": "#1"},
				"west": {"uv": [0, 0, 0, 3], "texture": "#1"},
				"up": {"uv": [3, 0, 0, 0], "texture": "#1"},
				"down": {"uv": [3, 0, 0, 0], "texture": "#1"}
			}
		}
	],
	"gui_light": "front",
	"display": {
		"thirdperson_righthand": {
			"rotation": [78, 0, 0],
			"translation": [0, 2, 5.75]
		},
		"thirdperson_lefthand": {
			"rotation": [78, 0, 0],
			"translation": [0, 2, 5.75]
		},
		"firstperson_righthand": {
			"rotation": [42, 0, 0],
			"translation": [0, 8, 3.25]
		},
		"firstperson_lefthand": {
			"rotation": [42, 0, 0],
			"translation": [0, 8, 3.25]
		},
		"ground": {
			"rotation": [0, 0, 90],
			"translation": [-4, 11.25, -5]
		},
		"gui": {
			"rotation": [40, -48, 19],
			"translation": [1, 4.5, 0],
			"scale": [0.59, 0.59, 0.59]
		},
		"head": {
			"translation": [0, 14.25, -4.25]
		},
		"fixed": {
			"rotation": [0, 90, 0],
			"translation": [-2.5, 3.75, 0],
			"scale": [0.82, 0.82, 0.82]
		}
	}
}