{
	"credit": "Made by Manning Design",
	"textures": {
		"0": "season1/fish/md_fish_large_texture",
		"1": "season1/fish/md_fish_sparkles",
		"particle": "season1/fish/md_fish_large_texture"
	},
	"elements": [
		{
			"from": [6.5, 0.02158, 2.47451],
			"to": [9.5, 4.02158, 20.97451],
			"rotation": {"angle": 0, "axis": "y", "origin": [-0.5, 0.02158, -0.02549]},
			"faces": {
				"north": {"uv": [1.5, 5, 2.25, 6], "texture": "#0"},
				"east": {"uv": [4.75, 1, 0, 2], "texture": "#0"},
				"south": {"uv": [2.25, 5, 3, 6], "texture": "#0"},
				"west": {"uv": [0, 1, 4.75, 2], "texture": "#0"},
				"up": {"uv": [0.75, 8.75, 0, 4], "texture": "#0"},
				"down": {"uv": [1.5, 4, 0.75, 8.75], "texture": "#0"}
			}
		},
		{
			"from": [8, 2.02158, 2.47451],
			"to": [8, 6.02158, 20.97451],
			"rotation": {"angle": 0, "axis": "y", "origin": [-0.5, 0.02158, -0.02549]},
			"faces": {
				"north": {"uv": [0, 0, 0, 1], "texture": "#0"},
				"east": {"uv": [0, 2, 4.75, 3], "texture": "#0"},
				"south": {"uv": [0, 0, 0, 1], "texture": "#0"},
				"west": {"uv": [4.75, 2, 0, 3], "texture": "#0"},
				"up": {"uv": [0, 4.75, 0, 0], "texture": "#0"},
				"down": {"uv": [0, 0, 0, 4.75], "texture": "#0"}
			}
		},
		{
			"from": [8, -0.65342, 19.97451],
			"to": [8, 5.14658, 27.47451],
			"rotation": {"angle": 0, "axis": "y", "origin": [-0.5, 0.02158, -0.02549]},
			"faces": {
				"north": {"uv": [0, 0, 0, 1], "texture": "#0"},
				"east": {"uv": [1.5, 14.125, 0, 16], "texture": "#0"},
				"south": {"uv": [0, 0, 0, 1], "texture": "#0"},
				"west": {"uv": [0, 14.125, 1.5, 16], "texture": "#0"},
				"up": {"uv": [0, 1.25, 0, 0], "texture": "#0"},
				"down": {"uv": [0, 0, 0, 1.25], "texture": "#0"}
			}
		},
		{
			"from": [8, -1.97842, 16.47451],
			"to": [8, 1.02158, 19.97451],
			"rotation": {"angle": 0, "axis": "y", "origin": [-0.5, 0.02158, -0.02549]},
			"faces": {
				"north": {"uv": [0, 0, 0, 0.75], "texture": "#0"},
				"east": {"uv": [4, 5.5, 5, 6.25], "texture": "#0"},
				"south": {"uv": [0, 0, 0, 0.75], "texture": "#0"},
				"west": {"uv": [4, 5.5, 5, 6.25], "texture": "#0"},
				"up": {"uv": [0, 1, 0, 0], "texture": "#0"},
				"down": {"uv": [0, 0, 0, 1], "texture": "#0"}
			}
		},
		{
			"from": [7, -1.97842, 9.47451],
			"to": [7, 2.02158, 12.97451],
			"rotation": {"angle": -45, "axis": "z", "origin": [7, 0.02158, 13.22451]},
			"faces": {
				"north": {"uv": [0, 0, 0, 1], "texture": "#0"},
				"east": {"uv": [5.75, 2.5, 4.75, 3.5], "texture": "#0"},
				"south": {"uv": [0, 0, 0, 1], "texture": "#0"},
				"west": {"uv": [4.75, 2.5, 5.75, 3.5], "texture": "#0"},
				"up": {"uv": [0, 1, 0, 0], "texture": "#0"},
				"down": {"uv": [0, 0, 0, 1], "texture": "#0"}
			}
		},
		{
			"from": [9, -1.97842, 9.47451],
			"to": [9, 2.02158, 12.97451],
			"rotation": {"angle": 45, "axis": "z", "origin": [9, 0.02158, 13.22451]},
			"faces": {
				"north": {"uv": [0, 0, 0, 1], "texture": "#0"},
				"east": {"uv": [5.75, 2.5, 4.75, 3.5], "texture": "#0"},
				"south": {"uv": [0, 0, 0, 1], "texture": "#0"},
				"west": {"uv": [4.75, 2.5, 5.75, 3.5], "texture": "#0"},
				"up": {"uv": [0, 1, 0, 0], "texture": "#0"},
				"down": {"uv": [0, 0, 0, 1], "texture": "#0"}
			}
		},
		{
			"from": [6.75, 0.175, -1.825],
			"to": [9.25, 2.175, 3.925],
			"rotation": {"angle": 0, "axis": "y", "origin": [0, 0.175, -0.075]},
			"faces": {
				"north": {"uv": [3, 5.75, 3.75, 6.25], "texture": "#0"},
				"east": {"uv": [7, 0.5, 5.5, 1], "texture": "#0"},
				"south": {"uv": [5.75, 4, 6.5, 4.5], "texture": "#0"},
				"west": {"uv": [5.5, 0.5, 7.14375, 1], "texture": "#0"},
				"up": {"uv": [4.75, 5.5, 4, 4], "texture": "#0"},
				"down": {"uv": [5.5, 0, 4.75, 1.5], "texture": "#0"}
			}
		},
		{
			"from": [7, 1.51086, -1.79099],
			"to": [9, 3.51086, 2.88401],
			"rotation": {"angle": -22.5, "axis": "x", "origin": [8, 2.76086, 1.54651]},
			"faces": {
				"north": {"uv": [5, 6, 5.5, 6.5], "texture": "#0"},
				"east": {"uv": [6.375, 5.5, 5, 6], "texture": "#0"},
				"south": {"uv": [5.5, 6, 6, 6.5], "texture": "#0"},
				"west": {"uv": [5, 5.5, 6.375, 6], "texture": "#0"},
				"up": {"uv": [6.25, 2.75, 5.75, 1.5], "texture": "#0"},
				"down": {"uv": [6.25, 2.75, 5.75, 4], "texture": "#0"}
			}
		},
		{
			"from": [9.5, 0, 5],
			"to": [12.5, 2, 5],
			"rotation": {"angle": -45, "axis": "y", "origin": [9.5, 1, 5]},
			"faces": {
				"north": {"uv": [2.25, 6, 1.5, 6.5], "texture": "#0"},
				"east": {"uv": [0, 0, 0, 0.5], "texture": "#0"},
				"south": {"uv": [1.5, 6, 2.25, 6.5], "texture": "#0"},
				"west": {"uv": [0, 0, 0, 0.5], "texture": "#0"},
				"up": {"uv": [0.75, 0, 0, 0], "texture": "#0"},
				"down": {"uv": [0.75, 0, 0, 0], "texture": "#0"}
			}
		},
		{
			"from": [3.5, 0, 5],
			"to": [6.5, 2, 5],
			"rotation": {"angle": 45, "axis": "y", "origin": [6.5, 1, 5]},
			"faces": {
				"north": {"uv": [1.5, 6, 2.25, 6.5], "texture": "#0"},
				"east": {"uv": [0, 0, 0, 0.5], "texture": "#0"},
				"south": {"uv": [2.25, 6, 1.5, 6.5], "texture": "#0"},
				"west": {"uv": [0, 0, 0, 0.5], "texture": "#0"},
				"up": {"uv": [0.75, 0, 0, 0], "texture": "#0"},
				"down": {"uv": [0.75, 0, 0, 0], "texture": "#0"}
			}
		},
		{
			"from": [10.75, 3.25, -4],
			"to": [10.75, 6.25, -1],
			"faces": {
				"north": {"uv": [0, 0, 0, 3], "texture": "#1"},
				"east": {"uv": [0, 3, 3, 6], "texture": "#1"},
				"south": {"uv": [0, 0, 0, 3], "texture": "#1"},
				"west": {"uv": [0, 3, 3, 6], "texture": "#1"},
				"up": {"uv": [0, 3, 0, 0], "texture": "#1"},
				"down": {"uv": [0, 0, 0, 3], "texture": "#1"}
			}
		},
		{
			"from": [6.25, -1.75, 27.5],
			"to": [6.25, 1.25, 30.5],
			"faces": {
				"north": {"uv": [0, 0, 0, 3], "texture": "#1"},
				"east": {"uv": [3, 3, 6, 6], "texture": "#1"},
				"south": {"uv": [0, 0, 0, 3], "texture": "#1"},
				"west": {"uv": [3, 3, 6, 6], "texture": "#1"},
				"up": {"uv": [0, 3, 0, 0], "texture": "#1"},
				"down": {"uv": [0, 0, 0, 3], "texture": "#1"}
			}
		},
		{
			"from": [9.25, 3.25, -2.5],
			"to": [12.25, 6.25, -2.5],
			"rotation": {"angle": 0, "axis": "y", "origin": [8, 4.75, -0.5]},
			"faces": {
				"north": {"uv": [3, 3, 6, 6], "texture": "#1"},
				"east": {"uv": [0, 0, 0, 3], "texture": "#1"},
				"south": {"uv": [3, 3, 6, 6], "texture": "#1"},
				"west": {"uv": [0, 0, 0, 3], "texture": "#1"},
				"up": {"uv": [3, 0, 0, 0], "texture": "#1"},
				"down": {"uv": [3, 0, 0, 0], "texture": "#1"}
			}
		},
		{
			"from": [4.75, -1.75, 29],
			"to": [7.75, 1.25, 29],
			"rotation": {"angle": 0, "axis": "y", "origin": [8, -0.5, 17]},
			"faces": {
				"north": {"uv": [3, 3, 6, 6], "texture": "#1"},
				"east": {"uv": [0, 0, 0, 3], "texture": "#1"},
				"south": {"uv": [3, 3, 6, 6], "texture": "#1"},
				"west": {"uv": [0, 0, 0, 3], "texture": "#1"},
				"up": {"uv": [3, 0, 0, 0], "texture": "#1"},
				"down": {"uv": [3, 0, 0, 0], "texture": "#1"}
			}
		}
	],
	"gui_light": "front",
	"display": {
		"thirdperson_righthand": {
			"rotation": [78, 0, 0],
			"translation": [0, 2, 5.75]
		},
		"thirdperson_lefthand": {
			"rotation": [78, 0, 0],
			"translation": [0, 2, 5.75]
		},
		"firstperson_righthand": {
			"rotation": [42, 0, 0],
			"translation": [0, 8, 3.25]
		},
		"firstperson_lefthand": {
			"rotation": [42, 0, 0],
			"translation": [0, 8, 3.25]
		},
		"ground": {
			"rotation": [0, 0, 90],
			"translation": [-4, 11.25, -5]
		},
		"gui": {
			"rotation": [40, -48, 19],
			"translation": [0.75, 4.5, 0],
			"scale": [0.54, 0.54, 0.54]
		},
		"head": {
			"translation": [0, 14.25, -4.25]
		},
		"fixed": {
			"rotation": [0, 90, 0],
			"translation": [-2.5, 3.75, 0],
			"scale": [0.55, 0.55, 0.55]
		}
	}
}