{"textures":{"0":"modelengine:entity/broom"},"elements":[{"name":"cube","from":[7.4,7.25,7.4],"to":[8.6,7.85,8.6],"rotation":{"angle":0.0,"axis":"x","origin":[8.0,7.7,7.1]},"faces":{"down":{"uv":[12.869565,10.434783,12.521739,10.782609],"rotation":0,"texture":"#0","tintindex":0},"east":{"uv":[10.608696,12.869565,10.956522,13.043479],"rotation":0,"texture":"#0","tintindex":0},"north":{"uv":[4.8695655,12.869565,5.2173915,13.043479],"rotation":0,"texture":"#0","tintindex":0},"south":{"uv":[5.3913045,13.043479,5.7391305,13.217392],"rotation":0,"texture":"#0","tintindex":0},"up":{"uv":[12.869565,10.26087,12.521739,9.913044],"rotation":0,"texture":"#0","tintindex":0},"west":{"uv":[5.9130435,13.043479,6.2608695,13.217392],"rotation":0,"texture":"#0","tintindex":0}}},{"name":"cube","from":[6.8,4.85,6.8],"to":[9.2,7.25,9.2],"rotation":{"angle":0.0,"axis":"x","origin":[8.0,7.7,7.1]},"faces":{"down":{"uv":[10.434783,11.826087,9.739131,12.521739],"rotation":0,"texture":"#0","tintindex":0},"east":{"uv":[11.826087,4.521739,12.521739,5.2173915],"rotation":0,"texture":"#0","tintindex":0},"north":{"uv":[11.826087,3.652174,12.521739,4.347826],"rotation":0,"texture":"#0","tintindex":0},"south":{"uv":[7.130435,11.826087,7.826087,12.521739],"rotation":0,"texture":"#0","tintindex":0},"up":{"uv":[9.565218,12.521739,8.869565,11.826087],"rotation":0,"texture":"#0","tintindex":0},"west":{"uv":[8.0,11.826087,8.695652,12.521739],"rotation":0,"texture":"#0","tintindex":0}}}],"display":{"head":{"translation":[0.0,-6.4,0.0],"rotation":[0.0,0.0,0.0],"scale":[3.8095,3.8095,3.8095]}}}