{"textures":{"0":"modelengine:entity/broom"},"elements":[{"name":"cube","from":[8.0,6.8599997,6.8],"to":[8.06,9.86,9.8],"rotation":{"angle":22.5,"axis":"x","origin":[8.0,8.0,8.0]},"faces":{"down":{"uv":[7.5217395,13.217392,7.478261,14.086957],"rotation":0,"texture":"#0","tintindex":0},"east":{"uv":[10.782609,11.130435,11.652174,12.0],"rotation":0,"texture":"#0","tintindex":0},"north":{"uv":[4.8695655,13.217392,4.9130435,14.086957],"rotation":0,"texture":"#0","tintindex":0},"south":{"uv":[6.4347825,13.217392,6.478261,14.086957],"rotation":0,"texture":"#0","tintindex":0},"up":{"uv":[6.826087,14.086957,6.782609,13.217392],"rotation":0,"texture":"#0","tintindex":0},"west":{"uv":[11.304348,6.608696,12.173913,7.478261],"rotation":0,"texture":"#0","tintindex":0}}}],"display":{"head":{"translation":[0.0,-6.4,0.0],"rotation":[0.0,0.0,0.0],"scale":[3.8095,3.8095,3.8095]}}}