{"textures":{"0":"modelengine:entity/broom"},"elements":[{"name":"cube","from":[6.5,5.0,7.9700003],"to":[9.5,8.0,8.03],"rotation":{"angle":0.0,"axis":"x","origin":[8.0,4.8500004,7.0700006]},"faces":{"down":{"uv":[13.913044,12.521739,13.043479,12.565218],"rotation":0,"texture":"#0","tintindex":0},"east":{"uv":[13.043479,10.086957,13.086957,10.956522],"rotation":0,"texture":"#0","tintindex":0},"north":{"uv":[4.347826,11.130435,5.2173915,12.0],"rotation":0,"texture":"#0","tintindex":0},"south":{"uv":[5.3913045,11.130435,6.2608695,12.0],"rotation":0,"texture":"#0","tintindex":0},"up":{"uv":[13.913044,12.217392,13.043479,12.173913],"rotation":0,"texture":"#0","tintindex":0},"west":{"uv":[13.043479,11.130435,13.086957,12.0],"rotation":0,"texture":"#0","tintindex":0}}}],"display":{"head":{"translation":[0.0,-6.4,0.0],"rotation":[0.0,0.0,0.0],"scale":[3.8095,3.8095,3.8095]}}}