{"textures":{"0":"modelengine:entity/broom"},"elements":[{"name":"cube","from":[8.06,7.1,7.8199997],"to":[8.12,8.9,11.420001],"rotation":{"angle":22.5,"axis":"y","origin":[8.0,8.0,8.0]},"faces":{"down":{"uv":[8.913044,13.043479,8.869565,14.086957],"rotation":0,"texture":"#0","tintindex":0},"east":{"uv":[11.304348,9.043478,12.347826,9.565218],"rotation":0,"texture":"#0","tintindex":0},"north":{"uv":[13.217392,0.0,13.26087,0.5217391],"rotation":0,"texture":"#0","tintindex":0},"south":{"uv":[7.826087,13.217392,7.8695655,13.739131],"rotation":0,"texture":"#0","tintindex":0},"up":{"uv":[13.086957,8.869565,13.043479,7.826087],"rotation":0,"texture":"#0","tintindex":0},"west":{"uv":[11.304348,9.739131,12.347826,10.26087],"rotation":0,"texture":"#0","tintindex":0}}}],"display":{"head":{"translation":[0.0,-6.4,0.0],"rotation":[0.0,0.0,0.0],"scale":[3.8095,3.8095,3.8095]}}}