{"textures":{"0":"modelengine:entity/broom"},"elements":[{"name":"cube","from":[7.1,8.0,8.0],"to":[8.9,8.06,11.6],"rotation":{"angle":22.5,"axis":"x","origin":[8.0,8.0,8.0]},"faces":{"down":{"uv":[12.347826,2.4347827,11.826087,3.478261],"rotation":0,"texture":"#0","tintindex":0},"east":{"uv":[13.043479,9.391305,14.086957,9.434783],"rotation":0,"texture":"#0","tintindex":0},"north":{"uv":[12.521739,13.217392,13.043479,13.26087],"rotation":0,"texture":"#0","tintindex":0},"south":{"uv":[13.217392,13.217392,13.739131,13.26087],"rotation":0,"texture":"#0","tintindex":0},"up":{"uv":[12.347826,2.2608695,11.826087,1.2173914],"rotation":0,"texture":"#0","tintindex":0},"west":{"uv":[13.043479,9.739131,14.086957,9.782609],"rotation":0,"texture":"#0","tintindex":0}}}],"display":{"head":{"translation":[0.0,-6.4,0.0],"rotation":[0.0,0.0,0.0],"scale":[3.8095,3.8095,3.8095]}}}