{"textures":{"0":"modelengine:entity/broom"},"elements":[{"name":"cube","from":[7.88,7.1,7.8199997],"to":[7.94,8.9,11.420001],"rotation":{"angle":-22.5,"axis":"y","origin":[8.0,8.0,8.0]},"faces":{"down":{"uv":[13.086957,6.608696,13.043479,7.652174],"rotation":0,"texture":"#0","tintindex":0},"east":{"uv":[11.304348,7.652174,12.347826,8.173913],"rotation":0,"texture":"#0","tintindex":0},"north":{"uv":[7.304348,8.347826,7.347826,8.869565],"rotation":0,"texture":"#0","tintindex":0},"south":{"uv":[10.434783,8.347826,10.478261,8.869565],"rotation":0,"texture":"#0","tintindex":0},"up":{"uv":[11.173913,13.913044,11.130435,12.869565],"rotation":0,"texture":"#0","tintindex":0},"west":{"uv":[11.304348,8.347826,12.347826,8.869565],"rotation":0,"texture":"#0","tintindex":0}}}],"display":{"head":{"translation":[0.0,-6.4,0.0],"rotation":[0.0,0.0,0.0],"scale":[3.8095,3.8095,3.8095]}}}