{"textures":{"0":"modelengine:entity/broom"},"elements":[{"name":"cube","from":[7.4,7.1703897,5.5999966],"to":[8.6,8.37039,20.599998],"rotation":{"angle":0.0,"axis":"x","origin":[8.0,1.1703894,15.799999]},"faces":{"down":{"uv":[4.173913,11.130435,3.826087,15.478261],"rotation":0,"texture":"#0","tintindex":0},"east":{"uv":[10.434783,5.5652175,14.782609,5.9130435],"rotation":0,"texture":"#0","tintindex":0},"north":{"uv":[12.521739,2.7826087,12.869565,3.1304348],"rotation":0,"texture":"#0","tintindex":0},"south":{"uv":[12.521739,8.347826,12.869565,8.695652],"rotation":0,"texture":"#0","tintindex":0},"up":{"uv":[11.130435,10.956522,10.782609,6.608696],"rotation":0,"texture":"#0","tintindex":0},"west":{"uv":[10.434783,6.0869565,14.782609,6.4347825],"rotation":0,"texture":"#0","tintindex":0}}},{"name":"cube","from":[7.46,6.5872316,2.9666233],"to":[8.54,7.667232,5.9666233],"rotation":{"angle":-22.5,"axis":"x","origin":[8.0,7.1272316,4.166623]},"faces":{"down":{"uv":[12.826087,7.304348,12.521739,8.173913],"rotation":0,"texture":"#0","tintindex":0},"east":{"uv":[12.521739,0.6956522,13.391305,1.0],"rotation":0,"texture":"#0","tintindex":0},"north":{"uv":[7.478261,12.695652,7.782609,13.0],"rotation":0,"texture":"#0","tintindex":0},"south":{"uv":[8.0,12.695652,8.304348,13.0],"rotation":0,"texture":"#0","tintindex":0},"up":{"uv":[12.826087,2.6086957,12.521739,1.7391305],"rotation":0,"texture":"#0","tintindex":0},"west":{"uv":[12.521739,1.2173914,13.391305,1.5217391],"rotation":0,"texture":"#0","tintindex":0}}},{"name":"cube","from":[7.4,6.7568417,0.05420494],"to":[8.6,7.956842,3.6542044],"rotation":{"angle":22.5,"axis":"x","origin":[8.0,7.356842,1.8542042]},"faces":{"down":{"uv":[4.6956525,12.173913,4.347826,13.217392],"rotation":0,"texture":"#0","tintindex":0},"east":{"uv":[11.304348,10.434783,12.347826,10.782609],"rotation":0,"texture":"#0","tintindex":0},"north":{"uv":[12.521739,8.869565,12.869565,9.217391],"rotation":0,"texture":"#0","tintindex":0},"south":{"uv":[12.521739,9.391305,12.869565,9.739131],"rotation":0,"texture":"#0","tintindex":0},"up":{"uv":[12.173913,12.521739,11.826087,11.478261],"rotation":0,"texture":"#0","tintindex":0},"west":{"uv":[11.826087,10.956522,12.869565,11.304348],"rotation":0,"texture":"#0","tintindex":0}}},{"name":"cube","from":[7.1,6.87039,20.599998],"to":[8.9,8.670389,23.0],"rotation":{"angle":0.0,"axis":"x","origin":[8.0,1.1703894,15.799999]},"faces":{"down":{"uv":[6.956522,12.347826,6.4347825,13.043479],"rotation":0,"texture":"#0","tintindex":0},"east":{"uv":[4.8695655,12.173913,5.5652175,12.695652],"rotation":0,"texture":"#0","tintindex":0},"north":{"uv":[12.347826,6.608696,12.869565,7.130435],"rotation":0,"texture":"#0","tintindex":0},"south":{"uv":[12.347826,11.478261,12.869565,12.0],"rotation":0,"texture":"#0","tintindex":0},"up":{"uv":[6.2608695,12.869565,5.7391305,12.173913],"rotation":0,"texture":"#0","tintindex":0},"west":{"uv":[10.608696,12.173913,11.304348,12.695652],"rotation":0,"texture":"#0","tintindex":0}}},{"name":"cube","from":[7.94,5.0703897,23.0],"to":[8.0,10.47039,32.0],"rotation":{"angle":0.0,"axis":"x","origin":[8.0,1.1703894,15.799999]},"faces":{"down":{"uv":[7.173913,12.695652,7.130435,15.304348],"rotation":0,"texture":"#0","tintindex":0},"east":{"uv":[7.652174,5.5652175,10.26087,7.130435],"rotation":0,"texture":"#0","tintindex":0},"north":{"uv":[10.434783,6.608696,10.478261,8.173913],"rotation":0,"texture":"#0","tintindex":0},"south":{"uv":[8.521739,12.695652,8.565218,14.26087],"rotation":0,"texture":"#0","tintindex":0},"up":{"uv":[11.521739,14.782609,11.478261,12.173913],"rotation":0,"texture":"#0","tintindex":0},"west":{"uv":[7.652174,7.304348,10.26087,8.869565],"rotation":0,"texture":"#0","tintindex":0}}},{"name":"cube","from":[5.3,7.7703896,23.0],"to":[10.700001,7.83039,32.0],"rotation":{"angle":0.0,"axis":"x","origin":[8.0,1.1703894,15.799999]},"faces":{"down":{"uv":[7.130435,8.347826,5.5652175,10.956522],"rotation":0,"texture":"#0","tintindex":0},"east":{"uv":[12.521739,3.304348,15.130435,3.3478262],"rotation":0,"texture":"#0","tintindex":0},"north":{"uv":[8.869565,12.695652,10.434783,12.739131],"rotation":0,"texture":"#0","tintindex":0},"south":{"uv":[11.826087,12.869565,13.391305,12.913044],"rotation":0,"texture":"#0","tintindex":0},"up":{"uv":[5.3913045,10.956522,3.826087,8.347826],"rotation":0,"texture":"#0","tintindex":0},"west":{"uv":[12.695652,3.652174,15.304348,3.6956522],"rotation":0,"texture":"#0","tintindex":0}}},{"name":"cube","from":[5.3,7.7103896,23.0],"to":[10.700001,7.7703896,32.0],"rotation":{"angle":45.0,"axis":"z","origin":[8.0,7.7703896,25.699997]},"faces":{"down":{"uv":[10.608696,9.043478,9.043478,11.652174],"rotation":0,"texture":"#0","tintindex":0},"east":{"uv":[12.695652,4.0,15.304348,4.0434785],"rotation":0,"texture":"#0","tintindex":0},"north":{"uv":[13.043479,1.7391305,14.608696,1.7826087],"rotation":0,"texture":"#0","tintindex":0},"south":{"uv":[13.043479,2.0869565,14.608696,2.1304348],"rotation":0,"texture":"#0","tintindex":0},"up":{"uv":[8.869565,11.652174,7.304348,9.043478],"rotation":0,"texture":"#0","tintindex":0},"west":{"uv":[12.695652,4.347826,15.304348,4.3913045],"rotation":0,"texture":"#0","tintindex":0}}},{"name":"cube","from":[5.3,7.7103896,23.0],"to":[10.700001,7.7703896,32.0],"rotation":{"angle":-45.0,"axis":"z","origin":[8.0,7.7703896,25.699997]},"faces":{"down":{"uv":[11.652174,2.7826087,10.086957,5.3913045],"rotation":0,"texture":"#0","tintindex":0},"east":{"uv":[12.695652,4.6956525,15.304348,4.7391305],"rotation":0,"texture":"#0","tintindex":0},"north":{"uv":[13.043479,2.4347827,14.608696,2.478261],"rotation":0,"texture":"#0","tintindex":0},"south":{"uv":[13.043479,2.7826087,14.608696,2.826087],"rotation":0,"texture":"#0","tintindex":0},"up":{"uv":[11.652174,2.6086957,10.086957,0.0],"rotation":0,"texture":"#0","tintindex":0},"west":{"uv":[12.695652,5.0434785,15.304348,5.0869565],"rotation":0,"texture":"#0","tintindex":0}}},{"name":"cube","from":[7.1,6.87039,20.419998],"to":[8.9,8.670389,20.48],"rotation":{"angle":0.0,"axis":"x","origin":[8.0,1.1703894,15.799999]},"faces":{"down":{"uv":[13.913044,6.608696,13.391305,6.652174],"rotation":0,"texture":"#0","tintindex":0},"east":{"uv":[8.173913,13.217392,8.217391,13.739131],"rotation":0,"texture":"#0","tintindex":0},"north":{"uv":[12.347826,12.173913,12.869565,12.695652],"rotation":0,"texture":"#0","tintindex":0},"south":{"uv":[12.521739,0.0,13.043479,0.5217391],"rotation":0,"texture":"#0","tintindex":0},"up":{"uv":[5.7391305,13.434783,5.2173915,13.391305],"rotation":0,"texture":"#0","tintindex":0},"west":{"uv":[4.347826,13.391305,4.3913045,13.913044],"rotation":0,"texture":"#0","tintindex":0}}}],"display":{"head":{"translation":[0.0,-6.4,31.65556],"rotation":[0.0,0.0,0.0],"scale":[3.8095,3.8095,3.8095]}}}