{
	"texture_size": [32, 32],
	"textures": {
		"1": "valentines/koth/nebula_pickaxe"
	},
	"elements": [
		{
			"from": [6.5, -11.202, 6.499],
			"to": [9.502, -8.2, 9.501],
			"rotation": {"angle": 0, "axis": "y", "origin": [7.501, -10.201, 7.5]},
			"faces": {
				"north": {"uv": [10.5, 3, 12, 4.5], "texture": "#1"},
				"east": {"uv": [4, 10.5, 5.5, 12], "texture": "#1"},
				"south": {"uv": [1.5, 11, 3, 12.5], "texture": "#1"},
				"west": {"uv": [11, 4.5, 12.5, 6], "texture": "#1"},
				"up": {"uv": [12.5, 7.5, 11, 6], "texture": "#1"},
				"down": {"uv": [9, 11, 7.5, 12.5], "texture": "#1"}
			}
		},
		{
			"from": [7, -8.2, 7],
			"to": [9, 7.8, 9],
			"rotation": {"angle": 0, "axis": "y", "origin": [0, 21.8, 0]},
			"faces": {
				"north": {"uv": [0, 0, 1, 8], "texture": "#1"},
				"east": {"uv": [1, 0, 2, 8], "texture": "#1"},
				"south": {"uv": [2, 0, 3, 8], "texture": "#1"},
				"west": {"uv": [3, 0, 4, 8], "texture": "#1"},
				"up": {"uv": [4, 12, 3, 11], "texture": "#1"},
				"down": {"uv": [5.5, 13, 4.5, 14], "texture": "#1"}
			}
		},
		{
			"from": [6.501, -6.199, 6.501],
			"to": [9.499, 2.799, 9.499],
			"rotation": {"angle": 0, "axis": "y", "origin": [0, 20.8, 0]},
			"faces": {
				"north": {"uv": [4, 0, 5.5, 4.5], "texture": "#1"},
				"east": {"uv": [4, 4.5, 5.5, 9], "texture": "#1"},
				"south": {"uv": [5.5, 0, 7, 4.5], "texture": "#1"},
				"west": {"uv": [5.5, 4.5, 7, 9], "texture": "#1"},
				"up": {"uv": [10.5, 12.5, 9, 11], "texture": "#1"},
				"down": {"uv": [12, 11, 10.5, 12.5], "texture": "#1"}
			}
		},
		{
			"from": [7, -13.2, 8],
			"to": [9, -11.2, 8],
			"rotation": {"angle": 45, "axis": "y", "origin": [8, -12.2, 8]},
			"faces": {
				"north": {"uv": [5.5, 13, 6.5, 14], "texture": "#1"},
				"east": {"uv": [0, 0, 0, 1], "texture": "#1"},
				"south": {"uv": [1, 13.5, 2, 14.5], "texture": "#1"},
				"west": {"uv": [0, 0, 0, 1], "texture": "#1"},
				"up": {"uv": [1, 0, 0, 0], "texture": "#1"},
				"down": {"uv": [1, 0, 0, 0], "texture": "#1"}
			}
		},
		{
			"from": [7, -13.2, 8],
			"to": [9, -11.2, 8],
			"rotation": {"angle": -45, "axis": "y", "origin": [8, -12.2, 8]},
			"faces": {
				"north": {"uv": [2, 13.5, 3, 14.5], "texture": "#1"},
				"east": {"uv": [0, 0, 0, 1], "texture": "#1"},
				"south": {"uv": [13.5, 4, 14.5, 5], "texture": "#1"},
				"west": {"uv": [0, 0, 0, 1], "texture": "#1"},
				"up": {"uv": [1, 0, 0, 0], "texture": "#1"},
				"down": {"uv": [1, 0, 0, 0], "texture": "#1"}
			}
		},
		{
			"from": [6, 7.75, 6.5],
			"to": [10, 11.75, 9.5],
			"rotation": {"angle": 0, "axis": "y", "origin": [8, 9.75, 8]},
			"faces": {
				"north": {"uv": [7, 0, 9, 2], "texture": "#1"},
				"east": {"uv": [2.5, 8, 4, 10], "texture": "#1"},
				"south": {"uv": [7, 2, 9, 4], "texture": "#1"},
				"west": {"uv": [9, 3, 10.5, 5], "texture": "#1"},
				"up": {"uv": [6, 10.5, 4, 9], "texture": "#1"},
				"down": {"uv": [11, 5, 9, 6.5], "texture": "#1"}
			}
		},
		{
			"from": [5.999, 7.749, 6.499],
			"to": [10.001, 11.751, 9.501],
			"rotation": {"angle": 45, "axis": "z", "origin": [8, 9.75, 8]},
			"faces": {
				"north": {"uv": [7, 4, 9, 6], "texture": "#1"},
				"east": {"uv": [0, 9.5, 1.5, 11.5], "texture": "#1"},
				"south": {"uv": [7, 6, 9, 8], "texture": "#1"},
				"west": {"uv": [6, 9.5, 7.5, 11.5], "texture": "#1"},
				"up": {"uv": [11, 8, 9, 6.5], "texture": "#1"},
				"down": {"uv": [9.5, 9.5, 7.5, 11], "texture": "#1"}
			}
		},
		{
			"from": [10, 13, 8],
			"to": [13, 15, 8],
			"rotation": {"angle": 0, "axis": "y", "origin": [10, 13, 8]},
			"faces": {
				"north": {"uv": [12, 9.5, 13.5, 10.5], "texture": "#1"},
				"east": {"uv": [0, 0, 0, 1], "texture": "#1"},
				"south": {"uv": [12, 10.5, 13.5, 11.5], "texture": "#1"},
				"west": {"uv": [0, 0, 0, 1], "texture": "#1"},
				"up": {"uv": [1.5, 0, 0, 0], "texture": "#1"},
				"down": {"uv": [1.5, 0, 0, 0], "texture": "#1"}
			}
		},
		{
			"from": [3, 13, 8],
			"to": [6, 15, 8],
			"rotation": {"angle": 0, "axis": "y", "origin": [6, 13, 8]},
			"faces": {
				"north": {"uv": [12, 11.5, 13.5, 12.5], "texture": "#1"},
				"east": {"uv": [0, 0, 0, 1], "texture": "#1"},
				"south": {"uv": [1.5, 12.5, 3, 13.5], "texture": "#1"},
				"west": {"uv": [0, 0, 0, 1], "texture": "#1"},
				"up": {"uv": [1.5, 0, 0, 0], "texture": "#1"},
				"down": {"uv": [1.5, 0, 0, 0], "texture": "#1"}
			}
		},
		{
			"from": [14.5, 12, 8],
			"to": [16.5, 14, 8],
			"rotation": {"angle": -22.5, "axis": "z", "origin": [14.5, 12, 8]},
			"faces": {
				"north": {"uv": [13.5, 5, 14.5, 6], "texture": "#1"},
				"east": {"uv": [0, 0, 0, 1], "texture": "#1"},
				"south": {"uv": [13.5, 6, 14.5, 7], "texture": "#1"},
				"west": {"uv": [0, 0, 0, 1], "texture": "#1"},
				"up": {"uv": [1, 0, 0, 0], "texture": "#1"},
				"down": {"uv": [1, 0, 0, 0], "texture": "#1"}
			}
		},
		{
			"from": [-0.5, 12, 8],
			"to": [1.5, 14, 8],
			"rotation": {"angle": 22.5, "axis": "z", "origin": [1.5, 12, 8]},
			"faces": {
				"north": {"uv": [13.5, 9.5, 14.5, 10.5], "texture": "#1"},
				"east": {"uv": [0, 0, 0, 1], "texture": "#1"},
				"south": {"uv": [13.5, 10.5, 14.5, 11.5], "texture": "#1"},
				"west": {"uv": [0, 0, 0, 1], "texture": "#1"},
				"up": {"uv": [1, 0, 0, 0], "texture": "#1"},
				"down": {"uv": [1, 0, 0, 0], "texture": "#1"}
			}
		},
		{
			"from": [2, 10.25, 7],
			"to": [7, 13.25, 9],
			"rotation": {"angle": 0, "axis": "y", "origin": [9.01, 10.74, 7.99]},
			"faces": {
				"north": {"uv": [0, 8, 2.5, 9.5], "texture": "#1"},
				"east": {"uv": [12.5, 4, 13.5, 5.5], "texture": "#1"},
				"south": {"uv": [7, 8, 9.5, 9.5], "texture": "#1"},
				"west": {"uv": [12.5, 5.5, 13.5, 7], "texture": "#1"},
				"up": {"uv": [12, 9, 9.5, 8], "texture": "#1"},
				"down": {"uv": [12, 9, 9.5, 10], "texture": "#1"}
			}
		},
		{
			"from": [9, 10.25, 7],
			"to": [14, 13.25, 9],
			"rotation": {"angle": 0, "axis": "y", "origin": [6.99, 10.74, 7.99]},
			"faces": {
				"north": {"uv": [9, 0, 11.5, 1.5], "texture": "#1"},
				"east": {"uv": [7, 12.5, 8, 14], "texture": "#1"},
				"south": {"uv": [9, 1.5, 11.5, 3], "texture": "#1"},
				"west": {"uv": [8, 12.5, 9, 14], "texture": "#1"},
				"up": {"uv": [4, 11, 1.5, 10], "texture": "#1"},
				"down": {"uv": [12, 10, 9.5, 11], "texture": "#1"}
			}
		},
		{
			"from": [7.00046, 10.25231, 7.001],
			"to": [9.99846, 13.25031, 8.999],
			"rotation": {"angle": -45, "axis": "z", "origin": [6.99946, 13.25131, 7.989]},
			"faces": {
				"north": {"uv": [0, 11.5, 1.5, 13], "texture": "#1"},
				"east": {"uv": [9, 12.5, 10, 14], "texture": "#1"},
				"south": {"uv": [11.5, 0, 13, 1.5], "texture": "#1"},
				"west": {"uv": [10, 12.5, 11, 14], "texture": "#1"},
				"up": {"uv": [12.5, 13.5, 11, 12.5], "texture": "#1"},
				"down": {"uv": [14, 12.5, 12.5, 13.5], "texture": "#1"}
			}
		},
		{
			"from": [6.00308, 10.25461, 7.002],
			"to": [8.99908, 13.25061, 8.998],
			"rotation": {"angle": 45, "axis": "z", "origin": [9.00108, 13.25261, 7.987]},
			"faces": {
				"north": {"uv": [11.5, 1.5, 13, 3], "texture": "#1"},
				"east": {"uv": [0, 13, 1, 14.5], "texture": "#1"},
				"south": {"uv": [5.5, 11.5, 7, 13], "texture": "#1"},
				"west": {"uv": [13, 0, 14, 1.5], "texture": "#1"},
				"up": {"uv": [14.5, 2.5, 13, 1.5], "texture": "#1"},
				"down": {"uv": [4.5, 13, 3, 14], "texture": "#1"}
			}
		},
		{
			"from": [-2, 10.75, 7.5],
			"to": [2, 12.75, 8.5],
			"rotation": {"angle": 22.5, "axis": "z", "origin": [2, 12.75, 8]},
			"faces": {
				"north": {"uv": [3, 12, 5, 13], "texture": "#1"},
				"east": {"uv": [5.5, 10.5, 6, 11.5], "texture": "#1"},
				"south": {"uv": [12, 3, 14, 4], "texture": "#1"},
				"west": {"uv": [7, 11.5, 7.5, 12.5], "texture": "#1"},
				"up": {"uv": [14.5, 7.5, 12.5, 7], "texture": "#1"},
				"down": {"uv": [15, 2.5, 13, 3], "texture": "#1"}
			}
		},
		{
			"from": [14, 10.75, 7.5],
			"to": [18, 12.75, 8.5],
			"rotation": {"angle": -22.5, "axis": "z", "origin": [14, 12.75, 8]},
			"faces": {
				"north": {"uv": [12, 7.5, 14, 8.5], "texture": "#1"},
				"east": {"uv": [5, 12, 5.5, 13], "texture": "#1"},
				"south": {"uv": [12, 8.5, 14, 9.5], "texture": "#1"},
				"west": {"uv": [6.5, 13, 7, 14], "texture": "#1"},
				"up": {"uv": [13, 14, 11, 13.5], "texture": "#1"},
				"down": {"uv": [15.5, 11.5, 13.5, 12], "texture": "#1"}
			}
		},
		{
			"from": [17.52577, 9.85505, 7.501],
			"to": [19.52377, 10.85305, 8.499],
			"rotation": {"angle": -45, "axis": "z", "origin": [17.52477, 10.85405, 8]},
			"faces": {
				"north": {"uv": [6, 9, 7, 9.5], "texture": "#1"},
				"east": {"uv": [10.5, 4.5, 11, 5], "texture": "#1"},
				"south": {"uv": [1.5, 9.5, 2.5, 10], "texture": "#1"},
				"west": {"uv": [12, 4, 12.5, 4.5], "texture": "#1"},
				"up": {"uv": [12, 8, 11, 7.5], "texture": "#1"},
				"down": {"uv": [14.5, 12, 13.5, 12.5], "texture": "#1"}
			}
		},
		{
			"from": [-3.52377, 9.85505, 7.501],
			"to": [-1.52577, 10.85305, 8.499],
			"rotation": {"angle": 45, "axis": "z", "origin": [-1.52477, 10.85405, 8]},
			"faces": {
				"north": {"uv": [13, 13.5, 14, 14], "texture": "#1"},
				"east": {"uv": [1, 13, 1.5, 13.5], "texture": "#1"},
				"south": {"uv": [14, 0, 15, 0.5], "texture": "#1"},
				"west": {"uv": [3, 14, 3.5, 14.5], "texture": "#1"},
				"up": {"uv": [15, 1, 14, 0.5], "texture": "#1"},
				"down": {"uv": [15, 1, 14, 1.5], "texture": "#1"}
			}
		}
	],
	"gui_light": "front",
	"display": {
		"thirdperson_righthand": {
			"rotation": [0, -90, 0],
			"translation": [0, 3.75, 1.25],
			"scale": [0.6, 0.6, 0.6]
		},
		"thirdperson_lefthand": {
			"rotation": [0, 90, 0],
			"translation": [0, 3.75, 1.25],
			"scale": [0.6, 0.6, 0.6]
		},
		"firstperson_righthand": {
			"rotation": [20, -90, 0],
			"translation": [2, 4, 0.5],
			"scale": [0.6, 0.6, 0.6]
		},
		"firstperson_lefthand": {
			"rotation": [20, 90, 0],
			"translation": [2, 4, 0.5],
			"scale": [0.6, 0.6, 0.6]
		},
		"ground": {
			"rotation": [0, 0, -45],
			"translation": [2.5, 7, 0],
			"scale": [0.5, 0.5, 0.5]
		},
		"gui": {
			"rotation": [0, 0, -45],
			"translation": [1.75, 1.75, -0.75],
			"scale": [0.55, 0.55, 0.55]
		},
		"head": {
			"rotation": [0, 0, 45],
			"translation": [9.75, 7.5, 0.75],
			"scale": [0.6, 0.6, 0.6]
		},
		"fixed": {
			"rotation": [0, -180, -45],
			"translation": [-2.25, 2, -0.75],
			"scale": [0.7, 0.7, 0.7]
		}
	},
	"groups": [
		{
			"name": "pickaxe",
			"origin": [8, 8, 8],
			"color": 0,
			"children": [
				{
					"name": "pommel",
					"origin": [8, 8, 8],
					"color": 0,
					"children": [0]
				},
				{
					"name": "grip",
					"origin": [8, 8, 8],
					"color": 0,
					"children": [1,
						{
							"name": "handle",
							"origin": [8, 8, 8],
							"color": 0,
							"children": [2]
						}, 3, 4]
				},
				{
					"name": "guard",
					"origin": [8, 8, 8],
					"color": 0,
					"children": [
						{
							"name": "cross-guard",
							"origin": [8, 8, 8],
							"color": 0,
							"children": [
								{
									"name": "gem",
									"origin": [8, 8, 8],
									"color": 0,
									"children": [5, 6]
								},
								{
									"name": "blade",
									"origin": [8, 8, 8],
									"color": 0,
									"children": [7, 8, 9, 10, 11, 12, 13, 14, 15, 16, 17, 18]
								}
							]
						}
					]
				}
			]
		}
	]
}