{
	"texture_size": [64, 64],
	"textures": {
		"1": "valentines/koth/nebula_shield"
	},
	"elements": [
		{
			"name": "handle",
			"from": [7, 8, 13],
			"to": [9, 14, 19],
			"faces": {
				"north": {"uv": [0.5, 6, 1, 7.5], "texture": "#1"},
				"east": {"uv": [3, 4.5, 4.5, 6], "texture": "#1"},
				"south": {"uv": [1, 6, 1.5, 7.5], "texture": "#1"},
				"west": {"uv": [4.5, 4.5, 6, 6], "texture": "#1"},
				"up": {"uv": [2, 7.5, 1.5, 6], "texture": "#1"},
				"down": {"uv": [2.5, 6, 2, 7.5], "texture": "#1"}
			}
		},
		{
			"name": "shield",
			"from": [1.999, 3.249, 11.999],
			"to": [11.001, 12.251, 13.001],
			"rotation": {"angle": 45, "axis": "z", "origin": [8, 9.25, 12.5]},
			"faces": {
				"north": {"uv": [3, 0, 5.25, 2.25], "texture": "#1"},
				"east": {"uv": [6, 4.5, 6.25, 6.75], "texture": "#1"},
				"south": {"uv": [3, 2.25, 5.25, 4.5], "texture": "#1"},
				"west": {"uv": [5.5, 6, 5.75, 8.25], "texture": "#1"},
				"up": {"uv": [8.5, 0.25, 6.25, 0], "texture": "#1"},
				"down": {"uv": [8.5, 0.25, 6.25, 0.5], "texture": "#1"}
			}
		},
		{
			"name": "shield",
			"from": [2, 7, 12],
			"to": [14, 19, 13],
			"rotation": {"angle": 0, "axis": "y", "origin": [8, 13, 12.5]},
			"faces": {
				"north": {"uv": [0, 0, 3, 3], "texture": "#1"},
				"east": {"uv": [0, 6, 0.25, 9], "texture": "#1"},
				"south": {"uv": [0, 3, 3, 6], "texture": "#1"},
				"west": {"uv": [0.25, 6, 0.5, 9], "texture": "#1"},
				"up": {"uv": [8.25, 4.25, 5.25, 4], "texture": "#1"},
				"down": {"uv": [8.25, 4.25, 5.25, 4.5], "texture": "#1"}
			}
		},
		{
			"from": [5.999, 10.949, 11.499],
			"to": [10.001, 14.951, 12.501],
			"rotation": {"angle": 45, "axis": "z", "origin": [8, 12.95, 12.5]},
			"faces": {
				"north": {"uv": [5.25, 0, 6.25, 1], "texture": "#1"},
				"east": {"uv": [5.75, 6, 6, 7], "texture": "#1"},
				"south": {"uv": [5.25, 1, 6.25, 2], "texture": "#1"},
				"west": {"uv": [6, 6.75, 6.25, 7.75], "texture": "#1"},
				"up": {"uv": [8, 3.75, 7, 3.5], "texture": "#1"},
				"down": {"uv": [8, 3.75, 7, 4], "texture": "#1"}
			}
		},
		{
			"from": [6, 10.95, 11.5],
			"to": [10, 14.95, 12.5],
			"rotation": {"angle": 0, "axis": "y", "origin": [8, 12.95, 12.5]},
			"faces": {
				"north": {"uv": [5.25, 2, 6.25, 3], "texture": "#1"},
				"east": {"uv": [4, 7, 4.25, 8], "texture": "#1"},
				"south": {"uv": [5.25, 3, 6.25, 4], "texture": "#1"},
				"west": {"uv": [4.25, 7, 4.5, 8], "texture": "#1"},
				"up": {"uv": [5.5, 7.25, 4.5, 7], "texture": "#1"},
				"down": {"uv": [8, 4.5, 7, 4.75], "texture": "#1"}
			}
		},
		{
			"from": [6.999, 11.949, 10.999],
			"to": [9.001, 13.951, 12.001],
			"rotation": {"angle": 45, "axis": "z", "origin": [8, 12.95, 12.5]},
			"faces": {
				"north": {"uv": [7, 4.75, 7.5, 5.25], "texture": "#1"},
				"east": {"uv": [5.75, 7, 6, 7.5], "texture": "#1"},
				"south": {"uv": [7, 5.25, 7.5, 5.75], "texture": "#1"},
				"west": {"uv": [7, 5.75, 7.25, 6.25], "texture": "#1"},
				"up": {"uv": [6.75, 7.25, 6.25, 7], "texture": "#1"},
				"down": {"uv": [7.5, 6.25, 7, 6.5], "texture": "#1"}
			}
		},
		{
			"from": [9.31421, 13.23579, 11.75],
			"to": [13.31421, 15.23579, 11.75],
			"rotation": {"angle": 45, "axis": "z", "origin": [10.31421, 13.23579, 11.75]},
			"faces": {
				"north": {"uv": [6.25, 0.5, 7.25, 1], "texture": "#1"},
				"east": {"uv": [0, 0, 0, 0.5], "texture": "#1"},
				"south": {"uv": [6.25, 1, 7.25, 1.5], "texture": "#1"},
				"west": {"uv": [0, 0, 0, 0.5], "texture": "#1"},
				"up": {"uv": [1, 0, 0, 0], "texture": "#1"},
				"down": {"uv": [1, 0, 0, 0], "texture": "#1"}
			}
		},
		{
			"from": [14, 17.5, 12.5],
			"to": [17, 19.5, 12.5],
			"rotation": {"angle": 45, "axis": "z", "origin": [14, 17.5, 12.5]},
			"faces": {
				"north": {"uv": [6.25, 2.5, 7, 3], "texture": "#1"},
				"east": {"uv": [0, 0, 0, 0.5], "texture": "#1"},
				"south": {"uv": [6.25, 3, 7, 3.5], "texture": "#1"},
				"west": {"uv": [0, 0, 0, 0.5], "texture": "#1"},
				"up": {"uv": [0.75, 0, 0, 0], "texture": "#1"},
				"down": {"uv": [0.75, 0, 0, 0], "texture": "#1"}
			}
		},
		{
			"from": [14, 6.85, 12.5],
			"to": [17, 8.85, 12.5],
			"rotation": {"angle": 22.5, "axis": "z", "origin": [14, 6.85, 12.5]},
			"faces": {
				"north": {"uv": [6.25, 3.5, 7, 4], "texture": "#1"},
				"east": {"uv": [0, 0, 0, 0.5], "texture": "#1"},
				"south": {"uv": [6.25, 4.5, 7, 5], "texture": "#1"},
				"west": {"uv": [0, 0, 0, 0.5], "texture": "#1"},
				"up": {"uv": [0.75, 0, 0, 0], "texture": "#1"},
				"down": {"uv": [0.75, 0, 0, 0], "texture": "#1"}
			}
		},
		{
			"from": [14, 12.25, 12.5],
			"to": [17, 14.25, 12.5],
			"rotation": {"angle": 22.5, "axis": "z", "origin": [14, 12.25, 12.5]},
			"faces": {
				"north": {"uv": [6.25, 5, 7, 5.5], "texture": "#1"},
				"east": {"uv": [0, 0, 0, 0.5], "texture": "#1"},
				"south": {"uv": [6.25, 5.5, 7, 6], "texture": "#1"},
				"west": {"uv": [0, 0, 0, 0.5], "texture": "#1"},
				"up": {"uv": [0.75, 0, 0, 0], "texture": "#1"},
				"down": {"uv": [0.75, 0, 0, 0], "texture": "#1"}
			}
		},
		{
			"from": [5, 0.7633, 12.5],
			"to": [11, 2.7633, 12.5],
			"rotation": {"angle": 0, "axis": "y", "origin": [9, 0.7633, 12.999]},
			"faces": {
				"north": {"uv": [2.5, 6, 4, 6.5], "texture": "#1"},
				"east": {"uv": [0, 0, 0, 0.5], "texture": "#1"},
				"south": {"uv": [4, 6, 5.5, 6.5], "texture": "#1"},
				"west": {"uv": [0, 0, 0, 0.5], "texture": "#1"},
				"up": {"uv": [1.5, 0, 0, 0], "texture": "#1"},
				"down": {"uv": [1.5, 0, 0, 0], "texture": "#1"}
			}
		},
		{
			"from": [10.8, 3.5633, 12.5],
			"to": [13.8, 5.5633, 12.5],
			"rotation": {"angle": 0, "axis": "y", "origin": [14.8, 3.5633, 12.999]},
			"faces": {
				"north": {"uv": [6.25, 6, 7, 6.5], "texture": "#1"},
				"east": {"uv": [0, 0, 0, 0.5], "texture": "#1"},
				"south": {"uv": [2.5, 6.5, 3.25, 7], "texture": "#1"},
				"west": {"uv": [0, 0, 0, 0.5], "texture": "#1"},
				"up": {"uv": [0.75, 0, 0, 0], "texture": "#1"},
				"down": {"uv": [0.75, 0, 0, 0], "texture": "#1"}
			}
		},
		{
			"from": [-1, 6.85, 12.5],
			"to": [2, 8.85, 12.5],
			"rotation": {"angle": -22.5, "axis": "z", "origin": [2, 6.85, 12.5]},
			"faces": {
				"north": {"uv": [3.25, 6.5, 4, 7], "texture": "#1"},
				"east": {"uv": [0, 0, 0, 0.5], "texture": "#1"},
				"south": {"uv": [4, 6.5, 4.75, 7], "texture": "#1"},
				"west": {"uv": [0, 0, 0, 0.5], "texture": "#1"},
				"up": {"uv": [0.75, 0, 0, 0], "texture": "#1"},
				"down": {"uv": [0.75, 0, 0, 0], "texture": "#1"}
			}
		},
		{
			"from": [2.68579, 13.23579, 11.75],
			"to": [6.68579, 15.23579, 11.75],
			"rotation": {"angle": -45, "axis": "z", "origin": [5.68579, 13.23579, 11.75]},
			"faces": {
				"north": {"uv": [6.25, 1.5, 7.25, 2], "texture": "#1"},
				"east": {"uv": [0, 0, 0, 0.5], "texture": "#1"},
				"south": {"uv": [6.25, 2, 7.25, 2.5], "texture": "#1"},
				"west": {"uv": [0, 0, 0, 0.5], "texture": "#1"},
				"up": {"uv": [1, 0, 0, 0], "texture": "#1"},
				"down": {"uv": [1, 0, 0, 0], "texture": "#1"}
			}
		},
		{
			"from": [-1, 17.5, 12.5],
			"to": [2, 19.5, 12.5],
			"rotation": {"angle": -45, "axis": "z", "origin": [2, 17.5, 12.5]},
			"faces": {
				"north": {"uv": [4.75, 6.5, 5.5, 7], "texture": "#1"},
				"east": {"uv": [0, 0, 0, 0.5], "texture": "#1"},
				"south": {"uv": [6.25, 6.5, 7, 7], "texture": "#1"},
				"west": {"uv": [0, 0, 0, 0.5], "texture": "#1"},
				"up": {"uv": [0.75, 0, 0, 0], "texture": "#1"},
				"down": {"uv": [0.75, 0, 0, 0], "texture": "#1"}
			}
		},
		{
			"from": [-1, 12.25, 12.5],
			"to": [2, 14.25, 12.5],
			"rotation": {"angle": -22.5, "axis": "z", "origin": [2, 12.25, 12.5]},
			"faces": {
				"north": {"uv": [2.5, 7, 3.25, 7.5], "texture": "#1"},
				"east": {"uv": [0, 0, 0, 0.5], "texture": "#1"},
				"south": {"uv": [7, 2.5, 7.75, 3], "texture": "#1"},
				"west": {"uv": [0, 0, 0, 0.5], "texture": "#1"},
				"up": {"uv": [0.75, 0, 0, 0], "texture": "#1"},
				"down": {"uv": [0.75, 0, 0, 0], "texture": "#1"}
			}
		},
		{
			"from": [2.2, 3.5633, 12.5],
			"to": [5.2, 5.5633, 12.5],
			"rotation": {"angle": 0, "axis": "y", "origin": [1.2, 3.5633, 12.999]},
			"faces": {
				"north": {"uv": [7, 3, 7.75, 3.5], "texture": "#1"},
				"east": {"uv": [0, 0, 0, 0.5], "texture": "#1"},
				"south": {"uv": [3.25, 7, 4, 7.5], "texture": "#1"},
				"west": {"uv": [0, 0, 0, 0.5], "texture": "#1"},
				"up": {"uv": [0.75, 0, 0, 0], "texture": "#1"},
				"down": {"uv": [0.75, 0, 0, 0], "texture": "#1"}
			}
		}
	],
	"display": {
		"thirdperson_righthand": {
			"rotation": [90, -90, 90],
			"translation": [8, -5, 3]
		},
		"thirdperson_lefthand": {
			"rotation": [90, -90, 90],
			"translation": [8, -5, 3]
		},
		"firstperson_righthand": {
			"rotation": [75, -90, 90],
			"translation": [8, -7, 3]
		},
		"firstperson_lefthand": {
			"rotation": [75, -90, 90],
			"translation": [8, -7, 3]
		},
		"ground": {
			"translation": [0, 5.75, -5]
		},
		"gui": {
			"rotation": [-22.25, 152.25, 30.5],
			"translation": [-3, -1.25, 0],
			"scale": [0.8, 0.8, 0.8]
		},
		"head": {
			"rotation": [90, 0, 0],
			"translation": [0, 11.75, -3]
		},
		"fixed": {
			"translation": [0, -2.25, -5],
			"scale": [0.9, 0.9, 0.9]
		}
	},
	"groups": [
		{
			"name": "shield",
			"origin": [0, 11, 1],
			"color": 0,
			"children": [0, 1, 2,
				{
					"name": "gems",
					"origin": [0, 11, 1],
					"color": 0,
					"children": [
						{
							"name": "gem1",
							"origin": [8, 8, 8],
							"color": 0,
							"children": [3, 4, 5]
						}
					]
				},
				{
					"name": "spark",
					"origin": [0, 11, 1],
					"color": 0,
					"children": [6, 7, 8, 9, 10, 11, 12, 13, 14, 15, 16]
				}
			]
		}
	]
}