{"textures":{"0":"modelengine:entity/ghost"},"elements":[{"name":"cube","from":[5.0,1.1659994,10.940001],"to":[11.0,12.566,11.0],"rotation":{"angle":0.0,"axis":"x","origin":[8.0,1.1659994,8.0]},"faces":{"down":{"uv":[13.8,6.4,11.8,6.6],"rotation":0,"texture":"#0","tintindex":0},"east":{"uv":[9.6,9.6,9.8,13.400001],"rotation":0,"texture":"#0","tintindex":0},"north":{"uv":[7.4,0.0,9.400001,3.8],"rotation":0,"texture":"#0","tintindex":0},"south":{"uv":[7.4,4.0,9.400001,7.8],"rotation":0,"texture":"#0","tintindex":0},"up":{"uv":[13.8,6.2000003,11.8,6.0],"rotation":0,"texture":"#0","tintindex":0},"west":{"uv":[10.0,9.6,10.2,13.400001],"rotation":0,"texture":"#0","tintindex":0}}},{"name":"cube","from":[5.0,1.1659994,5.0],"to":[11.0,12.566,5.06],"rotation":{"angle":0.0,"axis":"x","origin":[8.0,1.1659994,8.0]},"faces":{"down":{"uv":[13.8,5.6,11.8,5.8],"rotation":0,"texture":"#0","tintindex":0},"east":{"uv":[4.4,8.400001,4.6,12.2],"rotation":0,"texture":"#0","tintindex":0},"north":{"uv":[5.2000003,0.0,7.2000003,3.8],"rotation":0,"texture":"#0","tintindex":0},"south":{"uv":[5.2000003,4.0,7.2000003,7.8],"rotation":0,"texture":"#0","tintindex":0},"up":{"uv":[13.8,5.4,11.8,5.2000003],"rotation":0,"texture":"#0","tintindex":0},"west":{"uv":[4.8,8.400001,5.0,12.2],"rotation":0,"texture":"#0","tintindex":0}}},{"name":"cube","from":[10.940001,1.1659994,5.0],"to":[11.0,12.566,11.0],"rotation":{"angle":0.0,"axis":"x","origin":[8.0,1.1659994,8.0]},"faces":{"down":{"uv":[5.4,12.0,5.2000003,14.0],"rotation":0,"texture":"#0","tintindex":0},"east":{"uv":[5.2000003,8.0,7.2000003,11.8],"rotation":0,"texture":"#0","tintindex":0},"north":{"uv":[10.400001,9.6,10.6,13.400001],"rotation":0,"texture":"#0","tintindex":0},"south":{"uv":[10.8,9.6,11.0,13.400001],"rotation":0,"texture":"#0","tintindex":0},"up":{"uv":[12.0,8.8,11.8,6.8],"rotation":0,"texture":"#0","tintindex":0},"west":{"uv":[7.4,8.0,9.400001,11.8],"rotation":0,"texture":"#0","tintindex":0}}},{"name":"cube","from":[5.0,1.1659994,5.0],"to":[5.06,12.566,11.0],"rotation":{"angle":0.0,"axis":"x","origin":[8.0,1.1659994,8.0]},"faces":{"down":{"uv":[6.2000003,12.0,6.0,14.0],"rotation":0,"texture":"#0","tintindex":0},"east":{"uv":[0.0,8.400001,2.0,12.2],"rotation":0,"texture":"#0","tintindex":0},"north":{"uv":[11.2,9.6,11.400001,13.400001],"rotation":0,"texture":"#0","tintindex":0},"south":{"uv":[11.6,9.6,11.8,13.400001],"rotation":0,"texture":"#0","tintindex":0},"up":{"uv":[5.8,14.0,5.6,12.0],"rotation":0,"texture":"#0","tintindex":0},"west":{"uv":[2.2,8.400001,4.2000003,12.2],"rotation":0,"texture":"#0","tintindex":0}}},{"name":"cube","from":[5.0,12.506,5.0],"to":[11.0,12.566,11.0],"rotation":{"angle":0.0,"axis":"x","origin":[8.0,1.1659994,8.0]},"faces":{"down":{"uv":[11.6,7.4,9.6,9.400001],"rotation":0,"texture":"#0","tintindex":0},"east":{"uv":[6.4,12.0,8.400001,12.2],"rotation":0,"texture":"#0","tintindex":0},"north":{"uv":[11.8,9.0,13.8,9.2],"rotation":0,"texture":"#0","tintindex":0},"south":{"uv":[12.0,9.400001,14.0,9.6],"rotation":0,"texture":"#0","tintindex":0},"up":{"uv":[11.6,7.2000003,9.6,5.2000003],"rotation":0,"texture":"#0","tintindex":0},"west":{"uv":[12.0,9.8,14.0,10.0],"rotation":0,"texture":"#0","tintindex":0}}}],"display":{"head":{"translation":[0.0,-6.4,0.0],"rotation":[0.0,0.0,0.0],"scale":[3.8095,3.8095,3.8095]}}}