{"textures":{"0":"modelengine:entity/chest"},"elements":[{"name":"cube","from":[7.7,7.9622736,6.175507],"to":[8.3,8.562273,7.9755073],"rotation":{"angle":22.5,"axis":"x","origin":[8.0,7.9622736,7.375507]},"faces":{"down":{"uv":[12.0,14.75,11.875,15.125],"rotation":0,"texture":"#0","tintindex":0},"east":{"uv":[14.75,10.75,15.125,10.875],"rotation":0,"texture":"#0","tintindex":0},"north":{"uv":[15.0,13.125,15.125,13.25],"rotation":0,"texture":"#0","tintindex":0},"south":{"uv":[13.25,15.0,13.375,15.125],"rotation":0,"texture":"#0","tintindex":0},"up":{"uv":[11.875,13.625,11.75,13.25],"rotation":0,"texture":"#0","tintindex":0},"west":{"uv":[11.375,14.75,11.75,14.875],"rotation":0,"texture":"#0","tintindex":0}}},{"name":"cube","from":[7.7,8.970022,6.1425877],"to":[8.3,9.570023,6.7425876],"rotation":{"angle":45.0,"axis":"x","origin":[8.0,9.270021,5.8425875]},"faces":{"down":{"uv":[15.125,14.375,15.0,14.5],"rotation":0,"texture":"#0","tintindex":0},"east":{"uv":[13.75,15.0,13.875,15.125],"rotation":0,"texture":"#0","tintindex":0},"north":{"uv":[13.5,15.0,13.625,15.125],"rotation":0,"texture":"#0","tintindex":0},"south":{"uv":[14.0,15.0,14.125,15.125],"rotation":0,"texture":"#0","tintindex":0},"up":{"uv":[14.375,15.125,14.25,15.0],"rotation":0,"texture":"#0","tintindex":0},"west":{"uv":[15.0,14.125,15.125,14.25],"rotation":0,"texture":"#0","tintindex":0}}}],"display":{"head":{"translation":[0.0,-6.4,0.0],"rotation":[0.0,0.0,0.0],"scale":[3.8095,3.8095,3.8095]}}}