{"textures":{"0":"modelengine:entity/chest"},"elements":[{"name":"cube","from":[7.7,7.9361696,5.84338],"to":[8.3,8.536169,7.94338],"rotation":{"angle":22.5,"axis":"x","origin":[8.87,7.9361696,7.34338]},"faces":{"down":{"uv":[0.125,14.875,0.0,15.25],"rotation":0,"texture":"#0","tintindex":0},"east":{"uv":[13.0,14.75,13.375,14.875],"rotation":0,"texture":"#0","tintindex":0},"north":{"uv":[0.75,15.125,0.875,15.25],"rotation":0,"texture":"#0","tintindex":0},"south":{"uv":[15.125,0.75,15.25,0.875],"rotation":0,"texture":"#0","tintindex":0},"up":{"uv":[12.25,15.125,12.125,14.75],"rotation":0,"texture":"#0","tintindex":0},"west":{"uv":[14.75,14.625,15.125,14.75],"rotation":0,"texture":"#0","tintindex":0}}},{"name":"cube","from":[7.7,9.0587225,5.833297],"to":[8.3,9.658723,6.4332967],"rotation":{"angle":45.0,"axis":"x","origin":[8.0,9.358723,5.5332966]},"faces":{"down":{"uv":[15.25,0.5,15.125,0.625],"rotation":0,"texture":"#0","tintindex":0},"east":{"uv":[15.125,0.0,15.25,0.125],"rotation":0,"texture":"#0","tintindex":0},"north":{"uv":[14.5,15.0,14.625,15.125],"rotation":0,"texture":"#0","tintindex":0},"south":{"uv":[0.25,15.125,0.375,15.25],"rotation":0,"texture":"#0","tintindex":0},"up":{"uv":[0.625,15.25,0.5,15.125],"rotation":0,"texture":"#0","tintindex":0},"west":{"uv":[15.125,0.25,15.25,0.375],"rotation":0,"texture":"#0","tintindex":0}}}],"display":{"head":{"translation":[0.0,-6.4,0.0],"rotation":[0.0,0.0,0.0],"scale":[3.8095,3.8095,3.8095]}}}