{"textures":{"0":"modelengine:entity/chest"},"elements":[{"name":"cube","from":[7.7,7.954481,6.7797613],"to":[8.3,8.5544815,7.9797616],"rotation":{"angle":22.5,"axis":"x","origin":[8.75,7.954481,7.379761]},"faces":{"down":{"uv":[5.125,9.0,5.0,9.25],"rotation":0,"texture":"#0","tintindex":0},"east":{"uv":[5.625,13.625,5.875,13.75],"rotation":0,"texture":"#0","tintindex":0},"north":{"uv":[15.0,12.875,15.125,13.0],"rotation":0,"texture":"#0","tintindex":0},"south":{"uv":[13.0,15.0,13.125,15.125],"rotation":0,"texture":"#0","tintindex":0},"up":{"uv":[7.625,8.25,7.5,8.0],"rotation":0,"texture":"#0","tintindex":0},"west":{"uv":[6.0,14.875,6.25,15.0],"rotation":0,"texture":"#0","tintindex":0}}},{"name":"cube","from":[7.7,8.520487,6.6133013],"to":[8.3,9.120487,7.2133017],"rotation":{"angle":45.0,"axis":"x","origin":[8.0,8.820487,6.6133013]},"faces":{"down":{"uv":[15.125,12.625,15.0,12.75],"rotation":0,"texture":"#0","tintindex":0},"east":{"uv":[15.0,11.625,15.125,11.75],"rotation":0,"texture":"#0","tintindex":0},"north":{"uv":[11.625,15.0,11.75,15.125],"rotation":0,"texture":"#0","tintindex":0},"south":{"uv":[15.0,11.875,15.125,12.0],"rotation":0,"texture":"#0","tintindex":0},"up":{"uv":[15.125,12.5,15.0,12.375],"rotation":0,"texture":"#0","tintindex":0},"west":{"uv":[15.0,12.125,15.125,12.25],"rotation":0,"texture":"#0","tintindex":0}}}],"display":{"head":{"translation":[0.0,-6.4,0.0],"rotation":[0.0,0.0,0.0],"scale":[3.8095,3.8095,3.8095]}}}