{"textures":{"0":"modelengine:entity/chest"},"elements":[{"name":"cube","from":[6.392085,8.052747,7.7],"to":[7.8920856,8.652747,8.3],"rotation":{"angle":-22.5,"axis":"z","origin":[7.142085,8.052747,8.15]},"faces":{"down":{"uv":[15.25,2.875,14.875,3.0],"rotation":0,"texture":"#0","tintindex":0},"east":{"uv":[1.0,15.125,1.125,15.25],"rotation":0,"texture":"#0","tintindex":0},"north":{"uv":[0.25,14.875,0.625,15.0],"rotation":0,"texture":"#0","tintindex":0},"south":{"uv":[0.75,14.875,1.125,15.0],"rotation":0,"texture":"#0","tintindex":0},"up":{"uv":[2.875,15.0,2.5,14.875],"rotation":0,"texture":"#0","tintindex":0},"west":{"uv":[2.5,15.125,2.625,15.25],"rotation":0,"texture":"#0","tintindex":0}}},{"name":"cube","from":[5.980978,8.782221,7.7],"to":[6.8809776,9.382221,8.3],"rotation":{"angle":-45.0,"axis":"z","origin":[6.1309776,9.082221,8.0]},"faces":{"down":{"uv":[15.125,7.75,14.875,7.875],"rotation":0,"texture":"#0","tintindex":0},"east":{"uv":[2.75,15.125,2.875,15.25],"rotation":0,"texture":"#0","tintindex":0},"north":{"uv":[6.375,14.875,6.625,15.0],"rotation":0,"texture":"#0","tintindex":0},"south":{"uv":[14.875,6.5,15.125,6.625],"rotation":0,"texture":"#0","tintindex":0},"up":{"uv":[15.125,7.25,14.875,7.125],"rotation":0,"texture":"#0","tintindex":0},"west":{"uv":[15.125,3.125,15.25,3.25],"rotation":0,"texture":"#0","tintindex":0}}}],"display":{"head":{"translation":[0.0,-6.4,0.0],"rotation":[0.0,0.0,0.0],"scale":[3.8095,3.8095,3.8095]}}}