{"textures":{"0":"modelengine:entity/chest"},"elements":[{"name":"cube","from":[7.027014,7.2273884,7.739349],"to":[9.427014,7.8273883,10.139349],"rotation":{"angle":0.0,"axis":"x","origin":[8.227015,7.2273884,8.939348]},"faces":{"down":{"uv":[13.25,10.5,12.75,11.0],"rotation":0,"texture":"#0","tintindex":0},"east":{"uv":[14.625,4.625,15.125,4.75],"rotation":0,"texture":"#0","tintindex":0},"north":{"uv":[14.625,4.375,15.125,4.5],"rotation":0,"texture":"#0","tintindex":0},"south":{"uv":[14.625,5.375,15.125,5.5],"rotation":0,"texture":"#0","tintindex":0},"up":{"uv":[12.875,2.0,12.375,1.5],"rotation":0,"texture":"#0","tintindex":0},"west":{"uv":[5.5,14.625,6.0,14.75],"rotation":0,"texture":"#0","tintindex":0}}},{"name":"cube","from":[7.627014,6.957388,9.959349],"to":[8.827014,7.5573883,10.859348],"rotation":{"angle":22.5,"axis":"x","origin":[8.227015,7.527388,10.589349]},"faces":{"down":{"uv":[14.875,10.375,14.625,10.625],"rotation":0,"texture":"#0","tintindex":0},"east":{"uv":[14.75,14.875,15.0,15.0],"rotation":0,"texture":"#0","tintindex":0},"north":{"uv":[14.875,10.0,15.125,10.125],"rotation":0,"texture":"#0","tintindex":0},"south":{"uv":[15.0,1.375,15.25,1.5],"rotation":0,"texture":"#0","tintindex":0},"up":{"uv":[14.875,5.875,14.625,5.625],"rotation":0,"texture":"#0","tintindex":0},"west":{"uv":[15.0,1.625,15.25,1.75],"rotation":0,"texture":"#0","tintindex":0}}},{"name":"cube","from":[6.4270144,7.1973877,10.559349],"to":[10.027014,7.257388,13.25935],"rotation":{"angle":22.5,"axis":"x","origin":[8.227015,7.527388,10.589349]},"faces":{"down":{"uv":[10.75,8.125,10.0,8.75],"rotation":0,"texture":"#0","tintindex":0},"east":{"uv":[11.75,14.5,12.375,14.625],"rotation":0,"texture":"#0","tintindex":0},"north":{"uv":[9.125,8.125,9.875,8.25],"rotation":0,"texture":"#0","tintindex":0},"south":{"uv":[14.5,3.875,15.25,4.0],"rotation":0,"texture":"#0","tintindex":0},"up":{"uv":[10.75,4.0,10.0,3.375],"rotation":0,"texture":"#0","tintindex":0},"west":{"uv":[14.5,13.875,15.125,14.0],"rotation":0,"texture":"#0","tintindex":0}}}],"display":{"head":{"translation":[0.0,-6.4,0.0],"rotation":[0.0,0.0,0.0],"scale":[3.8095,3.8095,3.8095]}}}