{"textures":{"0":"modelengine:entity/chest"},"elements":[{"name":"cube","from":[5.26,7.8588543,4.598631],"to":[10.059999,9.6588545,4.6586313],"rotation":{"angle":0.0,"axis":"x","origin":[7.66,-10.741145,4.598631]},"faces":{"down":{"uv":[14.75,10.125,13.75,10.25],"rotation":0,"texture":"#0","tintindex":0},"east":{"uv":[3.5,14.875,3.625,15.25],"rotation":0,"texture":"#0","tintindex":0},"north":{"uv":[2.75,8.0,3.75,8.375],"rotation":0,"texture":"#0","tintindex":0},"south":{"uv":[10.25,5.25,11.25,5.625],"rotation":0,"texture":"#0","tintindex":0},"up":{"uv":[14.75,7.875,13.75,7.75],"rotation":0,"texture":"#0","tintindex":0},"west":{"uv":[4.125,14.875,4.25,15.25],"rotation":0,"texture":"#0","tintindex":0}}},{"name":"cube","from":[5.26,9.6588545,4.598631],"to":[10.059999,13.258856,9.398632],"rotation":{"angle":0.0,"axis":"x","origin":[7.66,-10.741145,4.598631]},"faces":{"down":{"uv":[8.5,4.125,7.5,5.125],"rotation":0,"texture":"#0","tintindex":0},"east":{"uv":[9.25,1.5,10.25,2.25],"rotation":0,"texture":"#0","tintindex":0},"north":{"uv":[9.125,7.25,10.125,8.0],"rotation":0,"texture":"#0","tintindex":0},"south":{"uv":[0.0,9.375,1.0,10.125],"rotation":0,"texture":"#0","tintindex":0},"up":{"uv":[4.875,8.375,3.875,7.375],"rotation":0,"texture":"#0","tintindex":0},"west":{"uv":[1.125,9.375,2.125,10.125],"rotation":0,"texture":"#0","tintindex":0}}},{"name":"cube","from":[5.26,7.8588543,4.598631],"to":[5.3199997,9.6588545,8.798632],"rotation":{"angle":0.0,"axis":"x","origin":[7.66,-10.741145,4.598631]},"faces":{"down":{"uv":[7.75,14.25,7.625,15.125],"rotation":0,"texture":"#0","tintindex":0},"east":{"uv":[10.25,8.875,11.125,9.25],"rotation":0,"texture":"#0","tintindex":0},"north":{"uv":[4.375,14.875,4.5,15.25],"rotation":0,"texture":"#0","tintindex":0},"south":{"uv":[14.875,4.875,15.0,5.25],"rotation":0,"texture":"#0","tintindex":0},"up":{"uv":[2.125,4.375,2.0,3.5],"rotation":0,"texture":"#0","tintindex":0},"west":{"uv":[11.0,7.25,11.875,7.625],"rotation":0,"texture":"#0","tintindex":0}}},{"name":"cube","from":[10.0,7.8588543,4.598631],"to":[10.059999,9.6588545,8.798632],"rotation":{"angle":0.0,"axis":"x","origin":[7.66,-10.741145,4.598631]},"faces":{"down":{"uv":[4.0,14.5,3.875,15.375],"rotation":0,"texture":"#0","tintindex":0},"east":{"uv":[11.125,2.625,12.0,3.0],"rotation":0,"texture":"#0","tintindex":0},"north":{"uv":[5.0,14.875,5.125,15.25],"rotation":0,"texture":"#0","tintindex":0},"south":{"uv":[5.25,14.875,5.375,15.25],"rotation":0,"texture":"#0","tintindex":0},"up":{"uv":[8.0,15.125,7.875,14.25],"rotation":0,"texture":"#0","tintindex":0},"west":{"uv":[11.25,8.75,12.125,9.125],"rotation":0,"texture":"#0","tintindex":0}}}],"display":{"head":{"translation":[0.0,-6.4,0.0],"rotation":[0.0,0.0,0.0],"scale":[3.8095,3.8095,3.8095]}}}