{"textures":{"0":"modelengine:entity/chest"},"elements":[{"name":"cube","from":[5.0,7.1215897,2.8602128],"to":[11.0,8.32159,7.660213],"rotation":{"angle":-22.5,"axis":"x","origin":[8.0,8.419866,8.529598]},"faces":{"down":{"uv":[1.25,7.375,0.0,8.375],"rotation":0,"texture":"#0","tintindex":0},"east":{"uv":[12.375,4.25,13.375,4.5],"rotation":0,"texture":"#0","tintindex":0},"north":{"uv":[12.0,7.125,13.25,7.375],"rotation":0,"texture":"#0","tintindex":0},"south":{"uv":[8.125,12.0,9.375,12.25],"rotation":0,"texture":"#0","tintindex":0},"up":{"uv":[8.5,3.375,7.25,2.375],"rotation":0,"texture":"#0","tintindex":0},"west":{"uv":[12.75,11.125,13.75,11.375],"rotation":0,"texture":"#0","tintindex":0}}},{"name":"cube","from":[5.0,8.32159,2.8602128],"to":[5.06,9.521589,7.660213],"rotation":{"angle":-22.5,"axis":"x","origin":[8.0,8.419866,8.529598]},"faces":{"down":{"uv":[12.625,14.0,12.5,15.0],"rotation":0,"texture":"#0","tintindex":0},"east":{"uv":[12.875,2.5,13.875,2.75],"rotation":0,"texture":"#0","tintindex":0},"north":{"uv":[1.25,13.625,1.375,13.875],"rotation":0,"texture":"#0","tintindex":0},"south":{"uv":[15.0,6.125,15.125,6.375],"rotation":0,"texture":"#0","tintindex":0},"up":{"uv":[7.0,15.0,6.875,14.0],"rotation":0,"texture":"#0","tintindex":0},"west":{"uv":[12.875,3.375,13.875,3.625],"rotation":0,"texture":"#0","tintindex":0}}},{"name":"cube","from":[5.0,8.32159,2.8602128],"to":[11.0,9.521589,2.920213],"rotation":{"angle":-22.5,"axis":"x","origin":[8.0,8.419866,8.529598]},"faces":{"down":{"uv":[14.875,1.875,13.625,2.0],"rotation":0,"texture":"#0","tintindex":0},"east":{"uv":[15.0,8.0,15.125,8.25],"rotation":0,"texture":"#0","tintindex":0},"north":{"uv":[9.5,12.0,10.75,12.25],"rotation":0,"texture":"#0","tintindex":0},"south":{"uv":[12.0,11.875,13.25,12.125],"rotation":0,"texture":"#0","tintindex":0},"up":{"uv":[14.625,11.0,13.375,10.875],"rotation":0,"texture":"#0","tintindex":0},"west":{"uv":[15.0,8.375,15.125,8.625],"rotation":0,"texture":"#0","tintindex":0}}},{"name":"cube","from":[10.940001,8.32159,2.2602127],"to":[11.0,9.521589,7.060213],"rotation":{"angle":-22.5,"axis":"x","origin":[8.0,8.419866,8.529598]},"faces":{"down":{"uv":[7.25,14.125,7.125,15.125],"rotation":0,"texture":"#0","tintindex":0},"east":{"uv":[12.875,3.75,13.875,4.0],"rotation":0,"texture":"#0","tintindex":0},"north":{"uv":[15.0,10.25,15.125,10.5],"rotation":0,"texture":"#0","tintindex":0},"south":{"uv":[15.0,11.0,15.125,11.25],"rotation":0,"texture":"#0","tintindex":0},"up":{"uv":[12.875,15.0,12.75,14.0],"rotation":0,"texture":"#0","tintindex":0},"west":{"uv":[12.875,5.0,13.875,5.25],"rotation":0,"texture":"#0","tintindex":0}}}],"display":{"head":{"translation":[0.0,-6.4,0.0],"rotation":[0.0,0.0,0.0],"scale":[3.8095,3.8095,3.8095]}}}