{"textures":{"0":"modelengine:entity/chest"},"elements":[{"name":"cube","from":[7.958088,7.6643205,6.8],"to":[8.558088,8.26432,9.2],"rotation":{"angle":22.5,"axis":"z","origin":[8.558088,8.08432,8.0]},"faces":{"down":{"uv":[1.375,14.75,1.25,15.25],"rotation":0,"texture":"#0","tintindex":0},"east":{"uv":[14.625,6.875,15.125,7.0],"rotation":0,"texture":"#0","tintindex":0},"north":{"uv":[15.125,3.375,15.25,3.5],"rotation":0,"texture":"#0","tintindex":0},"south":{"uv":[15.125,3.625,15.25,3.75],"rotation":0,"texture":"#0","tintindex":0},"up":{"uv":[10.75,12.875,10.625,12.375],"rotation":0,"texture":"#0","tintindex":0},"west":{"uv":[14.75,1.125,15.25,1.25],"rotation":0,"texture":"#0","tintindex":0}}},{"name":"cube","from":[8.198088,5.2643204,6.8],"to":[8.258087,7.6643205,9.2],"rotation":{"angle":22.5,"axis":"z","origin":[8.558088,8.08432,8.0]},"faces":{"down":{"uv":[2.375,14.75,2.25,15.25],"rotation":0,"texture":"#0","tintindex":0},"east":{"uv":[12.875,5.375,13.375,5.875],"rotation":0,"texture":"#0","tintindex":0},"north":{"uv":[1.5,14.75,1.625,15.25],"rotation":0,"texture":"#0","tintindex":0},"south":{"uv":[1.75,14.75,1.875,15.25],"rotation":0,"texture":"#0","tintindex":0},"up":{"uv":[2.125,15.25,2.0,14.75],"rotation":0,"texture":"#0","tintindex":0},"west":{"uv":[12.875,6.0,13.375,6.5],"rotation":0,"texture":"#0","tintindex":0}}}],"display":{"head":{"translation":[0.0,-6.4,0.0],"rotation":[0.0,0.0,0.0],"scale":[3.8095,3.8095,3.8095]}}}