{"textures":{"0":"modelengine:entity/chest"},"elements":[{"name":"cube","from":[8.042309,7.318656,6.8],"to":[8.642309,7.918656,9.2],"rotation":{"angle":-22.5,"axis":"z","origin":[8.678087,7.9756794,8.0]},"faces":{"down":{"uv":[11.25,14.75,11.125,15.25],"rotation":0,"texture":"#0","tintindex":0},"east":{"uv":[14.75,8.75,15.25,8.875],"rotation":0,"texture":"#0","tintindex":0},"north":{"uv":[15.125,4.875,15.25,5.0],"rotation":0,"texture":"#0","tintindex":0},"south":{"uv":[15.125,5.125,15.25,5.25],"rotation":0,"texture":"#0","tintindex":0},"up":{"uv":[11.0,15.25,10.875,14.75],"rotation":0,"texture":"#0","tintindex":0},"west":{"uv":[14.75,9.0,15.25,9.125],"rotation":0,"texture":"#0","tintindex":0}}},{"name":"cube","from":[8.34231,4.918656,6.8],"to":[8.402309,7.318656,9.2],"rotation":{"angle":-22.5,"axis":"z","origin":[8.678087,7.9756794,8.0]},"faces":{"down":{"uv":[10.75,14.75,10.625,15.25],"rotation":0,"texture":"#0","tintindex":0},"east":{"uv":[13.0,1.5,13.5,2.0],"rotation":0,"texture":"#0","tintindex":0},"north":{"uv":[9.875,14.75,10.0,15.25],"rotation":0,"texture":"#0","tintindex":0},"south":{"uv":[10.125,14.75,10.25,15.25],"rotation":0,"texture":"#0","tintindex":0},"up":{"uv":[10.5,15.25,10.375,14.75],"rotation":0,"texture":"#0","tintindex":0},"west":{"uv":[4.125,13.0,4.625,13.5],"rotation":0,"texture":"#0","tintindex":0}}}],"display":{"head":{"translation":[0.0,-6.4,0.0],"rotation":[0.0,0.0,0.0],"scale":[3.8095,3.8095,3.8095]}}}