{"textures":{"0":"modelengine:entity/chest"},"elements":[{"name":"cube","from":[2.2999997,8.017588,0.8017645],"to":[13.7,9.217588,2.6017644],"rotation":{"angle":0.0,"axis":"x","origin":[8.0,3.2175877,5.6017647]},"faces":{"down":{"uv":[9.875,8.375,7.5,8.75],"rotation":0,"texture":"#0","tintindex":0},"east":{"uv":[13.0,4.625,13.375,4.875],"rotation":0,"texture":"#0","tintindex":0},"north":{"uv":[5.0,9.375,7.375,9.625],"rotation":0,"texture":"#0","tintindex":0},"south":{"uv":[7.5,9.375,9.875,9.625],"rotation":0,"texture":"#0","tintindex":0},"up":{"uv":[7.375,8.375,5.0,8.0],"rotation":0,"texture":"#0","tintindex":0},"west":{"uv":[4.125,14.5,4.5,14.75],"rotation":0,"texture":"#0","tintindex":0}}},{"name":"cube","from":[2.2999997,6.2175875,1.4617647],"to":[13.7,8.017588,1.5217649],"rotation":{"angle":0.0,"axis":"x","origin":[8.0,3.2175877,5.6017647]},"faces":{"down":{"uv":[14.5,6.875,12.125,7.0],"rotation":0,"texture":"#0","tintindex":0},"east":{"uv":[3.0,14.875,3.125,15.25],"rotation":0,"texture":"#0","tintindex":0},"north":{"uv":[2.75,8.5,5.125,8.875],"rotation":0,"texture":"#0","tintindex":0},"south":{"uv":[8.625,2.375,11.0,2.75],"rotation":0,"texture":"#0","tintindex":0},"up":{"uv":[14.375,7.625,12.0,7.5],"rotation":0,"texture":"#0","tintindex":0},"west":{"uv":[3.25,14.875,3.375,15.25],"rotation":0,"texture":"#0","tintindex":0}}},{"name":"cube","from":[13.1,7.413898,-1.1564045],"to":[16.1,8.613898,1.843595],"rotation":{"angle":22.5,"axis":"x","origin":[14.6,7.4738984,0.34359503]},"faces":{"down":{"uv":[9.375,10.125,8.75,10.75],"rotation":0,"texture":"#0","tintindex":0},"east":{"uv":[2.625,13.625,3.25,13.875],"rotation":0,"texture":"#0","tintindex":0},"north":{"uv":[13.625,1.5,14.25,1.75],"rotation":0,"texture":"#0","tintindex":0},"south":{"uv":[3.375,13.625,4.0,13.875],"rotation":0,"texture":"#0","tintindex":0},"up":{"uv":[8.625,10.75,8.0,10.125],"rotation":0,"texture":"#0","tintindex":0},"west":{"uv":[4.125,13.625,4.75,13.875],"rotation":0,"texture":"#0","tintindex":0}}},{"name":"cube","from":[13.7,8.007268,1.403489],"to":[15.5,12.807267,3.2034893],"rotation":{"angle":45.0,"axis":"x","origin":[14.6,10.467268,1.5834898]},"faces":{"down":{"uv":[10.75,13.875,10.375,14.25],"rotation":0,"texture":"#0","tintindex":0},"east":{"uv":[9.75,10.875,10.125,11.875],"rotation":0,"texture":"#0","tintindex":0},"north":{"uv":[9.25,10.875,9.625,11.875],"rotation":0,"texture":"#0","tintindex":0},"south":{"uv":[10.25,10.875,10.625,11.875],"rotation":0,"texture":"#0","tintindex":0},"up":{"uv":[7.625,14.0,7.25,13.625],"rotation":0,"texture":"#0","tintindex":0},"west":{"uv":[10.75,10.875,11.125,11.875],"rotation":0,"texture":"#0","tintindex":0}}},{"name":"cube","from":[2.2999997,8.405456,0.9624245],"to":[13.7,12.005456,2.1624246],"rotation":{"angle":45.0,"axis":"x","origin":[8.0,9.005455,1.8624246]},"faces":{"down":{"uv":[12.125,0.0,9.75,0.25],"rotation":0,"texture":"#0","tintindex":0},"east":{"uv":[4.125,12.125,4.375,12.875],"rotation":0,"texture":"#0","tintindex":0},"north":{"uv":[4.75,2.25,7.125,3.0],"rotation":0,"texture":"#0","tintindex":0},"south":{"uv":[4.75,3.125,7.125,3.875],"rotation":0,"texture":"#0","tintindex":0},"up":{"uv":[4.625,9.75,2.25,9.5],"rotation":0,"texture":"#0","tintindex":0},"west":{"uv":[12.625,13.125,12.875,13.875],"rotation":0,"texture":"#0","tintindex":0}}},{"name":"cube","from":[6.44,8.405456,0.66242456],"to":[9.56,9.605455,0.9624245],"rotation":{"angle":45.0,"axis":"x","origin":[8.0,9.005455,1.8624246]},"faces":{"down":{"uv":[15.25,2.375,14.625,2.5],"rotation":0,"texture":"#0","tintindex":0},"east":{"uv":[7.75,10.5,7.875,10.75],"rotation":0,"texture":"#0","tintindex":0},"north":{"uv":[4.875,13.625,5.5,13.875],"rotation":0,"texture":"#0","tintindex":0},"south":{"uv":[6.5,13.625,7.125,13.875],"rotation":0,"texture":"#0","tintindex":0},"up":{"uv":[15.25,2.25,14.625,2.125],"rotation":0,"texture":"#0","tintindex":0},"west":{"uv":[6.0,10.875,6.125,11.125],"rotation":0,"texture":"#0","tintindex":0}}},{"name":"cube","from":[6.5,7.02972,0.58963275],"to":[9.5,9.42972,0.8896327],"rotation":{"angle":0.0,"axis":"x","origin":[8.0,8.82972,0.7396326]},"faces":{"down":{"uv":[15.25,4.125,14.625,4.25],"rotation":0,"texture":"#0","tintindex":0},"east":{"uv":[11.0,10.125,11.125,10.625],"rotation":0,"texture":"#0","tintindex":0},"north":{"uv":[11.375,5.25,12.0,5.75],"rotation":0,"texture":"#0","tintindex":0},"south":{"uv":[11.375,5.875,12.0,6.375],"rotation":0,"texture":"#0","tintindex":0},"up":{"uv":[15.25,2.75,14.625,2.625],"rotation":0,"texture":"#0","tintindex":0},"west":{"uv":[7.5,12.125,7.625,12.625],"rotation":0,"texture":"#0","tintindex":0}}},{"name":"cube","from":[-0.10000038,7.413898,-1.1564045],"to":[2.8999999,8.613898,1.843595],"rotation":{"angle":22.5,"axis":"x","origin":[1.3999997,7.4738984,0.34359503]},"faces":{"down":{"uv":[0.625,10.25,0.0,10.875],"rotation":0,"texture":"#0","tintindex":0},"east":{"uv":[13.625,8.375,14.25,8.625],"rotation":0,"texture":"#0","tintindex":0},"north":{"uv":[13.625,8.0,14.25,8.25],"rotation":0,"texture":"#0","tintindex":0},"south":{"uv":[13.625,12.0,14.25,12.25],"rotation":0,"texture":"#0","tintindex":0},"up":{"uv":[10.125,10.75,9.5,10.125],"rotation":0,"texture":"#0","tintindex":0},"west":{"uv":[13.625,12.375,14.25,12.625],"rotation":0,"texture":"#0","tintindex":0}}},{"name":"cube","from":[0.49999976,8.007268,1.403489],"to":[2.2999997,12.807267,3.2034893],"rotation":{"angle":45.0,"axis":"x","origin":[1.3999997,10.467268,1.5834898]},"faces":{"down":{"uv":[0.75,14.0,0.375,14.375],"rotation":0,"texture":"#0","tintindex":0},"east":{"uv":[0.5,11.0,0.875,12.0],"rotation":0,"texture":"#0","tintindex":0},"north":{"uv":[0.0,11.0,0.375,12.0],"rotation":0,"texture":"#0","tintindex":0},"south":{"uv":[1.0,11.0,1.375,12.0],"rotation":0,"texture":"#0","tintindex":0},"up":{"uv":[11.625,14.25,11.25,13.875],"rotation":0,"texture":"#0","tintindex":0},"west":{"uv":[1.5,11.0,1.875,12.0],"rotation":0,"texture":"#0","tintindex":0}}},{"name":"cube","from":[13.1,7.413898,6.959934],"to":[16.1,8.613898,9.959934],"rotation":{"angle":-22.5,"axis":"x","origin":[14.6,7.4738984,8.459934]},"faces":{"down":{"uv":[2.125,10.25,1.5,10.875],"rotation":0,"texture":"#0","tintindex":0},"east":{"uv":[13.625,13.125,14.25,13.375],"rotation":0,"texture":"#0","tintindex":0},"north":{"uv":[13.625,12.75,14.25,13.0],"rotation":0,"texture":"#0","tintindex":0},"south":{"uv":[8.125,13.75,8.75,14.0],"rotation":0,"texture":"#0","tintindex":0},"up":{"uv":[1.375,10.875,0.75,10.25],"rotation":0,"texture":"#0","tintindex":0},"west":{"uv":[8.875,13.75,9.5,14.0],"rotation":0,"texture":"#0","tintindex":0}}},{"name":"cube","from":[13.7,8.007268,5.6000404],"to":[15.5,12.807267,7.40004],"rotation":{"angle":-45.0,"axis":"x","origin":[14.6,10.467268,7.2200403]},"faces":{"down":{"uv":[3.0,14.0,2.625,14.375],"rotation":0,"texture":"#0","tintindex":0},"east":{"uv":[2.5,11.0,2.875,12.0],"rotation":0,"texture":"#0","tintindex":0},"north":{"uv":[2.0,11.0,2.375,12.0],"rotation":0,"texture":"#0","tintindex":0},"south":{"uv":[3.0,11.0,3.375,12.0],"rotation":0,"texture":"#0","tintindex":0},"up":{"uv":[1.25,14.375,0.875,14.0],"rotation":0,"texture":"#0","tintindex":0},"west":{"uv":[3.5,11.0,3.875,12.0],"rotation":0,"texture":"#0","tintindex":0}}},{"name":"cube","from":[-0.10000038,7.413898,6.959934],"to":[2.8999999,8.613898,9.959934],"rotation":{"angle":-22.5,"axis":"x","origin":[1.3999997,7.4738984,8.459934]},"faces":{"down":{"uv":[3.625,10.25,3.0,10.875],"rotation":0,"texture":"#0","tintindex":0},"east":{"uv":[13.75,9.75,14.375,10.0],"rotation":0,"texture":"#0","tintindex":0},"north":{"uv":[9.625,13.75,10.25,14.0],"rotation":0,"texture":"#0","tintindex":0},"south":{"uv":[11.75,13.75,12.375,14.0],"rotation":0,"texture":"#0","tintindex":0},"up":{"uv":[2.875,10.875,2.25,10.25],"rotation":0,"texture":"#0","tintindex":0},"west":{"uv":[13.75,13.5,14.375,13.75],"rotation":0,"texture":"#0","tintindex":0}}},{"name":"cube","from":[0.49999976,8.007268,5.6000404],"to":[2.2999997,12.807267,7.40004],"rotation":{"angle":-45.0,"axis":"x","origin":[1.3999997,10.467268,7.2200403]},"faces":{"down":{"uv":[14.375,3.125,14.0,3.5],"rotation":0,"texture":"#0","tintindex":0},"east":{"uv":[11.125,1.5,11.5,2.5],"rotation":0,"texture":"#0","tintindex":0},"north":{"uv":[4.0,11.0,4.375,12.0],"rotation":0,"texture":"#0","tintindex":0},"south":{"uv":[11.125,4.125,11.5,5.125],"rotation":0,"texture":"#0","tintindex":0},"up":{"uv":[3.5,14.375,3.125,14.0],"rotation":0,"texture":"#0","tintindex":0},"west":{"uv":[6.0,11.25,6.375,12.25],"rotation":0,"texture":"#0","tintindex":0}}},{"name":"cube","from":[-0.10000038,9.6375885,2.9017644],"to":[2.8999999,12.637588,5.901765],"rotation":{"angle":22.5,"axis":"z","origin":[1.3999997,11.1375885,4.401765]},"faces":{"down":{"uv":[7.625,10.5,7.0,11.125],"rotation":0,"texture":"#0","tintindex":0},"east":{"uv":[10.25,7.25,10.875,7.875],"rotation":0,"texture":"#0","tintindex":0},"north":{"uv":[3.75,10.25,4.375,10.875],"rotation":0,"texture":"#0","tintindex":0},"south":{"uv":[10.25,10.125,10.875,10.75],"rotation":0,"texture":"#0","tintindex":0},"up":{"uv":[6.875,11.125,6.25,10.5],"rotation":0,"texture":"#0","tintindex":0},"west":{"uv":[10.375,1.5,11.0,2.125],"rotation":0,"texture":"#0","tintindex":0}}},{"name":"cube","from":[1.523588,9.937588,3.5017648],"to":[4.523588,12.337588,5.301765],"rotation":{"angle":-22.5,"axis":"z","origin":[3.023588,11.1375885,4.401765]},"faces":{"down":{"uv":[9.5,13.25,8.875,13.625],"rotation":0,"texture":"#0","tintindex":0},"east":{"uv":[6.0,13.25,6.375,13.75],"rotation":0,"texture":"#0","tintindex":0},"north":{"uv":[11.375,6.5,12.0,7.0],"rotation":0,"texture":"#0","tintindex":0},"south":{"uv":[11.625,1.5,12.25,2.0],"rotation":0,"texture":"#0","tintindex":0},"up":{"uv":[8.75,13.625,8.125,13.25],"rotation":0,"texture":"#0","tintindex":0},"west":{"uv":[13.25,9.75,13.625,10.25],"rotation":0,"texture":"#0","tintindex":0}}},{"name":"cube","from":[2.2999997,10.263172,3.7673492],"to":[13.7,12.063172,4.967349],"rotation":{"angle":0.0,"axis":"x","origin":[8.0,10.863173,3.6473494]},"faces":{"down":{"uv":[12.125,0.75,9.75,1.0],"rotation":0,"texture":"#0","tintindex":0},"east":{"uv":[4.625,14.5,4.875,14.875],"rotation":0,"texture":"#0","tintindex":0},"north":{"uv":[8.625,2.875,11.0,3.25],"rotation":0,"texture":"#0","tintindex":0},"south":{"uv":[8.625,4.125,11.0,4.5],"rotation":0,"texture":"#0","tintindex":0},"up":{"uv":[12.125,0.625,9.75,0.375],"rotation":0,"texture":"#0","tintindex":0},"west":{"uv":[14.5,4.875,14.75,5.25],"rotation":0,"texture":"#0","tintindex":0}}},{"name":"cube","from":[11.476412,9.937588,3.5017648],"to":[14.476412,12.337588,5.301765],"rotation":{"angle":22.5,"axis":"z","origin":[12.976412,11.1375885,4.401765]},"faces":{"down":{"uv":[10.25,13.25,9.625,13.625],"rotation":0,"texture":"#0","tintindex":0},"east":{"uv":[10.375,13.25,10.75,13.75],"rotation":0,"texture":"#0","tintindex":0},"north":{"uv":[11.625,3.375,12.25,3.875],"rotation":0,"texture":"#0","tintindex":0},"south":{"uv":[11.625,4.0,12.25,4.5],"rotation":0,"texture":"#0","tintindex":0},"up":{"uv":[13.875,9.625,13.25,9.25],"rotation":0,"texture":"#0","tintindex":0},"west":{"uv":[11.25,13.25,11.625,13.75],"rotation":0,"texture":"#0","tintindex":0}}},{"name":"cube","from":[13.1,9.6375885,2.9017644],"to":[16.1,12.637588,5.901765],"rotation":{"angle":-22.5,"axis":"z","origin":[14.6,11.1375885,4.401765]},"faces":{"down":{"uv":[9.125,10.875,8.5,11.5],"rotation":0,"texture":"#0","tintindex":0},"east":{"uv":[4.5,10.875,5.125,11.5],"rotation":0,"texture":"#0","tintindex":0},"north":{"uv":[10.875,3.375,11.5,4.0],"rotation":0,"texture":"#0","tintindex":0},"south":{"uv":[5.25,10.875,5.875,11.5],"rotation":0,"texture":"#0","tintindex":0},"up":{"uv":[11.5,8.625,10.875,8.0],"rotation":0,"texture":"#0","tintindex":0},"west":{"uv":[7.75,10.875,8.375,11.5],"rotation":0,"texture":"#0","tintindex":0}}},{"name":"cube","from":[13.7,8.017588,1.4017644],"to":[14.900001,9.217588,7.401765],"rotation":{"angle":0.0,"axis":"x","origin":[8.0,3.2175877,5.6017647]},"faces":{"down":{"uv":[5.125,11.625,4.875,12.875],"rotation":0,"texture":"#0","tintindex":0},"east":{"uv":[0.0,8.5,1.25,8.75],"rotation":0,"texture":"#0","tintindex":0},"north":{"uv":[14.625,11.125,14.875,11.375],"rotation":0,"texture":"#0","tintindex":0},"south":{"uv":[14.625,11.5,14.875,11.75],"rotation":0,"texture":"#0","tintindex":0},"up":{"uv":[4.75,12.875,4.5,11.625],"rotation":0,"texture":"#0","tintindex":0},"west":{"uv":[11.625,2.125,12.875,2.375],"rotation":0,"texture":"#0","tintindex":0}}},{"name":"cube","from":[13.53934,8.405456,1.4017644],"to":[14.73934,9.605455,7.401765],"rotation":{"angle":45.0,"axis":"z","origin":[13.83934,9.005455,4.401765]},"faces":{"down":{"uv":[5.875,11.625,5.625,12.875],"rotation":0,"texture":"#0","tintindex":0},"east":{"uv":[11.625,4.625,12.875,4.875],"rotation":0,"texture":"#0","tintindex":0},"north":{"uv":[13.625,14.625,13.875,14.875],"rotation":0,"texture":"#0","tintindex":0},"south":{"uv":[14.0,14.625,14.25,14.875],"rotation":0,"texture":"#0","tintindex":0},"up":{"uv":[5.5,12.875,5.25,11.625],"rotation":0,"texture":"#0","tintindex":0},"west":{"uv":[7.75,11.625,9.0,11.875],"rotation":0,"texture":"#0","tintindex":0}}},{"name":"cube","from":[2.2999997,8.017588,6.201765],"to":[13.7,9.217588,8.001764],"rotation":{"angle":0.0,"axis":"x","origin":[8.0,3.2175877,3.2017648]},"faces":{"down":{"uv":[2.375,8.875,0.0,9.25],"rotation":0,"texture":"#0","tintindex":0},"east":{"uv":[5.0,14.5,5.375,14.75],"rotation":0,"texture":"#0","tintindex":0},"north":{"uv":[9.75,1.125,12.125,1.375],"rotation":0,"texture":"#0","tintindex":0},"south":{"uv":[4.75,9.75,7.125,10.0],"rotation":0,"texture":"#0","tintindex":0},"up":{"uv":[11.0,5.0,8.625,4.625],"rotation":0,"texture":"#0","tintindex":0},"west":{"uv":[6.25,14.5,6.625,14.75],"rotation":0,"texture":"#0","tintindex":0}}},{"name":"cube","from":[3.4999998,8.617588,2.6017644],"to":[12.5,9.217588,6.201765],"rotation":{"angle":0.0,"axis":"x","origin":[8.0,3.2175877,3.2017648]},"faces":{"down":{"uv":[9.125,1.5,7.25,2.25],"rotation":0,"texture":"#0","tintindex":0},"east":{"uv":[14.5,7.5,15.25,7.625],"rotation":0,"texture":"#0","tintindex":0},"north":{"uv":[12.875,2.875,14.75,3.0],"rotation":0,"texture":"#0","tintindex":0},"south":{"uv":[12.875,6.625,14.75,6.75],"rotation":0,"texture":"#0","tintindex":0},"up":{"uv":[1.875,4.25,0.0,3.5],"rotation":0,"texture":"#0","tintindex":0},"west":{"uv":[14.5,9.25,15.25,9.375],"rotation":0,"texture":"#0","tintindex":0}}},{"name":"cube","from":[2.2999997,8.405456,6.6411047],"to":[13.7,12.005456,7.841105],"rotation":{"angle":-45.0,"axis":"x","origin":[8.0,9.005455,6.941105]},"faces":{"down":{"uv":[12.125,9.75,9.75,10.0],"rotation":0,"texture":"#0","tintindex":0},"east":{"uv":[7.75,13.375,8.0,14.125],"rotation":0,"texture":"#0","tintindex":0},"north":{"uv":[5.0,4.0,7.375,4.75],"rotation":0,"texture":"#0","tintindex":0},"south":{"uv":[5.0,4.875,7.375,5.625],"rotation":0,"texture":"#0","tintindex":0},"up":{"uv":[9.625,10.0,7.25,9.75],"rotation":0,"texture":"#0","tintindex":0},"west":{"uv":[10.875,13.375,11.125,14.125],"rotation":0,"texture":"#0","tintindex":0}}},{"name":"cube","from":[1.0999997,8.017588,1.4017644],"to":[2.2999997,9.217588,7.401765],"rotation":{"angle":0.0,"axis":"x","origin":[8.0,3.2175877,5.6017647]},"faces":{"down":{"uv":[11.5,11.875,11.25,13.125],"rotation":0,"texture":"#0","tintindex":0},"east":{"uv":[11.625,8.0,12.875,8.25],"rotation":0,"texture":"#0","tintindex":0},"north":{"uv":[14.375,14.625,14.625,14.875],"rotation":0,"texture":"#0","tintindex":0},"south":{"uv":[14.75,0.0,15.0,0.25],"rotation":0,"texture":"#0","tintindex":0},"up":{"uv":[12.125,11.375,11.875,10.125],"rotation":0,"texture":"#0","tintindex":0},"west":{"uv":[11.625,8.375,12.875,8.625],"rotation":0,"texture":"#0","tintindex":0}}},{"name":"cube","from":[2.2999997,8.617588,2.6017644],"to":[3.4999998,9.217588,6.201765],"rotation":{"angle":0.0,"axis":"x","origin":[8.0,3.2175877,5.6017647]},"faces":{"down":{"uv":[2.125,13.5,1.875,14.25],"rotation":0,"texture":"#0","tintindex":0},"east":{"uv":[14.5,9.5,15.25,9.625],"rotation":0,"texture":"#0","tintindex":0},"north":{"uv":[15.0,1.875,15.25,2.0],"rotation":0,"texture":"#0","tintindex":0},"south":{"uv":[4.625,15.0,4.875,15.125],"rotation":0,"texture":"#0","tintindex":0},"up":{"uv":[1.75,14.25,1.5,13.5],"rotation":0,"texture":"#0","tintindex":0},"west":{"uv":[14.5,9.75,15.25,9.875],"rotation":0,"texture":"#0","tintindex":0}}},{"name":"cube","from":[12.5,8.617588,2.6017644],"to":[13.7,9.217588,6.201765],"rotation":{"angle":0.0,"axis":"x","origin":[8.0,3.2175877,5.6017647]},"faces":{"down":{"uv":[13.75,4.125,13.5,4.875],"rotation":0,"texture":"#0","tintindex":0},"east":{"uv":[14.5,13.375,15.25,13.5],"rotation":0,"texture":"#0","tintindex":0},"north":{"uv":[15.0,5.625,15.25,5.75],"rotation":0,"texture":"#0","tintindex":0},"south":{"uv":[15.0,5.875,15.25,6.0],"rotation":0,"texture":"#0","tintindex":0},"up":{"uv":[2.5,14.25,2.25,13.5],"rotation":0,"texture":"#0","tintindex":0},"west":{"uv":[14.5,13.625,15.25,13.75],"rotation":0,"texture":"#0","tintindex":0}}},{"name":"cube","from":[1.2606599,8.405456,1.4017644],"to":[2.46066,9.605455,7.401765],"rotation":{"angle":-45.0,"axis":"z","origin":[2.1606598,9.005455,4.401765]},"faces":{"down":{"uv":[8.0,12.0,7.75,13.25],"rotation":0,"texture":"#0","tintindex":0},"east":{"uv":[11.75,9.25,13.0,9.5],"rotation":0,"texture":"#0","tintindex":0},"north":{"uv":[14.75,0.375,15.0,0.625],"rotation":0,"texture":"#0","tintindex":0},"south":{"uv":[14.75,0.75,15.0,1.0],"rotation":0,"texture":"#0","tintindex":0},"up":{"uv":[11.875,13.125,11.625,11.875],"rotation":0,"texture":"#0","tintindex":0},"west":{"uv":[11.875,11.5,13.125,11.75],"rotation":0,"texture":"#0","tintindex":0}}},{"name":"cube","from":[2.2999997,9.963173,3.3473494],"to":[13.7,11.763172,5.4473495],"rotation":{"angle":0.0,"axis":"x","origin":[8.0,10.863173,3.6473494]},"faces":{"down":{"uv":[9.875,3.5,7.5,4.0],"rotation":0,"texture":"#0","tintindex":0},"east":{"uv":[13.375,10.375,13.875,10.75],"rotation":0,"texture":"#0","tintindex":0},"north":{"uv":[5.25,8.875,7.625,9.25],"rotation":0,"texture":"#0","tintindex":0},"south":{"uv":[8.875,5.75,11.25,6.125],"rotation":0,"texture":"#0","tintindex":0},"up":{"uv":[3.75,7.875,1.375,7.375],"rotation":0,"texture":"#0","tintindex":0},"west":{"uv":[13.375,11.5,13.875,11.875],"rotation":0,"texture":"#0","tintindex":0}}},{"name":"cube","from":[2.2999997,8.514645,2.1388206],"to":[13.7,13.314643,2.1988208],"rotation":{"angle":45.0,"axis":"x","origin":[8.0,10.914644,2.1388206]},"faces":{"down":{"uv":[14.625,0.25,12.25,0.375],"rotation":0,"texture":"#0","tintindex":0},"east":{"uv":[7.375,14.125,7.5,15.125],"rotation":0,"texture":"#0","tintindex":0},"north":{"uv":[2.25,0.0,4.625,1.0],"rotation":0,"texture":"#0","tintindex":0},"south":{"uv":[2.25,1.125,4.625,2.125],"rotation":0,"texture":"#0","tintindex":0},"up":{"uv":[14.625,0.125,12.25,0.0],"rotation":0,"texture":"#0","tintindex":0},"west":{"uv":[8.125,14.125,8.25,15.125],"rotation":0,"texture":"#0","tintindex":0}}},{"name":"cube","from":[2.2999997,8.514645,6.6047087],"to":[13.7,13.314643,6.664709],"rotation":{"angle":-45.0,"axis":"x","origin":[8.0,10.914644,6.664709]},"faces":{"down":{"uv":[14.625,0.75,12.25,0.875],"rotation":0,"texture":"#0","tintindex":0},"east":{"uv":[8.375,14.125,8.5,15.125],"rotation":0,"texture":"#0","tintindex":0},"north":{"uv":[2.25,2.25,4.625,3.25],"rotation":0,"texture":"#0","tintindex":0},"south":{"uv":[2.25,3.375,4.625,4.375],"rotation":0,"texture":"#0","tintindex":0},"up":{"uv":[14.625,0.625,12.25,0.5],"rotation":0,"texture":"#0","tintindex":0},"west":{"uv":[8.625,14.125,8.75,15.125],"rotation":0,"texture":"#0","tintindex":0}}}],"display":{"head":{"translation":[0.0,-6.4,0.0],"rotation":[0.0,0.0,0.0],"scale":[3.8095,3.8095,3.8095]}}}