{
	"credit": "Made with Blockbench",
	"texture_size": [32, 32],
	"textures": {
		"0": "season1/misc/demonickey",
		"particle": "season1/misc/demonickey"
	},
	"elements": [
		{
			"from": [0.4, 0, 0.3],
			"to": [3.4, 1, 0.7],
			"faces": {
				"north": {"uv": [2, 0, 3.5, 0.5], "texture": "#0"},
				"east": {"uv": [3, 6, 3.25, 6.5], "texture": "#0"},
				"south": {"uv": [2, 0.5, 3.5, 1], "texture": "#0"},
				"west": {"uv": [3.5, 6, 3.75, 6.5], "texture": "#0"},
				"up": {"uv": [2.5, 4.75, 1, 4.5], "texture": "#0"},
				"down": {"uv": [6, 1, 4.5, 1.25], "texture": "#0"}
			}
		},
		{
			"from": [0.4, 0, 0.7],
			"to": [3.4, 1, 1],
			"faces": {
				"north": {"uv": [2, 1, 3.5, 1.5], "texture": "#0"},
				"east": {"uv": [7, 7.5, 7.125, 8], "texture": "#0"},
				"south": {"uv": [2, 1.5, 3.5, 2], "texture": "#0"},
				"west": {"uv": [7.5, 7, 7.625, 7.5], "texture": "#0"},
				"up": {"uv": [2.5, 5.625, 1, 5.5], "texture": "#0"},
				"down": {"uv": [7, 1.5, 5.5, 1.625], "texture": "#0"}
			}
		},
		{
			"from": [0.4, 0.1, 1],
			"to": [3.4, 0.9, 3],
			"faces": {
				"north": {"uv": [3, 3, 4.5, 3.375], "texture": "#0"},
				"east": {"uv": [3.5, 4, 4.5, 4.375], "texture": "#0"},
				"south": {"uv": [3.5, 0, 5, 0.375], "texture": "#0"},
				"west": {"uv": [0, 4.5, 1, 4.875], "texture": "#0"},
				"up": {"uv": [1.5, 1, 0, 0], "texture": "#0"},
				"down": {"uv": [1.5, 1, 0, 2], "texture": "#0"}
			}
		},
		{
			"from": [0.4, 0, 1],
			"to": [0.9, 1, 1.2],
			"faces": {
				"north": {"uv": [6.5, 0, 6.75, 0.5], "texture": "#0"},
				"east": {"uv": [7.5, 7.5, 7.625, 8], "texture": "#0"},
				"south": {"uv": [6.5, 2, 6.75, 2.5], "texture": "#0"},
				"west": {"uv": [0, 8, 0.125, 8.5], "texture": "#0"},
				"up": {"uv": [4.75, 10.125, 4.5, 10], "texture": "#0"},
				"down": {"uv": [10.25, 4.5, 10, 4.625], "texture": "#0"}
			}
		},
		{
			"from": [0.4, 0, 1.2],
			"to": [0.6, 1, 1.8],
			"faces": {
				"north": {"uv": [3.5, 8, 3.625, 8.5], "texture": "#0"},
				"east": {"uv": [4.5, 6.5, 4.75, 7], "texture": "#0"},
				"south": {"uv": [8, 3.5, 8.125, 4], "texture": "#0"},
				"west": {"uv": [6.5, 4.5, 6.75, 5], "texture": "#0"},
				"up": {"uv": [6.125, 10.25, 6, 10], "texture": "#0"},
				"down": {"uv": [10.125, 6, 10, 6.25], "texture": "#0"}
			}
		},
		{
			"from": [3.2, 0, 1.2],
			"to": [3.4, 1, 1.8],
			"faces": {
				"north": {"uv": [4, 8, 4.125, 8.5], "texture": "#0"},
				"east": {"uv": [5, 6.5, 5.25, 7], "texture": "#0"},
				"south": {"uv": [8, 4, 8.125, 4.5], "texture": "#0"},
				"west": {"uv": [6.5, 5, 6.75, 5.5], "texture": "#0"},
				"up": {"uv": [6.625, 10.25, 6.5, 10], "texture": "#0"},
				"down": {"uv": [10.125, 6.5, 10, 6.75], "texture": "#0"}
			}
		},
		{
			"from": [3.1, 0, 1.8],
			"to": [3.4, 1, 2],
			"faces": {
				"north": {"uv": [4.5, 8, 4.625, 8.5], "texture": "#0"},
				"east": {"uv": [8, 4.5, 8.125, 5], "texture": "#0"},
				"south": {"uv": [5, 8, 5.125, 8.5], "texture": "#0"},
				"west": {"uv": [8, 5, 8.125, 5.5], "texture": "#0"},
				"up": {"uv": [6.625, 11.125, 6.5, 11], "texture": "#0"},
				"down": {"uv": [11.125, 6.5, 11, 6.625], "texture": "#0"}
			}
		},
		{
			"from": [0.4, 0, 1.8],
			"to": [0.7, 1, 2],
			"faces": {
				"north": {"uv": [5.5, 8, 5.625, 8.5], "texture": "#0"},
				"east": {"uv": [8, 5.5, 8.125, 6], "texture": "#0"},
				"south": {"uv": [6, 8, 6.125, 8.5], "texture": "#0"},
				"west": {"uv": [8, 6, 8.125, 6.5], "texture": "#0"},
				"up": {"uv": [7.125, 11.125, 7, 11], "texture": "#0"},
				"down": {"uv": [11.125, 7, 11, 7.125], "texture": "#0"}
			}
		},
		{
			"from": [0.4, 0, 2],
			"to": [1.8, 1, 2.3],
			"faces": {
				"north": {"uv": [4.5, 2.5, 5.25, 3], "texture": "#0"},
				"east": {"uv": [6.5, 8, 6.625, 8.5], "texture": "#0"},
				"south": {"uv": [4.5, 3, 5.25, 3.5], "texture": "#0"},
				"west": {"uv": [8, 6.5, 8.125, 7], "texture": "#0"},
				"up": {"uv": [8.25, 2.125, 7.5, 2], "texture": "#0"},
				"down": {"uv": [8.25, 2.5, 7.5, 2.625], "texture": "#0"}
			}
		},
		{
			"from": [0.4, 0, 2.3],
			"to": [1.6, 1, 2.9],
			"faces": {
				"north": {"uv": [5, 0.5, 5.625, 1], "texture": "#0"},
				"east": {"uv": [5.5, 6.5, 5.75, 7], "texture": "#0"},
				"south": {"uv": [1.5, 5, 2.125, 5.5], "texture": "#0"},
				"west": {"uv": [6.5, 6, 6.75, 6.5], "texture": "#0"},
				"up": {"uv": [3.125, 5.75, 2.5, 5.5], "texture": "#0"},
				"down": {"uv": [6.125, 2.5, 5.5, 2.75], "texture": "#0"}
			}
		},
		{
			"from": [0.4, 0, 2.9],
			"to": [3.4, 1, 3.3],
			"faces": {
				"north": {"uv": [2, 2, 3.5, 2.5], "texture": "#0"},
				"east": {"uv": [7, 3.5, 7.25, 4], "texture": "#0"},
				"south": {"uv": [0.5, 2.5, 2, 3], "texture": "#0"},
				"west": {"uv": [4, 7, 4.25, 7.5], "texture": "#0"},
				"up": {"uv": [1.5, 5.25, 0, 5], "texture": "#0"},
				"down": {"uv": [6.5, 0, 5, 0.25], "texture": "#0"}
			}
		},
		{
			"from": [0.8, 0.1, 3.3],
			"to": [3, 0.9, 3.7],
			"faces": {
				"north": {"uv": [0.5, 4, 1.625, 4.375], "texture": "#0"},
				"east": {"uv": [4, 7.5, 4.25, 7.875], "texture": "#0"},
				"south": {"uv": [2, 4, 3.125, 4.375], "texture": "#0"},
				"west": {"uv": [7.5, 4, 7.75, 4.375], "texture": "#0"},
				"up": {"uv": [4.625, 5.25, 3.5, 5], "texture": "#0"},
				"down": {"uv": [6.125, 5, 5, 5.25], "texture": "#0"}
			}
		},
		{
			"from": [1.4, 0.2, 3.7],
			"to": [2.4, 0.8, 8.6],
			"faces": {
				"north": {"uv": [7, 4, 7.5, 4.25], "texture": "#0"},
				"east": {"uv": [2, 2.5, 4.5, 2.75], "texture": "#0"},
				"south": {"uv": [4.5, 7, 5, 7.25], "texture": "#0"},
				"west": {"uv": [0.5, 3, 3, 3.25], "texture": "#0"},
				"up": {"uv": [2, 2.5, 1.5, 0], "texture": "#0"},
				"down": {"uv": [0.5, 2, 0, 4.5], "texture": "#0"}
			}
		},
		{
			"from": [1.3, 0.3, 3.7],
			"to": [1.4, 0.7, 4.1],
			"faces": {
				"north": {"uv": [10.5, 4, 10.625, 4.25], "texture": "#0"},
				"east": {"uv": [8.5, 5, 8.75, 5.25], "texture": "#0"},
				"south": {"uv": [4.5, 10.5, 4.625, 10.75], "texture": "#0"},
				"west": {"uv": [5.5, 8.5, 5.75, 8.75], "texture": "#0"},
				"up": {"uv": [10.625, 4.75, 10.5, 4.5], "texture": "#0"},
				"down": {"uv": [5.125, 10.5, 5, 10.75], "texture": "#0"}
			}
		},
		{
			"from": [2.4, 0.3, 3.7],
			"to": [2.5, 0.7, 4.1],
			"faces": {
				"north": {"uv": [10.5, 5, 10.625, 5.25], "texture": "#0"},
				"east": {"uv": [8.5, 5.5, 8.75, 5.75], "texture": "#0"},
				"south": {"uv": [5.5, 10.5, 5.625, 10.75], "texture": "#0"},
				"west": {"uv": [6, 8.5, 6.25, 8.75], "texture": "#0"},
				"up": {"uv": [10.625, 5.75, 10.5, 5.5], "texture": "#0"},
				"down": {"uv": [6.125, 10.5, 6, 10.75], "texture": "#0"}
			}
		},
		{
			"from": [2.4, 0.3, 4.4],
			"to": [2.5, 0.7, 4.8],
			"faces": {
				"north": {"uv": [10.5, 7, 10.625, 7.25], "texture": "#0"},
				"east": {"uv": [8.5, 6.5, 8.75, 6.75], "texture": "#0"},
				"south": {"uv": [7.5, 10.5, 7.625, 10.75], "texture": "#0"},
				"west": {"uv": [7, 8.5, 7.25, 8.75], "texture": "#0"},
				"up": {"uv": [10.625, 7.75, 10.5, 7.5], "texture": "#0"},
				"down": {"uv": [8.125, 10.5, 8, 10.75], "texture": "#0"}
			}
		},
		{
			"from": [1.3, 0.3, 4.4],
			"to": [1.4, 0.7, 4.8],
			"faces": {
				"north": {"uv": [10.5, 6, 10.625, 6.25], "texture": "#0"},
				"east": {"uv": [8.5, 6, 8.75, 6.25], "texture": "#0"},
				"south": {"uv": [6.5, 10.5, 6.625, 10.75], "texture": "#0"},
				"west": {"uv": [6.5, 8.5, 6.75, 8.75], "texture": "#0"},
				"up": {"uv": [10.625, 6.75, 10.5, 6.5], "texture": "#0"},
				"down": {"uv": [7.125, 10.5, 7, 10.75], "texture": "#0"}
			}
		},
		{
			"from": [2.4, 0.3, 5.1],
			"to": [2.5, 0.7, 5.5],
			"faces": {
				"north": {"uv": [10.5, 9, 10.625, 9.25], "texture": "#0"},
				"east": {"uv": [8.5, 7.5, 8.75, 7.75], "texture": "#0"},
				"south": {"uv": [9.5, 10.5, 9.625, 10.75], "texture": "#0"},
				"west": {"uv": [8, 8.5, 8.25, 8.75], "texture": "#0"},
				"up": {"uv": [10.625, 9.75, 10.5, 9.5], "texture": "#0"},
				"down": {"uv": [10.125, 10.5, 10, 10.75], "texture": "#0"}
			}
		},
		{
			"from": [1.3, 0.3, 5.1],
			"to": [1.4, 0.7, 5.5],
			"faces": {
				"north": {"uv": [10.5, 8, 10.625, 8.25], "texture": "#0"},
				"east": {"uv": [8.5, 7, 8.75, 7.25], "texture": "#0"},
				"south": {"uv": [8.5, 10.5, 8.625, 10.75], "texture": "#0"},
				"west": {"uv": [7.5, 8.5, 7.75, 8.75], "texture": "#0"},
				"up": {"uv": [10.625, 8.75, 10.5, 8.5], "texture": "#0"},
				"down": {"uv": [9.125, 10.5, 9, 10.75], "texture": "#0"}
			}
		},
		{
			"from": [0.8, 0.3, 5.6],
			"to": [1.4, 0.7, 6.1],
			"faces": {
				"north": {"uv": [8.5, 8, 8.75, 8.25], "texture": "#0"},
				"east": {"uv": [8.5, 8.5, 8.75, 8.75], "texture": "#0"},
				"south": {"uv": [0, 9, 0.25, 9.25], "texture": "#0"},
				"west": {"uv": [9, 0, 9.25, 0.25], "texture": "#0"},
				"up": {"uv": [0.75, 9.25, 0.5, 9], "texture": "#0"},
				"down": {"uv": [9.25, 0.5, 9, 0.75], "texture": "#0"}
			}
		},
		{
			"from": [0.2, 0.3, 6.4],
			"to": [1.4, 0.7, 6.9],
			"faces": {
				"north": {"uv": [5.5, 3.5, 6.125, 3.75], "texture": "#0"},
				"east": {"uv": [2.5, 9, 2.75, 9.25], "texture": "#0"},
				"south": {"uv": [5.5, 4, 6.125, 4.25], "texture": "#0"},
				"west": {"uv": [9, 2.5, 9.25, 2.75], "texture": "#0"},
				"up": {"uv": [5.125, 5.75, 4.5, 5.5], "texture": "#0"},
				"down": {"uv": [6.125, 4.5, 5.5, 4.75], "texture": "#0"}
			}
		},
		{
			"from": [2.4, 0.3, 6.4],
			"to": [3.4, 0.7, 6.9],
			"faces": {
				"north": {"uv": [7, 4.5, 7.5, 4.75], "texture": "#0"},
				"east": {"uv": [3, 9, 3.25, 9.25], "texture": "#0"},
				"south": {"uv": [5, 7, 5.5, 7.25], "texture": "#0"},
				"west": {"uv": [9, 3, 9.25, 3.25], "texture": "#0"},
				"up": {"uv": [7.5, 5.25, 7, 5], "texture": "#0"},
				"down": {"uv": [6, 7, 5.5, 7.25], "texture": "#0"}
			}
		},
		{
			"from": [0.4, 0.3, 7.5],
			"to": [1.4, 0.7, 8],
			"faces": {
				"north": {"uv": [7, 5.5, 7.5, 5.75], "texture": "#0"},
				"east": {"uv": [3.5, 9, 3.75, 9.25], "texture": "#0"},
				"south": {"uv": [6, 7, 6.5, 7.25], "texture": "#0"},
				"west": {"uv": [9, 3.5, 9.25, 3.75], "texture": "#0"},
				"up": {"uv": [7.5, 6.25, 7, 6], "texture": "#0"},
				"down": {"uv": [7, 7, 6.5, 7.25], "texture": "#0"}
			}
		},
		{
			"from": [2.4, 0.3, 7.5],
			"to": [2.9, 0.7, 8],
			"faces": {
				"north": {"uv": [4.5, 9, 4.75, 9.25], "texture": "#0"},
				"east": {"uv": [9, 4.5, 9.25, 4.75], "texture": "#0"},
				"south": {"uv": [5, 9, 5.25, 9.25], "texture": "#0"},
				"west": {"uv": [9, 5, 9.25, 5.25], "texture": "#0"},
				"up": {"uv": [5.75, 9.25, 5.5, 9], "texture": "#0"},
				"down": {"uv": [9.25, 5.5, 9, 5.75], "texture": "#0"}
			}
		},
		{
			"from": [1.6, 0.3, 8.6],
			"to": [2.2, 0.7, 9.1],
			"faces": {
				"north": {"uv": [6, 9, 6.25, 9.25], "texture": "#0"},
				"east": {"uv": [9, 6, 9.25, 6.25], "texture": "#0"},
				"south": {"uv": [6.5, 9, 6.75, 9.25], "texture": "#0"},
				"west": {"uv": [9, 6.5, 9.25, 6.75], "texture": "#0"},
				"up": {"uv": [7.25, 9.25, 7, 9], "texture": "#0"},
				"down": {"uv": [9.25, 7, 9, 7.25], "texture": "#0"}
			}
		},
		{
			"from": [0.3, 0.3, 7.5],
			"to": [0.4, 0.7, 7.9],
			"faces": {
				"north": {"uv": [3.5, 11, 3.625, 11.25], "texture": "#0"},
				"east": {"uv": [4, 9, 4.25, 9.25], "texture": "#0"},
				"south": {"uv": [11, 3.5, 11.125, 3.75], "texture": "#0"},
				"west": {"uv": [9, 4, 9.25, 4.25], "texture": "#0"},
				"up": {"uv": [4.125, 11.25, 4, 11], "texture": "#0"},
				"down": {"uv": [11.125, 4, 11, 4.25], "texture": "#0"}
			}
		},
		{
			"from": [2.9, 0.3, 7.6],
			"to": [3, 0.7, 7.9],
			"faces": {
				"north": {"uv": [4.5, 11, 4.625, 11.25], "texture": "#0"},
				"east": {"uv": [11, 4.5, 11.125, 4.75], "texture": "#0"},
				"south": {"uv": [5, 11, 5.125, 11.25], "texture": "#0"},
				"west": {"uv": [11, 5, 11.125, 5.25], "texture": "#0"},
				"up": {"uv": [11.625, 1.125, 11.5, 1], "texture": "#0"},
				"down": {"uv": [1.625, 11.5, 1.5, 11.625], "texture": "#0"}
			}
		},
		{
			"from": [2.4, 0.3, 5.6],
			"to": [2.9, 0.7, 6.1],
			"faces": {
				"north": {"uv": [1, 9, 1.25, 9.25], "texture": "#0"},
				"east": {"uv": [9, 1, 9.25, 1.25], "texture": "#0"},
				"south": {"uv": [1.5, 9, 1.75, 9.25], "texture": "#0"},
				"west": {"uv": [9, 1.5, 9.25, 1.75], "texture": "#0"},
				"up": {"uv": [2.25, 9.25, 2, 9], "texture": "#0"},
				"down": {"uv": [9.25, 2, 9, 2.25], "texture": "#0"}
			}
		},
		{
			"from": [0.5, 0.3, 5.8],
			"to": [0.8, 0.7, 6.1],
			"faces": {
				"north": {"uv": [10.5, 10, 10.625, 10.25], "texture": "#0"},
				"east": {"uv": [10.5, 10.5, 10.625, 10.75], "texture": "#0"},
				"south": {"uv": [0, 11, 0.125, 11.25], "texture": "#0"},
				"west": {"uv": [11, 0, 11.125, 0.25], "texture": "#0"},
				"up": {"uv": [10.625, 11.125, 10.5, 11], "texture": "#0"},
				"down": {"uv": [11.125, 10.5, 11, 10.625], "texture": "#0"}
			}
		},
		{
			"from": [-0.1, 0.3, 6.4],
			"to": [0.2, 0.7, 6.7],
			"faces": {
				"north": {"uv": [1.5, 11, 1.625, 11.25], "texture": "#0"},
				"east": {"uv": [11, 1.5, 11.125, 1.75], "texture": "#0"},
				"south": {"uv": [2, 11, 2.125, 11.25], "texture": "#0"},
				"west": {"uv": [11, 2, 11.125, 2.25], "texture": "#0"},
				"up": {"uv": [11.625, 0.125, 11.5, 0], "texture": "#0"},
				"down": {"uv": [0.625, 11.5, 0.5, 11.625], "texture": "#0"}
			}
		},
		{
			"from": [3.4, 0.3, 6.6],
			"to": [3.5, 0.7, 6.9],
			"faces": {
				"north": {"uv": [2.5, 11, 2.625, 11.25], "texture": "#0"},
				"east": {"uv": [11, 2.5, 11.125, 2.75], "texture": "#0"},
				"south": {"uv": [3, 11, 3.125, 11.25], "texture": "#0"},
				"west": {"uv": [11, 3, 11.125, 3.25], "texture": "#0"},
				"up": {"uv": [11.625, 0.625, 11.5, 0.5], "texture": "#0"},
				"down": {"uv": [1.125, 11.5, 1, 11.625], "texture": "#0"}
			}
		},
		{
			"from": [2.9, 0.3, 5.6],
			"to": [3.2, 0.7, 5.9],
			"faces": {
				"north": {"uv": [0.5, 11, 0.625, 11.25], "texture": "#0"},
				"east": {"uv": [11, 0.5, 11.125, 0.75], "texture": "#0"},
				"south": {"uv": [1, 11, 1.125, 11.25], "texture": "#0"},
				"west": {"uv": [11, 1, 11.125, 1.25], "texture": "#0"},
				"up": {"uv": [11.125, 11.125, 11, 11], "texture": "#0"},
				"down": {"uv": [0.125, 11.5, 0, 11.625], "texture": "#0"}
			}
		},
		{
			"from": [0.8, 0.9, 3.3],
			"to": [1.2, 1, 3.8],
			"faces": {
				"north": {"uv": [8.5, 10, 8.75, 10.125], "texture": "#0"},
				"east": {"uv": [10, 8.5, 10.25, 8.625], "texture": "#0"},
				"south": {"uv": [9, 10, 9.25, 10.125], "texture": "#0"},
				"west": {"uv": [10, 9, 10.25, 9.125], "texture": "#0"},
				"up": {"uv": [8.75, 2.25, 8.5, 2], "texture": "#0"},
				"down": {"uv": [2.75, 8.5, 2.5, 8.75], "texture": "#0"}
			}
		},
		{
			"from": [1.7, 0.9, 3.3],
			"to": [2.1, 1, 3.8],
			"faces": {
				"north": {"uv": [9.5, 10, 9.75, 10.125], "texture": "#0"},
				"east": {"uv": [10, 9.5, 10.25, 9.625], "texture": "#0"},
				"south": {"uv": [10, 10, 10.25, 10.125], "texture": "#0"},
				"west": {"uv": [0, 10.5, 0.25, 10.625], "texture": "#0"},
				"up": {"uv": [8.75, 2.75, 8.5, 2.5], "texture": "#0"},
				"down": {"uv": [3.25, 8.5, 3, 8.75], "texture": "#0"}
			}
		},
		{
			"from": [2.6, 0.9, 3.3],
			"to": [3, 1, 3.8],
			"faces": {
				"north": {"uv": [10.5, 0, 10.75, 0.125], "texture": "#0"},
				"east": {"uv": [0.5, 10.5, 0.75, 10.625], "texture": "#0"},
				"south": {"uv": [10.5, 0.5, 10.75, 0.625], "texture": "#0"},
				"west": {"uv": [1, 10.5, 1.25, 10.625], "texture": "#0"},
				"up": {"uv": [8.75, 3.25, 8.5, 3], "texture": "#0"},
				"down": {"uv": [3.75, 8.5, 3.5, 8.75], "texture": "#0"}
			}
		},
		{
			"from": [2.6, 0, 3.3],
			"to": [3, 0.1, 3.8],
			"faces": {
				"north": {"uv": [10.5, 3, 10.75, 3.125], "texture": "#0"},
				"east": {"uv": [3.5, 10.5, 3.75, 10.625], "texture": "#0"},
				"south": {"uv": [10.5, 3.5, 10.75, 3.625], "texture": "#0"},
				"west": {"uv": [4, 10.5, 4.25, 10.625], "texture": "#0"},
				"up": {"uv": [8.75, 4.75, 8.5, 4.5], "texture": "#0"},
				"down": {"uv": [5.25, 8.5, 5, 8.75], "texture": "#0"}
			}
		},
		{
			"from": [1.7, 0, 3.3],
			"to": [2.1, 0.1, 3.8],
			"faces": {
				"north": {"uv": [10.5, 2, 10.75, 2.125], "texture": "#0"},
				"east": {"uv": [2.5, 10.5, 2.75, 10.625], "texture": "#0"},
				"south": {"uv": [10.5, 2.5, 10.75, 2.625], "texture": "#0"},
				"west": {"uv": [3, 10.5, 3.25, 10.625], "texture": "#0"},
				"up": {"uv": [8.75, 4.25, 8.5, 4], "texture": "#0"},
				"down": {"uv": [4.75, 8.5, 4.5, 8.75], "texture": "#0"}
			}
		},
		{
			"from": [0.8, 0, 3.3],
			"to": [1.2, 0.1, 3.8],
			"faces": {
				"north": {"uv": [10.5, 1, 10.75, 1.125], "texture": "#0"},
				"east": {"uv": [1.5, 10.5, 1.75, 10.625], "texture": "#0"},
				"south": {"uv": [10.5, 1.5, 10.75, 1.625], "texture": "#0"},
				"west": {"uv": [2, 10.5, 2.25, 10.625], "texture": "#0"},
				"up": {"uv": [8.75, 3.75, 8.5, 3.5], "texture": "#0"},
				"down": {"uv": [4.25, 8.5, 4, 8.75], "texture": "#0"}
			}
		},
		{
			"from": [0.5, 0.1, 3.3],
			"to": [0.8, 0.9, 4.1],
			"faces": {
				"north": {"uv": [9.5, 8.5, 9.625, 8.875], "texture": "#0"},
				"east": {"uv": [1.5, 6, 1.875, 6.375], "texture": "#0"},
				"south": {"uv": [9, 9.5, 9.125, 9.875], "texture": "#0"},
				"west": {"uv": [2, 6, 2.375, 6.375], "texture": "#0"},
				"up": {"uv": [9.625, 9.375, 9.5, 9], "texture": "#0"},
				"down": {"uv": [9.625, 9.5, 9.5, 9.875], "texture": "#0"}
			}
		},
		{
			"from": [3, 0.1, 3.3],
			"to": [3.3, 0.9, 4],
			"faces": {
				"north": {"uv": [0, 10, 0.125, 10.375], "texture": "#0"},
				"east": {"uv": [6, 2, 6.375, 2.375], "texture": "#0"},
				"south": {"uv": [10, 0, 10.125, 0.375], "texture": "#0"},
				"west": {"uv": [2.5, 6, 2.875, 6.375], "texture": "#0"},
				"up": {"uv": [0.625, 10.375, 0.5, 10], "texture": "#0"},
				"down": {"uv": [10.125, 0.5, 10, 0.875], "texture": "#0"}
			}
		},
		{
			"from": [1.8, 0, 2.7],
			"to": [2, 1, 2.9],
			"faces": {
				"north": {"uv": [8.5, 1, 8.625, 1.5], "texture": "#0"},
				"east": {"uv": [1.5, 8.5, 1.625, 9], "texture": "#0"},
				"south": {"uv": [8.5, 1.5, 8.625, 2], "texture": "#0"},
				"west": {"uv": [2, 8.5, 2.125, 9], "texture": "#0"},
				"up": {"uv": [8.125, 11.125, 8, 11], "texture": "#0"},
				"down": {"uv": [11.125, 8, 11, 8.125], "texture": "#0"}
			}
		},
		{
			"from": [2.2, 0, 2.3],
			"to": [3.4, 1, 2.9],
			"faces": {
				"north": {"uv": [5, 2, 5.625, 2.5], "texture": "#0"},
				"east": {"uv": [6.5, 6.5, 6.75, 7], "texture": "#0"},
				"south": {"uv": [2.5, 5, 3.125, 5.5], "texture": "#0"},
				"west": {"uv": [7, 0, 7.25, 0.5], "texture": "#0"},
				"up": {"uv": [6.125, 3.25, 5.5, 3], "texture": "#0"},
				"down": {"uv": [4.125, 5.5, 3.5, 5.75], "texture": "#0"}
			}
		},
		{
			"from": [2, 0, 2],
			"to": [3.4, 1, 2.3],
			"faces": {
				"north": {"uv": [3.5, 4.5, 4.25, 5], "texture": "#0"},
				"east": {"uv": [7, 8, 7.125, 8.5], "texture": "#0"},
				"south": {"uv": [4.5, 3.5, 5.25, 4], "texture": "#0"},
				"west": {"uv": [8, 7, 8.125, 7.5], "texture": "#0"},
				"up": {"uv": [3.75, 7.625, 3, 7.5], "texture": "#0"},
				"down": {"uv": [8.25, 3, 7.5, 3.125], "texture": "#0"}
			}
		},
		{
			"from": [1.8, 0, 2],
			"to": [2, 1, 2.1],
			"faces": {
				"north": {"uv": [7.5, 8, 7.625, 8.5], "texture": "#0"},
				"east": {"uv": [8, 7.5, 8.125, 8], "texture": "#0"},
				"south": {"uv": [8, 8, 8.125, 8.5], "texture": "#0"},
				"west": {"uv": [0, 8.5, 0.125, 9], "texture": "#0"},
				"up": {"uv": [7.625, 11.125, 7.5, 11], "texture": "#0"},
				"down": {"uv": [11.125, 7.5, 11, 7.625], "texture": "#0"}
			}
		},
		{
			"from": [1.6, 0, 1],
			"to": [2.2, 1, 1.2],
			"faces": {
				"north": {"uv": [3, 6.5, 3.25, 7], "texture": "#0"},
				"east": {"uv": [8, 0.5, 8.125, 1], "texture": "#0"},
				"south": {"uv": [6.5, 3, 6.75, 3.5], "texture": "#0"},
				"west": {"uv": [1, 8, 1.125, 8.5], "texture": "#0"},
				"up": {"uv": [5.75, 10.125, 5.5, 10], "texture": "#0"},
				"down": {"uv": [10.25, 5.5, 10, 5.625], "texture": "#0"}
			}
		},
		{
			"from": [1.4, 0, 1.8],
			"to": [2.4, 1, 2],
			"faces": {
				"north": {"uv": [0, 5.5, 0.5, 6], "texture": "#0"},
				"east": {"uv": [8, 1.5, 8.125, 2], "texture": "#0"},
				"south": {"uv": [0.5, 5.5, 1, 6], "texture": "#0"},
				"west": {"uv": [2, 8, 2.125, 8.5], "texture": "#0"},
				"up": {"uv": [3, 8.125, 2.5, 8], "texture": "#0"},
				"down": {"uv": [3.5, 8, 3, 8.125], "texture": "#0"}
			}
		},
		{
			"from": [1.7, 0, 1.2],
			"to": [2.1, 1, 1.8],
			"faces": {
				"north": {"uv": [3.5, 6.5, 3.75, 7], "texture": "#0"},
				"east": {"uv": [6.5, 3.5, 6.75, 4], "texture": "#0"},
				"south": {"uv": [4, 6.5, 4.25, 7], "texture": "#0"},
				"west": {"uv": [6.5, 4, 6.75, 4.5], "texture": "#0"},
				"up": {"uv": [8.25, 1.25, 8, 1], "texture": "#0"},
				"down": {"uv": [1.75, 8, 1.5, 8.25], "texture": "#0"}
			}
		},
		{
			"from": [2.9, 0, 1],
			"to": [3.4, 1, 1.2],
			"faces": {
				"north": {"uv": [2.5, 6.5, 2.75, 7], "texture": "#0"},
				"east": {"uv": [8, 0, 8.125, 0.5], "texture": "#0"},
				"south": {"uv": [6.5, 2.5, 6.75, 3], "texture": "#0"},
				"west": {"uv": [0.5, 8, 0.625, 8.5], "texture": "#0"},
				"up": {"uv": [5.25, 10.125, 5, 10], "texture": "#0"},
				"down": {"uv": [10.25, 5, 10, 5.125], "texture": "#0"}
			}
		},
		{
			"from": [0.8, 0.1, 0],
			"to": [3, 0.9, 0.2],
			"faces": {
				"north": {"uv": [3.5, 2, 4.625, 2.375], "texture": "#0"},
				"east": {"uv": [9.5, 2, 9.625, 2.375], "texture": "#0"},
				"south": {"uv": [3, 3.5, 4.125, 3.875], "texture": "#0"},
				"west": {"uv": [2.5, 9.5, 2.625, 9.875], "texture": "#0"},
				"up": {"uv": [7.125, 0.625, 6, 0.5], "texture": "#0"},
				"down": {"uv": [7.125, 1, 6, 1.125], "texture": "#0"}
			}
		},
		{
			"from": [0.4, 0.1, 0.1],
			"to": [0.8, 0.9, 0.3],
			"faces": {
				"north": {"uv": [7, 6.5, 7.25, 6.875], "texture": "#0"},
				"east": {"uv": [7.5, 9, 7.625, 9.375], "texture": "#0"},
				"south": {"uv": [7, 7, 7.25, 7.375], "texture": "#0"},
				"west": {"uv": [9, 7.5, 9.125, 7.875], "texture": "#0"},
				"up": {"uv": [1.25, 10.125, 1, 10], "texture": "#0"},
				"down": {"uv": [10.25, 1, 10, 1.125], "texture": "#0"}
			}
		},
		{
			"from": [0.1, 0.1, 0.2],
			"to": [0.4, 0.9, 0.3],
			"faces": {
				"north": {"uv": [8.5, 9, 8.625, 9.375], "texture": "#0"},
				"east": {"uv": [9, 8.5, 9.125, 8.875], "texture": "#0"},
				"south": {"uv": [9, 9, 9.125, 9.375], "texture": "#0"},
				"west": {"uv": [0, 9.5, 0.125, 9.875], "texture": "#0"},
				"up": {"uv": [5.625, 11.125, 5.5, 11], "texture": "#0"},
				"down": {"uv": [11.125, 5.5, 11, 5.625], "texture": "#0"}
			}
		},
		{
			"from": [3.4, 0.1, 0.2],
			"to": [3.7, 0.9, 0.3],
			"faces": {
				"north": {"uv": [9.5, 0, 9.625, 0.375], "texture": "#0"},
				"east": {"uv": [0.5, 9.5, 0.625, 9.875], "texture": "#0"},
				"south": {"uv": [9.5, 0.5, 9.625, 0.875], "texture": "#0"},
				"west": {"uv": [1, 9.5, 1.125, 9.875], "texture": "#0"},
				"up": {"uv": [6.125, 11.125, 6, 11], "texture": "#0"},
				"down": {"uv": [11.125, 6, 11, 6.125], "texture": "#0"}
			}
		},
		{
			"from": [3.6, 0.1, 0.3],
			"to": [3.8, 0.9, 0.7],
			"faces": {
				"north": {"uv": [9.5, 1, 9.625, 1.375], "texture": "#0"},
				"east": {"uv": [0.5, 7.5, 0.75, 7.875], "texture": "#0"},
				"south": {"uv": [1.5, 9.5, 1.625, 9.875], "texture": "#0"},
				"west": {"uv": [7.5, 0.5, 7.75, 0.875], "texture": "#0"},
				"up": {"uv": [2.125, 10.25, 2, 10], "texture": "#0"},
				"down": {"uv": [10.125, 2, 10, 2.25], "texture": "#0"}
			}
		},
		{
			"from": [0, 0.1, 2.7],
			"to": [0.2, 0.9, 3.2],
			"faces": {
				"north": {"uv": [9.5, 1.5, 9.625, 1.875], "texture": "#0"},
				"east": {"uv": [1, 7.5, 1.25, 7.875], "texture": "#0"},
				"south": {"uv": [2, 9.5, 2.125, 9.875], "texture": "#0"},
				"west": {"uv": [7.5, 1, 7.75, 1.375], "texture": "#0"},
				"up": {"uv": [2.625, 10.25, 2.5, 10], "texture": "#0"},
				"down": {"uv": [10.125, 2.5, 10, 2.75], "texture": "#0"}
			}
		},
		{
			"from": [0.1, 0.1, 3.2],
			"to": [0.4, 0.9, 3.3],
			"faces": {
				"north": {"uv": [9.5, 4.5, 9.625, 4.875], "texture": "#0"},
				"east": {"uv": [5, 9.5, 5.125, 9.875], "texture": "#0"},
				"south": {"uv": [9.5, 5, 9.625, 5.375], "texture": "#0"},
				"west": {"uv": [5.5, 9.5, 5.625, 9.875], "texture": "#0"},
				"up": {"uv": [8.625, 11.125, 8.5, 11], "texture": "#0"},
				"down": {"uv": [11.125, 8.5, 11, 8.625], "texture": "#0"}
			}
		},
		{
			"from": [3.4, 0.1, 3.2],
			"to": [3.7, 0.9, 3.3],
			"faces": {
				"north": {"uv": [9.5, 6.5, 9.625, 6.875], "texture": "#0"},
				"east": {"uv": [7, 9.5, 7.125, 9.875], "texture": "#0"},
				"south": {"uv": [9.5, 7, 9.625, 7.375], "texture": "#0"},
				"west": {"uv": [7.5, 9.5, 7.625, 9.875], "texture": "#0"},
				"up": {"uv": [9.625, 11.125, 9.5, 11], "texture": "#0"},
				"down": {"uv": [11.125, 9.5, 11, 9.625], "texture": "#0"}
			}
		},
		{
			"from": [0.3, 0.1, 3.3],
			"to": [0.5, 0.9, 3.4],
			"faces": {
				"north": {"uv": [9.5, 5.5, 9.625, 5.875], "texture": "#0"},
				"east": {"uv": [6, 9.5, 6.125, 9.875], "texture": "#0"},
				"south": {"uv": [9.5, 6, 9.625, 6.375], "texture": "#0"},
				"west": {"uv": [6.5, 9.5, 6.625, 9.875], "texture": "#0"},
				"up": {"uv": [9.125, 11.125, 9, 11], "texture": "#0"},
				"down": {"uv": [11.125, 9, 11, 9.125], "texture": "#0"}
			}
		},
		{
			"from": [3.3, 0.1, 3.3],
			"to": [3.5, 0.9, 3.4],
			"faces": {
				"north": {"uv": [9.5, 7.5, 9.625, 7.875], "texture": "#0"},
				"east": {"uv": [8, 9.5, 8.125, 9.875], "texture": "#0"},
				"south": {"uv": [9.5, 8, 9.625, 8.375], "texture": "#0"},
				"west": {"uv": [8.5, 9.5, 8.625, 9.875], "texture": "#0"},
				"up": {"uv": [10.125, 11.125, 10, 11], "texture": "#0"},
				"down": {"uv": [11.125, 10, 11, 10.125], "texture": "#0"}
			}
		},
		{
			"from": [3.6, 0.1, 2.7],
			"to": [3.8, 0.9, 3.2],
			"faces": {
				"north": {"uv": [9.5, 4, 9.625, 4.375], "texture": "#0"},
				"east": {"uv": [2, 7.5, 2.25, 7.875], "texture": "#0"},
				"south": {"uv": [4.5, 9.5, 4.625, 9.875], "texture": "#0"},
				"west": {"uv": [7.5, 3.5, 7.75, 3.875], "texture": "#0"},
				"up": {"uv": [7.125, 10.25, 7, 10], "texture": "#0"},
				"down": {"uv": [10.125, 7, 10, 7.25], "texture": "#0"}
			}
		},
		{
			"from": [-0.1, 0.1, 0.7],
			"to": [0.1, 0.9, 2.7],
			"faces": {
				"north": {"uv": [9.5, 3.5, 9.625, 3.875], "texture": "#0"},
				"east": {"uv": [4.5, 4, 5.5, 4.375], "texture": "#0"},
				"south": {"uv": [4, 9.5, 4.125, 9.875], "texture": "#0"},
				"west": {"uv": [4.5, 4.5, 5.5, 4.875], "texture": "#0"},
				"up": {"uv": [7.125, 2.5, 7, 1.5], "texture": "#0"},
				"down": {"uv": [2.625, 7, 2.5, 8], "texture": "#0"}
			}
		},
		{
			"from": [0.1, 0, 0.7],
			"to": [0.4, 1, 2.7],
			"faces": {
				"north": {"uv": [6, 7.5, 6.125, 8], "texture": "#0"},
				"east": {"uv": [0.5, 2, 1.5, 2.5], "texture": "#0"},
				"south": {"uv": [7.5, 6, 7.625, 6.5], "texture": "#0"},
				"west": {"uv": [3.5, 1, 4.5, 1.5], "texture": "#0"},
				"up": {"uv": [0.625, 7.5, 0.5, 6.5], "texture": "#0"},
				"down": {"uv": [1.125, 6.5, 1, 7.5], "texture": "#0"}
			}
		},
		{
			"from": [0.2, 0, 2.7],
			"to": [0.4, 1, 3.2],
			"faces": {
				"north": {"uv": [8.5, 0, 8.625, 0.5], "texture": "#0"},
				"east": {"uv": [7, 2.5, 7.25, 3], "texture": "#0"},
				"south": {"uv": [0.5, 8.5, 0.625, 9], "texture": "#0"},
				"west": {"uv": [3, 7, 3.25, 7.5], "texture": "#0"},
				"up": {"uv": [7.625, 10.25, 7.5, 10], "texture": "#0"},
				"down": {"uv": [10.125, 7.5, 10, 7.75], "texture": "#0"}
			}
		},
		{
			"from": [3.4, 0, 2.7],
			"to": [3.6, 1, 3.2],
			"faces": {
				"north": {"uv": [8.5, 0.5, 8.625, 1], "texture": "#0"},
				"east": {"uv": [7, 3, 7.25, 3.5], "texture": "#0"},
				"south": {"uv": [1, 8.5, 1.125, 9], "texture": "#0"},
				"west": {"uv": [3.5, 7, 3.75, 7.5], "texture": "#0"},
				"up": {"uv": [8.125, 10.25, 8, 10], "texture": "#0"},
				"down": {"uv": [10.125, 8, 10, 8.25], "texture": "#0"}
			}
		},
		{
			"from": [3.4, 0, 0.7],
			"to": [3.7, 1, 2.7],
			"faces": {
				"north": {"uv": [6.5, 7.5, 6.625, 8], "texture": "#0"},
				"east": {"uv": [3.5, 1.5, 4.5, 2], "texture": "#0"},
				"south": {"uv": [7.5, 6.5, 7.625, 7], "texture": "#0"},
				"west": {"uv": [2, 3.5, 3, 4], "texture": "#0"},
				"up": {"uv": [1.625, 7.5, 1.5, 6.5], "texture": "#0"},
				"down": {"uv": [2.125, 6.5, 2, 7.5], "texture": "#0"}
			}
		},
		{
			"from": [3.7, 0.1, 0.7],
			"to": [3.9, 0.9, 2.7],
			"faces": {
				"north": {"uv": [9.5, 3, 9.625, 3.375], "texture": "#0"},
				"east": {"uv": [4.5, 1.5, 5.5, 1.875], "texture": "#0"},
				"south": {"uv": [3.5, 9.5, 3.625, 9.875], "texture": "#0"},
				"west": {"uv": [2.5, 4.5, 3.5, 4.875], "texture": "#0"},
				"up": {"uv": [6.125, 7, 6, 6], "texture": "#0"},
				"down": {"uv": [0.125, 6.5, 0, 7.5], "texture": "#0"}
			}
		},
		{
			"from": [0, 0.1, 0.3],
			"to": [0.2, 0.9, 0.7],
			"faces": {
				"north": {"uv": [9.5, 2.5, 9.625, 2.875], "texture": "#0"},
				"east": {"uv": [1.5, 7.5, 1.75, 7.875], "texture": "#0"},
				"south": {"uv": [3, 9.5, 3.125, 9.875], "texture": "#0"},
				"west": {"uv": [7.5, 1.5, 7.75, 1.875], "texture": "#0"},
				"up": {"uv": [4.125, 10.25, 4, 10], "texture": "#0"},
				"down": {"uv": [10.125, 4, 10, 4.25], "texture": "#0"}
			}
		},
		{
			"from": [0.2, 0, 0.3],
			"to": [0.4, 1, 0.7],
			"faces": {
				"north": {"uv": [5, 7.5, 5.125, 8], "texture": "#0"},
				"east": {"uv": [4, 6, 4.25, 6.5], "texture": "#0"},
				"south": {"uv": [7.5, 5, 7.625, 5.5], "texture": "#0"},
				"west": {"uv": [4.5, 6, 4.75, 6.5], "texture": "#0"},
				"up": {"uv": [3.125, 10.25, 3, 10], "texture": "#0"},
				"down": {"uv": [10.125, 3, 10, 3.25], "texture": "#0"}
			}
		},
		{
			"from": [3.4, 0, 0.3],
			"to": [3.6, 1, 0.7],
			"faces": {
				"north": {"uv": [5.5, 7.5, 5.625, 8], "texture": "#0"},
				"east": {"uv": [5, 6, 5.25, 6.5], "texture": "#0"},
				"south": {"uv": [7.5, 5.5, 7.625, 6], "texture": "#0"},
				"west": {"uv": [5.5, 6, 5.75, 6.5], "texture": "#0"},
				"up": {"uv": [3.625, 10.25, 3.5, 10], "texture": "#0"},
				"down": {"uv": [10.125, 3.5, 10, 3.75], "texture": "#0"}
			}
		},
		{
			"from": [3, 0.1, 0.1],
			"to": [3.4, 0.9, 0.3],
			"faces": {
				"north": {"uv": [0, 7.5, 0.25, 7.875], "texture": "#0"},
				"east": {"uv": [8, 9, 8.125, 9.375], "texture": "#0"},
				"south": {"uv": [7.5, 0, 7.75, 0.375], "texture": "#0"},
				"west": {"uv": [9, 8, 9.125, 8.375], "texture": "#0"},
				"up": {"uv": [1.75, 10.125, 1.5, 10], "texture": "#0"},
				"down": {"uv": [10.25, 1.5, 10, 1.625], "texture": "#0"}
			}
		},
		{
			"from": [0.8, 0, 0.2],
			"to": [3, 1, 0.3],
			"faces": {
				"north": {"uv": [0.5, 3.5, 1.625, 4], "texture": "#0"},
				"east": {"uv": [4.5, 7.5, 4.625, 8], "texture": "#0"},
				"south": {"uv": [3.5, 0.5, 4.625, 1], "texture": "#0"},
				"west": {"uv": [7.5, 4.5, 7.625, 5], "texture": "#0"},
				"up": {"uv": [6.625, 5.625, 5.5, 5.5], "texture": "#0"},
				"down": {"uv": [1.125, 6, 0, 6.125], "texture": "#0"}
			}
		}
	],
	"display": {
		"thirdperson_righthand": {
			"rotation": [90, 0, 0],
			"translation": [6.25, -3, 8.75]
		},
		"thirdperson_lefthand": {
			"rotation": [90, 0, 0],
			"translation": [-6, -2.5, 9]
		},
		"firstperson_righthand": {
			"rotation": [90, -10, 41],
			"translation": [2.5, -1, 8.5]
		},
		"firstperson_lefthand": {
			"rotation": [90, -10, 39],
			"translation": [-4, -0.75, -0.75]
		},
		"ground": {
			"rotation": [104.06, 29.35, -3.71],
			"translation": [6.75, 0, 8]
		},
		"gui": {
			"rotation": [90, -52.75, 0],
			"translation": [1, -11, 0],
			"scale": [1.5, 1.5, 1.5]
		},
		"fixed": {
			"rotation": [90, 46, 0],
			"translation": [14, 4, 13.5],
			"scale": [2, 2, 2]
		}
	}
}