{"credit":"Made with Blockbench","parent":"discord_gem","texture_size":[64,64],"textures":{"0":"season1/misc/discord_gem"},"elements":[{"from":[3.98,4.88,7.98],"to":[6.02,11.92,10.02],"shade":false,"rotation":{"angle":0,"axis":"y","origin":[4,0.2,8]},"faces":{"north":{"uv":[1,14.25,0.5,16],"texture":"#0"},"east":{"uv":[1.5,14.25,1,16],"texture":"#0"},"south":{"uv":[2,14.25,1.5,16],"texture":"#0"},"west":{"uv":[0.5,14.25,0,16],"texture":"#0"},"up":{"uv":[0.5,14.25,1,13.75],"texture":"#0"},"down":{"uv":[1,13.75,1.5,14.25],"texture":"#0"}}},{"from":[7.02,12.27,8.02],"to":[8.98,17.23,9.98],"shade":false,"rotation":{"angle":-45,"axis":"z","origin":[5,15.83,9]},"faces":{"north":{"uv":[1,8.5,0.5,9.75],"texture":"#0"},"east":{"uv":[1.5,8.5,1,9.75],"texture":"#0"},"south":{"uv":[2,8.5,1.5,9.75],"texture":"#0"},"west":{"uv":[0.5,8.5,0,9.75],"texture":"#0"},"up":{"uv":[0.5,8.5,1,8],"texture":"#0"},"down":{"uv":[1,8,1.5,8.5],"texture":"#0"}}},{"from":[7.04,15.95,8.04],"to":[8.96,17.87,9.96],"shade":false,"rotation":{"angle":-45,"axis":"z","origin":[5,15.83,9]},"faces":{"north":{"uv":[1,4,0.5,4.5],"texture":"#0"},"east":{"uv":[1.5,4,1,4.5],"texture":"#0"},"south":{"uv":[2,4,1.5,4.5],"texture":"#0"},"west":{"uv":[0.5,4,0,4.5],"texture":"#0"},"up":{"uv":[0.5,4,1,3.5],"texture":"#0"},"down":{"uv":[1,3.5,1.5,4],"texture":"#0"}}},{"from":[5.82,0.42,8.02],"to":[7.78,5.38,9.98],"shade":false,"rotation":{"angle":45,"axis":"z","origin":[5.5,2.87,9]},"faces":{"north":{"uv":[1,6.75,0.5,8],"texture":"#0"},"east":{"uv":[1.5,6.75,1,8],"texture":"#0"},"south":{"uv":[2,6.75,1.5,8],"texture":"#0"},"west":{"uv":[0.5,6.75,0,8],"texture":"#0"},"up":{"uv":[0.5,6.75,1,6.25],"texture":"#0"},"down":{"uv":[1,6.25,1.5,6.75],"texture":"#0"}}},{"from":[5.8,-0.26,8],"to":[7.8,0.74,10],"shade":false,"rotation":{"angle":45,"axis":"z","origin":[5.5,2.87,9]},"faces":{"north":{"uv":[1,3.25,0.5,3.5],"texture":"#0"},"east":{"uv":[1.5,3.25,1,3.5],"texture":"#0"},"south":{"uv":[2,3.25,1.5,3.5],"texture":"#0"},"west":{"uv":[0.5,3.25,0,3.5],"texture":"#0"},"up":{"uv":[0.5,3.25,1,2.75],"texture":"#0"},"down":{"uv":[1,2.75,1.5,3.25],"texture":"#0"}}},{"from":[9.98,4.98,7.98],"to":[12.02,12.02,10.02],"rotation":{"angle":0,"axis":"y","origin":[-3,0,8]},"faces":{"north":{"uv":[0.5,12,1,13.75],"texture":"#0"},"east":{"uv":[0,12,0.5,13.75],"texture":"#0"},"south":{"uv":[1.5,12,2,13.75],"texture":"#0"},"west":{"uv":[1,12,1.5,13.75],"texture":"#0"},"up":{"uv":[1,12,0.5,11.5],"texture":"#0"},"down":{"uv":[1.5,11.5,1,12],"texture":"#0"}}},{"from":[8,12.05,8],"to":[10,17.65,10],"rotation":{"angle":45,"axis":"z","origin":[11,14.55,9]},"faces":{"north":{"uv":[0.5,5,1,6.25],"texture":"#0"},"east":{"uv":[0,5,0.5,6.25],"texture":"#0"},"south":{"uv":[1.5,5,2,6.25],"texture":"#0"},"west":{"uv":[1,5,1.5,6.25],"texture":"#0"},"up":{"uv":[1,5,0.5,4.5],"texture":"#0"},"down":{"uv":[1.5,4.5,1,5],"texture":"#0"}}},{"from":[9.24,0.14,8.04],"to":[11.16,5.06,9.96],"rotation":{"angle":-45,"axis":"z","origin":[11.5,4,9]},"faces":{"north":{"uv":[0.5,10.25,1,11.5],"texture":"#0"},"east":{"uv":[0,10.25,0.5,11.5],"texture":"#0"},"south":{"uv":[1.5,10.25,2,11.5],"texture":"#0"},"west":{"uv":[1,10.25,1.5,11.5],"texture":"#0"},"up":{"uv":[1,10.25,0.5,9.75],"texture":"#0"},"down":{"uv":[1.5,9.75,1,10.25],"texture":"#0"}}},{"from":[8.8016,6.0916,7.9916],"to":[9.6584,11.0484,9.8484],"shade":false,"rotation":{"angle":0,"axis":"y","origin":[12.33,5,8]},"faces":{"north":{"uv":[0.5,1.5,0.5,2.5],"texture":"#0"},"east":{"uv":[0.75,1.5,0.5,2.5],"texture":"#0"},"south":{"uv":[0.75,1.5,0.75,2.5],"texture":"#0"},"west":{"uv":[0.5,1.5,0.25,2.5],"texture":"#0"},"up":{"uv":[0.5,1.5,0.5,1.25],"texture":"#0"},"down":{"uv":[0.5,1.25,0.5,1.5],"texture":"#0"}}},{"from":[7.61129,10.57651,8.0084],"to":[8.43449,12.65971,9.8316],"shade":false,"rotation":{"angle":45,"axis":"z","origin":[8.52289,12.27171,8.92]},"faces":{"north":{"uv":[0.25,0.25,0.25,0.75],"texture":"#0"},"east":{"uv":[0.5,0.25,0.25,0.75],"texture":"#0"},"south":{"uv":[0.5,0.25,0.5,0.75],"texture":"#0"},"west":{"uv":[0.25,0.25,0,0.75],"texture":"#0"},"up":{"uv":[0.25,0.25,0.25,0],"texture":"#0"},"down":{"uv":[0.25,0,0.25,0.25],"texture":"#0"}}},{"from":[7.61969,12.12211,8.0168],"to":[8.42609,12.92851,9.8232],"shade":false,"rotation":{"angle":45,"axis":"z","origin":[8.52289,12.27171,8.92]},"faces":{"north":{"uv":[3.25,0.75,3.25,0.75],"texture":"#0"},"east":{"uv":[3.5,0.75,3.25,0.75],"texture":"#0"},"south":{"uv":[3.5,0.75,3.5,0.75],"texture":"#0"},"west":{"uv":[3.25,0.75,3,0.75],"texture":"#0"},"up":{"uv":[3.25,0.75,3.25,0.5],"texture":"#0"},"down":{"uv":[3.25,0.5,3.25,0.75],"texture":"#0"}}},{"from":[8.47289,3.52289,8],"to":[9.31289,5.62289,9.84],"shade":false,"rotation":{"angle":-45,"axis":"z","origin":[9.99289,5.41429,8.92]},"faces":{"north":{"uv":[1.75,0.25,1.75,0.75],"texture":"#0"},"east":{"uv":[2,0.25,1.75,0.75],"texture":"#0"},"south":{"uv":[2,0.25,2,0.75],"texture":"#0"},"west":{"uv":[1.75,0.25,1.5,0.75],"texture":"#0"},"up":{"uv":[1.75,0.25,1.75,0],"texture":"#0"},"down":{"uv":[1.75,0,1.75,0.25],"texture":"#0"}}},{"from":[8.47289,3.24569,8],"to":[9.31289,3.66569,9.84],"shade":false,"rotation":{"angle":-45,"axis":"z","origin":[9.99289,5.41429,8.92]},"faces":{"north":{"uv":[2.75,0.75,2.75,0.75],"texture":"#0"},"east":{"uv":[3,0.75,2.75,0.75],"texture":"#0"},"south":{"uv":[3,0.75,3,0.75],"texture":"#0"},"west":{"uv":[2.75,0.75,2.5,0.75],"texture":"#0"},"up":{"uv":[2.75,0.75,2.75,0.5],"texture":"#0"},"down":{"uv":[2.75,0.5,2.75,0.75],"texture":"#0"}}},{"from":[6.3016,6.0716,7.9716],"to":[9.1984,11.0684,9.8684],"rotation":{"angle":0,"axis":"y","origin":[10.65,5,8]},"faces":{"north":{"uv":[0.5,1.5,1,2.5],"texture":"#0"},"east":{"uv":[0.25,1.5,0.5,2.5],"texture":"#0"},"south":{"uv":[1.25,1.5,1.75,2.5],"texture":"#0"},"west":{"uv":[1,1.5,1.25,2.5],"texture":"#0"},"up":{"uv":[1,1.5,0.5,1.25],"texture":"#0"},"down":{"uv":[1.5,1.25,1,1.5],"texture":"#0"}}},{"from":[7.0416,6.1116,7.9116],"to":[9.0416,11.1116,7.9116],"rotation":{"angle":0,"axis":"y","origin":[10.65,5,8]},"faces":{"north":{"uv":[3,2.5,3.5,3.75],"texture":"#0"},"east":{"uv":[3,2.5,3,3.75],"texture":"#0"},"south":{"uv":[3,2.5,3.5,3.75],"texture":"#0"},"west":{"uv":[3.5,2.5,3.5,3.75],"texture":"#0"},"up":{"uv":[3.5,2.5,3,2.5],"texture":"#0"},"down":{"uv":[4,2.5,3.5,2.5],"texture":"#0"}}},{"from":[6.4416,6.2116,9.9116],"to":[8.4416,11.2116,9.9116],"rotation":{"angle":0,"axis":"y","origin":[10.65,5,8]},"faces":{"north":{"uv":[3,2.5,3.5,3.75],"texture":"#0"},"east":{"uv":[3,2.5,3,3.75],"texture":"#0"},"south":{"uv":[3,2.5,3.5,3.75],"texture":"#0"},"west":{"uv":[3.5,2.5,3.5,3.75],"texture":"#0"},"up":{"uv":[3.5,2.5,3,2.5],"texture":"#0"},"down":{"uv":[4,2.5,3.5,2.5],"texture":"#0"}}},{"from":[7.1416,10.7116,8.0116],"to":[8.9584,11.6284,9.8284],"rotation":{"angle":0,"axis":"y","origin":[10.65,5,8]},"faces":{"north":{"uv":[2.75,0.25,3,0.25],"texture":"#0"},"east":{"uv":[2.5,0.25,2.75,0.25],"texture":"#0"},"south":{"uv":[3.25,0.25,3.5,0.25],"texture":"#0"},"west":{"uv":[3,0.25,3.25,0.25],"texture":"#0"},"up":{"uv":[3,0.25,2.75,0],"texture":"#0"},"down":{"uv":[3.25,0,3,0.25],"texture":"#0"}}},{"from":[7.2416,5.4116,8.0116],"to":[9.0584,6.3284,9.8284],"rotation":{"angle":0,"axis":"y","origin":[10.65,5,8]},"faces":{"north":{"uv":[2.75,0.25,3,0.25],"texture":"#0"},"east":{"uv":[2.5,0.25,2.75,0.25],"texture":"#0"},"south":{"uv":[3.25,0.25,3.5,0.25],"texture":"#0"},"west":{"uv":[3,0.25,3.25,0.25],"texture":"#0"},"up":{"uv":[3,0.25,2.75,0],"texture":"#0"},"down":{"uv":[3.25,0,3,0.25],"texture":"#0"}}},{"from":[6.63711,11.86811,8],"to":[7.47711,13.96811,9.84],"rotation":{"angle":-45,"axis":"z","origin":[5.45711,11.81811,8.92]},"faces":{"north":{"uv":[0.25,0.25,0.25,0.75],"texture":"#0"},"east":{"uv":[0,0.25,0.25,0.75],"texture":"#0"},"south":{"uv":[0.5,0.25,0.5,0.75],"texture":"#0"},"west":{"uv":[0.25,0.25,0.5,0.75],"texture":"#0"},"up":{"uv":[0.25,0.25,0.25,0],"texture":"#0"},"down":{"uv":[0.25,0,0.25,0.25],"texture":"#0"}}},{"from":[6.58391,4.43969,8.0168],"to":[7.39031,6.50609,9.8232],"rotation":{"angle":45,"axis":"z","origin":[6.98711,5.97289,8.92]},"faces":{"north":{"uv":[1.75,0.25,1.75,0.75],"texture":"#0"},"east":{"uv":[1.5,0.25,1.75,0.75],"texture":"#0"},"south":{"uv":[2,0.25,2,0.75],"texture":"#0"},"west":{"uv":[1.75,0.25,2,0.75],"texture":"#0"},"up":{"uv":[1.75,0.25,1.75,0],"texture":"#0"},"down":{"uv":[1.75,0,1.75,0.25],"texture":"#0"}}}],"display":{"thirdperson_righthand":{"translation":[0,0,-0.5],"scale":[0.36,0.36,0.36]},"thirdperson_lefthand":{"translation":[0,0,-0.5],"scale":[0.36,0.36,0.36]},"firstperson_righthand":{"scale":[0.48,0.48,0.48]},"firstperson_lefthand":{"scale":[0.48,0.48,0.48]},"ground":{"translation":[0,1.75,0],"scale":[0.42,0.42,0.42]},"gui":{"rotation":[20,-23,0]},"head":{"translation":[0,14.5,0]},"fixed":{"translation":[0,0,-0.5]}},"groups":[{"name":"bone7","origin":[0,0,0],"color":0,"children":[{"name":"bone4","origin":[4,0,0],"color":0,"children":[0,{"name":"bone5","origin":[-2,12.05,1],"color":0,"children":[1,2]},{"name":"bone6","origin":[1.5,1.5,1],"color":0,"children":[3,4]}]},{"name":"bone","origin":[0,0,0],"color":0,"children":[5,{"name":"bone2","origin":[6,12.05,1],"color":0,"children":[6]},{"name":"bone3","origin":[2.5,1.5,1],"color":0,"children":[7]}]}]},{"name":"bone8","origin":[1.15,5,0],"color":0,"children":[{"name":"bone9","origin":[2.83,5,0],"color":0,"children":[{"name":"bone10","origin":[0.31,10.061,0.42],"color":0,"children":[]},{"name":"bone11","origin":[1.78,5.63,0.42],"color":0,"children":[]}]},{"name":"bone12","origin":[1.15,5,0],"color":0,"children":[{"name":"bone13","origin":[3.67,10.061,0.42],"color":0,"children":[]},{"name":"bone14","origin":[2.2,5.63,0.42],"color":0,"children":[]}]}]},8,9,10,11,12,13,14,15,16,17,18,19]}