{
	"credit": "Made with Blockbench",
	"texture_size": [32, 32],
	"textures": {
		"1": "season1/misc/divine_book"
	},
	"elements": [
		{
			"from": [4, 5, 5],
			"to": [12, 5.25, 11.5],
			"faces": {
				"north": {"uv": [10.5, 8, 14.5, 8.25], "texture": "#1"},
				"east": {"uv": [11.5, 2, 14.75, 2.25], "texture": "#1"},
				"south": {"uv": [10.5, 8.5, 14.5, 8.75], "texture": "#1"},
				"west": {"uv": [11.5, 2.5, 14.75, 2.75], "texture": "#1"},
				"up": {"uv": [8, 3.25, 4, 0], "texture": "#1"},
				"down": {"uv": [4, 0, 0, 3.25], "texture": "#1"}
			}
		},
		{
			"from": [4.25, 5.25, 5.25],
			"to": [11.75, 6.25, 11.5],
			"faces": {
				"north": {"uv": [5.75, 14, 16, 15.25], "texture": "#1"},
				"east": {"uv": [9.5, 14, 12.75, 15.25], "texture": "#1"},
				"south": {"uv": [5.75, 14, 16, 15.25], "texture": "#1"},
				"west": {"uv": [9.5, 14, 12.75, 15.25], "texture": "#1"},
				"up": {"uv": [3.75, 10.25, 0, 7], "texture": "#1"},
				"down": {"uv": [7.75, 7, 4, 10.25], "texture": "#1"}
			}
		},
		{
			"from": [4, 6.25, 5],
			"to": [12, 6.5, 11.5],
			"faces": {
				"north": {"uv": [10.5, 7.5, 14.5, 7.75], "texture": "#1"},
				"east": {"uv": [11.5, 1, 14.75, 1.25], "texture": "#1"},
				"south": {"uv": [8, 10.5, 12, 10.75], "texture": "#1"},
				"west": {"uv": [11.5, 1.5, 14.75, 1.75], "texture": "#1"},
				"up": {"uv": [4, 3.25, 0, 0], "texture": "#1"},
				"down": {"uv": [4, 3.5, 0, 6.75], "texture": "#1"}
			}
		},
		{
			"from": [4.5, 4.75, 10.5],
			"to": [11.5, 6.75, 11],
			"faces": {
				"north": {"uv": [8, 0, 11.5, 1], "texture": "#1"},
				"east": {"uv": [11.5, 3, 11.75, 4], "texture": "#1"},
				"south": {"uv": [8, 1, 11.5, 2], "texture": "#1"},
				"west": {"uv": [5.5, 11.5, 5.75, 12.5], "texture": "#1"},
				"up": {"uv": [11.5, 11.25, 8, 11], "texture": "#1"},
				"down": {"uv": [3.5, 11.5, 0, 11.75], "texture": "#1"}
			}
		},
		{
			"from": [11, 4.75, 6],
			"to": [11.5, 6.75, 10.5],
			"faces": {
				"north": {"uv": [7, 11.5, 7.25, 12.5], "texture": "#1"},
				"east": {"uv": [8, 6, 10.25, 7], "texture": "#1"},
				"south": {"uv": [7.5, 11.5, 7.75, 12.5], "texture": "#1"},
				"west": {"uv": [8, 7, 10.25, 8], "texture": "#1"},
				"up": {"uv": [3.75, 13.75, 3.5, 11.5], "texture": "#1"},
				"down": {"uv": [4.25, 11.5, 4, 13.75], "texture": "#1"}
			}
		},
		{
			"from": [4.5, 4.75, 6],
			"to": [5, 6.75, 10.5],
			"faces": {
				"north": {"uv": [8, 11.5, 8.25, 12.5], "texture": "#1"},
				"east": {"uv": [8, 8, 10.25, 9], "texture": "#1"},
				"south": {"uv": [8.5, 11.5, 8.75, 12.5], "texture": "#1"},
				"west": {"uv": [8, 9, 10.25, 10], "texture": "#1"},
				"up": {"uv": [4.75, 13.75, 4.5, 11.5], "texture": "#1"},
				"down": {"uv": [5.25, 11.5, 5, 13.75], "texture": "#1"}
			}
		},
		{
			"from": [4.5, 4.75, 5.5],
			"to": [11.5, 6.75, 6],
			"faces": {
				"north": {"uv": [8, 2, 11.5, 3], "texture": "#1"},
				"east": {"uv": [6, 11.5, 6.25, 12.5], "texture": "#1"},
				"south": {"uv": [8, 3, 11.5, 4], "texture": "#1"},
				"west": {"uv": [6.5, 11.5, 6.75, 12.5], "texture": "#1"},
				"up": {"uv": [15, 0.25, 11.5, 0], "texture": "#1"},
				"down": {"uv": [15, 0.5, 11.5, 0.75], "texture": "#1"}
			}
		},
		{
			"from": [4, 5, 11.5],
			"to": [12, 6.5, 12],
			"faces": {
				"north": {"uv": [8, 4, 12, 4.75], "texture": "#1"},
				"east": {"uv": [9, 11.5, 9.25, 12.25], "texture": "#1"},
				"south": {"uv": [8, 5, 12, 5.75], "texture": "#1"},
				"west": {"uv": [9.5, 11.5, 9.75, 12.25], "texture": "#1"},
				"up": {"uv": [14.5, 9.25, 10.5, 9], "texture": "#1"},
				"down": {"uv": [14.5, 9.5, 10.5, 9.75], "texture": "#1"}
			}
		},
		{
			"from": [4, 5.25, 12],
			"to": [12, 6.25, 12.25],
			"faces": {
				"north": {"uv": [8, 10, 12, 10.5], "texture": "#1"},
				"east": {"uv": [10, 11.5, 10.25, 12], "texture": "#1"},
				"south": {"uv": [0, 10.5, 4, 11], "texture": "#1"},
				"west": {"uv": [10.5, 11.5, 10.75, 12], "texture": "#1"},
				"up": {"uv": [4, 11.25, 0, 11], "texture": "#1"},
				"down": {"uv": [8, 11, 4, 11.25], "texture": "#1"}
			}
		}
	],
	"gui_light": "front",
	"display": {
		"thirdperson_righthand": {
			"rotation": [0, 0, -90],
			"translation": [1.5, -2, -2.75],
			"scale": [0.67578, 0.67578, 0.67578]
		},
		"thirdperson_lefthand": {
			"rotation": [0, 0, -90],
			"translation": [1.5, -2, -2.75],
			"scale": [0.67578, 0.67578, 0.67578]
		},
		"firstperson_righthand": {
			"rotation": [24, 0, 20],
			"translation": [-1, 3.25, 1.75],
			"scale": [0.74805, 0.74805, 0.74805]
		},
		"firstperson_lefthand": {
			"rotation": [24, 0, 19],
			"translation": [-1, 3.25, 1.75],
			"scale": [0.74805, 0.74805, 0.74805]
		},
		"ground": {
			"translation": [0, -0.25, 0]
		},
		"gui": {
			"rotation": [-175.28, -35.62, -90.61],
			"translation": [3.75, 0.25, -4.5],
			"scale": [1.52, 1.83, 1.93]
		},
		"head": {
			"translation": [0, 9.5, -1.25]
		},
		"fixed": {
			"rotation": [0, 90, 90],
			"translation": [-1, 0, 2],
			"scale": [1.8, 1.3457, 1.8]
		}
	},
	"groups": [
		{
			"name": "book",
			"origin": [0, 0, 0],
			"color": 0,
			"children": [0, 1, 2, 3, 4, 5, 6, 7, 8]
		}
	]
}