{
	"credit": "Made with Blockbench",
	"texture_size": [64, 64],
	"textures": {
		"1": "season1/misc/enchant_fragment"
	},
	"elements": [
		{
			"from": [6.5, 10.325, 6.5],
			"to": [9.5, 11.325, 9.5],
			"rotation": {"angle": 0, "axis": "y", "origin": [8.5, 11.325, 8.5]},
			"faces": {
				"north": {"uv": [3.75, 4.25, 4.5, 4.5], "texture": "#1"},
				"east": {"uv": [3, 4.25, 3.75, 4.5], "texture": "#1"},
				"south": {"uv": [5.25, 4.25, 6, 4.5], "texture": "#1"},
				"west": {"uv": [4.5, 4.25, 5.25, 4.5], "texture": "#1"},
				"up": {"uv": [4.5, 4.25, 3.75, 3.5], "texture": "#1"},
				"down": {"uv": [5.25, 3.5, 4.5, 4.25], "texture": "#1"}
			}
		},
		{
			"from": [7, 11.325, 7],
			"to": [9, 12.325, 9],
			"rotation": {"angle": 45, "axis": "y", "origin": [8, 12.825, 8]},
			"faces": {
				"north": {"uv": [5.75, 0.5, 6.25, 0.75], "texture": "#1"},
				"east": {"uv": [5.25, 0.5, 5.75, 0.75], "texture": "#1"},
				"south": {"uv": [6.75, 0.5, 7.25, 0.75], "texture": "#1"},
				"west": {"uv": [6.25, 0.5, 6.75, 0.75], "texture": "#1"},
				"up": {"uv": [6.25, 0.5, 5.75, 0], "texture": "#1"},
				"down": {"uv": [6.75, 0, 6.25, 0.5], "texture": "#1"}
			}
		},
		{
			"from": [7, 8.325, 7],
			"to": [9, 10.325, 9],
			"rotation": {"angle": 0, "axis": "y", "origin": [8, 7.825, 8]},
			"faces": {
				"north": {"uv": [4.5, 5, 5, 5.5], "texture": "#1"},
				"east": {"uv": [4, 5, 4.5, 5.5], "texture": "#1"},
				"south": {"uv": [5.5, 5, 6, 5.5], "texture": "#1"},
				"west": {"uv": [5, 5, 5.5, 5.5], "texture": "#1"},
				"up": {"uv": [5, 5, 4.5, 4.5], "texture": "#1"},
				"down": {"uv": [5.5, 4.5, 5, 5], "texture": "#1"}
			}
		},
		{
			"from": [6.20711, 8.075, 5.5],
			"to": [10.20711, 9.075, 9.5],
			"rotation": {"angle": 45, "axis": "y", "origin": [8.70711, 4.575, 8]},
			"faces": {
				"north": {"uv": [1, 4.5, 2, 4.75], "texture": "#1"},
				"east": {"uv": [0, 4.5, 1, 4.75], "texture": "#1"},
				"south": {"uv": [3, 4.5, 4, 4.75], "texture": "#1"},
				"west": {"uv": [2, 4.5, 3, 4.75], "texture": "#1"},
				"up": {"uv": [2, 4.5, 1, 3.5], "texture": "#1"},
				"down": {"uv": [3, 3.5, 2, 4.5], "texture": "#1"}
			}
		},
		{
			"from": [6.20711, 0.05, 5.5],
			"to": [10.20711, 1.05, 9.5],
			"rotation": {"angle": 45, "axis": "y", "origin": [8.70711, 4.575, 8]},
			"faces": {
				"north": {"uv": [1, 4.5, 2, 4.75], "texture": "#1"},
				"east": {"uv": [0, 4.5, 1, 4.75], "texture": "#1"},
				"south": {"uv": [3, 4.5, 4, 4.75], "texture": "#1"},
				"west": {"uv": [2, 4.5, 3, 4.75], "texture": "#1"},
				"up": {"uv": [2, 4.5, 1, 3.5], "texture": "#1"},
				"down": {"uv": [3, 3.5, 2, 4.5], "texture": "#1"}
			}
		},
		{
			"from": [4.5, 1.075, 4.5],
			"to": [11.5, 8.075, 11.5],
			"rotation": {"angle": 0, "axis": "y", "origin": [24.5, 8.575, 6.5]},
			"faces": {
				"north": {"uv": [1.75, 1.75, 3.5, 3.5], "texture": "#1"},
				"east": {"uv": [0, 1.75, 1.75, 3.5], "texture": "#1"},
				"south": {"uv": [5.25, 1.75, 7, 3.5], "texture": "#1"},
				"west": {"uv": [3.5, 1.75, 5.25, 3.5], "texture": "#1"},
				"up": {"uv": [3.5, 1.75, 1.75, 0], "texture": "#1"},
				"down": {"uv": [5.25, 0, 3.5, 1.75], "texture": "#1"}
			}
		},
		{
			"from": [4.5, 4.075, 4.5],
			"to": [11.5, 4.075, 11.5],
			"rotation": {"angle": 0, "axis": "y", "origin": [24.5, 8.575, 6.5]},
			"faces": {
				"north": {"uv": [6, 5.25, 7.75, 5.25], "texture": "#1"},
				"east": {"uv": [4.25, 5.25, 6, 5.25], "texture": "#1"},
				"south": {"uv": [9.5, 5.25, 11.25, 5.25], "texture": "#1"},
				"west": {"uv": [7.75, 5.25, 9.5, 5.25], "texture": "#1"},
				"up": {"uv": [7.75, 5.25, 6, 3.5], "texture": "#1"},
				"down": {"uv": [9.5, 3.5, 7.75, 5.25], "texture": "#1"}
			}
		},
		{
			"from": [8, 4.075, 4.5],
			"to": [8, 7.075, 11.5],
			"rotation": {"angle": 0, "axis": "y", "origin": [28, 8.575, 6.5]},
			"faces": {
				"north": {"uv": [1.75, 4.75, 1.75, 5.5], "texture": "#1"},
				"east": {"uv": [0, 4.75, 1.75, 5.5], "texture": "#1"},
				"south": {"uv": [3.5, 4.75, 3.5, 5.5], "texture": "#1"},
				"west": {"uv": [1.75, 4.75, 3.5, 5.5], "texture": "#1"},
				"up": {"uv": [1.75, 4.75, 1.75, 3], "texture": "#1"},
				"down": {"uv": [1.75, 3, 1.75, 4.75], "texture": "#1"}
			}
		},
		{
			"from": [8, 3.075, 4.5],
			"to": [8, 6.075, 11.5],
			"rotation": {"angle": 0, "axis": "y", "origin": [28, 8.575, 6.5]},
			"faces": {
				"north": {"uv": [1.75, 4.75, 1.75, 5.5], "texture": "#1"},
				"east": {"uv": [0, 4.75, 1.75, 5.5], "texture": "#1"},
				"south": {"uv": [3.5, 4.75, 3.5, 5.5], "texture": "#1"},
				"west": {"uv": [1.75, 4.75, 3.5, 5.5], "texture": "#1"},
				"up": {"uv": [1.75, 4.75, 1.75, 3], "texture": "#1"},
				"down": {"uv": [1.75, 3, 1.75, 4.75], "texture": "#1"}
			}
		}
	],
	"gui_light": "front",
	"display": {
		"thirdperson_righthand": {
			"rotation": [47, 92, 0],
			"translation": [0.25, 1.5, 0],
			"scale": [0.35, 0.35, 0.35]
		},
		"thirdperson_lefthand": {
			"rotation": [90, 0, 0],
			"translation": [0.25, 1.5, 2.75],
			"scale": [0.35, 0.35, 0.35]
		},
		"firstperson_righthand": {
			"rotation": [0, 44, 0],
			"translation": [4.25, 1.75, -2.75],
			"scale": [0.68, 0.68, 0.68]
		},
		"firstperson_lefthand": {
			"rotation": [0, 44, 0],
			"translation": [4.25, 1.75, -2.75],
			"scale": [0.68, 0.68, 0.68]
		},
		"ground": {
			"translation": [0, 3.5, 0],
			"scale": [0.75, 0.75, 0.75]
		},
		"gui": {
			"translation": [0, 1.75, -0.5],
			"scale": [1.25, 1, 1]
		},
		"head": {
			"translation": [0.25, 13.25, -0.5],
			"scale": [0.8, 0.8, 0.8]
		},
		"fixed": {
			"translation": [0, 1.75, -2]
		}
	},
	"groups": [
		{
			"name": "group",
			"origin": [24.5, 8.25, 6.45],
			"color": 0,
			"children": [0, 1, 2, 3, 4, 5, 6, 7, 8]
		}
	]
}