{
	"credit": "Made with Blockbench",
	"textures": {
		"1": "season1/misc/md_fangs_texture",
		"particle": "season1/misc/md_fangs_texture"
	},
	"elements": [
		{
			"from": [7.25, 6, 6],
			"to": [8.75, 8, 9],
			"faces": {
				"north": {"uv": [4, 6, 6, 8], "texture": "#1"},
				"east": {"uv": [0, 0, 3, 2], "texture": "#1"},
				"south": {"uv": [6, 6, 8, 8], "texture": "#1"},
				"west": {"uv": [0, 2, 3, 4], "texture": "#1"},
				"up": {"uv": [5, 3, 3, 0], "texture": "#1"},
				"down": {"uv": [5, 3, 3, 6], "texture": "#1"}
			}
		},
		{
			"from": [9, 3.64531, 4.74887],
			"to": [9.5, 5.64531, 7.74887],
			"rotation": {"angle": -45, "axis": "x", "origin": [9.25, 3.6874, 8.20791]},
			"faces": {
				"north": {"uv": [5, 8, 4, 10], "rotation": 180, "texture": "#1"},
				"east": {"uv": [5, 3, 7, 6], "rotation": 270, "texture": "#1"},
				"south": {"uv": [9, 4, 8, 2], "texture": "#1"},
				"west": {"uv": [2, 6, 4, 9], "rotation": 90, "texture": "#1"},
				"up": {"uv": [1, 7, 2, 10], "rotation": 180, "texture": "#1"},
				"down": {"uv": [7, 3, 8, 6], "texture": "#1"}
			}
		},
		{
			"from": [8.75, 2.82061, 7.03455],
			"to": [9.75, 5.32061, 10.03455],
			"rotation": {"angle": -22.5, "axis": "x", "origin": [9.25, 3.6874, 8.20791]},
			"faces": {
				"north": {"uv": [9, 0, 8, 2], "rotation": 180, "texture": "#1"},
				"east": {"uv": [0, 4, 2, 7], "rotation": 270, "texture": "#1"},
				"south": {"uv": [3, 6, 2, 4], "texture": "#1"},
				"west": {"uv": [5, 0, 7, 3], "rotation": 90, "texture": "#1"},
				"up": {"uv": [0, 7, 1, 10], "rotation": 180, "texture": "#1"},
				"down": {"uv": [7, 0, 8, 3], "texture": "#1"}
			}
		},
		{
			"from": [8.5, 2.89531, 9.2705],
			"to": [10, 5.89531, 11.2705],
			"rotation": {"angle": 0, "axis": "y", "origin": [9.25, 3.6874, 8.20791]},
			"faces": {
				"north": {"uv": [5, 3, 3, 6], "rotation": 180, "texture": "#1"},
				"east": {"uv": [0, 0, 3, 2], "rotation": 270, "texture": "#1"},
				"south": {"uv": [5, 3, 3, 0], "texture": "#1"},
				"west": {"uv": [0, 2, 3, 4], "rotation": 90, "texture": "#1"},
				"up": {"uv": [4, 6, 6, 8], "rotation": 180, "texture": "#1"},
				"down": {"uv": [6, 6, 8, 8], "texture": "#1"}
			}
		},
		{
			"from": [7.5, 3.57403, 5.88582],
			"to": [8.5, 6.57403, 8.38582],
			"rotation": {"angle": -22.5, "axis": "x", "origin": [8, 6.57403, 7.38582]},
			"faces": {
				"north": {"uv": [0, 7, 1, 10], "texture": "#1"},
				"east": {"uv": [0, 4, 2, 7], "texture": "#1"},
				"south": {"uv": [7, 0, 8, 3], "texture": "#1"},
				"west": {"uv": [5, 0, 7, 3], "texture": "#1"},
				"up": {"uv": [3, 6, 2, 4], "texture": "#1"},
				"down": {"uv": [9, 0, 8, 2], "texture": "#1"}
			}
		},
		{
			"from": [7.75, 1.28902, 6.70871],
			"to": [8.25, 4.28902, 8.70871],
			"rotation": {"angle": -45, "axis": "x", "origin": [8, 4.28902, 8.20871]},
			"faces": {
				"north": {"uv": [1, 7, 2, 10], "texture": "#1"},
				"east": {"uv": [5, 3, 7, 6], "texture": "#1"},
				"south": {"uv": [7, 3, 8, 6], "texture": "#1"},
				"west": {"uv": [2, 6, 4, 9], "texture": "#1"},
				"up": {"uv": [9, 4, 8, 2], "texture": "#1"},
				"down": {"uv": [5, 8, 4, 10], "texture": "#1"}
			}
		}
	],
	"display": {
		"thirdperson_righthand": {
			"rotation": [34, 0, 0],
			"translation": [-0.25, 1.5, 1]
		},
		"thirdperson_lefthand": {
			"rotation": [34, 0, 0],
			"translation": [-0.25, 1.5, 1]
		},
		"firstperson_righthand": {
			"rotation": [70, 0, 0],
			"translation": [0, 4.25, 4]
		},
		"firstperson_lefthand": {
			"rotation": [31, 0, 0],
			"translation": [-0.5, 5, 4.75],
			"scale": [0.75, 0.75, 0.75]
		},
		"ground": {
			"rotation": [0, 0, 90],
			"translation": [-3, 3.5, -0.25]
		},
		"gui": {
			"rotation": [7.01, -82.87, 10.08],
			"translation": [-0.5, 5, 0],
			"scale": [1.65, 1.65, 1.65]
		},
		"head": {
			"rotation": [-2, 0, -97],
			"translation": [5, 8.75, 0],
			"scale": [1.72, 1.72, 1.72]
		},
		"fixed": {
			"rotation": [0, 90, 0],
			"translation": [0, 5.5, -1.25],
			"scale": [1.78, 1.78, 1.78]
		}
	}
}