{
	"credit": "Made with Blockbench",
	"texture_size": [64, 64],
	"textures": {
		"3": "season1/misc/money_wand"
	},
	"elements": [
		{
			"from": [7, -2.5, 7.18934],
			"to": [9, 10.5, 9.18934],
			"rotation": {"angle": 0, "axis": "y", "origin": [7, 7.5, 7.18934]},
			"faces": {
				"north": {"uv": [1.75, 3.5, 2.25, 6.75], "texture": "#3"},
				"east": {"uv": [3.5, 2, 4, 5.25], "texture": "#3"},
				"south": {"uv": [2.5, 3.5, 3, 6.75], "texture": "#3"},
				"west": {"uv": [4.25, 2, 4.75, 5.25], "texture": "#3"},
				"up": {"uv": [4.75, 7.5, 4.25, 7], "texture": "#3"},
				"down": {"uv": [7.5, 5, 7, 5.5], "texture": "#3"}
			}
		},
		{
			"from": [8, 14.5, 5.26434],
			"to": [8, 21.5, 11.26434],
			"rotation": {"angle": 0, "axis": "y", "origin": [8, 15, 7.98934]},
			"faces": {
				"north": {"uv": [3.25, 3.5, 3.25, 5.25], "texture": "#3"},
				"east": {"uv": [0, 3.5, 1.5, 5.25], "texture": "#3"},
				"south": {"uv": [5, 7, 5, 8.75], "texture": "#3"},
				"west": {"uv": [3.5, 0, 5, 1.75], "texture": "#3"},
				"up": {"uv": [0.75, 8.75, 0.75, 7.25], "texture": "#3"},
				"down": {"uv": [7, 7.25, 7, 8.75], "texture": "#3"}
			}
		},
		{
			"from": [5, 14.5, 8.26434],
			"to": [11, 21.5, 8.26434],
			"rotation": {"angle": 0, "axis": "y", "origin": [8, 18, 8.26434]},
			"faces": {
				"north": {"uv": [3.5, 0, 5, 1.75], "texture": "#3"},
				"east": {"uv": [3.25, 3.5, 3.25, 5.25], "texture": "#3"},
				"south": {"uv": [0, 3.5, 1.5, 5.25], "texture": "#3"},
				"west": {"uv": [5, 7, 5, 8.75], "texture": "#3"},
				"up": {"uv": [0.75, 8.75, 0.75, 7.25], "rotation": 90, "texture": "#3"},
				"down": {"uv": [7, 7.25, 7, 8.75], "rotation": 270, "texture": "#3"}
			}
		},
		{
			"from": [8, -2.5, 5.18934],
			"to": [8, 10.5, 11.18934],
			"rotation": {"angle": 0, "axis": "y", "origin": [8, 4, 8.28934]},
			"faces": {
				"north": {"uv": [7.25, 7.25, 7.25, 10.5], "texture": "#3"},
				"east": {"uv": [0, 0, 1.5, 3.25], "texture": "#3"},
				"south": {"uv": [1, 7.5, 1, 10.75], "texture": "#3"},
				"west": {"uv": [1.75, 0, 3.25, 3.25], "texture": "#3"},
				"up": {"uv": [1.25, 9, 1.25, 7.5], "texture": "#3"},
				"down": {"uv": [1.5, 7.5, 1.5, 9], "texture": "#3"}
			}
		},
		{
			"from": [6.5, -5.5, 6.68934],
			"to": [9.5, -2.5, 9.68934],
			"rotation": {"angle": 45, "axis": "y", "origin": [8, -4, 8.18934]},
			"faces": {
				"north": {"uv": [5, 2, 5.75, 2.75], "texture": "#3"},
				"east": {"uv": [5, 3, 5.75, 3.75], "texture": "#3"},
				"south": {"uv": [5, 4, 5.75, 4.75], "texture": "#3"},
				"west": {"uv": [5, 5, 5.75, 5.75], "texture": "#3"},
				"up": {"uv": [6, 0.75, 5.25, 0], "texture": "#3"},
				"down": {"uv": [6, 1, 5.25, 1.75], "texture": "#3"}
			}
		},
		{
			"from": [6.5, 11.5, 6.68934],
			"to": [9.5, 14.5, 9.68934],
			"rotation": {"angle": 45, "axis": "y", "origin": [8, -4, 8.18934]},
			"faces": {
				"north": {"uv": [0, 5.5, 0.75, 6.25], "texture": "#3"},
				"east": {"uv": [3.25, 5.5, 4, 6.25], "texture": "#3"},
				"south": {"uv": [6, 2, 6.75, 2.75], "texture": "#3"},
				"west": {"uv": [6, 3, 6.75, 3.75], "texture": "#3"},
				"up": {"uv": [6.75, 4.75, 6, 4], "texture": "#3"},
				"down": {"uv": [5, 6, 4.25, 6.75], "texture": "#3"}
			}
		},
		{
			"from": [6.5, 7.5, 7.18934],
			"to": [9.5, 9.5, 9.18934],
			"rotation": {"angle": -45, "axis": "x", "origin": [6, 9.5, 6.18934]},
			"faces": {
				"north": {"uv": [6, 5, 6.75, 5.5], "texture": "#3"},
				"east": {"uv": [0, 7.25, 0.5, 7.75], "texture": "#3"},
				"south": {"uv": [5.25, 6, 6, 6.5], "texture": "#3"},
				"west": {"uv": [7.25, 0, 7.75, 0.5], "texture": "#3"},
				"up": {"uv": [7, 0.5, 6.25, 0], "texture": "#3"},
				"down": {"uv": [7, 0.75, 6.25, 1.25], "texture": "#3"}
			}
		},
		{
			"from": [7, -2.09289, 6.78934],
			"to": [9, -0.09289, 9.78934],
			"rotation": {"angle": -45, "axis": "z", "origin": [8, -1.09289, 8.28934]},
			"faces": {
				"north": {"uv": [7.25, 0.75, 7.75, 1.25], "texture": "#3"},
				"east": {"uv": [6.25, 5.75, 7, 6.25], "texture": "#3"},
				"south": {"uv": [2.75, 7.25, 3.25, 7.75], "texture": "#3"},
				"west": {"uv": [0, 6.5, 0.75, 7], "texture": "#3"},
				"up": {"uv": [1.5, 6.25, 1, 5.5], "texture": "#3"},
				"down": {"uv": [1.5, 6.5, 1, 7.25], "texture": "#3"}
			}
		},
		{
			"from": [6.5, -3.8, 7.18934],
			"to": [9.5, -1.8, 9.18934],
			"rotation": {"angle": -45, "axis": "x", "origin": [6, -1.8, 6.18934]},
			"faces": {
				"north": {"uv": [3.25, 6.5, 4, 7], "texture": "#3"},
				"east": {"uv": [3.5, 7.25, 4, 7.75], "texture": "#3"},
				"south": {"uv": [6.25, 6.5, 7, 7], "texture": "#3"},
				"west": {"uv": [7.25, 5.75, 7.75, 6.25], "texture": "#3"},
				"up": {"uv": [6, 7.25, 5.25, 6.75], "texture": "#3"},
				"down": {"uv": [7.75, 1.5, 7, 2], "texture": "#3"}
			}
		},
		{
			"from": [7, 9.20711, 6.78934],
			"to": [9, 11.20711, 9.78934],
			"rotation": {"angle": -45, "axis": "z", "origin": [8, 10.20711, 8.28934]},
			"faces": {
				"north": {"uv": [6.25, 7.25, 6.75, 7.75], "texture": "#3"},
				"east": {"uv": [1.75, 7, 2.5, 7.5], "texture": "#3"},
				"south": {"uv": [7.25, 6.5, 7.75, 7], "texture": "#3"},
				"west": {"uv": [7.125, 2.25, 7.875, 2.75], "texture": "#3"},
				"up": {"uv": [7.5, 3.75, 7, 3], "texture": "#3"},
				"down": {"uv": [7.5, 4, 7, 4.75], "texture": "#3"}
			}
		}
	],
	"gui_light": "front",
	"display": {
		"thirdperson_righthand": {
			"translation": [-0.25, 1.25, 0.5],
			"scale": [0.62, 0.62, 0.62]
		},
		"thirdperson_lefthand": {
			"translation": [-0.25, 1.25, 0.5],
			"scale": [0.62, 0.62, 0.62]
		},
		"firstperson_righthand": {
			"translation": [5, 0, -3.75],
			"scale": [0.78, 0.78, 0.78]
		},
		"firstperson_lefthand": {
			"translation": [5, 0, -3.75],
			"scale": [0.78, 0.78, 0.78]
		},
		"ground": {
			"rotation": [-45, 0, 0],
			"translation": [0, 7, 0],
			"scale": [0.58, 0.58, 0.58]
		},
		"gui": {
			"rotation": [90, -135, 90],
			"translation": [1.25, 0.5, 1.5],
			"scale": [0.68, 0.68, 0.68]
		},
		"head": {
			"rotation": [90, -38, -90],
			"translation": [1.25, -15.5, 4.25],
			"scale": [0.87, 0.87, 0.87]
		},
		"fixed": {
			"rotation": [-90, 45, 90],
			"translation": [-1.5, 1, -0.25],
			"scale": [0.8, 0.8, 0.8]
		}
	},
	"groups": [
		{
			"name": "group",
			"origin": [8, 8, 7.68934],
			"color": 0,
			"children": [
				0,
				{
					"name": "group",
					"origin": [7, 7.5, 7.18934],
					"color": 0,
					"children": [1, 2, 3]
				},
				4,
				5,
				6,
				7,
				8,
				9
			]
		}
	]
}