{
	"credit": "Made with Blockbench",
	"texture_size": [64, 64],
	"textures": {
		"0": "season1/misc/moneybag",
		"particle": "season1/misc/moneybag"
	},
	"elements": [
		{
			"from": [5, 2, 5],
			"to": [11, 11, 11],
			"faces": {
				"north": {"uv": [0, 0, 1.5, 2.25], "texture": "#0"},
				"east": {"uv": [1.5, 0, 3, 2.25], "texture": "#0"},
				"south": {"uv": [0, 2.25, 1.5, 4.5], "texture": "#0"},
				"west": {"uv": [1.5, 2.25, 3, 4.5], "texture": "#0"},
				"up": {"uv": [7.5, 1.5, 6, 0], "texture": "#0"},
				"down": {"uv": [7.5, 1.5, 6, 3], "texture": "#0"}
			}
		},
		{
			"from": [5, 2, 11],
			"to": [11, 10, 12],
			"faces": {
				"north": {"uv": [3, 0, 4.5, 2], "texture": "#0"},
				"east": {"uv": [6.5, 7.5, 6.75, 9.5], "texture": "#0"},
				"south": {"uv": [3, 2, 4.5, 4], "texture": "#0"},
				"west": {"uv": [6.75, 7.5, 7, 9.5], "texture": "#0"},
				"up": {"uv": [10, 3.75, 8.5, 3.5], "texture": "#0"},
				"down": {"uv": [10, 3.75, 8.5, 4], "texture": "#0"}
			}
		},
		{
			"from": [5, 2, 4],
			"to": [11, 10, 5],
			"faces": {
				"north": {"uv": [3, 4, 4.5, 6], "texture": "#0"},
				"east": {"uv": [7, 7.5, 7.25, 9.5], "texture": "#0"},
				"south": {"uv": [0, 4.5, 1.5, 6.5], "texture": "#0"},
				"west": {"uv": [7.5, 7, 7.75, 9], "texture": "#0"},
				"up": {"uv": [10, 4.25, 8.5, 4], "texture": "#0"},
				"down": {"uv": [10, 4.25, 8.5, 4.5], "texture": "#0"}
			}
		},
		{
			"from": [11, 2, 5],
			"to": [12, 10, 11],
			"rotation": {"angle": 0, "axis": "y", "origin": [8, 2.5, 4.5]},
			"faces": {
				"north": {"uv": [7.25, 7.5, 7.5, 9.5], "texture": "#0"},
				"east": {"uv": [4.5, 0, 6, 2], "texture": "#0"},
				"south": {"uv": [7.75, 7, 8, 9], "texture": "#0"},
				"west": {"uv": [1.5, 4.5, 3, 6.5], "texture": "#0"},
				"up": {"uv": [2.75, 9.5, 2.5, 8], "texture": "#0"},
				"down": {"uv": [3, 8, 2.75, 9.5], "texture": "#0"}
			}
		},
		{
			"from": [4, 2, 5],
			"to": [5, 10, 11],
			"rotation": {"angle": 0, "axis": "y", "origin": [8, 2.5, 4.5]},
			"faces": {
				"north": {"uv": [0, 8, 0.25, 10], "texture": "#0"},
				"east": {"uv": [4.5, 2, 6, 4], "texture": "#0"},
				"south": {"uv": [0.25, 8, 0.5, 10], "texture": "#0"},
				"west": {"uv": [4.5, 4, 6, 6], "texture": "#0"},
				"up": {"uv": [4.75, 10, 4.5, 8.5], "texture": "#0"},
				"down": {"uv": [8.75, 4.5, 8.5, 6], "texture": "#0"}
			}
		},
		{
			"from": [4.5, 1, 5],
			"to": [5, 2, 11],
			"rotation": {"angle": 0, "axis": "y", "origin": [8, 2.5, 4.5]},
			"faces": {
				"north": {"uv": [13, 11.25, 13.125, 11.5], "texture": "#0"},
				"east": {"uv": [4.75, 8.5, 6.25, 8.75], "texture": "#0"},
				"south": {"uv": [13.25, 0.5, 13.375, 0.75], "texture": "#0"},
				"west": {"uv": [8.5, 6, 10, 6.25], "texture": "#0"},
				"up": {"uv": [9.375, 2.75, 9.25, 1.25], "texture": "#0"},
				"down": {"uv": [9.625, 1.25, 9.5, 2.75], "texture": "#0"}
			}
		},
		{
			"from": [11, 1, 5],
			"to": [11.5, 2, 11],
			"rotation": {"angle": 0, "axis": "y", "origin": [8, 2.5, 4.5]},
			"faces": {
				"north": {"uv": [0.75, 13.25, 0.875, 13.5], "texture": "#0"},
				"east": {"uv": [8.5, 6.25, 10, 6.5], "texture": "#0"},
				"south": {"uv": [13.25, 0.75, 13.375, 1], "texture": "#0"},
				"west": {"uv": [8.5, 6.5, 10, 6.75], "texture": "#0"},
				"up": {"uv": [9.875, 2.75, 9.75, 1.25], "texture": "#0"},
				"down": {"uv": [10.125, 1.25, 10, 2.75], "texture": "#0"}
			}
		},
		{
			"from": [5, 1, 4.5],
			"to": [11, 2, 5],
			"faces": {
				"north": {"uv": [8.5, 6.75, 10, 7], "texture": "#0"},
				"east": {"uv": [1, 13.25, 1.125, 13.5], "texture": "#0"},
				"south": {"uv": [8, 8.5, 9.5, 8.75], "texture": "#0"},
				"west": {"uv": [13.25, 1.25, 13.375, 1.5], "texture": "#0"},
				"up": {"uv": [12.5, 5.375, 11, 5.25], "texture": "#0"},
				"down": {"uv": [12.5, 5.5, 11, 5.625], "texture": "#0"}
			}
		},
		{
			"from": [5, 1, 11],
			"to": [11, 2, 11.5],
			"faces": {
				"north": {"uv": [8.75, 4.5, 10.25, 4.75], "texture": "#0"},
				"east": {"uv": [13.25, 1.5, 13.375, 1.75], "texture": "#0"},
				"south": {"uv": [4.75, 8.75, 6.25, 9], "texture": "#0"},
				"west": {"uv": [13.25, 1.75, 13.375, 2], "texture": "#0"},
				"up": {"uv": [12.5, 5.875, 11, 5.75], "texture": "#0"},
				"down": {"uv": [12.5, 6, 11, 6.125], "texture": "#0"}
			}
		},
		{
			"from": [5, 1, 5],
			"to": [11, 2, 11],
			"faces": {
				"north": {"uv": [8.75, 4.75, 10.25, 5], "texture": "#0"},
				"east": {"uv": [8.75, 5, 10.25, 5.25], "texture": "#0"},
				"south": {"uv": [8.75, 5.25, 10.25, 5.5], "texture": "#0"},
				"west": {"uv": [8.75, 5.5, 10.25, 5.75], "texture": "#0"},
				"up": {"uv": [4.5, 7.5, 3, 6], "texture": "#0"},
				"down": {"uv": [7.5, 3, 6, 4.5], "texture": "#0"}
			}
		},
		{
			"from": [4, 1.5, 5],
			"to": [4.5, 2, 11],
			"rotation": {"angle": 0, "axis": "y", "origin": [8, 2.5, 4.5]},
			"faces": {
				"north": {"uv": [10, 13.25, 10.125, 13.375], "texture": "#0"},
				"east": {"uv": [11, 6.25, 12.5, 6.375], "texture": "#0"},
				"south": {"uv": [13.25, 10, 13.375, 10.125], "texture": "#0"},
				"west": {"uv": [11, 6.5, 12.5, 6.625], "texture": "#0"},
				"up": {"uv": [10.125, 4.5, 10, 3], "texture": "#0"},
				"down": {"uv": [10.375, 1.25, 10.25, 2.75], "texture": "#0"}
			}
		},
		{
			"from": [11.5, 1.5, 5],
			"to": [12, 2, 11],
			"rotation": {"angle": 0, "axis": "y", "origin": [8, 2.5, 4.5]},
			"faces": {
				"north": {"uv": [10.25, 13.25, 10.375, 13.375], "texture": "#0"},
				"east": {"uv": [11, 6.75, 12.5, 6.875], "texture": "#0"},
				"south": {"uv": [13.25, 10.25, 13.375, 10.375], "texture": "#0"},
				"west": {"uv": [11, 7, 12.5, 7.125], "texture": "#0"},
				"up": {"uv": [11.125, 8.75, 11, 7.25], "texture": "#0"},
				"down": {"uv": [11.125, 8.75, 11, 10.25], "texture": "#0"}
			}
		},
		{
			"from": [5, 1.5, 11.5],
			"to": [11, 2, 12],
			"rotation": {"angle": 0, "axis": "y", "origin": [11.75, 1.75, 8]},
			"faces": {
				"north": {"uv": [11, 10.25, 12.5, 10.375], "texture": "#0"},
				"east": {"uv": [10.5, 13.25, 10.625, 13.375], "texture": "#0"},
				"south": {"uv": [11, 10.5, 12.5, 10.625], "texture": "#0"},
				"west": {"uv": [13.25, 10.5, 13.375, 10.625], "texture": "#0"},
				"up": {"uv": [12.5, 10.875, 11, 10.75], "texture": "#0"},
				"down": {"uv": [12.5, 11, 11, 11.125], "texture": "#0"}
			}
		},
		{
			"from": [5, 1.5, 4],
			"to": [11, 2, 4.5],
			"rotation": {"angle": 0, "axis": "y", "origin": [11.75, 1.75, 8]},
			"faces": {
				"north": {"uv": [11.25, 0, 12.75, 0.125], "texture": "#0"},
				"east": {"uv": [10.75, 13.25, 10.875, 13.375], "texture": "#0"},
				"south": {"uv": [11.25, 0.25, 12.75, 0.375], "texture": "#0"},
				"west": {"uv": [13.25, 10.75, 13.375, 10.875], "texture": "#0"},
				"up": {"uv": [12.75, 0.625, 11.25, 0.5], "texture": "#0"},
				"down": {"uv": [12.75, 0.75, 11.25, 0.875], "texture": "#0"}
			}
		},
		{
			"from": [12, 2, 5],
			"to": [12.5, 2.5, 11],
			"rotation": {"angle": 0, "axis": "y", "origin": [8, 2.5, 4.5]},
			"faces": {
				"north": {"uv": [11, 13.25, 11.125, 13.375], "texture": "#0"},
				"east": {"uv": [11.25, 1, 12.75, 1.125], "texture": "#0"},
				"south": {"uv": [11.25, 13.25, 11.375, 13.375], "texture": "#0"},
				"west": {"uv": [11.25, 1.25, 12.75, 1.375], "texture": "#0"},
				"up": {"uv": [9.375, 12.5, 9.25, 11], "texture": "#0"},
				"down": {"uv": [11.375, 1.5, 11.25, 3], "texture": "#0"}
			}
		},
		{
			"from": [3.5, 2, 5],
			"to": [4, 2.5, 11],
			"rotation": {"angle": 0, "axis": "y", "origin": [3.75, 2.5, 8]},
			"faces": {
				"north": {"uv": [13.25, 11.25, 13.375, 11.375], "texture": "#0"},
				"east": {"uv": [11.25, 3, 12.75, 3.125], "texture": "#0"},
				"south": {"uv": [13.25, 11.5, 13.375, 11.625], "texture": "#0"},
				"west": {"uv": [11.25, 3.25, 12.75, 3.375], "texture": "#0"},
				"up": {"uv": [11.375, 5, 11.25, 3.5], "texture": "#0"},
				"down": {"uv": [6.125, 11.25, 6, 12.75], "texture": "#0"}
			}
		},
		{
			"from": [5, 2, 3.5],
			"to": [11, 2.5, 4],
			"rotation": {"angle": 0, "axis": "y", "origin": [3.75, 2.5, 8]},
			"faces": {
				"north": {"uv": [11.25, 5, 12.75, 5.125], "texture": "#0"},
				"east": {"uv": [13.25, 11.75, 13.375, 11.875], "texture": "#0"},
				"south": {"uv": [11.25, 7.25, 12.75, 7.375], "texture": "#0"},
				"west": {"uv": [13.25, 12, 13.375, 12.125], "texture": "#0"},
				"up": {"uv": [12.75, 7.625, 11.25, 7.5], "texture": "#0"},
				"down": {"uv": [12.75, 7.75, 11.25, 7.875], "texture": "#0"}
			}
		},
		{
			"from": [5, 2, 12],
			"to": [11, 2.5, 12.5],
			"rotation": {"angle": 0, "axis": "y", "origin": [3.75, 2.5, 8]},
			"faces": {
				"north": {"uv": [11.25, 8, 12.75, 8.125], "texture": "#0"},
				"east": {"uv": [13.25, 12.25, 13.375, 12.375], "texture": "#0"},
				"south": {"uv": [11.25, 8.25, 12.75, 8.375], "texture": "#0"},
				"west": {"uv": [13.25, 12.5, 13.375, 12.625], "texture": "#0"},
				"up": {"uv": [12.75, 8.625, 11.25, 8.5], "texture": "#0"},
				"down": {"uv": [12.75, 8.75, 11.25, 8.875], "texture": "#0"}
			}
		},
		{
			"from": [5, 2.5, 3],
			"to": [11, 8, 4],
			"rotation": {"angle": 0, "axis": "y", "origin": [3.75, 2.5, 8]},
			"faces": {
				"north": {"uv": [3, 7.5, 4.5, 8.875], "texture": "#0"},
				"east": {"uv": [7.5, 9, 7.75, 10.375], "texture": "#0"},
				"south": {"uv": [6, 4.5, 7.5, 5.875], "texture": "#0"},
				"west": {"uv": [7.75, 9, 8, 10.375], "texture": "#0"},
				"up": {"uv": [10.25, 6, 8.75, 5.75], "texture": "#0"},
				"down": {"uv": [9.5, 8.75, 8, 9], "texture": "#0"}
			}
		},
		{
			"from": [5, 2.5, 12],
			"to": [11, 8, 13],
			"rotation": {"angle": 0, "axis": "y", "origin": [3.75, 2.5, 8]},
			"faces": {
				"north": {"uv": [6, 6, 7.5, 7.375], "texture": "#0"},
				"east": {"uv": [8, 9, 8.25, 10.375], "texture": "#0"},
				"south": {"uv": [3, 7.5, 4.5, 8.875], "texture": "#0"},
				"west": {"uv": [8.25, 9, 8.5, 10.375], "texture": "#0"},
				"up": {"uv": [10.5, 0.25, 9, 0], "texture": "#0"},
				"down": {"uv": [10.5, 0.25, 9, 0.5], "texture": "#0"}
			}
		},
		{
			"from": [5, 8, 3.5],
			"to": [11, 9, 4],
			"rotation": {"angle": 0, "axis": "y", "origin": [11.75, 1.75, 8]},
			"faces": {
				"north": {"uv": [0.5, 9, 2, 9.25], "texture": "#0"},
				"east": {"uv": [13.25, 2, 13.375, 2.25], "texture": "#0"},
				"south": {"uv": [9, 0.5, 10.5, 0.75], "texture": "#0"},
				"west": {"uv": [13.25, 2.25, 13.375, 2.5], "texture": "#0"},
				"up": {"uv": [12.75, 9.125, 11.25, 9], "texture": "#0"},
				"down": {"uv": [12.75, 9.25, 11.25, 9.375], "texture": "#0"}
			}
		},
		{
			"from": [5, 10, 4.5],
			"to": [11, 10.5, 5],
			"rotation": {"angle": 0, "axis": "y", "origin": [11.75, 1.75, 8]},
			"faces": {
				"north": {"uv": [11.25, 9.5, 12.75, 9.625], "texture": "#0"},
				"east": {"uv": [12.75, 13.25, 12.875, 13.375], "texture": "#0"},
				"south": {"uv": [11.25, 9.75, 12.75, 9.875], "texture": "#0"},
				"west": {"uv": [13.25, 12.75, 13.375, 12.875], "texture": "#0"},
				"up": {"uv": [12.75, 10.125, 11.25, 10], "texture": "#0"},
				"down": {"uv": [12.5, 11.25, 11, 11.375], "texture": "#0"}
			}
		},
		{
			"from": [5, 10, 11],
			"to": [11, 10.5, 11.5],
			"rotation": {"angle": 0, "axis": "y", "origin": [11.75, 1.75, 8]},
			"faces": {
				"north": {"uv": [11.5, 1.5, 13, 1.625], "texture": "#0"},
				"east": {"uv": [13.25, 13, 13.375, 13.125], "texture": "#0"},
				"south": {"uv": [11.5, 1.75, 13, 1.875], "texture": "#0"},
				"west": {"uv": [13.25, 13.25, 13.375, 13.375], "texture": "#0"},
				"up": {"uv": [13, 2.125, 11.5, 2], "texture": "#0"},
				"down": {"uv": [13, 2.25, 11.5, 2.375], "texture": "#0"}
			}
		},
		{
			"from": [5, 8, 12],
			"to": [11, 9, 12.5],
			"rotation": {"angle": 0, "axis": "y", "origin": [11.75, 1.75, 8]},
			"faces": {
				"north": {"uv": [9, 0.75, 10.5, 1], "texture": "#0"},
				"east": {"uv": [2.5, 13.25, 2.625, 13.5], "texture": "#0"},
				"south": {"uv": [9, 1, 10.5, 1.25], "texture": "#0"},
				"west": {"uv": [13.25, 2.5, 13.375, 2.75], "texture": "#0"},
				"up": {"uv": [4, 11.625, 2.5, 11.5], "texture": "#0"},
				"down": {"uv": [13, 2.5, 11.5, 2.625], "texture": "#0"}
			}
		},
		{
			"from": [12, 2.5, 5],
			"to": [13, 8, 11],
			"rotation": {"angle": 0, "axis": "y", "origin": [16, 5.25, 12.5]},
			"faces": {
				"north": {"uv": [8.5, 9, 8.75, 10.375], "texture": "#0"},
				"east": {"uv": [3, 7.5, 4.5, 8.875], "texture": "#0"},
				"south": {"uv": [8.75, 9, 9, 10.375], "texture": "#0"},
				"west": {"uv": [7.5, 0, 9, 1.375], "texture": "#0"},
				"up": {"uv": [6.5, 10, 6.25, 8.5], "texture": "#0"},
				"down": {"uv": [9.25, 1.25, 9, 2.75], "texture": "#0"}
			}
		},
		{
			"from": [3, 2.5, 5],
			"to": [4, 8, 11],
			"rotation": {"angle": 0, "axis": "y", "origin": [16, 5.25, 12.5]},
			"faces": {
				"north": {"uv": [9, 9, 9.25, 10.375], "texture": "#0"},
				"east": {"uv": [7.5, 1.5, 9, 2.875], "texture": "#0"},
				"south": {"uv": [0.5, 9.25, 0.75, 10.625], "texture": "#0"},
				"west": {"uv": [3, 7.5, 4.5, 8.875], "texture": "#0"},
				"up": {"uv": [2.25, 10.5, 2, 9], "texture": "#0"},
				"down": {"uv": [2.5, 9, 2.25, 10.5], "texture": "#0"}
			}
		},
		{
			"from": [11, 10, 5],
			"to": [11.5, 10.5, 11],
			"rotation": {"angle": 0, "axis": "y", "origin": [17, 9.375, 11.75]},
			"faces": {
				"north": {"uv": [0, 13.5, 0.125, 13.625], "texture": "#0"},
				"east": {"uv": [11.5, 2.75, 13, 2.875], "texture": "#0"},
				"south": {"uv": [13.5, 0, 13.625, 0.125], "texture": "#0"},
				"west": {"uv": [11.5, 3.5, 13, 3.625], "texture": "#0"},
				"up": {"uv": [9.625, 12.75, 9.5, 11.25], "texture": "#0"},
				"down": {"uv": [9.875, 11.25, 9.75, 12.75], "texture": "#0"}
			}
		},
		{
			"from": [12, 8, 5],
			"to": [12.5, 9, 11],
			"rotation": {"angle": 0, "axis": "y", "origin": [17, 9.375, 11.75]},
			"faces": {
				"north": {"uv": [2.75, 13.25, 2.875, 13.5], "texture": "#0"},
				"east": {"uv": [9, 2.75, 10.5, 3], "texture": "#0"},
				"south": {"uv": [13.25, 2.75, 13.375, 3], "texture": "#0"},
				"west": {"uv": [3, 9, 4.5, 9.25], "texture": "#0"},
				"up": {"uv": [10.125, 12.75, 10, 11.25], "texture": "#0"},
				"down": {"uv": [10.375, 11.25, 10.25, 12.75], "texture": "#0"}
			}
		},
		{
			"from": [4.5, 10, 5],
			"to": [5, 10.5, 11],
			"rotation": {"angle": 0, "axis": "y", "origin": [17, 9.375, 11.75]},
			"faces": {
				"north": {"uv": [0.25, 13.5, 0.375, 13.625], "texture": "#0"},
				"east": {"uv": [11.5, 3.75, 13, 3.875], "texture": "#0"},
				"south": {"uv": [13.5, 0.25, 13.625, 0.375], "texture": "#0"},
				"west": {"uv": [11.5, 4, 13, 4.125], "texture": "#0"},
				"up": {"uv": [0.875, 13, 0.75, 11.5], "texture": "#0"},
				"down": {"uv": [1.125, 11.5, 1, 13], "texture": "#0"}
			}
		},
		{
			"from": [3.5, 8, 5],
			"to": [4, 9, 11],
			"rotation": {"angle": 0, "axis": "y", "origin": [17, 9.375, 11.75]},
			"faces": {
				"north": {"uv": [3, 13.25, 3.125, 13.5], "texture": "#0"},
				"east": {"uv": [4.75, 9, 6.25, 9.25], "texture": "#0"},
				"south": {"uv": [13.25, 3, 13.375, 3.25], "texture": "#0"},
				"west": {"uv": [9, 7, 10.5, 7.25], "texture": "#0"},
				"up": {"uv": [1.375, 13, 1.25, 11.5], "texture": "#0"},
				"down": {"uv": [1.625, 11.5, 1.5, 13], "texture": "#0"}
			}
		},
		{
			"from": [6, 11, 5.5],
			"to": [10, 11.5, 6],
			"rotation": {"angle": 0, "axis": "y", "origin": [11.75, 1.75, 8]},
			"faces": {
				"north": {"uv": [11.5, 4.75, 12.5, 4.875], "texture": "#0"},
				"east": {"uv": [0.5, 13.5, 0.625, 13.625], "texture": "#0"},
				"south": {"uv": [12.25, 4.25, 13.25, 4.375], "texture": "#0"},
				"west": {"uv": [13.5, 0.5, 13.625, 0.625], "texture": "#0"},
				"up": {"uv": [13.25, 4.625, 12.25, 4.5], "texture": "#0"},
				"down": {"uv": [13.25, 11.5, 12.25, 11.625], "texture": "#0"}
			}
		},
		{
			"from": [6, 11, 10],
			"to": [10, 11.5, 10.5],
			"rotation": {"angle": 0, "axis": "y", "origin": [11.75, 1.75, 8]},
			"faces": {
				"north": {"uv": [12.25, 11.75, 13.25, 11.875], "texture": "#0"},
				"east": {"uv": [0.75, 13.5, 0.875, 13.625], "texture": "#0"},
				"south": {"uv": [12.25, 12, 13.25, 12.125], "texture": "#0"},
				"west": {"uv": [13.5, 0.75, 13.625, 0.875], "texture": "#0"},
				"up": {"uv": [13.25, 12.375, 12.25, 12.25], "texture": "#0"},
				"down": {"uv": [13.5, 4.75, 12.5, 4.875], "texture": "#0"}
			}
		},
		{
			"from": [5.5, 11, 6],
			"to": [6, 11.5, 10],
			"rotation": {"angle": 0, "axis": "y", "origin": [17, 9.375, 11.75]},
			"faces": {
				"north": {"uv": [1, 13.5, 1.125, 13.625], "texture": "#0"},
				"east": {"uv": [12.5, 5.25, 13.5, 5.375], "texture": "#0"},
				"south": {"uv": [13.5, 1, 13.625, 1.125], "texture": "#0"},
				"west": {"uv": [12.5, 5.5, 13.5, 5.625], "texture": "#0"},
				"up": {"uv": [10.125, 7, 10, 6], "texture": "#0"},
				"down": {"uv": [10.875, 12.25, 10.75, 13.25], "texture": "#0"}
			}
		},
		{
			"from": [10, 11, 6],
			"to": [10.5, 11.5, 10],
			"rotation": {"angle": 0, "axis": "y", "origin": [17, 9.375, 11.75]},
			"faces": {
				"north": {"uv": [1.25, 13.5, 1.375, 13.625], "texture": "#0"},
				"east": {"uv": [12.5, 5.75, 13.5, 5.875], "texture": "#0"},
				"south": {"uv": [13.5, 1.25, 13.625, 1.375], "texture": "#0"},
				"west": {"uv": [12.5, 6, 13.5, 6.125], "texture": "#0"},
				"up": {"uv": [0.625, 13.5, 0.5, 12.5], "texture": "#0"},
				"down": {"uv": [2.125, 12.5, 2, 13.5], "texture": "#0"}
			}
		},
		{
			"from": [5.7, 12, 6],
			"to": [6, 12.5, 10],
			"rotation": {"angle": 0, "axis": "y", "origin": [17, 9.375, 11.75]},
			"faces": {
				"north": {"uv": [1, 13.5, 1.125, 13.625], "texture": "#0"},
				"east": {"uv": [12.5, 5.25, 13.5, 5.375], "texture": "#0"},
				"south": {"uv": [13.5, 1, 13.625, 1.125], "texture": "#0"},
				"west": {"uv": [13.5, 5.5, 12.5, 5.625], "texture": "#0"},
				"up": {"uv": [10.125, 7, 10, 6], "texture": "#0"},
				"down": {"uv": [10.875, 12.25, 10.75, 13.25], "texture": "#0"}
			}
		},
		{
			"from": [6, 12, 5.7],
			"to": [10, 12.5, 6],
			"rotation": {"angle": 0, "axis": "y", "origin": [11.75, 1.75, 8]},
			"faces": {
				"north": {"uv": [12.5, 4.75, 11.5, 4.875], "texture": "#0"},
				"east": {"uv": [0.5, 13.5, 0.625, 13.625], "texture": "#0"},
				"south": {"uv": [12.25, 4.25, 13.25, 4.375], "texture": "#0"},
				"west": {"uv": [13.5, 0.5, 13.625, 0.625], "texture": "#0"},
				"up": {"uv": [13.25, 4.625, 12.25, 4.5], "texture": "#0"},
				"down": {"uv": [13.25, 11.5, 12.25, 11.625], "texture": "#0"}
			}
		},
		{
			"from": [10, 12, 6],
			"to": [10.3, 12.5, 10],
			"rotation": {"angle": 0, "axis": "y", "origin": [17, 9.375, 11.75]},
			"faces": {
				"north": {"uv": [1.25, 13.5, 1.375, 13.625], "texture": "#0"},
				"east": {"uv": [13.5, 5.75, 12.5, 5.875], "texture": "#0"},
				"south": {"uv": [13.5, 1.25, 13.625, 1.375], "texture": "#0"},
				"west": {"uv": [12.5, 6, 13.5, 6.125], "texture": "#0"},
				"up": {"uv": [0.625, 13.5, 0.5, 12.5], "texture": "#0"},
				"down": {"uv": [2.125, 12.5, 2, 13.5], "texture": "#0"}
			}
		},
		{
			"from": [6, 12, 10],
			"to": [10, 12.5, 10.3],
			"rotation": {"angle": 0, "axis": "y", "origin": [11.75, 1.75, 8]},
			"faces": {
				"north": {"uv": [12.25, 11.75, 13.25, 11.875], "texture": "#0"},
				"east": {"uv": [0.75, 13.5, 0.875, 13.625], "texture": "#0"},
				"south": {"uv": [13.25, 12, 12.25, 12.125], "texture": "#0"},
				"west": {"uv": [13.5, 0.75, 13.625, 0.875], "texture": "#0"},
				"up": {"uv": [13.25, 12.375, 12.25, 12.25], "texture": "#0"},
				"down": {"uv": [13.5, 4.75, 12.5, 4.875], "texture": "#0"}
			}
		},
		{
			"from": [11, 1.5, 11],
			"to": [11.5, 10, 11.5],
			"rotation": {"angle": 0, "axis": "y", "origin": [8, 2.5, 4.5]},
			"faces": {
				"north": {"uv": [0.75, 9.25, 0.875, 11.375], "texture": "#0"},
				"east": {"uv": [1, 9.25, 1.125, 11.375], "texture": "#0"},
				"south": {"uv": [1.25, 9.25, 1.375, 11.375], "texture": "#0"},
				"west": {"uv": [1.5, 9.25, 1.625, 11.375], "texture": "#0"},
				"up": {"uv": [1.625, 13.625, 1.5, 13.5], "texture": "#0"},
				"down": {"uv": [13.625, 1.5, 13.5, 1.625], "texture": "#0"}
			}
		},
		{
			"from": [11, 2.5, 12],
			"to": [11.5, 8.5, 12.5],
			"rotation": {"angle": 0, "axis": "y", "origin": [8, 2.5, 4.5]},
			"faces": {
				"north": {"uv": [1.75, 11.5, 1.875, 13], "texture": "#0"},
				"east": {"uv": [4, 11.5, 4.125, 13], "texture": "#0"},
				"south": {"uv": [4.25, 11.5, 4.375, 13], "texture": "#0"},
				"west": {"uv": [4.75, 11.5, 4.875, 13], "texture": "#0"},
				"up": {"uv": [1.875, 13.625, 1.75, 13.5], "texture": "#0"},
				"down": {"uv": [13.625, 1.75, 13.5, 1.875], "texture": "#0"}
			}
		},
		{
			"from": [11.5, 2, 11],
			"to": [12, 9.5, 11.5],
			"rotation": {"angle": 0, "axis": "y", "origin": [8, 2.5, 4.5]},
			"faces": {
				"north": {"uv": [6, 9.25, 6.125, 11.125], "texture": "#0"},
				"east": {"uv": [9.25, 9, 9.375, 10.875], "texture": "#0"},
				"south": {"uv": [2.5, 9.5, 2.625, 11.375], "texture": "#0"},
				"west": {"uv": [2.75, 9.5, 2.875, 11.375], "texture": "#0"},
				"up": {"uv": [2.125, 13.625, 2, 13.5], "texture": "#0"},
				"down": {"uv": [13.625, 2, 13.5, 2.125], "texture": "#0"}
			}
		},
		{
			"from": [11, 2, 11.5],
			"to": [11.5, 9.5, 12],
			"rotation": {"angle": 0, "axis": "y", "origin": [8, 2.5, 4.5]},
			"faces": {
				"north": {"uv": [6.5, 9.5, 6.625, 11.375], "texture": "#0"},
				"east": {"uv": [6.75, 9.5, 6.875, 11.375], "texture": "#0"},
				"south": {"uv": [7, 9.5, 7.125, 11.375], "texture": "#0"},
				"west": {"uv": [7.25, 9.5, 7.375, 11.375], "texture": "#0"},
				"up": {"uv": [2.375, 13.625, 2.25, 13.5], "texture": "#0"},
				"down": {"uv": [13.625, 2.25, 13.5, 2.375], "texture": "#0"}
			}
		},
		{
			"from": [12, 2.5, 11],
			"to": [12.5, 8.5, 11.5],
			"rotation": {"angle": 0, "axis": "y", "origin": [8, 2.5, 4.5]},
			"faces": {
				"north": {"uv": [5, 11.5, 5.125, 13], "texture": "#0"},
				"east": {"uv": [5.25, 11.5, 5.375, 13], "texture": "#0"},
				"south": {"uv": [5.5, 11.5, 5.625, 13], "texture": "#0"},
				"west": {"uv": [5.75, 11.5, 5.875, 13], "texture": "#0"},
				"up": {"uv": [2.625, 13.625, 2.5, 13.5], "texture": "#0"},
				"down": {"uv": [13.625, 2.5, 13.5, 2.625], "texture": "#0"}
			}
		},
		{
			"from": [11.5, 2.5, 11.5],
			"to": [12, 9, 12],
			"rotation": {"angle": 0, "axis": "y", "origin": [8, 2.5, 4.5]},
			"faces": {
				"north": {"uv": [8.25, 10.5, 8.375, 12.125], "texture": "#0"},
				"east": {"uv": [8.5, 10.5, 8.625, 12.125], "texture": "#0"},
				"south": {"uv": [8.75, 10.5, 8.875, 12.125], "texture": "#0"},
				"west": {"uv": [9, 10.5, 9.125, 12.125], "texture": "#0"},
				"up": {"uv": [2.875, 13.625, 2.75, 13.5], "texture": "#0"},
				"down": {"uv": [13.625, 2.75, 13.5, 2.875], "texture": "#0"}
			}
		},
		{
			"from": [12, 2.5, 4.5],
			"to": [12.5, 8.5, 5],
			"rotation": {"angle": 0, "axis": "y", "origin": [11.58333, 5.66667, 4.08333]},
			"faces": {
				"north": {"uv": [6.5, 11.5, 6.625, 13], "texture": "#0"},
				"east": {"uv": [6.75, 11.5, 6.875, 13], "texture": "#0"},
				"south": {"uv": [7, 11.5, 7.125, 13], "texture": "#0"},
				"west": {"uv": [7.25, 11.5, 7.375, 13], "texture": "#0"},
				"up": {"uv": [3.125, 13.625, 3, 13.5], "texture": "#0"},
				"down": {"uv": [13.625, 3, 13.5, 3.125], "texture": "#0"}
			}
		},
		{
			"from": [11, 2.5, 3.5],
			"to": [11.5, 8.5, 4],
			"rotation": {"angle": 0, "axis": "y", "origin": [11.58333, 5.66667, 4.08333]},
			"faces": {
				"north": {"uv": [11, 11.5, 11.125, 13], "texture": "#0"},
				"east": {"uv": [11.25, 11.5, 11.375, 13], "texture": "#0"},
				"south": {"uv": [11.5, 11.5, 11.625, 13], "texture": "#0"},
				"west": {"uv": [2.5, 11.75, 2.625, 13.25], "texture": "#0"},
				"up": {"uv": [3.375, 13.625, 3.25, 13.5], "texture": "#0"},
				"down": {"uv": [13.625, 3.25, 13.5, 3.375], "texture": "#0"}
			}
		},
		{
			"from": [11.5, 2, 4.5],
			"to": [12, 9.5, 5],
			"rotation": {"angle": 0, "axis": "y", "origin": [11.58333, 5.66667, 4.08333]},
			"faces": {
				"north": {"uv": [9.5, 7.25, 9.625, 9.125], "texture": "#0"},
				"east": {"uv": [9.5, 9.25, 9.625, 11.125], "texture": "#0"},
				"south": {"uv": [9.75, 7.25, 9.875, 9.125], "texture": "#0"},
				"west": {"uv": [9.75, 9.25, 9.875, 11.125], "texture": "#0"},
				"up": {"uv": [3.625, 13.625, 3.5, 13.5], "texture": "#0"},
				"down": {"uv": [13.625, 3.5, 13.5, 3.625], "texture": "#0"}
			}
		},
		{
			"from": [11, 2, 4],
			"to": [11.5, 9.5, 4.5],
			"rotation": {"angle": 0, "axis": "y", "origin": [11.58333, 5.66667, 4.08333]},
			"faces": {
				"north": {"uv": [0, 10, 0.125, 11.875], "texture": "#0"},
				"east": {"uv": [0.25, 10, 0.375, 11.875], "texture": "#0"},
				"south": {"uv": [4.5, 10, 4.625, 11.875], "texture": "#0"},
				"west": {"uv": [6.25, 10, 6.375, 11.875], "texture": "#0"},
				"up": {"uv": [3.875, 13.625, 3.75, 13.5], "texture": "#0"},
				"down": {"uv": [13.625, 3.75, 13.5, 3.875], "texture": "#0"}
			}
		},
		{
			"from": [11, 1.5, 4.5],
			"to": [11.5, 10, 5],
			"rotation": {"angle": 0, "axis": "y", "origin": [11.58333, 5.66667, 4.08333]},
			"faces": {
				"north": {"uv": [1.75, 9.25, 1.875, 11.375], "texture": "#0"},
				"east": {"uv": [3, 9.25, 3.125, 11.375], "texture": "#0"},
				"south": {"uv": [3.25, 9.25, 3.375, 11.375], "texture": "#0"},
				"west": {"uv": [3.5, 9.25, 3.625, 11.375], "texture": "#0"},
				"up": {"uv": [4.125, 13.625, 4, 13.5], "texture": "#0"},
				"down": {"uv": [13.625, 4, 13.5, 4.125], "texture": "#0"}
			}
		},
		{
			"from": [11.5, 2.5, 4],
			"to": [12, 9, 4.5],
			"rotation": {"angle": 0, "axis": "y", "origin": [11.58333, 5.66667, 4.08333]},
			"faces": {
				"north": {"uv": [10.5, 10, 10.625, 11.625], "texture": "#0"},
				"east": {"uv": [10.75, 0, 10.875, 1.625], "texture": "#0"},
				"south": {"uv": [0.5, 10.75, 0.625, 12.375], "texture": "#0"},
				"west": {"uv": [10.75, 1.75, 10.875, 3.375], "texture": "#0"},
				"up": {"uv": [4.375, 13.625, 4.25, 13.5], "texture": "#0"},
				"down": {"uv": [13.625, 4.25, 13.5, 4.375], "texture": "#0"}
			}
		},
		{
			"from": [4.46667, 2.5, 3.46667],
			"to": [4.96667, 8.5, 3.96667],
			"rotation": {"angle": 0, "axis": "y", "origin": [4.08333, 5.66667, 4.38333]},
			"faces": {
				"north": {"uv": [2.75, 11.75, 2.875, 13.25], "texture": "#0"},
				"east": {"uv": [3, 11.75, 3.125, 13.25], "texture": "#0"},
				"south": {"uv": [3.25, 11.75, 3.375, 13.25], "texture": "#0"},
				"west": {"uv": [3.5, 11.75, 3.625, 13.25], "texture": "#0"},
				"up": {"uv": [4.625, 13.625, 4.5, 13.5], "texture": "#0"},
				"down": {"uv": [13.625, 4.5, 13.5, 4.625], "texture": "#0"}
			}
		},
		{
			"from": [3.46667, 2.5, 4.46667],
			"to": [3.96667, 8.5, 4.96667],
			"rotation": {"angle": 0, "axis": "y", "origin": [4.08333, 5.66667, 4.38333]},
			"faces": {
				"north": {"uv": [3.75, 11.75, 3.875, 13.25], "texture": "#0"},
				"east": {"uv": [10.5, 11.75, 10.625, 13.25], "texture": "#0"},
				"south": {"uv": [11.75, 11.5, 11.875, 13], "texture": "#0"},
				"west": {"uv": [0, 12, 0.125, 13.5], "texture": "#0"},
				"up": {"uv": [4.875, 13.625, 4.75, 13.5], "texture": "#0"},
				"down": {"uv": [13.625, 4.75, 13.5, 4.875], "texture": "#0"}
			}
		},
		{
			"from": [4.46667, 2, 3.96667],
			"to": [4.96667, 9.5, 4.46667],
			"rotation": {"angle": 0, "axis": "y", "origin": [4.08333, 5.66667, 4.38333]},
			"faces": {
				"north": {"uv": [10, 7.25, 10.125, 9.125], "texture": "#0"},
				"east": {"uv": [10, 9.25, 10.125, 11.125], "texture": "#0"},
				"south": {"uv": [10.25, 3, 10.375, 4.875], "texture": "#0"},
				"west": {"uv": [10.25, 5, 10.375, 6.875], "texture": "#0"},
				"up": {"uv": [5.125, 13.625, 5, 13.5], "texture": "#0"},
				"down": {"uv": [13.625, 5, 13.5, 5.125], "texture": "#0"}
			}
		},
		{
			"from": [3.96667, 2, 4.46667],
			"to": [4.46667, 9.5, 4.96667],
			"rotation": {"angle": 0, "axis": "y", "origin": [4.08333, 5.66667, 4.38333]},
			"faces": {
				"north": {"uv": [10.25, 7.25, 10.375, 9.125], "texture": "#0"},
				"east": {"uv": [10.25, 9.25, 10.375, 11.125], "texture": "#0"},
				"south": {"uv": [10.5, 0, 10.625, 1.875], "texture": "#0"},
				"west": {"uv": [2, 10.5, 2.125, 12.375], "texture": "#0"},
				"up": {"uv": [5.375, 13.625, 5.25, 13.5], "texture": "#0"},
				"down": {"uv": [13.625, 5.25, 13.5, 5.375], "texture": "#0"}
			}
		},
		{
			"from": [4.46667, 1.5, 4.46667],
			"to": [4.96667, 10, 4.96667],
			"rotation": {"angle": 0, "axis": "y", "origin": [4.08333, 5.66667, 4.38333]},
			"faces": {
				"north": {"uv": [3.75, 9.25, 3.875, 11.375], "texture": "#0"},
				"east": {"uv": [4, 9.25, 4.125, 11.375], "texture": "#0"},
				"south": {"uv": [4.25, 9.25, 4.375, 11.375], "texture": "#0"},
				"west": {"uv": [4.75, 9.25, 4.875, 11.375], "texture": "#0"},
				"up": {"uv": [5.625, 13.625, 5.5, 13.5], "texture": "#0"},
				"down": {"uv": [13.625, 5.5, 13.5, 5.625], "texture": "#0"}
			}
		},
		{
			"from": [3.96667, 2.5, 3.96667],
			"to": [4.46667, 9, 4.46667],
			"rotation": {"angle": 0, "axis": "y", "origin": [4.08333, 5.66667, 4.38333]},
			"faces": {
				"north": {"uv": [10.75, 3.5, 10.875, 5.125], "texture": "#0"},
				"east": {"uv": [10.75, 5.25, 10.875, 6.875], "texture": "#0"},
				"south": {"uv": [10.75, 7, 10.875, 8.625], "texture": "#0"},
				"west": {"uv": [10.75, 8.75, 10.875, 10.375], "texture": "#0"},
				"up": {"uv": [5.875, 13.625, 5.75, 13.5], "texture": "#0"},
				"down": {"uv": [13.625, 5.75, 13.5, 5.875], "texture": "#0"}
			}
		},
		{
			"from": [3.5, 2.5, 11],
			"to": [4, 8.5, 11.5],
			"rotation": {"angle": 0, "axis": "y", "origin": [4.38333, 5.66667, 11.98333]},
			"faces": {
				"north": {"uv": [0.25, 12, 0.375, 13.5], "texture": "#0"},
				"east": {"uv": [4.5, 12, 4.625, 13.5], "texture": "#0"},
				"south": {"uv": [6.25, 12, 6.375, 13.5], "texture": "#0"},
				"west": {"uv": [12, 11.5, 12.125, 13], "texture": "#0"},
				"up": {"uv": [6.125, 13.625, 6, 13.5], "texture": "#0"},
				"down": {"uv": [13.625, 6, 13.5, 6.125], "texture": "#0"}
			}
		},
		{
			"from": [4.5, 2.5, 12],
			"to": [5, 8.5, 12.5],
			"rotation": {"angle": 0, "axis": "y", "origin": [4.38333, 5.66667, 11.98333]},
			"faces": {
				"north": {"uv": [8.25, 12.25, 8.375, 13.75], "texture": "#0"},
				"east": {"uv": [8.5, 12.25, 8.625, 13.75], "texture": "#0"},
				"south": {"uv": [8.75, 12.25, 8.875, 13.75], "texture": "#0"},
				"west": {"uv": [9, 12.25, 9.125, 13.75], "texture": "#0"},
				"up": {"uv": [6.375, 13.625, 6.25, 13.5], "texture": "#0"},
				"down": {"uv": [13.625, 6.25, 13.5, 6.375], "texture": "#0"}
			}
		},
		{
			"from": [4, 2, 11],
			"to": [4.5, 9.5, 11.5],
			"rotation": {"angle": 0, "axis": "y", "origin": [4.38333, 5.66667, 11.98333]},
			"faces": {
				"north": {"uv": [10.5, 2, 10.625, 3.875], "texture": "#0"},
				"east": {"uv": [2.25, 10.5, 2.375, 12.375], "texture": "#0"},
				"south": {"uv": [10.5, 4, 10.625, 5.875], "texture": "#0"},
				"west": {"uv": [10.5, 6, 10.625, 7.875], "texture": "#0"},
				"up": {"uv": [6.625, 13.625, 6.5, 13.5], "texture": "#0"},
				"down": {"uv": [13.625, 6.5, 13.5, 6.625], "texture": "#0"}
			}
		},
		{
			"from": [4.5, 2, 11.5],
			"to": [5, 9.5, 12],
			"rotation": {"angle": 0, "axis": "y", "origin": [4.38333, 5.66667, 11.98333]},
			"faces": {
				"north": {"uv": [7.5, 10.5, 7.625, 12.375], "texture": "#0"},
				"east": {"uv": [7.75, 10.5, 7.875, 12.375], "texture": "#0"},
				"south": {"uv": [8, 10.5, 8.125, 12.375], "texture": "#0"},
				"west": {"uv": [10.5, 8, 10.625, 9.875], "texture": "#0"},
				"up": {"uv": [6.875, 13.625, 6.75, 13.5], "texture": "#0"},
				"down": {"uv": [13.625, 6.75, 13.5, 6.875], "texture": "#0"}
			}
		},
		{
			"from": [4.5, 1.5, 11],
			"to": [5, 10, 11.5],
			"rotation": {"angle": 0, "axis": "y", "origin": [4.38333, 5.66667, 11.98333]},
			"faces": {
				"north": {"uv": [5, 9.25, 5.125, 11.375], "texture": "#0"},
				"east": {"uv": [5.25, 9.25, 5.375, 11.375], "texture": "#0"},
				"south": {"uv": [5.5, 9.25, 5.625, 11.375], "texture": "#0"},
				"west": {"uv": [5.75, 9.25, 5.875, 11.375], "texture": "#0"},
				"up": {"uv": [7.125, 13.625, 7, 13.5], "texture": "#0"},
				"down": {"uv": [13.625, 7, 13.5, 7.125], "texture": "#0"}
			}
		},
		{
			"from": [4, 2.5, 11.5],
			"to": [4.5, 9, 12],
			"rotation": {"angle": 0, "axis": "y", "origin": [4.38333, 5.66667, 11.98333]},
			"faces": {
				"north": {"uv": [10.75, 10.5, 10.875, 12.125], "texture": "#0"},
				"east": {"uv": [11, 0, 11.125, 1.625], "texture": "#0"},
				"south": {"uv": [11, 1.75, 11.125, 3.375], "texture": "#0"},
				"west": {"uv": [11, 3.5, 11.125, 5.125], "texture": "#0"},
				"up": {"uv": [7.375, 13.625, 7.25, 13.5], "texture": "#0"},
				"down": {"uv": [13.625, 7.25, 13.5, 7.375], "texture": "#0"}
			}
		},
		{
			"from": [6, 14, 6],
			"to": [10, 14.3, 10],
			"faces": {
				"north": {"uv": [4.5, 7.5, 5.5, 8.375], "texture": "#0"},
				"east": {"uv": [7.5, 5, 8.5, 5.875], "texture": "#0"},
				"south": {"uv": [5.5, 7.5, 6.5, 8.375], "texture": "#0"},
				"west": {"uv": [7.5, 6, 8.5, 6.875], "texture": "#0"},
				"up": {"uv": [8.5, 4, 7.5, 3], "texture": "#0"},
				"down": {"uv": [8.5, 4, 7.5, 5], "texture": "#0"}
			}
		},
		{
			"from": [6, 11, 6],
			"to": [10, 14.3, 10],
			"faces": {
				"north": {"uv": [4.5, 7.5, 5.5, 8.375], "texture": "#0"},
				"east": {"uv": [7.5, 5, 8.5, 5.875], "texture": "#0"},
				"south": {"uv": [5.5, 7.5, 6.5, 8.375], "texture": "#0"},
				"west": {"uv": [7.5, 6, 8.5, 6.875], "texture": "#0"},
				"up": {"uv": [8.5, 4, 7.5, 3], "texture": "#0"},
				"down": {"uv": [8.5, 4, 7.5, 5], "texture": "#0"}
			}
		},
		{
			"from": [6, 12.5, 10],
			"to": [10, 14.5, 10.5],
			"rotation": {"angle": 0, "axis": "y", "origin": [11.75, 1.75, 8]},
			"faces": {
				"north": {"uv": [0.5, 8, 1.5, 8.5], "texture": "#0"},
				"east": {"uv": [12.75, 9.25, 12.875, 9.75], "texture": "#0"},
				"south": {"uv": [1.5, 8, 2.5, 8.5], "texture": "#0"},
				"west": {"uv": [9.5, 12.75, 9.625, 13.25], "texture": "#0"},
				"up": {"uv": [13.5, 6.375, 12.5, 6.25], "texture": "#0"},
				"down": {"uv": [13.5, 6.5, 12.5, 6.625], "texture": "#0"}
			}
		},
		{
			"from": [5.5, 12.5, 6],
			"to": [6, 14.5, 10],
			"rotation": {"angle": 0, "axis": "y", "origin": [17, 9.375, 11.75]},
			"faces": {
				"north": {"uv": [9.75, 12.75, 9.875, 13.25], "texture": "#0"},
				"east": {"uv": [8, 7, 9, 7.5], "texture": "#0"},
				"south": {"uv": [12.75, 9.75, 12.875, 10.25], "texture": "#0"},
				"west": {"uv": [8, 7.5, 9, 8], "texture": "#0"},
				"up": {"uv": [2.375, 13.5, 2.25, 12.5], "texture": "#0"},
				"down": {"uv": [7.625, 12.5, 7.5, 13.5], "texture": "#0"}
			}
		},
		{
			"from": [10, 12.5, 6],
			"to": [10.5, 14.5, 10],
			"rotation": {"angle": 0, "axis": "y", "origin": [17, 9.375, 11.75]},
			"faces": {
				"north": {"uv": [10, 12.75, 10.125, 13.25], "texture": "#0"},
				"east": {"uv": [8, 8, 9, 8.5], "texture": "#0"},
				"south": {"uv": [10.25, 12.75, 10.375, 13.25], "texture": "#0"},
				"west": {"uv": [0.5, 8.5, 1.5, 9], "texture": "#0"},
				"up": {"uv": [7.875, 13.5, 7.75, 12.5], "texture": "#0"},
				"down": {"uv": [8.125, 12.5, 8, 13.5], "texture": "#0"}
			}
		},
		{
			"from": [6, 12.5, 5.5],
			"to": [10, 14.5, 6],
			"rotation": {"angle": 0, "axis": "y", "origin": [11.75, 1.75, 8]},
			"faces": {
				"north": {"uv": [1.5, 8.5, 2.5, 9], "texture": "#0"},
				"east": {"uv": [12.75, 10.5, 12.875, 11], "texture": "#0"},
				"south": {"uv": [8.5, 3, 9.5, 3.5], "texture": "#0"},
				"west": {"uv": [12.75, 11, 12.875, 11.5], "texture": "#0"},
				"up": {"uv": [13.5, 6.875, 12.5, 6.75], "texture": "#0"},
				"down": {"uv": [13.5, 7, 12.5, 7.125], "texture": "#0"}
			}
		},
		{
			"from": [6, 13.5, 10.5],
			"to": [7, 14.7, 11],
			"rotation": {"angle": 0, "axis": "y", "origin": [11.75, 1.75, 8]},
			"faces": {
				"north": {"uv": [12.75, 5, 13, 5.25], "texture": "#0"},
				"east": {"uv": [3.25, 13.25, 3.375, 13.5], "texture": "#0"},
				"south": {"uv": [12.75, 12.5, 13, 12.75], "texture": "#0"},
				"west": {"uv": [13.25, 3.25, 13.375, 3.5], "texture": "#0"},
				"up": {"uv": [3.75, 13.375, 3.5, 13.25], "texture": "#0"},
				"down": {"uv": [13.5, 3.5, 13.25, 3.625], "texture": "#0"}
			}
		},
		{
			"from": [9.6, 13.5, 5],
			"to": [10, 14.9, 5.5],
			"rotation": {"angle": 0, "axis": "y", "origin": [11.75, 1.75, 8]},
			"faces": {
				"north": {"uv": [1.25, 13, 1.375, 13.375], "texture": "#0"},
				"east": {"uv": [13, 1.25, 13.125, 1.625], "texture": "#0"},
				"south": {"uv": [1.5, 13, 1.625, 13.375], "texture": "#0"},
				"west": {"uv": [1.75, 13, 1.875, 13.375], "texture": "#0"},
				"up": {"uv": [7.625, 13.625, 7.5, 13.5], "texture": "#0"},
				"down": {"uv": [13.625, 7.5, 13.5, 7.625], "texture": "#0"}
			}
		},
		{
			"from": [10.5, 13.5, 9],
			"to": [11, 15, 10],
			"rotation": {"angle": 0, "axis": "y", "origin": [8, 14.25, 10.75]},
			"faces": {
				"north": {"uv": [13, 1.75, 13.125, 2.125], "texture": "#0"},
				"east": {"uv": [9.25, 12.5, 9.5, 12.875], "texture": "#0"},
				"south": {"uv": [13, 2.25, 13.125, 2.625], "texture": "#0"},
				"west": {"uv": [12.5, 10.5, 12.75, 10.875], "texture": "#0"},
				"up": {"uv": [3.875, 13.5, 3.75, 13.25], "texture": "#0"},
				"down": {"uv": [13.375, 3.75, 13.25, 4], "texture": "#0"}
			}
		},
		{
			"from": [5, 13.5, 6],
			"to": [5.5, 14.9, 7],
			"rotation": {"angle": 0, "axis": "y", "origin": [8, 14.25, 10.75]},
			"faces": {
				"north": {"uv": [13, 2.75, 13.125, 3.125], "texture": "#0"},
				"east": {"uv": [12.5, 11, 12.75, 11.375], "texture": "#0"},
				"south": {"uv": [13, 3.25, 13.125, 3.625], "texture": "#0"},
				"west": {"uv": [12.25, 12.5, 12.5, 12.875], "texture": "#0"},
				"up": {"uv": [13.375, 4.25, 13.25, 4], "texture": "#0"},
				"down": {"uv": [13.375, 4.25, 13.25, 4.5], "texture": "#0"}
			}
		},
		{
			"from": [10, 13.5, 5.5],
			"to": [10.5, 15, 6],
			"rotation": {"angle": 0, "axis": "y", "origin": [11.75, 1.75, 8]},
			"faces": {
				"north": {"uv": [13, 3.75, 13.125, 4.125], "texture": "#0"},
				"east": {"uv": [4, 13, 4.125, 13.375], "texture": "#0"},
				"south": {"uv": [4.25, 13, 4.375, 13.375], "texture": "#0"},
				"west": {"uv": [4.75, 13, 4.875, 13.375], "texture": "#0"},
				"up": {"uv": [7.875, 13.625, 7.75, 13.5], "texture": "#0"},
				"down": {"uv": [13.625, 7.75, 13.5, 7.875], "texture": "#0"}
			}
		},
		{
			"from": [10, 13.5, 10],
			"to": [10.5, 15, 10.5],
			"rotation": {"angle": 0, "axis": "y", "origin": [11.75, 1.75, 8]},
			"faces": {
				"north": {"uv": [5, 13, 5.125, 13.375], "texture": "#0"},
				"east": {"uv": [5.25, 13, 5.375, 13.375], "texture": "#0"},
				"south": {"uv": [5.5, 13, 5.625, 13.375], "texture": "#0"},
				"west": {"uv": [5.75, 13, 5.875, 13.375], "texture": "#0"},
				"up": {"uv": [8.125, 13.625, 8, 13.5], "texture": "#0"},
				"down": {"uv": [13.625, 8, 13.5, 8.125], "texture": "#0"}
			}
		},
		{
			"from": [5.5, 13.5, 10],
			"to": [6, 15, 10.5],
			"rotation": {"angle": 0, "axis": "y", "origin": [11.75, 1.75, 8]},
			"faces": {
				"north": {"uv": [6.5, 13, 6.625, 13.375], "texture": "#0"},
				"east": {"uv": [6.75, 13, 6.875, 13.375], "texture": "#0"},
				"south": {"uv": [7, 13, 7.125, 13.375], "texture": "#0"},
				"west": {"uv": [7.25, 13, 7.375, 13.375], "texture": "#0"},
				"up": {"uv": [13.625, 8.375, 13.5, 8.25], "texture": "#0"},
				"down": {"uv": [13.625, 8.5, 13.5, 8.625], "texture": "#0"}
			}
		},
		{
			"from": [5.5, 13.5, 5.5],
			"to": [6, 15, 6],
			"rotation": {"angle": 0, "axis": "y", "origin": [11.75, 1.75, 8]},
			"faces": {
				"north": {"uv": [13, 7.25, 13.125, 7.625], "texture": "#0"},
				"east": {"uv": [13, 7.75, 13.125, 8.125], "texture": "#0"},
				"south": {"uv": [13, 8.25, 13.125, 8.625], "texture": "#0"},
				"west": {"uv": [13, 8.75, 13.125, 9.125], "texture": "#0"},
				"up": {"uv": [13.625, 8.875, 13.5, 8.75], "texture": "#0"},
				"down": {"uv": [13.625, 9, 13.5, 9.125], "texture": "#0"}
			}
		},
		{
			"from": [10.5, 13.5, 6],
			"to": [11, 14.8, 7],
			"rotation": {"angle": 0, "axis": "y", "origin": [8, 14.25, 10.75]},
			"faces": {
				"north": {"uv": [9.25, 13, 9.375, 13.375], "texture": "#0"},
				"east": {"uv": [12.5, 12.5, 12.75, 12.875], "texture": "#0"},
				"south": {"uv": [13, 9.25, 13.125, 9.625], "texture": "#0"},
				"west": {"uv": [12.75, 0, 13, 0.375], "texture": "#0"},
				"up": {"uv": [13.375, 4.75, 13.25, 4.5], "texture": "#0"},
				"down": {"uv": [6.125, 13.25, 6, 13.5], "texture": "#0"}
			}
		},
		{
			"from": [10.5, 13.5, 7],
			"to": [11, 14.6, 9],
			"rotation": {"angle": 0, "axis": "y", "origin": [8, 14.25, 10.75]},
			"faces": {
				"north": {"uv": [13.25, 7.25, 13.375, 7.5], "texture": "#0"},
				"east": {"uv": [9, 8.25, 9.5, 8.5], "texture": "#0"},
				"south": {"uv": [13.25, 7.5, 13.375, 7.75], "texture": "#0"},
				"west": {"uv": [9.5, 3, 10, 3.25], "texture": "#0"},
				"up": {"uv": [12.875, 13.25, 12.75, 12.75], "texture": "#0"},
				"down": {"uv": [13.125, 0, 13, 0.5], "texture": "#0"}
			}
		},
		{
			"from": [8.2, 13.5, 5],
			"to": [9.6, 14.7, 5.5],
			"rotation": {"angle": 0, "axis": "y", "origin": [11.75, 1.75, 8]},
			"faces": {
				"north": {"uv": [12.75, 0.5, 13.125, 0.75], "texture": "#0"},
				"east": {"uv": [13.25, 7.75, 13.375, 8], "texture": "#0"},
				"south": {"uv": [12.75, 0.75, 13.125, 1], "texture": "#0"},
				"west": {"uv": [13.25, 8, 13.375, 8.25], "texture": "#0"},
				"up": {"uv": [13.375, 5.125, 13, 5], "texture": "#0"},
				"down": {"uv": [13.375, 9.75, 13, 9.875], "texture": "#0"}
			}
		},
		{
			"from": [6.9, 13.5, 5],
			"to": [8.2, 15, 5.5],
			"rotation": {"angle": 0, "axis": "y", "origin": [11.75, 1.75, 8]},
			"faces": {
				"north": {"uv": [9, 7.25, 9.375, 7.625], "texture": "#0"},
				"east": {"uv": [13, 10, 13.125, 10.375], "texture": "#0"},
				"south": {"uv": [9, 7.75, 9.375, 8.125], "texture": "#0"},
				"west": {"uv": [13, 10.5, 13.125, 10.875], "texture": "#0"},
				"up": {"uv": [11.375, 13.125, 11, 13], "texture": "#0"},
				"down": {"uv": [13.375, 11, 13, 11.125], "texture": "#0"}
			}
		},
		{
			"from": [6, 13.5, 5],
			"to": [6.9, 14.8, 5.5],
			"rotation": {"angle": 0, "axis": "y", "origin": [11.75, 1.75, 8]},
			"faces": {
				"north": {"uv": [12.75, 1, 13, 1.375], "texture": "#0"},
				"east": {"uv": [11.5, 13, 11.625, 13.375], "texture": "#0"},
				"south": {"uv": [12.75, 3, 13, 3.375], "texture": "#0"},
				"west": {"uv": [11.75, 13, 11.875, 13.375], "texture": "#0"},
				"up": {"uv": [13.5, 8.375, 13.25, 8.25], "texture": "#0"},
				"down": {"uv": [13.5, 8.5, 13.25, 8.625], "texture": "#0"}
			}
		},
		{
			"from": [5, 13.5, 9.5],
			"to": [5.5, 14.9, 10],
			"rotation": {"angle": 0, "axis": "y", "origin": [8, 14.25, 10.75]},
			"faces": {
				"north": {"uv": [12, 13, 12.125, 13.375], "texture": "#0"},
				"east": {"uv": [12.25, 13, 12.375, 13.375], "texture": "#0"},
				"south": {"uv": [12.5, 13, 12.625, 13.375], "texture": "#0"},
				"west": {"uv": [13, 12.5, 13.125, 12.875], "texture": "#0"},
				"up": {"uv": [9.375, 13.625, 9.25, 13.5], "texture": "#0"},
				"down": {"uv": [13.625, 9.25, 13.5, 9.375], "texture": "#0"}
			}
		},
		{
			"from": [5, 13.5, 7],
			"to": [5.5, 14.5, 9.5],
			"rotation": {"angle": 0, "axis": "y", "origin": [8, 14.25, 10.75]},
			"faces": {
				"north": {"uv": [13.25, 8.75, 13.375, 9], "texture": "#0"},
				"east": {"uv": [11.5, 4.25, 12.125, 4.5], "texture": "#0"},
				"south": {"uv": [13.25, 9, 13.375, 9.25], "texture": "#0"},
				"west": {"uv": [11.5, 4.5, 12.125, 4.75], "texture": "#0"},
				"up": {"uv": [12.875, 8.375, 12.75, 7.75], "texture": "#0"},
				"down": {"uv": [12.875, 8.5, 12.75, 9.125], "texture": "#0"}
			}
		},
		{
			"from": [9, 13.5, 10.5],
			"to": [10, 14.8, 11],
			"rotation": {"angle": 0, "axis": "y", "origin": [11.75, 1.75, 8]},
			"faces": {
				"north": {"uv": [6, 12.75, 6.25, 13.125], "texture": "#0"},
				"east": {"uv": [13, 13, 13.125, 13.375], "texture": "#0"},
				"south": {"uv": [12.75, 7.25, 13, 7.625], "texture": "#0"},
				"west": {"uv": [13.25, 0, 13.375, 0.375], "texture": "#0"},
				"up": {"uv": [13.5, 9.375, 13.25, 9.25], "texture": "#0"},
				"down": {"uv": [9.75, 13.25, 9.5, 13.375], "texture": "#0"}
			}
		},
		{
			"from": [7, 13.5, 10.5],
			"to": [9, 14.5, 11],
			"rotation": {"angle": 0, "axis": "y", "origin": [11.75, 1.75, 8]},
			"faces": {
				"north": {"uv": [9.5, 3.25, 10, 3.5], "texture": "#0"},
				"east": {"uv": [13.25, 9.5, 13.375, 9.75], "texture": "#0"},
				"south": {"uv": [12.5, 10.25, 13, 10.5], "texture": "#0"},
				"west": {"uv": [9.75, 13.25, 9.875, 13.5], "texture": "#0"},
				"up": {"uv": [1.25, 13.125, 0.75, 13], "texture": "#0"},
				"down": {"uv": [13.5, 1, 13, 1.125], "texture": "#0"}
			}
		},
		{
			"from": [5, 2, 5],
			"to": [11, 11, 11],
			"faces": {
				"north": {"uv": [0, 0, 1.5, 2.25], "texture": "#0"},
				"east": {"uv": [1.5, 0, 3, 2.25], "texture": "#0"},
				"south": {"uv": [0, 2.25, 1.5, 4.5], "texture": "#0"},
				"west": {"uv": [1.5, 2.25, 3, 4.5], "texture": "#0"},
				"up": {"uv": [7.5, 1.5, 6, 0], "texture": "#0"},
				"down": {"uv": [7.5, 1.5, 6, 3], "texture": "#0"}
			}
		},
		{
			"from": [5, 2, 11],
			"to": [11, 10, 12],
			"faces": {
				"north": {"uv": [3, 0, 4.5, 2], "texture": "#0"},
				"east": {"uv": [6.5, 7.5, 6.75, 9.5], "texture": "#0"},
				"south": {"uv": [3, 2, 4.5, 4], "texture": "#0"},
				"west": {"uv": [6.75, 7.5, 7, 9.5], "texture": "#0"},
				"up": {"uv": [10, 3.75, 8.5, 3.5], "texture": "#0"},
				"down": {"uv": [10, 3.75, 8.5, 4], "texture": "#0"}
			}
		},
		{
			"from": [5, 2, 4],
			"to": [11, 10, 5],
			"faces": {
				"north": {"uv": [3, 4, 4.5, 6], "texture": "#0"},
				"east": {"uv": [7, 7.5, 7.25, 9.5], "texture": "#0"},
				"south": {"uv": [0, 4.5, 1.5, 6.5], "texture": "#0"},
				"west": {"uv": [7.5, 7, 7.75, 9], "texture": "#0"},
				"up": {"uv": [10, 4.25, 8.5, 4], "texture": "#0"},
				"down": {"uv": [10, 4.25, 8.5, 4.5], "texture": "#0"}
			}
		},
		{
			"from": [11, 2, 5],
			"to": [12, 10, 11],
			"rotation": {"angle": 0, "axis": "y", "origin": [8, 2.5, 4.5]},
			"faces": {
				"north": {"uv": [7.25, 7.5, 7.5, 9.5], "texture": "#0"},
				"east": {"uv": [4.5, 0, 6, 2], "texture": "#0"},
				"south": {"uv": [7.75, 7, 8, 9], "texture": "#0"},
				"west": {"uv": [1.5, 4.5, 3, 6.5], "texture": "#0"},
				"up": {"uv": [2.75, 9.5, 2.5, 8], "texture": "#0"},
				"down": {"uv": [3, 8, 2.75, 9.5], "texture": "#0"}
			}
		},
		{
			"from": [4, 2, 5],
			"to": [5, 10, 11],
			"rotation": {"angle": 0, "axis": "y", "origin": [8, 2.5, 4.5]},
			"faces": {
				"north": {"uv": [0, 8, 0.25, 10], "texture": "#0"},
				"east": {"uv": [4.5, 2, 6, 4], "texture": "#0"},
				"south": {"uv": [0.25, 8, 0.5, 10], "texture": "#0"},
				"west": {"uv": [4.5, 4, 6, 6], "texture": "#0"},
				"up": {"uv": [4.75, 10, 4.5, 8.5], "texture": "#0"},
				"down": {"uv": [8.75, 4.5, 8.5, 6], "texture": "#0"}
			}
		},
		{
			"from": [4.5, 1, 5],
			"to": [5, 2, 11],
			"rotation": {"angle": 0, "axis": "y", "origin": [8, 2.5, 4.5]},
			"faces": {
				"north": {"uv": [13, 11.25, 13.125, 11.5], "texture": "#0"},
				"east": {"uv": [4.75, 8.5, 6.25, 8.75], "texture": "#0"},
				"south": {"uv": [13.25, 0.5, 13.375, 0.75], "texture": "#0"},
				"west": {"uv": [8.5, 6, 10, 6.25], "texture": "#0"},
				"up": {"uv": [9.375, 2.75, 9.25, 1.25], "texture": "#0"},
				"down": {"uv": [9.625, 1.25, 9.5, 2.75], "texture": "#0"}
			}
		},
		{
			"from": [11, 1, 5],
			"to": [11.5, 2, 11],
			"rotation": {"angle": 0, "axis": "y", "origin": [8, 2.5, 4.5]},
			"faces": {
				"north": {"uv": [0.75, 13.25, 0.875, 13.5], "texture": "#0"},
				"east": {"uv": [8.5, 6.25, 10, 6.5], "texture": "#0"},
				"south": {"uv": [13.25, 0.75, 13.375, 1], "texture": "#0"},
				"west": {"uv": [8.5, 6.5, 10, 6.75], "texture": "#0"},
				"up": {"uv": [9.875, 2.75, 9.75, 1.25], "texture": "#0"},
				"down": {"uv": [10.125, 1.25, 10, 2.75], "texture": "#0"}
			}
		},
		{
			"from": [5, 1, 4.5],
			"to": [11, 2, 5],
			"faces": {
				"north": {"uv": [8.5, 6.75, 10, 7], "texture": "#0"},
				"east": {"uv": [1, 13.25, 1.125, 13.5], "texture": "#0"},
				"south": {"uv": [8, 8.5, 9.5, 8.75], "texture": "#0"},
				"west": {"uv": [13.25, 1.25, 13.375, 1.5], "texture": "#0"},
				"up": {"uv": [12.5, 5.375, 11, 5.25], "texture": "#0"},
				"down": {"uv": [12.5, 5.5, 11, 5.625], "texture": "#0"}
			}
		},
		{
			"from": [5, 1, 11],
			"to": [11, 2, 11.5],
			"faces": {
				"north": {"uv": [8.75, 4.5, 10.25, 4.75], "texture": "#0"},
				"east": {"uv": [13.25, 1.5, 13.375, 1.75], "texture": "#0"},
				"south": {"uv": [4.75, 8.75, 6.25, 9], "texture": "#0"},
				"west": {"uv": [13.25, 1.75, 13.375, 2], "texture": "#0"},
				"up": {"uv": [12.5, 5.875, 11, 5.75], "texture": "#0"},
				"down": {"uv": [12.5, 6, 11, 6.125], "texture": "#0"}
			}
		},
		{
			"from": [5, 1, 5],
			"to": [11, 2, 11],
			"faces": {
				"north": {"uv": [8.75, 4.75, 10.25, 5], "texture": "#0"},
				"east": {"uv": [8.75, 5, 10.25, 5.25], "texture": "#0"},
				"south": {"uv": [8.75, 5.25, 10.25, 5.5], "texture": "#0"},
				"west": {"uv": [8.75, 5.5, 10.25, 5.75], "texture": "#0"},
				"up": {"uv": [4.5, 7.5, 3, 6], "texture": "#0"},
				"down": {"uv": [7.5, 3, 6, 4.5], "texture": "#0"}
			}
		},
		{
			"from": [4, 1.5, 5],
			"to": [4.5, 2, 11],
			"rotation": {"angle": 0, "axis": "y", "origin": [8, 2.5, 4.5]},
			"faces": {
				"north": {"uv": [10, 13.25, 10.125, 13.375], "texture": "#0"},
				"east": {"uv": [11, 6.25, 12.5, 6.375], "texture": "#0"},
				"south": {"uv": [13.25, 10, 13.375, 10.125], "texture": "#0"},
				"west": {"uv": [11, 6.5, 12.5, 6.625], "texture": "#0"},
				"up": {"uv": [10.125, 4.5, 10, 3], "texture": "#0"},
				"down": {"uv": [10.375, 1.25, 10.25, 2.75], "texture": "#0"}
			}
		},
		{
			"from": [11.5, 1.5, 5],
			"to": [12, 2, 11],
			"rotation": {"angle": 0, "axis": "y", "origin": [8, 2.5, 4.5]},
			"faces": {
				"north": {"uv": [10.25, 13.25, 10.375, 13.375], "texture": "#0"},
				"east": {"uv": [11, 6.75, 12.5, 6.875], "texture": "#0"},
				"south": {"uv": [13.25, 10.25, 13.375, 10.375], "texture": "#0"},
				"west": {"uv": [11, 7, 12.5, 7.125], "texture": "#0"},
				"up": {"uv": [11.125, 8.75, 11, 7.25], "texture": "#0"},
				"down": {"uv": [11.125, 8.75, 11, 10.25], "texture": "#0"}
			}
		},
		{
			"from": [5, 1.5, 11.5],
			"to": [11, 2, 12],
			"rotation": {"angle": 0, "axis": "y", "origin": [11.75, 1.75, 8]},
			"faces": {
				"north": {"uv": [11, 10.25, 12.5, 10.375], "texture": "#0"},
				"east": {"uv": [10.5, 13.25, 10.625, 13.375], "texture": "#0"},
				"south": {"uv": [11, 10.5, 12.5, 10.625], "texture": "#0"},
				"west": {"uv": [13.25, 10.5, 13.375, 10.625], "texture": "#0"},
				"up": {"uv": [12.5, 10.875, 11, 10.75], "texture": "#0"},
				"down": {"uv": [12.5, 11, 11, 11.125], "texture": "#0"}
			}
		},
		{
			"from": [5, 1.5, 4],
			"to": [11, 2, 4.5],
			"rotation": {"angle": 0, "axis": "y", "origin": [11.75, 1.75, 8]},
			"faces": {
				"north": {"uv": [11.25, 0, 12.75, 0.125], "texture": "#0"},
				"east": {"uv": [10.75, 13.25, 10.875, 13.375], "texture": "#0"},
				"south": {"uv": [11.25, 0.25, 12.75, 0.375], "texture": "#0"},
				"west": {"uv": [13.25, 10.75, 13.375, 10.875], "texture": "#0"},
				"up": {"uv": [12.75, 0.625, 11.25, 0.5], "texture": "#0"},
				"down": {"uv": [12.75, 0.75, 11.25, 0.875], "texture": "#0"}
			}
		},
		{
			"from": [12, 2, 5],
			"to": [12.5, 2.5, 11],
			"rotation": {"angle": 0, "axis": "y", "origin": [8, 2.5, 4.5]},
			"faces": {
				"north": {"uv": [11, 13.25, 11.125, 13.375], "texture": "#0"},
				"east": {"uv": [11.25, 1, 12.75, 1.125], "texture": "#0"},
				"south": {"uv": [11.25, 13.25, 11.375, 13.375], "texture": "#0"},
				"west": {"uv": [11.25, 1.25, 12.75, 1.375], "texture": "#0"},
				"up": {"uv": [9.375, 12.5, 9.25, 11], "texture": "#0"},
				"down": {"uv": [11.375, 1.5, 11.25, 3], "texture": "#0"}
			}
		},
		{
			"from": [3.5, 2, 5],
			"to": [4, 2.5, 11],
			"rotation": {"angle": 0, "axis": "y", "origin": [3.75, 2.5, 8]},
			"faces": {
				"north": {"uv": [13.25, 11.25, 13.375, 11.375], "texture": "#0"},
				"east": {"uv": [11.25, 3, 12.75, 3.125], "texture": "#0"},
				"south": {"uv": [13.25, 11.5, 13.375, 11.625], "texture": "#0"},
				"west": {"uv": [11.25, 3.25, 12.75, 3.375], "texture": "#0"},
				"up": {"uv": [11.375, 5, 11.25, 3.5], "texture": "#0"},
				"down": {"uv": [6.125, 11.25, 6, 12.75], "texture": "#0"}
			}
		},
		{
			"from": [5, 2, 3.5],
			"to": [11, 2.5, 4],
			"rotation": {"angle": 0, "axis": "y", "origin": [3.75, 2.5, 8]},
			"faces": {
				"north": {"uv": [11.25, 5, 12.75, 5.125], "texture": "#0"},
				"east": {"uv": [13.25, 11.75, 13.375, 11.875], "texture": "#0"},
				"south": {"uv": [11.25, 7.25, 12.75, 7.375], "texture": "#0"},
				"west": {"uv": [13.25, 12, 13.375, 12.125], "texture": "#0"},
				"up": {"uv": [12.75, 7.625, 11.25, 7.5], "texture": "#0"},
				"down": {"uv": [12.75, 7.75, 11.25, 7.875], "texture": "#0"}
			}
		},
		{
			"from": [5, 2, 12],
			"to": [11, 2.5, 12.5],
			"rotation": {"angle": 0, "axis": "y", "origin": [3.75, 2.5, 8]},
			"faces": {
				"north": {"uv": [11.25, 8, 12.75, 8.125], "texture": "#0"},
				"east": {"uv": [13.25, 12.25, 13.375, 12.375], "texture": "#0"},
				"south": {"uv": [11.25, 8.25, 12.75, 8.375], "texture": "#0"},
				"west": {"uv": [13.25, 12.5, 13.375, 12.625], "texture": "#0"},
				"up": {"uv": [12.75, 8.625, 11.25, 8.5], "texture": "#0"},
				"down": {"uv": [12.75, 8.75, 11.25, 8.875], "texture": "#0"}
			}
		},
		{
			"from": [5, 2.5, 3],
			"to": [11, 8, 4],
			"rotation": {"angle": 0, "axis": "y", "origin": [3.75, 2.5, 8]},
			"faces": {
				"north": {"uv": [3, 7.5, 4.5, 8.875], "texture": "#0"},
				"east": {"uv": [7.5, 9, 7.75, 10.375], "texture": "#0"},
				"south": {"uv": [6, 4.5, 7.5, 5.875], "texture": "#0"},
				"west": {"uv": [7.75, 9, 8, 10.375], "texture": "#0"},
				"up": {"uv": [10.25, 6, 8.75, 5.75], "texture": "#0"},
				"down": {"uv": [9.5, 8.75, 8, 9], "texture": "#0"}
			}
		},
		{
			"from": [5, 2.5, 12],
			"to": [11, 8, 13],
			"rotation": {"angle": 0, "axis": "y", "origin": [3.75, 2.5, 8]},
			"faces": {
				"north": {"uv": [6, 6, 7.5, 7.375], "texture": "#0"},
				"east": {"uv": [8, 9, 8.25, 10.375], "texture": "#0"},
				"south": {"uv": [3, 7.5, 4.5, 8.875], "texture": "#0"},
				"west": {"uv": [8.25, 9, 8.5, 10.375], "texture": "#0"},
				"up": {"uv": [10.5, 0.25, 9, 0], "texture": "#0"},
				"down": {"uv": [10.5, 0.25, 9, 0.5], "texture": "#0"}
			}
		},
		{
			"from": [5, 8, 3.5],
			"to": [11, 9, 4],
			"rotation": {"angle": 0, "axis": "y", "origin": [11.75, 1.75, 8]},
			"faces": {
				"north": {"uv": [0.5, 9, 2, 9.25], "texture": "#0"},
				"east": {"uv": [13.25, 2, 13.375, 2.25], "texture": "#0"},
				"south": {"uv": [9, 0.5, 10.5, 0.75], "texture": "#0"},
				"west": {"uv": [13.25, 2.25, 13.375, 2.5], "texture": "#0"},
				"up": {"uv": [12.75, 9.125, 11.25, 9], "texture": "#0"},
				"down": {"uv": [12.75, 9.25, 11.25, 9.375], "texture": "#0"}
			}
		},
		{
			"from": [5, 10, 4.5],
			"to": [11, 10.5, 5],
			"rotation": {"angle": 0, "axis": "y", "origin": [11.75, 1.75, 8]},
			"faces": {
				"north": {"uv": [11.25, 9.5, 12.75, 9.625], "texture": "#0"},
				"east": {"uv": [12.75, 13.25, 12.875, 13.375], "texture": "#0"},
				"south": {"uv": [11.25, 9.75, 12.75, 9.875], "texture": "#0"},
				"west": {"uv": [13.25, 12.75, 13.375, 12.875], "texture": "#0"},
				"up": {"uv": [12.75, 10.125, 11.25, 10], "texture": "#0"},
				"down": {"uv": [12.5, 11.25, 11, 11.375], "texture": "#0"}
			}
		},
		{
			"from": [5, 10, 11],
			"to": [11, 10.5, 11.5],
			"rotation": {"angle": 0, "axis": "y", "origin": [11.75, 1.75, 8]},
			"faces": {
				"north": {"uv": [11.5, 1.5, 13, 1.625], "texture": "#0"},
				"east": {"uv": [13.25, 13, 13.375, 13.125], "texture": "#0"},
				"south": {"uv": [11.5, 1.75, 13, 1.875], "texture": "#0"},
				"west": {"uv": [13.25, 13.25, 13.375, 13.375], "texture": "#0"},
				"up": {"uv": [13, 2.125, 11.5, 2], "texture": "#0"},
				"down": {"uv": [13, 2.25, 11.5, 2.375], "texture": "#0"}
			}
		},
		{
			"from": [5, 8, 12],
			"to": [11, 9, 12.5],
			"rotation": {"angle": 0, "axis": "y", "origin": [11.75, 1.75, 8]},
			"faces": {
				"north": {"uv": [9, 0.75, 10.5, 1], "texture": "#0"},
				"east": {"uv": [2.5, 13.25, 2.625, 13.5], "texture": "#0"},
				"south": {"uv": [9, 1, 10.5, 1.25], "texture": "#0"},
				"west": {"uv": [13.25, 2.5, 13.375, 2.75], "texture": "#0"},
				"up": {"uv": [4, 11.625, 2.5, 11.5], "texture": "#0"},
				"down": {"uv": [13, 2.5, 11.5, 2.625], "texture": "#0"}
			}
		},
		{
			"from": [12, 2.5, 5],
			"to": [13, 8, 11],
			"rotation": {"angle": 0, "axis": "y", "origin": [16, 5.25, 12.5]},
			"faces": {
				"north": {"uv": [8.5, 9, 8.75, 10.375], "texture": "#0"},
				"east": {"uv": [3, 7.5, 4.5, 8.875], "texture": "#0"},
				"south": {"uv": [8.75, 9, 9, 10.375], "texture": "#0"},
				"west": {"uv": [7.5, 0, 9, 1.375], "texture": "#0"},
				"up": {"uv": [6.5, 10, 6.25, 8.5], "texture": "#0"},
				"down": {"uv": [9.25, 1.25, 9, 2.75], "texture": "#0"}
			}
		},
		{
			"from": [3, 2.5, 5],
			"to": [4, 8, 11],
			"rotation": {"angle": 0, "axis": "y", "origin": [16, 5.25, 12.5]},
			"faces": {
				"north": {"uv": [9, 9, 9.25, 10.375], "texture": "#0"},
				"east": {"uv": [7.5, 1.5, 9, 2.875], "texture": "#0"},
				"south": {"uv": [0.5, 9.25, 0.75, 10.625], "texture": "#0"},
				"west": {"uv": [3, 7.5, 4.5, 8.875], "texture": "#0"},
				"up": {"uv": [2.25, 10.5, 2, 9], "texture": "#0"},
				"down": {"uv": [2.5, 9, 2.25, 10.5], "texture": "#0"}
			}
		},
		{
			"from": [11, 10, 5],
			"to": [11.5, 10.5, 11],
			"rotation": {"angle": 0, "axis": "y", "origin": [17, 9.375, 11.75]},
			"faces": {
				"north": {"uv": [0, 13.5, 0.125, 13.625], "texture": "#0"},
				"east": {"uv": [11.5, 2.75, 13, 2.875], "texture": "#0"},
				"south": {"uv": [13.5, 0, 13.625, 0.125], "texture": "#0"},
				"west": {"uv": [11.5, 3.5, 13, 3.625], "texture": "#0"},
				"up": {"uv": [9.625, 12.75, 9.5, 11.25], "texture": "#0"},
				"down": {"uv": [9.875, 11.25, 9.75, 12.75], "texture": "#0"}
			}
		},
		{
			"from": [12, 8, 5],
			"to": [12.5, 9, 11],
			"rotation": {"angle": 0, "axis": "y", "origin": [17, 9.375, 11.75]},
			"faces": {
				"north": {"uv": [2.75, 13.25, 2.875, 13.5], "texture": "#0"},
				"east": {"uv": [9, 2.75, 10.5, 3], "texture": "#0"},
				"south": {"uv": [13.25, 2.75, 13.375, 3], "texture": "#0"},
				"west": {"uv": [3, 9, 4.5, 9.25], "texture": "#0"},
				"up": {"uv": [10.125, 12.75, 10, 11.25], "texture": "#0"},
				"down": {"uv": [10.375, 11.25, 10.25, 12.75], "texture": "#0"}
			}
		},
		{
			"from": [4.5, 10, 5],
			"to": [5, 10.5, 11],
			"rotation": {"angle": 0, "axis": "y", "origin": [17, 9.375, 11.75]},
			"faces": {
				"north": {"uv": [0.25, 13.5, 0.375, 13.625], "texture": "#0"},
				"east": {"uv": [11.5, 3.75, 13, 3.875], "texture": "#0"},
				"south": {"uv": [13.5, 0.25, 13.625, 0.375], "texture": "#0"},
				"west": {"uv": [11.5, 4, 13, 4.125], "texture": "#0"},
				"up": {"uv": [0.875, 13, 0.75, 11.5], "texture": "#0"},
				"down": {"uv": [1.125, 11.5, 1, 13], "texture": "#0"}
			}
		},
		{
			"from": [3.5, 8, 5],
			"to": [4, 9, 11],
			"rotation": {"angle": 0, "axis": "y", "origin": [17, 9.375, 11.75]},
			"faces": {
				"north": {"uv": [3, 13.25, 3.125, 13.5], "texture": "#0"},
				"east": {"uv": [4.75, 9, 6.25, 9.25], "texture": "#0"},
				"south": {"uv": [13.25, 3, 13.375, 3.25], "texture": "#0"},
				"west": {"uv": [9, 7, 10.5, 7.25], "texture": "#0"},
				"up": {"uv": [1.375, 13, 1.25, 11.5], "texture": "#0"},
				"down": {"uv": [1.625, 11.5, 1.5, 13], "texture": "#0"}
			}
		},
		{
			"from": [6, 11, 5.5],
			"to": [10, 11.5, 6],
			"rotation": {"angle": 0, "axis": "y", "origin": [11.75, 1.75, 8]},
			"faces": {
				"north": {"uv": [11.5, 4.75, 12.5, 4.875], "texture": "#0"},
				"east": {"uv": [0.5, 13.5, 0.625, 13.625], "texture": "#0"},
				"south": {"uv": [12.25, 4.25, 13.25, 4.375], "texture": "#0"},
				"west": {"uv": [13.5, 0.5, 13.625, 0.625], "texture": "#0"},
				"up": {"uv": [13.25, 4.625, 12.25, 4.5], "texture": "#0"},
				"down": {"uv": [13.25, 11.5, 12.25, 11.625], "texture": "#0"}
			}
		},
		{
			"from": [6, 11, 10],
			"to": [10, 11.5, 10.5],
			"rotation": {"angle": 0, "axis": "y", "origin": [11.75, 1.75, 8]},
			"faces": {
				"north": {"uv": [12.25, 11.75, 13.25, 11.875], "texture": "#0"},
				"east": {"uv": [0.75, 13.5, 0.875, 13.625], "texture": "#0"},
				"south": {"uv": [12.25, 12, 13.25, 12.125], "texture": "#0"},
				"west": {"uv": [13.5, 0.75, 13.625, 0.875], "texture": "#0"},
				"up": {"uv": [13.25, 12.375, 12.25, 12.25], "texture": "#0"},
				"down": {"uv": [13.5, 4.75, 12.5, 4.875], "texture": "#0"}
			}
		},
		{
			"from": [5.5, 11, 6],
			"to": [6, 11.5, 10],
			"rotation": {"angle": 0, "axis": "y", "origin": [17, 9.375, 11.75]},
			"faces": {
				"north": {"uv": [1, 13.5, 1.125, 13.625], "texture": "#0"},
				"east": {"uv": [12.5, 5.25, 13.5, 5.375], "texture": "#0"},
				"south": {"uv": [13.5, 1, 13.625, 1.125], "texture": "#0"},
				"west": {"uv": [12.5, 5.5, 13.5, 5.625], "texture": "#0"},
				"up": {"uv": [10.125, 7, 10, 6], "texture": "#0"},
				"down": {"uv": [10.875, 12.25, 10.75, 13.25], "texture": "#0"}
			}
		},
		{
			"from": [10, 11, 6],
			"to": [10.5, 11.5, 10],
			"rotation": {"angle": 0, "axis": "y", "origin": [17, 9.375, 11.75]},
			"faces": {
				"north": {"uv": [1.25, 13.5, 1.375, 13.625], "texture": "#0"},
				"east": {"uv": [12.5, 5.75, 13.5, 5.875], "texture": "#0"},
				"south": {"uv": [13.5, 1.25, 13.625, 1.375], "texture": "#0"},
				"west": {"uv": [12.5, 6, 13.5, 6.125], "texture": "#0"},
				"up": {"uv": [0.625, 13.5, 0.5, 12.5], "texture": "#0"},
				"down": {"uv": [2.125, 12.5, 2, 13.5], "texture": "#0"}
			}
		},
		{
			"from": [5.7, 12, 6],
			"to": [6, 12.5, 10],
			"rotation": {"angle": 0, "axis": "y", "origin": [17, 9.375, 11.75]},
			"faces": {
				"north": {"uv": [1, 13.5, 1.125, 13.625], "texture": "#0"},
				"east": {"uv": [12.5, 5.25, 13.5, 5.375], "texture": "#0"},
				"south": {"uv": [13.5, 1, 13.625, 1.125], "texture": "#0"},
				"west": {"uv": [13.5, 5.5, 12.5, 5.625], "texture": "#0"},
				"up": {"uv": [10.125, 7, 10, 6], "texture": "#0"},
				"down": {"uv": [10.875, 12.25, 10.75, 13.25], "texture": "#0"}
			}
		},
		{
			"from": [6, 12, 5.7],
			"to": [10, 12.5, 6],
			"rotation": {"angle": 0, "axis": "y", "origin": [11.75, 1.75, 8]},
			"faces": {
				"north": {"uv": [12.5, 4.75, 11.5, 4.875], "texture": "#0"},
				"east": {"uv": [0.5, 13.5, 0.625, 13.625], "texture": "#0"},
				"south": {"uv": [12.25, 4.25, 13.25, 4.375], "texture": "#0"},
				"west": {"uv": [13.5, 0.5, 13.625, 0.625], "texture": "#0"},
				"up": {"uv": [13.25, 4.625, 12.25, 4.5], "texture": "#0"},
				"down": {"uv": [13.25, 11.5, 12.25, 11.625], "texture": "#0"}
			}
		},
		{
			"from": [10, 12, 6],
			"to": [10.3, 12.5, 10],
			"rotation": {"angle": 0, "axis": "y", "origin": [17, 9.375, 11.75]},
			"faces": {
				"north": {"uv": [1.25, 13.5, 1.375, 13.625], "texture": "#0"},
				"east": {"uv": [13.5, 5.75, 12.5, 5.875], "texture": "#0"},
				"south": {"uv": [13.5, 1.25, 13.625, 1.375], "texture": "#0"},
				"west": {"uv": [12.5, 6, 13.5, 6.125], "texture": "#0"},
				"up": {"uv": [0.625, 13.5, 0.5, 12.5], "texture": "#0"},
				"down": {"uv": [2.125, 12.5, 2, 13.5], "texture": "#0"}
			}
		},
		{
			"from": [6, 12, 10],
			"to": [10, 12.5, 10.3],
			"rotation": {"angle": 0, "axis": "y", "origin": [11.75, 1.75, 8]},
			"faces": {
				"north": {"uv": [12.25, 11.75, 13.25, 11.875], "texture": "#0"},
				"east": {"uv": [0.75, 13.5, 0.875, 13.625], "texture": "#0"},
				"south": {"uv": [13.25, 12, 12.25, 12.125], "texture": "#0"},
				"west": {"uv": [13.5, 0.75, 13.625, 0.875], "texture": "#0"},
				"up": {"uv": [13.25, 12.375, 12.25, 12.25], "texture": "#0"},
				"down": {"uv": [13.5, 4.75, 12.5, 4.875], "texture": "#0"}
			}
		},
		{
			"from": [11, 1.5, 11],
			"to": [11.5, 10, 11.5],
			"rotation": {"angle": 0, "axis": "y", "origin": [8, 2.5, 4.5]},
			"faces": {
				"north": {"uv": [0.75, 9.25, 0.875, 11.375], "texture": "#0"},
				"east": {"uv": [1, 9.25, 1.125, 11.375], "texture": "#0"},
				"south": {"uv": [1.25, 9.25, 1.375, 11.375], "texture": "#0"},
				"west": {"uv": [1.5, 9.25, 1.625, 11.375], "texture": "#0"},
				"up": {"uv": [1.625, 13.625, 1.5, 13.5], "texture": "#0"},
				"down": {"uv": [13.625, 1.5, 13.5, 1.625], "texture": "#0"}
			}
		},
		{
			"from": [11, 2.5, 12],
			"to": [11.5, 8.5, 12.5],
			"rotation": {"angle": 0, "axis": "y", "origin": [8, 2.5, 4.5]},
			"faces": {
				"north": {"uv": [1.75, 11.5, 1.875, 13], "texture": "#0"},
				"east": {"uv": [4, 11.5, 4.125, 13], "texture": "#0"},
				"south": {"uv": [4.25, 11.5, 4.375, 13], "texture": "#0"},
				"west": {"uv": [4.75, 11.5, 4.875, 13], "texture": "#0"},
				"up": {"uv": [1.875, 13.625, 1.75, 13.5], "texture": "#0"},
				"down": {"uv": [13.625, 1.75, 13.5, 1.875], "texture": "#0"}
			}
		},
		{
			"from": [11.5, 2, 11],
			"to": [12, 9.5, 11.5],
			"rotation": {"angle": 0, "axis": "y", "origin": [8, 2.5, 4.5]},
			"faces": {
				"north": {"uv": [6, 9.25, 6.125, 11.125], "texture": "#0"},
				"east": {"uv": [9.25, 9, 9.375, 10.875], "texture": "#0"},
				"south": {"uv": [2.5, 9.5, 2.625, 11.375], "texture": "#0"},
				"west": {"uv": [2.75, 9.5, 2.875, 11.375], "texture": "#0"},
				"up": {"uv": [2.125, 13.625, 2, 13.5], "texture": "#0"},
				"down": {"uv": [13.625, 2, 13.5, 2.125], "texture": "#0"}
			}
		},
		{
			"from": [11, 2, 11.5],
			"to": [11.5, 9.5, 12],
			"rotation": {"angle": 0, "axis": "y", "origin": [8, 2.5, 4.5]},
			"faces": {
				"north": {"uv": [6.5, 9.5, 6.625, 11.375], "texture": "#0"},
				"east": {"uv": [6.75, 9.5, 6.875, 11.375], "texture": "#0"},
				"south": {"uv": [7, 9.5, 7.125, 11.375], "texture": "#0"},
				"west": {"uv": [7.25, 9.5, 7.375, 11.375], "texture": "#0"},
				"up": {"uv": [2.375, 13.625, 2.25, 13.5], "texture": "#0"},
				"down": {"uv": [13.625, 2.25, 13.5, 2.375], "texture": "#0"}
			}
		},
		{
			"from": [12, 2.5, 11],
			"to": [12.5, 8.5, 11.5],
			"rotation": {"angle": 0, "axis": "y", "origin": [8, 2.5, 4.5]},
			"faces": {
				"north": {"uv": [5, 11.5, 5.125, 13], "texture": "#0"},
				"east": {"uv": [5.25, 11.5, 5.375, 13], "texture": "#0"},
				"south": {"uv": [5.5, 11.5, 5.625, 13], "texture": "#0"},
				"west": {"uv": [5.75, 11.5, 5.875, 13], "texture": "#0"},
				"up": {"uv": [2.625, 13.625, 2.5, 13.5], "texture": "#0"},
				"down": {"uv": [13.625, 2.5, 13.5, 2.625], "texture": "#0"}
			}
		},
		{
			"from": [11.5, 2.5, 11.5],
			"to": [12, 9, 12],
			"rotation": {"angle": 0, "axis": "y", "origin": [8, 2.5, 4.5]},
			"faces": {
				"north": {"uv": [8.25, 10.5, 8.375, 12.125], "texture": "#0"},
				"east": {"uv": [8.5, 10.5, 8.625, 12.125], "texture": "#0"},
				"south": {"uv": [8.75, 10.5, 8.875, 12.125], "texture": "#0"},
				"west": {"uv": [9, 10.5, 9.125, 12.125], "texture": "#0"},
				"up": {"uv": [2.875, 13.625, 2.75, 13.5], "texture": "#0"},
				"down": {"uv": [13.625, 2.75, 13.5, 2.875], "texture": "#0"}
			}
		},
		{
			"from": [12, 2.5, 4.5],
			"to": [12.5, 8.5, 5],
			"rotation": {"angle": 0, "axis": "y", "origin": [11.58333, 5.66667, 4.08333]},
			"faces": {
				"north": {"uv": [6.5, 11.5, 6.625, 13], "texture": "#0"},
				"east": {"uv": [6.75, 11.5, 6.875, 13], "texture": "#0"},
				"south": {"uv": [7, 11.5, 7.125, 13], "texture": "#0"},
				"west": {"uv": [7.25, 11.5, 7.375, 13], "texture": "#0"},
				"up": {"uv": [3.125, 13.625, 3, 13.5], "texture": "#0"},
				"down": {"uv": [13.625, 3, 13.5, 3.125], "texture": "#0"}
			}
		},
		{
			"from": [11, 2.5, 3.5],
			"to": [11.5, 8.5, 4],
			"rotation": {"angle": 0, "axis": "y", "origin": [11.58333, 5.66667, 4.08333]},
			"faces": {
				"north": {"uv": [11, 11.5, 11.125, 13], "texture": "#0"},
				"east": {"uv": [11.25, 11.5, 11.375, 13], "texture": "#0"},
				"south": {"uv": [11.5, 11.5, 11.625, 13], "texture": "#0"},
				"west": {"uv": [2.5, 11.75, 2.625, 13.25], "texture": "#0"},
				"up": {"uv": [3.375, 13.625, 3.25, 13.5], "texture": "#0"},
				"down": {"uv": [13.625, 3.25, 13.5, 3.375], "texture": "#0"}
			}
		},
		{
			"from": [11.5, 2, 4.5],
			"to": [12, 9.5, 5],
			"rotation": {"angle": 0, "axis": "y", "origin": [11.58333, 5.66667, 4.08333]},
			"faces": {
				"north": {"uv": [9.5, 7.25, 9.625, 9.125], "texture": "#0"},
				"east": {"uv": [9.5, 9.25, 9.625, 11.125], "texture": "#0"},
				"south": {"uv": [9.75, 7.25, 9.875, 9.125], "texture": "#0"},
				"west": {"uv": [9.75, 9.25, 9.875, 11.125], "texture": "#0"},
				"up": {"uv": [3.625, 13.625, 3.5, 13.5], "texture": "#0"},
				"down": {"uv": [13.625, 3.5, 13.5, 3.625], "texture": "#0"}
			}
		},
		{
			"from": [11, 2, 4],
			"to": [11.5, 9.5, 4.5],
			"rotation": {"angle": 0, "axis": "y", "origin": [11.58333, 5.66667, 4.08333]},
			"faces": {
				"north": {"uv": [0, 10, 0.125, 11.875], "texture": "#0"},
				"east": {"uv": [0.25, 10, 0.375, 11.875], "texture": "#0"},
				"south": {"uv": [4.5, 10, 4.625, 11.875], "texture": "#0"},
				"west": {"uv": [6.25, 10, 6.375, 11.875], "texture": "#0"},
				"up": {"uv": [3.875, 13.625, 3.75, 13.5], "texture": "#0"},
				"down": {"uv": [13.625, 3.75, 13.5, 3.875], "texture": "#0"}
			}
		},
		{
			"from": [11, 1.5, 4.5],
			"to": [11.5, 10, 5],
			"rotation": {"angle": 0, "axis": "y", "origin": [11.58333, 5.66667, 4.08333]},
			"faces": {
				"north": {"uv": [1.75, 9.25, 1.875, 11.375], "texture": "#0"},
				"east": {"uv": [3, 9.25, 3.125, 11.375], "texture": "#0"},
				"south": {"uv": [3.25, 9.25, 3.375, 11.375], "texture": "#0"},
				"west": {"uv": [3.5, 9.25, 3.625, 11.375], "texture": "#0"},
				"up": {"uv": [4.125, 13.625, 4, 13.5], "texture": "#0"},
				"down": {"uv": [13.625, 4, 13.5, 4.125], "texture": "#0"}
			}
		},
		{
			"from": [11.5, 2.5, 4],
			"to": [12, 9, 4.5],
			"rotation": {"angle": 0, "axis": "y", "origin": [11.58333, 5.66667, 4.08333]},
			"faces": {
				"north": {"uv": [10.5, 10, 10.625, 11.625], "texture": "#0"},
				"east": {"uv": [10.75, 0, 10.875, 1.625], "texture": "#0"},
				"south": {"uv": [0.5, 10.75, 0.625, 12.375], "texture": "#0"},
				"west": {"uv": [10.75, 1.75, 10.875, 3.375], "texture": "#0"},
				"up": {"uv": [4.375, 13.625, 4.25, 13.5], "texture": "#0"},
				"down": {"uv": [13.625, 4.25, 13.5, 4.375], "texture": "#0"}
			}
		},
		{
			"from": [4.46667, 2.5, 3.46667],
			"to": [4.96667, 8.5, 3.96667],
			"rotation": {"angle": 0, "axis": "y", "origin": [4.08333, 5.66667, 4.38333]},
			"faces": {
				"north": {"uv": [2.75, 11.75, 2.875, 13.25], "texture": "#0"},
				"east": {"uv": [3, 11.75, 3.125, 13.25], "texture": "#0"},
				"south": {"uv": [3.25, 11.75, 3.375, 13.25], "texture": "#0"},
				"west": {"uv": [3.5, 11.75, 3.625, 13.25], "texture": "#0"},
				"up": {"uv": [4.625, 13.625, 4.5, 13.5], "texture": "#0"},
				"down": {"uv": [13.625, 4.5, 13.5, 4.625], "texture": "#0"}
			}
		},
		{
			"from": [3.46667, 2.5, 4.46667],
			"to": [3.96667, 8.5, 4.96667],
			"rotation": {"angle": 0, "axis": "y", "origin": [4.08333, 5.66667, 4.38333]},
			"faces": {
				"north": {"uv": [3.75, 11.75, 3.875, 13.25], "texture": "#0"},
				"east": {"uv": [10.5, 11.75, 10.625, 13.25], "texture": "#0"},
				"south": {"uv": [11.75, 11.5, 11.875, 13], "texture": "#0"},
				"west": {"uv": [0, 12, 0.125, 13.5], "texture": "#0"},
				"up": {"uv": [4.875, 13.625, 4.75, 13.5], "texture": "#0"},
				"down": {"uv": [13.625, 4.75, 13.5, 4.875], "texture": "#0"}
			}
		},
		{
			"from": [4.46667, 2, 3.96667],
			"to": [4.96667, 9.5, 4.46667],
			"rotation": {"angle": 0, "axis": "y", "origin": [4.08333, 5.66667, 4.38333]},
			"faces": {
				"north": {"uv": [10, 7.25, 10.125, 9.125], "texture": "#0"},
				"east": {"uv": [10, 9.25, 10.125, 11.125], "texture": "#0"},
				"south": {"uv": [10.25, 3, 10.375, 4.875], "texture": "#0"},
				"west": {"uv": [10.25, 5, 10.375, 6.875], "texture": "#0"},
				"up": {"uv": [5.125, 13.625, 5, 13.5], "texture": "#0"},
				"down": {"uv": [13.625, 5, 13.5, 5.125], "texture": "#0"}
			}
		},
		{
			"from": [3.96667, 2, 4.46667],
			"to": [4.46667, 9.5, 4.96667],
			"rotation": {"angle": 0, "axis": "y", "origin": [4.08333, 5.66667, 4.38333]},
			"faces": {
				"north": {"uv": [10.25, 7.25, 10.375, 9.125], "texture": "#0"},
				"east": {"uv": [10.25, 9.25, 10.375, 11.125], "texture": "#0"},
				"south": {"uv": [10.5, 0, 10.625, 1.875], "texture": "#0"},
				"west": {"uv": [2, 10.5, 2.125, 12.375], "texture": "#0"},
				"up": {"uv": [5.375, 13.625, 5.25, 13.5], "texture": "#0"},
				"down": {"uv": [13.625, 5.25, 13.5, 5.375], "texture": "#0"}
			}
		},
		{
			"from": [4.46667, 1.5, 4.46667],
			"to": [4.96667, 10, 4.96667],
			"rotation": {"angle": 0, "axis": "y", "origin": [4.08333, 5.66667, 4.38333]},
			"faces": {
				"north": {"uv": [3.75, 9.25, 3.875, 11.375], "texture": "#0"},
				"east": {"uv": [4, 9.25, 4.125, 11.375], "texture": "#0"},
				"south": {"uv": [4.25, 9.25, 4.375, 11.375], "texture": "#0"},
				"west": {"uv": [4.75, 9.25, 4.875, 11.375], "texture": "#0"},
				"up": {"uv": [5.625, 13.625, 5.5, 13.5], "texture": "#0"},
				"down": {"uv": [13.625, 5.5, 13.5, 5.625], "texture": "#0"}
			}
		},
		{
			"from": [3.96667, 2.5, 3.96667],
			"to": [4.46667, 9, 4.46667],
			"rotation": {"angle": 0, "axis": "y", "origin": [4.08333, 5.66667, 4.38333]},
			"faces": {
				"north": {"uv": [10.75, 3.5, 10.875, 5.125], "texture": "#0"},
				"east": {"uv": [10.75, 5.25, 10.875, 6.875], "texture": "#0"},
				"south": {"uv": [10.75, 7, 10.875, 8.625], "texture": "#0"},
				"west": {"uv": [10.75, 8.75, 10.875, 10.375], "texture": "#0"},
				"up": {"uv": [5.875, 13.625, 5.75, 13.5], "texture": "#0"},
				"down": {"uv": [13.625, 5.75, 13.5, 5.875], "texture": "#0"}
			}
		},
		{
			"from": [3.5, 2.5, 11],
			"to": [4, 8.5, 11.5],
			"rotation": {"angle": 0, "axis": "y", "origin": [4.38333, 5.66667, 11.98333]},
			"faces": {
				"north": {"uv": [0.25, 12, 0.375, 13.5], "texture": "#0"},
				"east": {"uv": [4.5, 12, 4.625, 13.5], "texture": "#0"},
				"south": {"uv": [6.25, 12, 6.375, 13.5], "texture": "#0"},
				"west": {"uv": [12, 11.5, 12.125, 13], "texture": "#0"},
				"up": {"uv": [6.125, 13.625, 6, 13.5], "texture": "#0"},
				"down": {"uv": [13.625, 6, 13.5, 6.125], "texture": "#0"}
			}
		},
		{
			"from": [4.5, 2.5, 12],
			"to": [5, 8.5, 12.5],
			"rotation": {"angle": 0, "axis": "y", "origin": [4.38333, 5.66667, 11.98333]},
			"faces": {
				"north": {"uv": [8.25, 12.25, 8.375, 13.75], "texture": "#0"},
				"east": {"uv": [8.5, 12.25, 8.625, 13.75], "texture": "#0"},
				"south": {"uv": [8.75, 12.25, 8.875, 13.75], "texture": "#0"},
				"west": {"uv": [9, 12.25, 9.125, 13.75], "texture": "#0"},
				"up": {"uv": [6.375, 13.625, 6.25, 13.5], "texture": "#0"},
				"down": {"uv": [13.625, 6.25, 13.5, 6.375], "texture": "#0"}
			}
		},
		{
			"from": [4, 2, 11],
			"to": [4.5, 9.5, 11.5],
			"rotation": {"angle": 0, "axis": "y", "origin": [4.38333, 5.66667, 11.98333]},
			"faces": {
				"north": {"uv": [10.5, 2, 10.625, 3.875], "texture": "#0"},
				"east": {"uv": [2.25, 10.5, 2.375, 12.375], "texture": "#0"},
				"south": {"uv": [10.5, 4, 10.625, 5.875], "texture": "#0"},
				"west": {"uv": [10.5, 6, 10.625, 7.875], "texture": "#0"},
				"up": {"uv": [6.625, 13.625, 6.5, 13.5], "texture": "#0"},
				"down": {"uv": [13.625, 6.5, 13.5, 6.625], "texture": "#0"}
			}
		},
		{
			"from": [4.5, 2, 11.5],
			"to": [5, 9.5, 12],
			"rotation": {"angle": 0, "axis": "y", "origin": [4.38333, 5.66667, 11.98333]},
			"faces": {
				"north": {"uv": [7.5, 10.5, 7.625, 12.375], "texture": "#0"},
				"east": {"uv": [7.75, 10.5, 7.875, 12.375], "texture": "#0"},
				"south": {"uv": [8, 10.5, 8.125, 12.375], "texture": "#0"},
				"west": {"uv": [10.5, 8, 10.625, 9.875], "texture": "#0"},
				"up": {"uv": [6.875, 13.625, 6.75, 13.5], "texture": "#0"},
				"down": {"uv": [13.625, 6.75, 13.5, 6.875], "texture": "#0"}
			}
		},
		{
			"from": [4.5, 1.5, 11],
			"to": [5, 10, 11.5],
			"rotation": {"angle": 0, "axis": "y", "origin": [4.38333, 5.66667, 11.98333]},
			"faces": {
				"north": {"uv": [5, 9.25, 5.125, 11.375], "texture": "#0"},
				"east": {"uv": [5.25, 9.25, 5.375, 11.375], "texture": "#0"},
				"south": {"uv": [5.5, 9.25, 5.625, 11.375], "texture": "#0"},
				"west": {"uv": [5.75, 9.25, 5.875, 11.375], "texture": "#0"},
				"up": {"uv": [7.125, 13.625, 7, 13.5], "texture": "#0"},
				"down": {"uv": [13.625, 7, 13.5, 7.125], "texture": "#0"}
			}
		},
		{
			"from": [4, 2.5, 11.5],
			"to": [4.5, 9, 12],
			"rotation": {"angle": 0, "axis": "y", "origin": [4.38333, 5.66667, 11.98333]},
			"faces": {
				"north": {"uv": [10.75, 10.5, 10.875, 12.125], "texture": "#0"},
				"east": {"uv": [11, 0, 11.125, 1.625], "texture": "#0"},
				"south": {"uv": [11, 1.75, 11.125, 3.375], "texture": "#0"},
				"west": {"uv": [11, 3.5, 11.125, 5.125], "texture": "#0"},
				"up": {"uv": [7.375, 13.625, 7.25, 13.5], "texture": "#0"},
				"down": {"uv": [13.625, 7.25, 13.5, 7.375], "texture": "#0"}
			}
		},
		{
			"from": [6, 11, 6],
			"to": [10, 11.3, 10],
			"faces": {
				"north": {"uv": [4.5, 7.5, 5.5, 8.375], "texture": "#0"},
				"east": {"uv": [7.5, 5, 8.5, 5.875], "texture": "#0"},
				"south": {"uv": [5.5, 7.5, 6.5, 8.375], "texture": "#0"},
				"west": {"uv": [7.5, 6, 8.5, 6.875], "texture": "#0"},
				"up": {"uv": [8.5, 4, 7.5, 3], "texture": "#0"},
				"down": {"uv": [8.5, 4, 7.5, 5], "texture": "#0"}
			}
		},
		{
			"from": [6, 12.5, 10],
			"to": [10, 14.5, 10.5],
			"rotation": {"angle": 0, "axis": "y", "origin": [11.75, 1.75, 8]},
			"faces": {
				"north": {"uv": [0.5, 8, 1.5, 8.5], "texture": "#0"},
				"east": {"uv": [12.75, 9.25, 12.875, 9.75], "texture": "#0"},
				"south": {"uv": [1.5, 8, 2.5, 8.5], "texture": "#0"},
				"west": {"uv": [9.5, 12.75, 9.625, 13.25], "texture": "#0"},
				"up": {"uv": [13.5, 6.375, 12.5, 6.25], "texture": "#0"},
				"down": {"uv": [13.5, 6.5, 12.5, 6.625], "texture": "#0"}
			}
		},
		{
			"from": [5.5, 12.5, 6],
			"to": [6, 14.5, 10],
			"rotation": {"angle": 0, "axis": "y", "origin": [17, 9.375, 11.75]},
			"faces": {
				"north": {"uv": [9.75, 12.75, 9.875, 13.25], "texture": "#0"},
				"east": {"uv": [8, 7, 9, 7.5], "texture": "#0"},
				"south": {"uv": [12.75, 9.75, 12.875, 10.25], "texture": "#0"},
				"west": {"uv": [8, 7.5, 9, 8], "texture": "#0"},
				"up": {"uv": [2.375, 13.5, 2.25, 12.5], "texture": "#0"},
				"down": {"uv": [7.625, 12.5, 7.5, 13.5], "texture": "#0"}
			}
		},
		{
			"from": [10, 12.5, 6],
			"to": [10.5, 14.5, 10],
			"rotation": {"angle": 0, "axis": "y", "origin": [17, 9.375, 11.75]},
			"faces": {
				"north": {"uv": [10, 12.75, 10.125, 13.25], "texture": "#0"},
				"east": {"uv": [8, 8, 9, 8.5], "texture": "#0"},
				"south": {"uv": [10.25, 12.75, 10.375, 13.25], "texture": "#0"},
				"west": {"uv": [0.5, 8.5, 1.5, 9], "texture": "#0"},
				"up": {"uv": [7.875, 13.5, 7.75, 12.5], "texture": "#0"},
				"down": {"uv": [8.125, 12.5, 8, 13.5], "texture": "#0"}
			}
		},
		{
			"from": [6, 12.5, 5.5],
			"to": [10, 14.5, 6],
			"rotation": {"angle": 0, "axis": "y", "origin": [11.75, 1.75, 8]},
			"faces": {
				"north": {"uv": [1.5, 8.5, 2.5, 9], "texture": "#0"},
				"east": {"uv": [12.75, 10.5, 12.875, 11], "texture": "#0"},
				"south": {"uv": [8.5, 3, 9.5, 3.5], "texture": "#0"},
				"west": {"uv": [12.75, 11, 12.875, 11.5], "texture": "#0"},
				"up": {"uv": [13.5, 6.875, 12.5, 6.75], "texture": "#0"},
				"down": {"uv": [13.5, 7, 12.5, 7.125], "texture": "#0"}
			}
		},
		{
			"from": [6, 13.5, 10.5],
			"to": [7, 14.7, 11],
			"rotation": {"angle": 0, "axis": "y", "origin": [11.75, 1.75, 8]},
			"faces": {
				"north": {"uv": [12.75, 5, 13, 5.25], "texture": "#0"},
				"east": {"uv": [3.25, 13.25, 3.375, 13.5], "texture": "#0"},
				"south": {"uv": [12.75, 12.5, 13, 12.75], "texture": "#0"},
				"west": {"uv": [13.25, 3.25, 13.375, 3.5], "texture": "#0"},
				"up": {"uv": [3.75, 13.375, 3.5, 13.25], "texture": "#0"},
				"down": {"uv": [13.5, 3.5, 13.25, 3.625], "texture": "#0"}
			}
		},
		{
			"from": [9.6, 13.5, 5],
			"to": [10, 14.9, 5.5],
			"rotation": {"angle": 0, "axis": "y", "origin": [11.75, 1.75, 8]},
			"faces": {
				"north": {"uv": [1.25, 13, 1.375, 13.375], "texture": "#0"},
				"east": {"uv": [13, 1.25, 13.125, 1.625], "texture": "#0"},
				"south": {"uv": [1.5, 13, 1.625, 13.375], "texture": "#0"},
				"west": {"uv": [1.75, 13, 1.875, 13.375], "texture": "#0"},
				"up": {"uv": [7.625, 13.625, 7.5, 13.5], "texture": "#0"},
				"down": {"uv": [13.625, 7.5, 13.5, 7.625], "texture": "#0"}
			}
		},
		{
			"from": [10.5, 13.5, 9],
			"to": [11, 15, 10],
			"rotation": {"angle": 0, "axis": "y", "origin": [8, 14.25, 10.75]},
			"faces": {
				"north": {"uv": [13, 1.75, 13.125, 2.125], "texture": "#0"},
				"east": {"uv": [9.25, 12.5, 9.5, 12.875], "texture": "#0"},
				"south": {"uv": [13, 2.25, 13.125, 2.625], "texture": "#0"},
				"west": {"uv": [12.5, 10.5, 12.75, 10.875], "texture": "#0"},
				"up": {"uv": [3.875, 13.5, 3.75, 13.25], "texture": "#0"},
				"down": {"uv": [13.375, 3.75, 13.25, 4], "texture": "#0"}
			}
		},
		{
			"from": [5, 13.5, 6],
			"to": [5.5, 14.9, 7],
			"rotation": {"angle": 0, "axis": "y", "origin": [8, 14.25, 10.75]},
			"faces": {
				"north": {"uv": [13, 2.75, 13.125, 3.125], "texture": "#0"},
				"east": {"uv": [12.5, 11, 12.75, 11.375], "texture": "#0"},
				"south": {"uv": [13, 3.25, 13.125, 3.625], "texture": "#0"},
				"west": {"uv": [12.25, 12.5, 12.5, 12.875], "texture": "#0"},
				"up": {"uv": [13.375, 4.25, 13.25, 4], "texture": "#0"},
				"down": {"uv": [13.375, 4.25, 13.25, 4.5], "texture": "#0"}
			}
		},
		{
			"from": [10, 13.5, 5.5],
			"to": [10.5, 15, 6],
			"rotation": {"angle": 0, "axis": "y", "origin": [11.75, 1.75, 8]},
			"faces": {
				"north": {"uv": [13, 3.75, 13.125, 4.125], "texture": "#0"},
				"east": {"uv": [4, 13, 4.125, 13.375], "texture": "#0"},
				"south": {"uv": [4.25, 13, 4.375, 13.375], "texture": "#0"},
				"west": {"uv": [4.75, 13, 4.875, 13.375], "texture": "#0"},
				"up": {"uv": [7.875, 13.625, 7.75, 13.5], "texture": "#0"},
				"down": {"uv": [13.625, 7.75, 13.5, 7.875], "texture": "#0"}
			}
		},
		{
			"from": [10, 13.5, 10],
			"to": [10.5, 15, 10.5],
			"rotation": {"angle": 0, "axis": "y", "origin": [11.75, 1.75, 8]},
			"faces": {
				"north": {"uv": [5, 13, 5.125, 13.375], "texture": "#0"},
				"east": {"uv": [5.25, 13, 5.375, 13.375], "texture": "#0"},
				"south": {"uv": [5.5, 13, 5.625, 13.375], "texture": "#0"},
				"west": {"uv": [5.75, 13, 5.875, 13.375], "texture": "#0"},
				"up": {"uv": [8.125, 13.625, 8, 13.5], "texture": "#0"},
				"down": {"uv": [13.625, 8, 13.5, 8.125], "texture": "#0"}
			}
		},
		{
			"from": [5.5, 13.5, 10],
			"to": [6, 15, 10.5],
			"rotation": {"angle": 0, "axis": "y", "origin": [11.75, 1.75, 8]},
			"faces": {
				"north": {"uv": [6.5, 13, 6.625, 13.375], "texture": "#0"},
				"east": {"uv": [6.75, 13, 6.875, 13.375], "texture": "#0"},
				"south": {"uv": [7, 13, 7.125, 13.375], "texture": "#0"},
				"west": {"uv": [7.25, 13, 7.375, 13.375], "texture": "#0"},
				"up": {"uv": [13.625, 8.375, 13.5, 8.25], "texture": "#0"},
				"down": {"uv": [13.625, 8.5, 13.5, 8.625], "texture": "#0"}
			}
		},
		{
			"from": [5.5, 13.5, 5.5],
			"to": [6, 15, 6],
			"rotation": {"angle": 0, "axis": "y", "origin": [11.75, 1.75, 8]},
			"faces": {
				"north": {"uv": [13, 7.25, 13.125, 7.625], "texture": "#0"},
				"east": {"uv": [13, 7.75, 13.125, 8.125], "texture": "#0"},
				"south": {"uv": [13, 8.25, 13.125, 8.625], "texture": "#0"},
				"west": {"uv": [13, 8.75, 13.125, 9.125], "texture": "#0"},
				"up": {"uv": [13.625, 8.875, 13.5, 8.75], "texture": "#0"},
				"down": {"uv": [13.625, 9, 13.5, 9.125], "texture": "#0"}
			}
		},
		{
			"from": [10.5, 13.5, 6],
			"to": [11, 14.8, 7],
			"rotation": {"angle": 0, "axis": "y", "origin": [8, 14.25, 10.75]},
			"faces": {
				"north": {"uv": [9.25, 13, 9.375, 13.375], "texture": "#0"},
				"east": {"uv": [12.5, 12.5, 12.75, 12.875], "texture": "#0"},
				"south": {"uv": [13, 9.25, 13.125, 9.625], "texture": "#0"},
				"west": {"uv": [12.75, 0, 13, 0.375], "texture": "#0"},
				"up": {"uv": [13.375, 4.75, 13.25, 4.5], "texture": "#0"},
				"down": {"uv": [6.125, 13.25, 6, 13.5], "texture": "#0"}
			}
		},
		{
			"from": [10.5, 13.5, 7],
			"to": [11, 14.6, 9],
			"rotation": {"angle": 0, "axis": "y", "origin": [8, 14.25, 10.75]},
			"faces": {
				"north": {"uv": [13.25, 7.25, 13.375, 7.5], "texture": "#0"},
				"east": {"uv": [9, 8.25, 9.5, 8.5], "texture": "#0"},
				"south": {"uv": [13.25, 7.5, 13.375, 7.75], "texture": "#0"},
				"west": {"uv": [9.5, 3, 10, 3.25], "texture": "#0"},
				"up": {"uv": [12.875, 13.25, 12.75, 12.75], "texture": "#0"},
				"down": {"uv": [13.125, 0, 13, 0.5], "texture": "#0"}
			}
		},
		{
			"from": [8.2, 13.5, 5],
			"to": [9.6, 14.7, 5.5],
			"rotation": {"angle": 0, "axis": "y", "origin": [11.75, 1.75, 8]},
			"faces": {
				"north": {"uv": [12.75, 0.5, 13.125, 0.75], "texture": "#0"},
				"east": {"uv": [13.25, 7.75, 13.375, 8], "texture": "#0"},
				"south": {"uv": [12.75, 0.75, 13.125, 1], "texture": "#0"},
				"west": {"uv": [13.25, 8, 13.375, 8.25], "texture": "#0"},
				"up": {"uv": [13.375, 5.125, 13, 5], "texture": "#0"},
				"down": {"uv": [13.375, 9.75, 13, 9.875], "texture": "#0"}
			}
		},
		{
			"from": [6.9, 13.5, 5],
			"to": [8.2, 15, 5.5],
			"rotation": {"angle": 0, "axis": "y", "origin": [11.75, 1.75, 8]},
			"faces": {
				"north": {"uv": [9, 7.25, 9.375, 7.625], "texture": "#0"},
				"east": {"uv": [13, 10, 13.125, 10.375], "texture": "#0"},
				"south": {"uv": [9, 7.75, 9.375, 8.125], "texture": "#0"},
				"west": {"uv": [13, 10.5, 13.125, 10.875], "texture": "#0"},
				"up": {"uv": [11.375, 13.125, 11, 13], "texture": "#0"},
				"down": {"uv": [13.375, 11, 13, 11.125], "texture": "#0"}
			}
		},
		{
			"from": [6, 13.5, 5],
			"to": [6.9, 14.8, 5.5],
			"rotation": {"angle": 0, "axis": "y", "origin": [11.75, 1.75, 8]},
			"faces": {
				"north": {"uv": [12.75, 1, 13, 1.375], "texture": "#0"},
				"east": {"uv": [11.5, 13, 11.625, 13.375], "texture": "#0"},
				"south": {"uv": [12.75, 3, 13, 3.375], "texture": "#0"},
				"west": {"uv": [11.75, 13, 11.875, 13.375], "texture": "#0"},
				"up": {"uv": [13.5, 8.375, 13.25, 8.25], "texture": "#0"},
				"down": {"uv": [13.5, 8.5, 13.25, 8.625], "texture": "#0"}
			}
		},
		{
			"from": [5, 13.5, 9.5],
			"to": [5.5, 14.9, 10],
			"rotation": {"angle": 0, "axis": "y", "origin": [8, 14.25, 10.75]},
			"faces": {
				"north": {"uv": [12, 13, 12.125, 13.375], "texture": "#0"},
				"east": {"uv": [12.25, 13, 12.375, 13.375], "texture": "#0"},
				"south": {"uv": [12.5, 13, 12.625, 13.375], "texture": "#0"},
				"west": {"uv": [13, 12.5, 13.125, 12.875], "texture": "#0"},
				"up": {"uv": [9.375, 13.625, 9.25, 13.5], "texture": "#0"},
				"down": {"uv": [13.625, 9.25, 13.5, 9.375], "texture": "#0"}
			}
		},
		{
			"from": [5, 13.5, 7],
			"to": [5.5, 14.5, 9.5],
			"rotation": {"angle": 0, "axis": "y", "origin": [8, 14.25, 10.75]},
			"faces": {
				"north": {"uv": [13.25, 8.75, 13.375, 9], "texture": "#0"},
				"east": {"uv": [11.5, 4.25, 12.125, 4.5], "texture": "#0"},
				"south": {"uv": [13.25, 9, 13.375, 9.25], "texture": "#0"},
				"west": {"uv": [11.5, 4.5, 12.125, 4.75], "texture": "#0"},
				"up": {"uv": [12.875, 8.375, 12.75, 7.75], "texture": "#0"},
				"down": {"uv": [12.875, 8.5, 12.75, 9.125], "texture": "#0"}
			}
		},
		{
			"from": [9, 13.5, 10.5],
			"to": [10, 14.8, 11],
			"rotation": {"angle": 0, "axis": "y", "origin": [11.75, 1.75, 8]},
			"faces": {
				"north": {"uv": [6, 12.75, 6.25, 13.125], "texture": "#0"},
				"east": {"uv": [13, 13, 13.125, 13.375], "texture": "#0"},
				"south": {"uv": [12.75, 7.25, 13, 7.625], "texture": "#0"},
				"west": {"uv": [13.25, 0, 13.375, 0.375], "texture": "#0"},
				"up": {"uv": [13.5, 9.375, 13.25, 9.25], "texture": "#0"},
				"down": {"uv": [9.75, 13.25, 9.5, 13.375], "texture": "#0"}
			}
		},
		{
			"from": [7, 13.5, 10.5],
			"to": [9, 14.5, 11],
			"rotation": {"angle": 0, "axis": "y", "origin": [11.75, 1.75, 8]},
			"faces": {
				"north": {"uv": [9.5, 3.25, 10, 3.5], "texture": "#0"},
				"east": {"uv": [13.25, 9.5, 13.375, 9.75], "texture": "#0"},
				"south": {"uv": [12.5, 10.25, 13, 10.5], "texture": "#0"},
				"west": {"uv": [9.75, 13.25, 9.875, 13.5], "texture": "#0"},
				"up": {"uv": [1.25, 13.125, 0.75, 13], "texture": "#0"},
				"down": {"uv": [13.5, 1, 13, 1.125], "texture": "#0"}
			}
		}
	],
	"display": {
		"thirdperson_righthand": {
			"translation": [0, 3, 0],
			"scale": [0.5, 0.5, 0.5]
		},
		"thirdperson_lefthand": {
			"scale": [0.5, 0.5, 0.5]
		},
		"firstperson_righthand": {
			"rotation": [-7, 36, 0],
			"translation": [0, 5, 2],
			"scale": [0.5, 0.5, 0.5]
		},
		"firstperson_lefthand": {
			"rotation": [-7, 36, 0],
			"translation": [0, 5, 2],
			"scale": [0.5, 0.5, 0.5]
		},
		"ground": {
			"translation": [0, 5.5, 0]
		}
	},
	"groups": [
		{
			"name": "bag",
			"origin": [0, 0, 0],
			"color": 0,
			"children": [
				{
					"name": "bag",
					"origin": [11.75, 1.75, 8],
					"color": 0,
					"children": [
						{
							"name": "down",
							"origin": [4.38333, 5.66667, 11.98333],
							"color": 0,
							"children": [0, 1, 2, 3, 4, 5, 6, 7, 8, 9, 10, 11, 12, 13, 14, 15, 16, 17, 18, 19, 20, 21, 22, 23, 24, 25, 26, 27, 28, 29, 30, 31, 32, 33, 34, 35, 36, 37, 38, 39, 40, 41, 42, 43, 44, 45, 46, 47, 48, 49, 50, 51, 52, 53, 54, 55, 56, 57, 58, 59, 60, 61]
						},
						{
							"name": "up",
							"origin": [11.75, 1.75, 8],
							"color": 0,
							"children": [62, 63, 64, 65, 66, 67, 68, 69, 70, 71, 72, 73, 74, 75, 76, 77, 78, 79, 80, 81, 82, 83, 84]
						}
					]
				}
			]
		},
		{
			"name": "bag",
			"origin": [0, 0, 0],
			"color": 0,
			"children": [
				{
					"name": "bag",
					"origin": [11.75, 1.75, 8],
					"color": 0,
					"children": [
						{
							"name": "down",
							"origin": [4.38333, 5.66667, 11.98333],
							"color": 0,
							"children": [85, 86, 87, 88, 89, 90, 91, 92, 93, 94, 95, 96, 97, 98, 99, 100, 101, 102, 103, 104, 105, 106, 107, 108, 109, 110, 111, 112, 113, 114, 115, 116, 117, 118, 119, 120, 121, 122, 123, 124, 125, 126, 127, 128, 129, 130, 131, 132, 133, 134, 135, 136, 137, 138, 139, 140, 141, 142, 143, 144, 145, 146]
						},
						{
							"name": "up",
							"origin": [11.75, 1.75, 8],
							"color": 0,
							"children": [147, 148, 149, 150, 151, 152, 153, 154, 155, 156, 157, 158, 159, 160, 161, 162, 163, 164, 165, 166, 167, 168]
						}
					]
				}
			]
		}
	]
}