{
	"credit": "Made with Blockbench",
	"texture_size": [32, 32],
	"textures": {
		"0": "season1/misc/openbook",
		"particle": "season1/misc/openbook"
	},
	"elements": [
		{
			"from": [0, 23.475, 0],
			"to": [7, 23.475, 10],
			"rotation": {"angle": -22.5, "axis": "z", "origin": [3.5, 22.1, 5]},
			"faces": {
				"north": {"uv": [0, 0, 3.5, 0], "texture": "#0"},
				"east": {"uv": [0, 0, 5, 0], "texture": "#0"},
				"south": {"uv": [0, 0, 3.5, 0], "texture": "#0"},
				"west": {"uv": [0, 0, 5, 0], "texture": "#0"},
				"up": {"uv": [3.5, 5, 0, 0], "texture": "#0"},
				"down": {"uv": [7, 0, 3.5, 5], "texture": "#0"}
			}
		},
		{
			"from": [3.00479, 24.924, 0],
			"to": [8.00479, 24.924, 10],
			"rotation": {"angle": -45, "axis": "z", "origin": [5.50479, 24.924, 5]},
			"faces": {
				"north": {"uv": [0, 0, 2.5, 0], "texture": "#0"},
				"east": {"uv": [0, 0, 5, 0], "texture": "#0"},
				"south": {"uv": [0, 0, 2.5, 0], "texture": "#0"},
				"west": {"uv": [0, 0, 5, 0], "texture": "#0"},
				"up": {"uv": [7.5, 10, 5, 5], "texture": "#0"},
				"down": {"uv": [9.5, 0, 7, 5], "texture": "#0"}
			}
		},
		{
			"from": [3.55, 22.875, 0],
			"to": [8.55, 23.875, 10],
			"rotation": {"angle": -22.5, "axis": "z", "origin": [6, 26.6, 5]},
			"faces": {
				"north": {"uv": [7.5, 6, 10, 6.5], "texture": "#0"},
				"east": {"uv": [7.5, 5, 12.5, 5.5], "texture": "#0"},
				"south": {"uv": [7.5, 6.5, 10, 7], "texture": "#0"},
				"west": {"uv": [7.5, 5.5, 12.5, 6], "texture": "#0"},
				"up": {"uv": [2.5, 10, 0, 5], "texture": "#0"},
				"down": {"uv": [5, 5, 2.5, 10], "texture": "#0"}
			}
		},
		{
			"from": [7.525, 23.475, 0],
			"to": [14.525, 23.475, 10],
			"rotation": {"angle": 22.5, "axis": "z", "origin": [11.025, 22.1, 5]},
			"faces": {
				"north": {"uv": [3.5, 0, 0, 0], "texture": "#0"},
				"east": {"uv": [5, 0, 0, 0], "texture": "#0"},
				"south": {"uv": [3.5, 0, 0, 0], "texture": "#0"},
				"west": {"uv": [5, 0, 0, 0], "texture": "#0"},
				"up": {"uv": [0, 5, 3.5, 0], "texture": "#0"},
				"down": {"uv": [12.5, 11, 16, 16], "texture": "#0"}
			}
		},
		{
			"from": [5.975, 22.875, 0],
			"to": [10.975, 23.875, 10],
			"rotation": {"angle": 22.5, "axis": "z", "origin": [8.525, 26.6, 5]},
			"faces": {
				"north": {"uv": [10, 6, 7.5, 6.5], "texture": "#0"},
				"east": {"uv": [12.5, 5.5, 7.5, 6], "texture": "#0"},
				"south": {"uv": [10, 6.5, 7.5, 7], "texture": "#0"},
				"west": {"uv": [12.5, 5, 7.5, 5.5], "texture": "#0"},
				"up": {"uv": [0, 10, 2.5, 5], "texture": "#0"},
				"down": {"uv": [2.5, 5, 5, 10], "texture": "#0"}
			}
		},
		{
			"from": [6.08936, 24.41416, 0],
			"to": [11.08936, 24.41416, 10],
			"rotation": {"angle": 45, "axis": "z", "origin": [8.18936, 25.18916, 5]},
			"faces": {
				"north": {"uv": [2.5, 0, 0, 0], "texture": "#0"},
				"east": {"uv": [5, 0, 0, 0], "texture": "#0"},
				"south": {"uv": [2.5, 0, 0, 0], "texture": "#0"},
				"west": {"uv": [5, 0, 0, 0], "texture": "#0"},
				"up": {"uv": [5, 10, 7.5, 5], "texture": "#0"},
				"down": {"uv": [7, 0, 9.5, 5], "texture": "#0"}
			}
		}
	],
	"display": {
		"thirdperson_righthand": {
			"rotation": [-4, 0, 0],
			"translation": [0.5, -14.25, 2.75],
			"scale": [0.5, 1, 0.5]
		},
		"thirdperson_lefthand": {
			"translation": [0, -14.75, 0],
			"scale": [0.5, 1, 0.5]
		},
		"firstperson_righthand": {
			"rotation": [-43, 0, 0],
			"translation": [6.75, -12, 7.75]
		},
		"firstperson_lefthand": {
			"rotation": [-43, 0, 0],
			"translation": [6.75, -12, 7.75]
		},
		"ground": {
			"translation": [0, -17.75, 0]
		},
		"gui": {
			"rotation": [43, 0, 0],
			"translation": [0.75, -15.5, 0],
			"scale": [1.06, 1.13, 0.91]
		},
		"head": {
			"rotation": [-45, 0, 0],
			"translation": [0, 0, 8.5]
		},
		"fixed": {
			"rotation": [-88, 0, 0],
			"translation": [0.75, 3, 14],
			"scale": [1.31, 1, 1.29]
		}
	},
	"groups": [
		{
			"name": "group",
			"origin": [8, 8, 8],
			"color": 0,
			"children": [0, 1, 2, 3, 4, 5]
		}
	]
}