{
	"credit": "Made with Blockbench",
	"textures": {
		"0": "season1/misc/spawnerkey",
		"particle": "season1/misc/spawnerkey"
	},
	"elements": [
		{
			"from": [-0.2, 0.5, 0],
			"to": [1.3, 0.6, 1.5],
			"rotation": {"angle": 22.5, "axis": "y", "origin": [1.33333, 0.05, -1.28333]},
			"faces": {
				"north": {"uv": [2, 11.875, 3.5, 12.375], "texture": "#0"},
				"east": {"uv": [2, 11.875, 3.5, 12.375], "texture": "#0"},
				"south": {"uv": [2, 12.5, 3.5, 13], "texture": "#0"},
				"west": {"uv": [2, 12.5, 3.5, 13], "texture": "#0"},
				"up": {"uv": [1.5, 13.25, 0, 11.75], "texture": "#0"},
				"down": {"uv": [1.5, 11.75, 0, 13.25], "texture": "#0"}
			}
		},
		{
			"from": [0.3, 0.5, -0.5],
			"to": [1.3, 0.6, 0],
			"rotation": {"angle": 22.5, "axis": "y", "origin": [1.33333, 0.05, -1.28333]},
			"faces": {
				"north": {"uv": [0, 13.5, 1, 14], "texture": "#0"},
				"east": {"uv": [1, 14.5, 1.5, 15], "texture": "#0"},
				"south": {"uv": [1, 13.5, 2, 14], "texture": "#0"},
				"west": {"uv": [1, 14.5, 1.5, 15], "texture": "#0"},
				"up": {"uv": [3, 14, 2, 13.5], "texture": "#0"},
				"down": {"uv": [4, 13.5, 3, 14], "texture": "#0"}
			}
		},
		{
			"from": [0.3, 0.5, -1],
			"to": [0.8, 0.6, -0.5],
			"rotation": {"angle": 22.5, "axis": "y", "origin": [1.33333, 0.05, -1.28333]},
			"faces": {
				"north": {"uv": [5, 12.5, 5.5, 13], "texture": "#0"},
				"east": {"uv": [2, 14.5, 2.5, 15], "texture": "#0"},
				"south": {"uv": [5, 12.5, 5.5, 13], "texture": "#0"},
				"west": {"uv": [3, 14.5, 3.5, 15], "texture": "#0"},
				"up": {"uv": [5.5, 13, 5, 12.5], "texture": "#0"},
				"down": {"uv": [4.5, 14.5, 4, 15], "texture": "#0"}
			}
		},
		{
			"from": [2.0928, 0.5, -2.43618],
			"to": [2.5928, 0.6, -1.93618],
			"rotation": {"angle": 0, "axis": "y", "origin": [2.42614, 0.05, -1.51951]},
			"faces": {
				"north": {"uv": [5, 12.5, 5.5, 13], "texture": "#0"},
				"east": {"uv": [2, 14.5, 2.5, 15], "texture": "#0"},
				"south": {"uv": [5, 12.5, 5.5, 13], "texture": "#0"},
				"west": {"uv": [3, 14.5, 3.5, 15], "texture": "#0"},
				"up": {"uv": [5.5, 13, 5, 12.5], "texture": "#0"},
				"down": {"uv": [4.5, 14.5, 4, 15], "texture": "#0"}
			}
		},
		{
			"from": [2.0928, 0.5, -1.93618],
			"to": [3.0928, 0.6, -1.43618],
			"rotation": {"angle": 0, "axis": "y", "origin": [2.42614, 0.05, -1.51951]},
			"faces": {
				"north": {"uv": [0, 13.5, 1, 14], "texture": "#0"},
				"east": {"uv": [1, 14.5, 1.5, 15], "texture": "#0"},
				"south": {"uv": [1, 13.5, 2, 14], "texture": "#0"},
				"west": {"uv": [1, 14.5, 1.5, 15], "texture": "#0"},
				"up": {"uv": [3, 14, 2, 13.5], "texture": "#0"},
				"down": {"uv": [4, 13.5, 3, 14], "texture": "#0"}
			}
		},
		{
			"from": [1.5928, 0.5, -1.43618],
			"to": [3.0928, 0.6, 0.06382],
			"rotation": {"angle": 0, "axis": "y", "origin": [2.42614, 0.05, -1.51951]},
			"faces": {
				"north": {"uv": [2, 11.875, 3.5, 12.375], "texture": "#0"},
				"east": {"uv": [2, 11.875, 3.5, 12.375], "texture": "#0"},
				"south": {"uv": [2, 12.5, 3.5, 13], "texture": "#0"},
				"west": {"uv": [2, 12.5, 3.5, 13], "texture": "#0"},
				"up": {"uv": [1.5, 13.25, 0, 11.75], "texture": "#0"},
				"down": {"uv": [1.5, 11.75, 0, 13.25], "texture": "#0"}
			}
		},
		{
			"from": [3.6, -0.4, 0.4],
			"to": [4.6, -0.3, 1.4],
			"rotation": {"angle": -22.5, "axis": "y", "origin": [4.075, -0.35, 0.725]},
			"faces": {
				"north": {"uv": [3, 13.5, 4, 14], "texture": "#0"},
				"east": {"uv": [4, 12.5, 5, 13], "texture": "#0"},
				"south": {"uv": [4, 13.5, 5, 14], "texture": "#0"},
				"west": {"uv": [0, 14.5, 1, 15], "texture": "#0"},
				"up": {"uv": [1, 16, 0, 15], "texture": "#0"},
				"down": {"uv": [1, 15, 0, 16], "texture": "#0"}
			}
		},
		{
			"from": [3.6, -0.4, -0.1],
			"to": [4.1, -0.3, 0.4],
			"rotation": {"angle": -22.5, "axis": "y", "origin": [4.075, -0.35, 0.725]},
			"faces": {
				"north": {"uv": [5, 13.5, 5.5, 14], "texture": "#0"},
				"east": {"uv": [5, 14.5, 5.5, 15], "texture": "#0"},
				"south": {"uv": [0, 15.5, 0.5, 16], "texture": "#0"},
				"west": {"uv": [5, 12.875, 5.5, 13.375], "texture": "#0"},
				"up": {"uv": [1.5, 16, 1, 15.5], "texture": "#0"},
				"down": {"uv": [5.5, 12.875, 5, 13.375], "texture": "#0"}
			}
		},
		{
			"from": [3.70608, 0.4, 3.09344],
			"to": [4.20608, 0.5, 3.59344],
			"rotation": {"angle": -45, "axis": "y", "origin": [3.83108, 0.45, 3.71844]},
			"faces": {
				"north": {"uv": [5, 13.5, 5.5, 14], "rotation": 180, "texture": "#0"},
				"east": {"uv": [5, 12.875, 5.5, 13.375], "rotation": 180, "texture": "#0"},
				"south": {"uv": [0, 15.5, 0.5, 16], "rotation": 180, "texture": "#0"},
				"west": {"uv": [5, 14.5, 5.5, 15], "rotation": 180, "texture": "#0"},
				"up": {"uv": [5.5, 12.875, 5, 13.375], "rotation": 180, "texture": "#0"},
				"down": {"uv": [1.5, 16, 1, 15.5], "rotation": 180, "texture": "#0"}
			}
		},
		{
			"from": [3.20608, 0.4, 3.59344],
			"to": [4.20608, 0.5, 4.59344],
			"rotation": {"angle": -45, "axis": "y", "origin": [3.83108, 0.45, 3.71844]},
			"faces": {
				"north": {"uv": [3, 13.5, 4, 14], "rotation": 180, "texture": "#0"},
				"east": {"uv": [0, 14.5, 1, 15], "rotation": 180, "texture": "#0"},
				"south": {"uv": [4, 13.5, 5, 14], "rotation": 180, "texture": "#0"},
				"west": {"uv": [4, 12.5, 5, 13], "rotation": 180, "texture": "#0"},
				"up": {"uv": [1, 15, 0, 16], "rotation": 180, "texture": "#0"},
				"down": {"uv": [1, 16, 0, 15], "rotation": 180, "texture": "#0"}
			}
		},
		{
			"from": [-0.04083, 0.4, 2.43205],
			"to": [0.95917, 0.5, 3.43205],
			"rotation": {"angle": -45, "axis": "y", "origin": [0.08417, 0.45, 3.35705]},
			"faces": {
				"north": {"uv": [4, 12.5, 5, 13], "texture": "#0"},
				"east": {"uv": [4, 13.5, 5, 14], "texture": "#0"},
				"south": {"uv": [0, 14.5, 1, 15], "texture": "#0"},
				"west": {"uv": [3, 13.5, 4, 14], "texture": "#0"},
				"up": {"uv": [1, 16, 0, 15], "rotation": 270, "texture": "#0"},
				"down": {"uv": [1, 15, 0, 16], "rotation": 90, "texture": "#0"}
			}
		},
		{
			"from": [-0.54083, 0.4, 2.93205],
			"to": [-0.04083, 0.5, 3.43205],
			"rotation": {"angle": -45, "axis": "y", "origin": [0.08417, 0.45, 3.35705]},
			"faces": {
				"north": {"uv": [5, 14.5, 5.5, 15], "texture": "#0"},
				"east": {"uv": [0, 15.5, 0.5, 16], "texture": "#0"},
				"south": {"uv": [5, 12.875, 5.5, 13.375], "texture": "#0"},
				"west": {"uv": [5, 13.5, 5.5, 14], "texture": "#0"},
				"up": {"uv": [1.5, 16, 1, 15.5], "rotation": 270, "texture": "#0"},
				"down": {"uv": [5.5, 12.875, 5, 13.375], "rotation": 90, "texture": "#0"}
			}
		},
		{
			"from": [-0.58421, 1.1, 0.76103],
			"to": [-0.08421, 1.2, 1.26103],
			"rotation": {"angle": 22.5, "axis": "y", "origin": [-0.15921, 1.15, 0.38603]},
			"faces": {
				"north": {"uv": [5, 13.5, 5.5, 14], "rotation": 180, "texture": "#0"},
				"east": {"uv": [5, 12.875, 5.5, 13.375], "rotation": 180, "texture": "#0"},
				"south": {"uv": [0, 15.5, 0.5, 16], "rotation": 180, "texture": "#0"},
				"west": {"uv": [5, 14.5, 5.5, 15], "rotation": 180, "texture": "#0"},
				"up": {"uv": [5.5, 12.875, 5, 13.375], "rotation": 180, "texture": "#0"},
				"down": {"uv": [1.5, 16, 1, 15.5], "rotation": 180, "texture": "#0"}
			}
		},
		{
			"from": [-1.08421, 1.1, 1.26103],
			"to": [-0.08421, 1.2, 2.26103],
			"rotation": {"angle": 22.5, "axis": "y", "origin": [-0.15921, 1.15, 0.38603]},
			"faces": {
				"north": {"uv": [3, 13.5, 4, 14], "rotation": 180, "texture": "#0"},
				"east": {"uv": [0, 14.5, 1, 15], "rotation": 180, "texture": "#0"},
				"south": {"uv": [4, 13.5, 5, 14], "rotation": 180, "texture": "#0"},
				"west": {"uv": [4, 12.5, 5, 13], "rotation": 180, "texture": "#0"},
				"up": {"uv": [1, 15, 0, 16], "rotation": 180, "texture": "#0"},
				"down": {"uv": [1, 16, 0, 15], "rotation": 180, "texture": "#0"}
			}
		},
		{
			"from": [0.1, 0.1, 0.6],
			"to": [0.3, 0.9, 2.6],
			"rotation": {"angle": 0, "axis": "y", "origin": [-6.4, 0, 0.6]},
			"faces": {
				"north": {"uv": [9.5, 5, 9.625, 5.375], "texture": "#0"},
				"east": {"uv": [5, 1, 6, 1.375], "texture": "#0"},
				"south": {"uv": [5.5, 9.5, 5.625, 9.875], "texture": "#0"},
				"west": {"uv": [1.5, 5, 2.5, 5.375], "texture": "#0"},
				"up": {"uv": [8.625, 6.5, 8.5, 5.5], "texture": "#0"},
				"down": {"uv": [6.125, 8.5, 6, 9.5], "texture": "#0"}
			}
		},
		{
			"from": [1.7, 0.2, 4],
			"to": [2.5, 0.8, 8.5],
			"rotation": {"angle": 0, "axis": "y", "origin": [-6.4, 0, 0.6]},
			"faces": {
				"north": {"uv": [7, 8.5, 7.375, 8.75], "texture": "#0"},
				"east": {"uv": [2.5, 1.5, 4.75, 1.75], "texture": "#0"},
				"south": {"uv": [7.5, 8.5, 7.875, 8.75], "texture": "#0"},
				"west": {"uv": [2.5, 2, 4.75, 2.25], "texture": "#0"},
				"up": {"uv": [0.375, 2.25, 0, 0], "texture": "#0"},
				"down": {"uv": [0.875, 0, 0.5, 2.25], "texture": "#0"}
			}
		},
		{
			"from": [1.7, 0.3, 8.5],
			"to": [2.5, 0.7, 8.8],
			"rotation": {"angle": 0, "axis": "y", "origin": [-6.4, 0, 0.6]},
			"faces": {
				"north": {"uv": [8.5, 7.5, 8.875, 7.75], "texture": "#0"},
				"east": {"uv": [3.5, 10, 3.625, 10.25], "texture": "#0"},
				"south": {"uv": [8, 8.5, 8.375, 8.75], "texture": "#0"},
				"west": {"uv": [10, 3.5, 10.125, 3.75], "texture": "#0"},
				"up": {"uv": [9.875, 4.625, 9.5, 4.5], "texture": "#0"},
				"down": {"uv": [5.375, 9.5, 5, 9.625], "texture": "#0"}
			}
		},
		{
			"from": [2.5, 0.3, 4],
			"to": [2.6, 0.7, 8.5],
			"rotation": {"angle": 0, "axis": "y", "origin": [-6.4, 0, 0.6]},
			"faces": {
				"north": {"uv": [4, 10, 4.125, 10.25], "texture": "#0"},
				"east": {"uv": [0, 3, 2.25, 3.25], "texture": "#0"},
				"south": {"uv": [10, 4, 10.125, 4.25], "texture": "#0"},
				"west": {"uv": [2.5, 3, 4.75, 3.25], "texture": "#0"},
				"up": {"uv": [4.125, 7.25, 4, 5], "texture": "#0"},
				"down": {"uv": [4.625, 5, 4.5, 7.25], "texture": "#0"}
			}
		},
		{
			"from": [1.6, 0.3, 4],
			"to": [1.7, 0.7, 8.5],
			"rotation": {"angle": 0, "axis": "y", "origin": [-6.4, 0, 0.6]},
			"faces": {
				"north": {"uv": [4.5, 10, 4.625, 10.25], "texture": "#0"},
				"east": {"uv": [3, 2.5, 5.25, 2.75], "texture": "#0"},
				"south": {"uv": [10, 4.5, 10.125, 4.75], "texture": "#0"},
				"west": {"uv": [0, 3.5, 2.25, 3.75], "texture": "#0"},
				"up": {"uv": [5.125, 7.25, 5, 5], "texture": "#0"},
				"down": {"uv": [0.125, 5.5, 0, 7.75], "texture": "#0"}
			}
		},
		{
			"from": [2.6, 0.3, 7.6],
			"to": [3.1, 0.7, 8.5],
			"rotation": {"angle": 0, "axis": "y", "origin": [-6.4, 0, 0.6]},
			"faces": {
				"north": {"uv": [3.5, 9, 3.75, 9.25], "texture": "#0"},
				"east": {"uv": [3.5, 5.5, 4, 5.75], "texture": "#0"},
				"south": {"uv": [9, 3.5, 9.25, 3.75], "texture": "#0"},
				"west": {"uv": [3.5, 6, 4, 6.25], "texture": "#0"},
				"up": {"uv": [3.75, 7, 3.5, 6.5], "texture": "#0"},
				"down": {"uv": [3.75, 7, 3.5, 7.5], "texture": "#0"}
			}
		},
		{
			"from": [2.6, 0.3, 5.8],
			"to": [3.1, 0.7, 6.7],
			"rotation": {"angle": 0, "axis": "y", "origin": [-6.4, 0, 0.6]},
			"faces": {
				"north": {"uv": [4, 9, 4.25, 9.25], "texture": "#0"},
				"east": {"uv": [0, 8, 0.5, 8.25], "texture": "#0"},
				"south": {"uv": [9, 4, 9.25, 4.25], "texture": "#0"},
				"west": {"uv": [8, 0, 8.5, 0.25], "texture": "#0"},
				"up": {"uv": [0.75, 8.5, 0.5, 8], "texture": "#0"},
				"down": {"uv": [8.25, 0.5, 8, 1], "texture": "#0"}
			}
		},
		{
			"from": [1.1, 0.3, 6.7],
			"to": [1.6, 0.7, 7.6],
			"rotation": {"angle": 0, "axis": "y", "origin": [-6.4, 0, 0.6]},
			"faces": {
				"north": {"uv": [4.5, 9, 4.75, 9.25], "texture": "#0"},
				"east": {"uv": [1, 8, 1.5, 8.25], "texture": "#0"},
				"south": {"uv": [9, 4.5, 9.25, 4.75], "texture": "#0"},
				"west": {"uv": [1.5, 8, 2, 8.25], "texture": "#0"},
				"up": {"uv": [2.25, 8.5, 2, 8], "texture": "#0"},
				"down": {"uv": [2.75, 8, 2.5, 8.5], "texture": "#0"}
			}
		},
		{
			"from": [0.8, 0.5, 6.9],
			"to": [1.1, 0.7, 7.4],
			"rotation": {"angle": 0, "axis": "y", "origin": [-6.4, 0, 0.6]},
			"faces": {
				"north": {"uv": [9.5, 11, 9.625, 11.125], "texture": "#0"},
				"east": {"uv": [5, 10, 5.25, 10.125], "texture": "#0"},
				"south": {"uv": [11, 9.5, 11.125, 9.625], "texture": "#0"},
				"west": {"uv": [10, 5, 10.25, 5.125], "texture": "#0"},
				"up": {"uv": [5.625, 10.25, 5.5, 10], "texture": "#0"},
				"down": {"uv": [10.125, 5.5, 10, 5.75], "texture": "#0"}
			}
		},
		{
			"from": [3.1, 0.3, 8],
			"to": [3.4, 0.5, 8.5],
			"rotation": {"angle": 0, "axis": "y", "origin": [-6.4, 0, 0.6]},
			"faces": {
				"north": {"uv": [10, 11, 10.125, 11.125], "texture": "#0"},
				"east": {"uv": [6, 10, 6.25, 10.125], "texture": "#0"},
				"south": {"uv": [11, 10, 11.125, 10.125], "texture": "#0"},
				"west": {"uv": [10, 6, 10.25, 6.125], "texture": "#0"},
				"up": {"uv": [6.625, 10.25, 6.5, 10], "texture": "#0"},
				"down": {"uv": [10.125, 6.5, 10, 6.75], "texture": "#0"}
			}
		},
		{
			"from": [3.1, 0.3, 5.8],
			"to": [3.4, 0.5, 6.3],
			"rotation": {"angle": 0, "axis": "y", "origin": [-6.4, 0, 0.6]},
			"faces": {
				"north": {"uv": [10.5, 11, 10.625, 11.125], "texture": "#0"},
				"east": {"uv": [7, 10, 7.25, 10.125], "texture": "#0"},
				"south": {"uv": [11, 10.5, 11.125, 10.625], "texture": "#0"},
				"west": {"uv": [10, 7, 10.25, 7.125], "texture": "#0"},
				"up": {"uv": [7.625, 10.25, 7.5, 10], "texture": "#0"},
				"down": {"uv": [10.125, 7.5, 10, 7.75], "texture": "#0"}
			}
		},
		{
			"from": [0.4, 0, 2.6],
			"to": [0.6, 1, 3.1],
			"rotation": {"angle": 0, "axis": "y", "origin": [-6.4, 0, 0.6]},
			"faces": {
				"north": {"uv": [5, 9, 5.125, 9.5], "texture": "#0"},
				"east": {"uv": [8, 2.5, 8.25, 3], "texture": "#0"},
				"south": {"uv": [9, 5, 9.125, 5.5], "texture": "#0"},
				"west": {"uv": [3, 8, 3.25, 8.5], "texture": "#0"},
				"up": {"uv": [8.125, 10.25, 8, 10], "texture": "#0"},
				"down": {"uv": [10.125, 8, 10, 8.25], "texture": "#0"}
			}
		},
		{
			"from": [3.6, 0, 2.6],
			"to": [3.8, 1, 3.1],
			"rotation": {"angle": 0, "axis": "y", "origin": [-6.4, 0, 0.6]},
			"faces": {
				"north": {"uv": [5.5, 9, 5.625, 9.5], "texture": "#0"},
				"east": {"uv": [8, 3, 8.25, 3.5], "texture": "#0"},
				"south": {"uv": [9, 5.5, 9.125, 6], "texture": "#0"},
				"west": {"uv": [3.5, 8, 3.75, 8.5], "texture": "#0"},
				"up": {"uv": [8.625, 10.25, 8.5, 10], "texture": "#0"},
				"down": {"uv": [10.125, 8.5, 10, 8.75], "texture": "#0"}
			}
		},
		{
			"from": [0.3, 0, 0.6],
			"to": [0.6, 1, 2.6],
			"rotation": {"angle": 0, "axis": "y", "origin": [-6.4, 0, 0.6]},
			"faces": {
				"north": {"uv": [9, 6, 9.125, 6.5], "texture": "#0"},
				"east": {"uv": [4, 0, 5, 0.5], "texture": "#0"},
				"south": {"uv": [9, 6.5, 9.125, 7], "texture": "#0"},
				"west": {"uv": [4, 0.5, 5, 1], "texture": "#0"},
				"up": {"uv": [4.125, 9, 4, 8], "texture": "#0"},
				"down": {"uv": [4.625, 8, 4.5, 9], "texture": "#0"}
			}
		},
		{
			"from": [3.6, 0, 0.6],
			"to": [3.9, 1, 2.6],
			"rotation": {"angle": 0, "axis": "y", "origin": [-6.4, 0, 0.6]},
			"faces": {
				"north": {"uv": [7, 9, 7.125, 9.5], "texture": "#0"},
				"east": {"uv": [4, 1, 5, 1.5], "texture": "#0"},
				"south": {"uv": [9, 7, 9.125, 7.5], "texture": "#0"},
				"west": {"uv": [1.5, 4, 2.5, 4.5], "texture": "#0"},
				"up": {"uv": [5.125, 9, 5, 8], "texture": "#0"},
				"down": {"uv": [5.625, 8, 5.5, 9], "texture": "#0"}
			}
		},
		{
			"from": [0.6, 0, 0.2],
			"to": [3.6, 1, 0.6],
			"rotation": {"angle": 0, "axis": "y", "origin": [-6.4, 0, 0.6]},
			"faces": {
				"north": {"uv": [1, 2, 2.5, 2.5], "texture": "#0"},
				"east": {"uv": [8, 3.5, 8.25, 4], "texture": "#0"},
				"south": {"uv": [0, 2.5, 1.5, 3], "texture": "#0"},
				"west": {"uv": [6, 8, 6.25, 8.5], "texture": "#0"},
				"up": {"uv": [6, 4.75, 4.5, 4.5], "texture": "#0"},
				"down": {"uv": [1.5, 5, 0, 5.25], "texture": "#0"}
			}
		},
		{
			"from": [0.4, 0, 0.2],
			"to": [0.6, 1, 0.6],
			"rotation": {"angle": 0, "axis": "y", "origin": [-6.4, 0, 0.6]},
			"faces": {
				"north": {"uv": [7.5, 9, 7.625, 9.5], "texture": "#0"},
				"east": {"uv": [6.5, 8, 6.75, 8.5], "texture": "#0"},
				"south": {"uv": [9, 7.5, 9.125, 8], "texture": "#0"},
				"west": {"uv": [7, 8, 7.25, 8.5], "texture": "#0"},
				"up": {"uv": [9.125, 10.25, 9, 10], "texture": "#0"},
				"down": {"uv": [10.125, 9, 10, 9.25], "texture": "#0"}
			}
		},
		{
			"from": [3.6, 0, 0.2],
			"to": [3.8, 1, 0.6],
			"rotation": {"angle": 0, "axis": "y", "origin": [-6.4, 0, 0.6]},
			"faces": {
				"north": {"uv": [8, 9, 8.125, 9.5], "texture": "#0"},
				"east": {"uv": [7.5, 8, 7.75, 8.5], "texture": "#0"},
				"south": {"uv": [9, 8, 9.125, 8.5], "texture": "#0"},
				"west": {"uv": [8, 7.5, 8.25, 8], "texture": "#0"},
				"up": {"uv": [9.625, 10.25, 9.5, 10], "texture": "#0"},
				"down": {"uv": [10.125, 9.5, 10, 9.75], "texture": "#0"}
			}
		},
		{
			"from": [1, 0, 0.1],
			"to": [3.2, 1, 0.2],
			"rotation": {"angle": 0, "axis": "y", "origin": [-6.4, 0, 0.6]},
			"faces": {
				"north": {"uv": [2.5, 3.5, 3.625, 4], "texture": "#0"},
				"east": {"uv": [8.5, 9, 8.625, 9.5], "texture": "#0"},
				"south": {"uv": [0, 4, 1.125, 4.5], "texture": "#0"},
				"west": {"uv": [9, 8.5, 9.125, 9], "texture": "#0"},
				"up": {"uv": [8.625, 1.125, 7.5, 1], "texture": "#0"},
				"down": {"uv": [8.625, 1.5, 7.5, 1.625], "texture": "#0"}
			}
		},
		{
			"from": [0.8, 0.8, 1.1],
			"to": [1.9, 0.9, 1.7],
			"rotation": {"angle": 0, "axis": "y", "origin": [-6.4, 0, 0.6]},
			"faces": {
				"north": {"uv": [9, 9, 9.5, 9.125], "texture": "#0"},
				"east": {"uv": [10, 10, 10.25, 10.125], "texture": "#0"},
				"south": {"uv": [0, 9.5, 0.5, 9.625], "texture": "#0"},
				"west": {"uv": [0, 10.5, 0.25, 10.625], "texture": "#0"},
				"up": {"uv": [8.5, 8.25, 8, 8], "texture": "#0"},
				"down": {"uv": [0.5, 8.5, 0, 8.75], "texture": "#0"}
			}
		},
		{
			"from": [0.8, 0.1, 2.8],
			"to": [3.4, 0.9, 4],
			"rotation": {"angle": 0, "axis": "y", "origin": [-6.4, 0, 0.6]},
			"faces": {
				"north": {"uv": [2.5, 4, 3.75, 4.375], "texture": "#0"},
				"east": {"uv": [5.5, 2.5, 6.125, 2.875], "texture": "#0"},
				"south": {"uv": [4, 3.5, 5.25, 3.875], "texture": "#0"},
				"west": {"uv": [5.5, 3.5, 6.125, 3.875], "texture": "#0"},
				"up": {"uv": [2.25, 0.625, 1, 0], "texture": "#0"},
				"down": {"uv": [2.25, 1, 1, 1.625], "texture": "#0"}
			}
		},
		{
			"from": [1, 0.9, 3.4],
			"to": [3.2, 1, 4],
			"rotation": {"angle": 0, "axis": "y", "origin": [-6.4, 0, 0.6]},
			"faces": {
				"north": {"uv": [2, 7.5, 3.125, 7.625], "texture": "#0"},
				"east": {"uv": [10.5, 0, 10.75, 0.125], "texture": "#0"},
				"south": {"uv": [7.5, 2, 8.625, 2.125], "texture": "#0"},
				"west": {"uv": [0.5, 10.5, 0.75, 10.625], "texture": "#0"},
				"up": {"uv": [1.625, 5.75, 0.5, 5.5], "texture": "#0"},
				"down": {"uv": [3.125, 5.5, 2, 5.75], "texture": "#0"}
			}
		},
		{
			"from": [0.8, 0.9, 3.2],
			"to": [1.2, 1, 3.4],
			"rotation": {"angle": 0, "axis": "y", "origin": [-6.4, 0, 0.6]},
			"faces": {
				"north": {"uv": [10.5, 0.5, 10.75, 0.625], "texture": "#0"},
				"east": {"uv": [11, 11, 11.125, 11.125], "texture": "#0"},
				"south": {"uv": [1, 10.5, 1.25, 10.625], "texture": "#0"},
				"west": {"uv": [0, 11.5, 0.125, 11.625], "texture": "#0"},
				"up": {"uv": [10.75, 1.125, 10.5, 1], "texture": "#0"},
				"down": {"uv": [1.75, 10.5, 1.5, 10.625], "texture": "#0"}
			}
		},
		{
			"from": [3, 0.9, 3.2],
			"to": [3.4, 1, 3.4],
			"rotation": {"angle": 0, "axis": "y", "origin": [-6.4, 0, 0.6]},
			"faces": {
				"north": {"uv": [10.5, 1.5, 10.75, 1.625], "texture": "#0"},
				"east": {"uv": [11.5, 0, 11.625, 0.125], "texture": "#0"},
				"south": {"uv": [2, 10.5, 2.25, 10.625], "texture": "#0"},
				"west": {"uv": [0.5, 11.5, 0.625, 11.625], "texture": "#0"},
				"up": {"uv": [10.75, 2.125, 10.5, 2], "texture": "#0"},
				"down": {"uv": [2.75, 10.5, 2.5, 10.625], "texture": "#0"}
			}
		},
		{
			"from": [0.6, 0.9, 0.6],
			"to": [3.6, 1, 1.1],
			"rotation": {"angle": 0, "axis": "y", "origin": [-6.4, 0, 0.6]},
			"faces": {
				"north": {"uv": [5.5, 4, 7, 4.125], "texture": "#0"},
				"east": {"uv": [10.5, 2.5, 10.75, 2.625], "texture": "#0"},
				"south": {"uv": [5.5, 5, 7, 5.125], "texture": "#0"},
				"west": {"uv": [3, 10.5, 3.25, 10.625], "texture": "#0"},
				"up": {"uv": [6.5, 0.25, 5, 0], "texture": "#0"},
				"down": {"uv": [6.5, 0.5, 5, 0.75], "texture": "#0"}
			}
		},
		{
			"from": [0.6, 0, 2.8],
			"to": [1.2, 1, 3.2],
			"rotation": {"angle": 0, "axis": "y", "origin": [-6.4, 0, 0.6]},
			"faces": {
				"north": {"uv": [8.5, 0, 8.75, 0.5], "texture": "#0"},
				"east": {"uv": [0.5, 8.5, 0.75, 9], "texture": "#0"},
				"south": {"uv": [8.5, 0.5, 8.75, 1], "texture": "#0"},
				"west": {"uv": [1, 8.5, 1.25, 9], "texture": "#0"},
				"up": {"uv": [9.75, 0.25, 9.5, 0], "texture": "#0"},
				"down": {"uv": [0.75, 9.5, 0.5, 9.75], "texture": "#0"}
			}
		},
		{
			"from": [3, 0, 2.8],
			"to": [3.6, 1, 3.2],
			"rotation": {"angle": 0, "axis": "y", "origin": [-6.4, 0, 0.6]},
			"faces": {
				"north": {"uv": [1.5, 8.5, 1.75, 9], "texture": "#0"},
				"east": {"uv": [2, 8.5, 2.25, 9], "texture": "#0"},
				"south": {"uv": [2.5, 8.5, 2.75, 9], "texture": "#0"},
				"west": {"uv": [8.5, 2.5, 8.75, 3], "texture": "#0"},
				"up": {"uv": [9.75, 0.75, 9.5, 0.5], "texture": "#0"},
				"down": {"uv": [1.25, 9.5, 1, 9.75], "texture": "#0"}
			}
		},
		{
			"from": [0.6, 0.9, 1.9],
			"to": [3.6, 1, 2.8],
			"rotation": {"angle": 0, "axis": "y", "origin": [-6.4, 0, 0.6]},
			"faces": {
				"north": {"uv": [5.5, 5.5, 7, 5.625], "texture": "#0"},
				"east": {"uv": [9.5, 1, 10, 1.125], "texture": "#0"},
				"south": {"uv": [0.5, 6, 2, 6.125], "texture": "#0"},
				"west": {"uv": [1.5, 9.5, 2, 9.625], "texture": "#0"},
				"up": {"uv": [4, 0.5, 2.5, 0], "texture": "#0"},
				"down": {"uv": [4, 0.5, 2.5, 1], "texture": "#0"}
			}
		},
		{
			"from": [0.6, 0.9, 1.7],
			"to": [3.6, 1, 1.9],
			"rotation": {"angle": 0, "axis": "y", "origin": [-6.4, 0, 0.6]},
			"faces": {
				"north": {"uv": [6, 1, 7.5, 1.125], "texture": "#0"},
				"east": {"uv": [11.5, 0.5, 11.625, 0.625], "texture": "#0"},
				"south": {"uv": [6, 1.5, 7.5, 1.625], "texture": "#0"},
				"west": {"uv": [1, 11.5, 1.125, 11.625], "texture": "#0"},
				"up": {"uv": [3.5, 6.125, 2, 6], "texture": "#0"},
				"down": {"uv": [7.5, 2, 6, 2.125], "texture": "#0"}
			}
		},
		{
			"from": [3.4, 0.9, 1.1],
			"to": [3.6, 1, 1.7],
			"rotation": {"angle": 0, "axis": "y", "origin": [-6.4, 0, 0.6]},
			"faces": {
				"north": {"uv": [11.5, 1, 11.625, 1.125], "texture": "#0"},
				"east": {"uv": [10.5, 3, 10.75, 3.125], "texture": "#0"},
				"south": {"uv": [1.5, 11.5, 1.625, 11.625], "texture": "#0"},
				"west": {"uv": [3.5, 10.5, 3.75, 10.625], "texture": "#0"},
				"up": {"uv": [10.625, 3.75, 10.5, 3.5], "texture": "#0"},
				"down": {"uv": [4.125, 10.5, 4, 10.75], "texture": "#0"}
			}
		},
		{
			"from": [0.6, 0.9, 1.1],
			"to": [0.8, 1, 1.7],
			"rotation": {"angle": 0, "axis": "y", "origin": [-6.4, 0, 0.6]},
			"faces": {
				"north": {"uv": [11.5, 1.5, 11.625, 1.625], "texture": "#0"},
				"east": {"uv": [10.5, 4, 10.75, 4.125], "texture": "#0"},
				"south": {"uv": [2, 11.5, 2.125, 11.625], "texture": "#0"},
				"west": {"uv": [4.5, 10.5, 4.75, 10.625], "texture": "#0"},
				"up": {"uv": [10.625, 4.75, 10.5, 4.5], "texture": "#0"},
				"down": {"uv": [5.125, 10.5, 5, 10.75], "texture": "#0"}
			}
		},
		{
			"from": [1.9, 0.9, 1.1],
			"to": [2.3, 1, 1.7],
			"rotation": {"angle": 0, "axis": "y", "origin": [-6.4, 0, 0.6]},
			"faces": {
				"north": {"uv": [10.5, 5, 10.75, 5.125], "texture": "#0"},
				"east": {"uv": [5.5, 10.5, 5.75, 10.625], "texture": "#0"},
				"south": {"uv": [10.5, 5.5, 10.75, 5.625], "texture": "#0"},
				"west": {"uv": [6, 10.5, 6.25, 10.625], "texture": "#0"},
				"up": {"uv": [9.75, 1.75, 9.5, 1.5], "texture": "#0"},
				"down": {"uv": [2.25, 9.5, 2, 9.75], "texture": "#0"}
			}
		},
		{
			"from": [0.6, 0, 1.9],
			"to": [3.6, 0.1, 2.8],
			"rotation": {"angle": 0, "axis": "y", "origin": [-6.4, 0, 0.6]},
			"faces": {
				"north": {"uv": [6, 4.5, 7.5, 4.625], "texture": "#0"},
				"east": {"uv": [9.5, 2, 10, 2.125], "texture": "#0"},
				"south": {"uv": [5.5, 6, 7, 6.125], "texture": "#0"},
				"west": {"uv": [2.5, 9.5, 3, 9.625], "texture": "#0"},
				"up": {"uv": [4, 1.5, 2.5, 1], "texture": "#0"},
				"down": {"uv": [3, 2.5, 1.5, 3], "texture": "#0"}
			}
		},
		{
			"from": [0.6, 0, 1.7],
			"to": [3.6, 0.1, 1.9],
			"rotation": {"angle": 0, "axis": "y", "origin": [-6.4, 0, 0.6]},
			"faces": {
				"north": {"uv": [6.5, 0, 8, 0.125], "texture": "#0"},
				"east": {"uv": [11.5, 2, 11.625, 2.125], "texture": "#0"},
				"south": {"uv": [0.5, 6.5, 2, 6.625], "texture": "#0"},
				"west": {"uv": [2.5, 11.5, 2.625, 11.625], "texture": "#0"},
				"up": {"uv": [8, 0.625, 6.5, 0.5], "texture": "#0"},
				"down": {"uv": [3.5, 6.5, 2, 6.625], "texture": "#0"}
			}
		},
		{
			"from": [1.9, 0, 1.1],
			"to": [2.3, 0.1, 1.7],
			"rotation": {"angle": 0, "axis": "y", "origin": [-6.4, 0, 0.6]},
			"faces": {
				"north": {"uv": [10.5, 6, 10.75, 6.125], "texture": "#0"},
				"east": {"uv": [6.5, 10.5, 6.75, 10.625], "texture": "#0"},
				"south": {"uv": [10.5, 6.5, 10.75, 6.625], "texture": "#0"},
				"west": {"uv": [7, 10.5, 7.25, 10.625], "texture": "#0"},
				"up": {"uv": [9.75, 2.75, 9.5, 2.5], "texture": "#0"},
				"down": {"uv": [3.25, 9.5, 3, 9.75], "texture": "#0"}
			}
		},
		{
			"from": [0.6, 0, 0.9],
			"to": [3.6, 0.1, 1.1],
			"rotation": {"angle": 0, "axis": "y", "origin": [-6.4, 0, 0.6]},
			"faces": {
				"north": {"uv": [6.5, 2.5, 8, 2.625], "texture": "#0"},
				"east": {"uv": [11.5, 2.5, 11.625, 2.625], "texture": "#0"},
				"south": {"uv": [6.5, 3, 8, 3.125], "texture": "#0"},
				"west": {"uv": [3, 11.5, 3.125, 11.625], "texture": "#0"},
				"up": {"uv": [8, 3.625, 6.5, 3.5], "texture": "#0"},
				"down": {"uv": [7, 6.5, 5.5, 6.625], "texture": "#0"}
			}
		},
		{
			"from": [1, 0, 3.4],
			"to": [3.4, 0.1, 4],
			"rotation": {"angle": 0, "axis": "y", "origin": [-6.4, 0, 0.6]},
			"faces": {
				"north": {"uv": [7, 7, 8.25, 7.125], "texture": "#0"},
				"east": {"uv": [10.5, 9, 10.75, 9.125], "texture": "#0"},
				"south": {"uv": [0.5, 7.5, 1.75, 7.625], "texture": "#0"},
				"west": {"uv": [9.5, 10.5, 9.75, 10.625], "texture": "#0"},
				"up": {"uv": [3.75, 5.25, 2.5, 5], "texture": "#0"},
				"down": {"uv": [6.25, 3, 5, 3.25], "texture": "#0"}
			}
		},
		{
			"from": [0.8, 0, 3.2],
			"to": [1.2, 0.1, 3.4],
			"rotation": {"angle": 0, "axis": "y", "origin": [-6.4, 0, 0.6]},
			"faces": {
				"north": {"uv": [10.5, 9.5, 10.75, 9.625], "texture": "#0"},
				"east": {"uv": [11.5, 4.5, 11.625, 4.625], "texture": "#0"},
				"south": {"uv": [10, 10.5, 10.25, 10.625], "texture": "#0"},
				"west": {"uv": [5, 11.5, 5.125, 11.625], "texture": "#0"},
				"up": {"uv": [10.75, 10.125, 10.5, 10], "texture": "#0"},
				"down": {"uv": [10.75, 10.5, 10.5, 10.625], "texture": "#0"}
			}
		},
		{
			"from": [3, 0, 3.2],
			"to": [3.4, 0.1, 3.4],
			"rotation": {"angle": 0, "axis": "y", "origin": [-6.4, 0, 0.6]},
			"faces": {
				"north": {"uv": [0, 11, 0.25, 11.125], "texture": "#0"},
				"east": {"uv": [11.5, 5, 11.625, 5.125], "texture": "#0"},
				"south": {"uv": [11, 0, 11.25, 0.125], "texture": "#0"},
				"west": {"uv": [5.5, 11.5, 5.625, 11.625], "texture": "#0"},
				"up": {"uv": [0.75, 11.125, 0.5, 11], "texture": "#0"},
				"down": {"uv": [11.25, 0.5, 11, 0.625], "texture": "#0"}
			}
		},
		{
			"from": [2.3, 0.8, 1.1],
			"to": [3.4, 0.9, 1.7],
			"rotation": {"angle": 0, "axis": "y", "origin": [-6.4, 0, 0.6]},
			"faces": {
				"north": {"uv": [9.5, 3, 10, 3.125], "texture": "#0"},
				"east": {"uv": [1, 11, 1.25, 11.125], "texture": "#0"},
				"south": {"uv": [3.5, 9.5, 4, 9.625], "texture": "#0"},
				"west": {"uv": [11, 1, 11.25, 1.125], "texture": "#0"},
				"up": {"uv": [3.5, 8.75, 3, 8.5], "texture": "#0"},
				"down": {"uv": [9, 3, 8.5, 3.25], "texture": "#0"}
			}
		},
		{
			"from": [0.8, 0.1, 1.1],
			"to": [1.9, 0.2, 1.7],
			"rotation": {"angle": 0, "axis": "y", "origin": [-6.4, 0, 0.6]},
			"faces": {
				"north": {"uv": [9.5, 3.5, 10, 3.625], "texture": "#0"},
				"east": {"uv": [1.5, 11, 1.75, 11.125], "texture": "#0"},
				"south": {"uv": [4, 9.5, 4.5, 9.625], "texture": "#0"},
				"west": {"uv": [11, 1.5, 11.25, 1.625], "texture": "#0"},
				"up": {"uv": [4, 8.75, 3.5, 8.5], "texture": "#0"},
				"down": {"uv": [9, 3.5, 8.5, 3.75], "texture": "#0"}
			}
		},
		{
			"from": [2.3, 0.1, 1.1],
			"to": [3.4, 0.2, 1.7],
			"rotation": {"angle": 0, "axis": "y", "origin": [-6.4, 0, 0.6]},
			"faces": {
				"north": {"uv": [9.5, 4, 10, 4.125], "texture": "#0"},
				"east": {"uv": [2, 11, 2.25, 11.125], "texture": "#0"},
				"south": {"uv": [4.5, 9.5, 5, 9.625], "texture": "#0"},
				"west": {"uv": [11, 2, 11.25, 2.125], "texture": "#0"},
				"up": {"uv": [9, 4.25, 8.5, 4], "texture": "#0"},
				"down": {"uv": [9, 5, 8.5, 5.25], "texture": "#0"}
			}
		},
		{
			"from": [3.4, 0, 1.1],
			"to": [3.6, 0.1, 1.7],
			"rotation": {"angle": 0, "axis": "y", "origin": [-6.4, 0, 0.6]},
			"faces": {
				"north": {"uv": [11.5, 5.5, 11.625, 5.625], "texture": "#0"},
				"east": {"uv": [2.5, 11, 2.75, 11.125], "texture": "#0"},
				"south": {"uv": [6, 11.5, 6.125, 11.625], "texture": "#0"},
				"west": {"uv": [11, 2.5, 11.25, 2.625], "texture": "#0"},
				"up": {"uv": [3.125, 11.25, 3, 11], "texture": "#0"},
				"down": {"uv": [11.125, 3, 11, 3.25], "texture": "#0"}
			}
		},
		{
			"from": [1.8, 0, 0.9],
			"to": [2.4, 0.1, 1.1],
			"rotation": {"angle": 0, "axis": "y", "origin": [-6.4, 0, 0.6]},
			"faces": {
				"north": {"uv": [3.5, 11, 3.75, 11.125], "texture": "#0"},
				"east": {"uv": [11.5, 6, 11.625, 6.125], "texture": "#0"},
				"south": {"uv": [11, 3.5, 11.25, 3.625], "texture": "#0"},
				"west": {"uv": [6.5, 11.5, 6.625, 11.625], "texture": "#0"},
				"up": {"uv": [4.25, 11.125, 4, 11], "texture": "#0"},
				"down": {"uv": [11.25, 4, 11, 4.125], "texture": "#0"}
			}
		},
		{
			"from": [0.6, 0, 1.1],
			"to": [0.8, 0.1, 1.7],
			"rotation": {"angle": 0, "axis": "y", "origin": [-6.4, 0, 0.6]},
			"faces": {
				"north": {"uv": [11.5, 6.5, 11.625, 6.625], "texture": "#0"},
				"east": {"uv": [4.5, 11, 4.75, 11.125], "texture": "#0"},
				"south": {"uv": [7, 11.5, 7.125, 11.625], "texture": "#0"},
				"west": {"uv": [11, 4.5, 11.25, 4.625], "texture": "#0"},
				"up": {"uv": [5.125, 11.25, 5, 11], "texture": "#0"},
				"down": {"uv": [11.125, 5, 11, 5.25], "texture": "#0"}
			}
		},
		{
			"from": [0.6, 0, 0.6],
			"to": [3.6, 0.1, 0.9],
			"rotation": {"angle": 0, "axis": "y", "origin": [-6.4, 0, 0.6]},
			"faces": {
				"north": {"uv": [5.5, 7, 7, 7.125], "texture": "#0"},
				"east": {"uv": [11.5, 7, 11.625, 7.125], "texture": "#0"},
				"south": {"uv": [7, 5.5, 8.5, 5.625], "texture": "#0"},
				"west": {"uv": [7.5, 11.5, 7.625, 11.625], "texture": "#0"},
				"up": {"uv": [8.5, 6.125, 7, 6], "texture": "#0"},
				"down": {"uv": [8.5, 6.5, 7, 6.625], "texture": "#0"}
			}
		},
		{
			"from": [1, 0.1, -0.1],
			"to": [3.2, 0.9, 0.1],
			"rotation": {"angle": 0, "axis": "y", "origin": [-6.4, 0, 0.6]},
			"faces": {
				"north": {"uv": [4, 4, 5.125, 4.375], "texture": "#0"},
				"east": {"uv": [9.5, 5.5, 9.625, 5.875], "texture": "#0"},
				"south": {"uv": [0, 4.5, 1.125, 4.875], "texture": "#0"},
				"west": {"uv": [6, 9.5, 6.125, 9.875], "texture": "#0"},
				"up": {"uv": [4.625, 7.625, 3.5, 7.5], "texture": "#0"},
				"down": {"uv": [8.625, 4.5, 7.5, 4.625], "texture": "#0"}
			}
		},
		{
			"from": [0.6, 0.1, 0],
			"to": [1, 0.9, 0.2],
			"rotation": {"angle": 0, "axis": "y", "origin": [-6.4, 0, 0.6]},
			"faces": {
				"north": {"uv": [8.5, 8, 8.75, 8.375], "texture": "#0"},
				"east": {"uv": [9.5, 6, 9.625, 6.375], "texture": "#0"},
				"south": {"uv": [8.5, 8.5, 8.75, 8.875], "texture": "#0"},
				"west": {"uv": [6.5, 9.5, 6.625, 9.875], "texture": "#0"},
				"up": {"uv": [5.75, 11.125, 5.5, 11], "texture": "#0"},
				"down": {"uv": [11.25, 5.5, 11, 5.625], "texture": "#0"}
			}
		},
		{
			"from": [0.3, 0.1, 0.1],
			"to": [0.6, 0.9, 0.2],
			"rotation": {"angle": 0, "axis": "y", "origin": [-6.4, 0, 0.6]},
			"faces": {
				"north": {"uv": [9.5, 6.5, 9.625, 6.875], "texture": "#0"},
				"east": {"uv": [7, 9.5, 7.125, 9.875], "texture": "#0"},
				"south": {"uv": [9.5, 7, 9.625, 7.375], "texture": "#0"},
				"west": {"uv": [7.5, 9.5, 7.625, 9.875], "texture": "#0"},
				"up": {"uv": [11.625, 7.625, 11.5, 7.5], "texture": "#0"},
				"down": {"uv": [8.125, 11.5, 8, 11.625], "texture": "#0"}
			}
		},
		{
			"from": [0.2, 0.1, 0.2],
			"to": [0.4, 0.9, 0.6],
			"rotation": {"angle": 0, "axis": "y", "origin": [-6.4, 0, 0.6]},
			"faces": {
				"north": {"uv": [9.5, 7.5, 9.625, 7.875], "texture": "#0"},
				"east": {"uv": [0, 9, 0.25, 9.375], "texture": "#0"},
				"south": {"uv": [8, 9.5, 8.125, 9.875], "texture": "#0"},
				"west": {"uv": [9, 0, 9.25, 0.375], "texture": "#0"},
				"up": {"uv": [6.125, 11.25, 6, 11], "texture": "#0"},
				"down": {"uv": [11.125, 6, 11, 6.25], "texture": "#0"}
			}
		},
		{
			"from": [0.2, 0.1, 2.6],
			"to": [0.4, 0.9, 3.1],
			"rotation": {"angle": 0, "axis": "y", "origin": [-6.4, 0, 0.6]},
			"faces": {
				"north": {"uv": [9.5, 8, 9.625, 8.375], "texture": "#0"},
				"east": {"uv": [0.5, 9, 0.75, 9.375], "texture": "#0"},
				"south": {"uv": [8.5, 9.5, 8.625, 9.875], "texture": "#0"},
				"west": {"uv": [9, 0.5, 9.25, 0.875], "texture": "#0"},
				"up": {"uv": [6.625, 11.25, 6.5, 11], "texture": "#0"},
				"down": {"uv": [11.125, 6.5, 11, 6.75], "texture": "#0"}
			}
		},
		{
			"from": [1, 0.1, 4],
			"to": [3.2, 0.9, 4.2],
			"rotation": {"angle": 0, "axis": "y", "origin": [-6.4, 0, 0.6]},
			"faces": {
				"north": {"uv": [1.5, 4.5, 2.625, 4.875], "texture": "#0"},
				"east": {"uv": [9.5, 8.5, 9.625, 8.875], "texture": "#0"},
				"south": {"uv": [3, 4.5, 4.125, 4.875], "texture": "#0"},
				"west": {"uv": [9, 9.5, 9.125, 9.875], "texture": "#0"},
				"up": {"uv": [6.125, 7.625, 5, 7.5], "texture": "#0"},
				"down": {"uv": [7.625, 7.5, 6.5, 7.625], "texture": "#0"}
			}
		},
		{
			"from": [0.6, 0.1, 3.2],
			"to": [0.8, 0.9, 3.6],
			"rotation": {"angle": 0, "axis": "y", "origin": [-6.4, 0, 0.6]},
			"faces": {
				"north": {"uv": [9.5, 9, 9.625, 9.375], "texture": "#0"},
				"east": {"uv": [1, 9, 1.25, 9.375], "texture": "#0"},
				"south": {"uv": [9.5, 9.5, 9.625, 9.875], "texture": "#0"},
				"west": {"uv": [9, 1, 9.25, 1.375], "texture": "#0"},
				"up": {"uv": [7.125, 11.25, 7, 11], "texture": "#0"},
				"down": {"uv": [11.125, 7, 11, 7.25], "texture": "#0"}
			}
		},
		{
			"from": [3.4, 0.1, 3.2],
			"to": [3.6, 0.9, 3.6],
			"rotation": {"angle": 0, "axis": "y", "origin": [-6.4, 0, 0.6]},
			"faces": {
				"north": {"uv": [0, 10, 0.125, 10.375], "texture": "#0"},
				"east": {"uv": [1.5, 9, 1.75, 9.375], "texture": "#0"},
				"south": {"uv": [10, 0, 10.125, 0.375], "texture": "#0"},
				"west": {"uv": [9, 1.5, 9.25, 1.875], "texture": "#0"},
				"up": {"uv": [7.625, 11.25, 7.5, 11], "texture": "#0"},
				"down": {"uv": [11.125, 7.5, 11, 7.75], "texture": "#0"}
			}
		},
		{
			"from": [3.9, 0.1, 0.6],
			"to": [4.1, 0.9, 2.6],
			"rotation": {"angle": 0, "axis": "y", "origin": [-6.4, 0, 0.6]},
			"faces": {
				"north": {"uv": [0.5, 10, 0.625, 10.375], "texture": "#0"},
				"east": {"uv": [5, 1.5, 6, 1.875], "texture": "#0"},
				"south": {"uv": [10, 0.5, 10.125, 0.875], "texture": "#0"},
				"west": {"uv": [5, 2, 6, 2.375], "texture": "#0"},
				"up": {"uv": [6.625, 9.5, 6.5, 8.5], "texture": "#0"},
				"down": {"uv": [8.625, 6.5, 8.5, 7.5], "texture": "#0"}
			}
		},
		{
			"from": [3.8, 0.1, 0.2],
			"to": [4, 0.9, 0.6],
			"rotation": {"angle": 0, "axis": "y", "origin": [-6.4, 0, 0.6]},
			"faces": {
				"north": {"uv": [1, 10, 1.125, 10.375], "texture": "#0"},
				"east": {"uv": [2, 9, 2.25, 9.375], "texture": "#0"},
				"south": {"uv": [10, 1, 10.125, 1.375], "texture": "#0"},
				"west": {"uv": [9, 2, 9.25, 2.375], "texture": "#0"},
				"up": {"uv": [8.125, 11.25, 8, 11], "texture": "#0"},
				"down": {"uv": [11.125, 8, 11, 8.25], "texture": "#0"}
			}
		},
		{
			"from": [3.2, 0.1, 0],
			"to": [3.6, 0.9, 0.2],
			"rotation": {"angle": 0, "axis": "y", "origin": [-6.4, 0, 0.6]},
			"faces": {
				"north": {"uv": [2.5, 9, 2.75, 9.375], "texture": "#0"},
				"east": {"uv": [1.5, 10, 1.625, 10.375], "texture": "#0"},
				"south": {"uv": [9, 2.5, 9.25, 2.875], "texture": "#0"},
				"west": {"uv": [10, 1.5, 10.125, 1.875], "texture": "#0"},
				"up": {"uv": [8.75, 11.125, 8.5, 11], "texture": "#0"},
				"down": {"uv": [11.25, 8.5, 11, 8.625], "texture": "#0"}
			}
		},
		{
			"from": [3.6, 0.1, 0.1],
			"to": [3.9, 0.9, 0.2],
			"rotation": {"angle": 0, "axis": "y", "origin": [-6.4, 0, 0.6]},
			"faces": {
				"north": {"uv": [2, 10, 2.125, 10.375], "texture": "#0"},
				"east": {"uv": [10, 2, 10.125, 2.375], "texture": "#0"},
				"south": {"uv": [2.5, 10, 2.625, 10.375], "texture": "#0"},
				"west": {"uv": [10, 2.5, 10.125, 2.875], "texture": "#0"},
				"up": {"uv": [11.625, 8.125, 11.5, 8], "texture": "#0"},
				"down": {"uv": [8.625, 11.5, 8.5, 11.625], "texture": "#0"}
			}
		},
		{
			"from": [3.8, 0.1, 2.6],
			"to": [4, 0.9, 3.1],
			"rotation": {"angle": 0, "axis": "y", "origin": [-6.4, 0, 0.6]},
			"faces": {
				"north": {"uv": [3, 10, 3.125, 10.375], "texture": "#0"},
				"east": {"uv": [3, 9, 3.25, 9.375], "texture": "#0"},
				"south": {"uv": [10, 3, 10.125, 3.375], "texture": "#0"},
				"west": {"uv": [9, 3, 9.25, 3.375], "texture": "#0"},
				"up": {"uv": [9.125, 11.25, 9, 11], "texture": "#0"},
				"down": {"uv": [11.125, 9, 11, 9.25], "texture": "#0"}
			}
		}
	],
	"display": {
		"thirdperson_righthand": {
			"rotation": [94.75, 0, 0],
			"translation": [5.75, -3.5, 8.25]
		},
		"thirdperson_lefthand": {
			"rotation": [90, 0, 0],
			"translation": [-5.75, -2.75, 8.5]
		},
		"firstperson_righthand": {
			"rotation": [91, -9, 41],
			"translation": [3, -1, 8]
		},
		"firstperson_lefthand": {
			"rotation": [90.99, -9.5, 41.35],
			"translation": [-5.25, 0.5, 0]
		},
		"ground": {
			"rotation": [90, 45, 0],
			"translation": [7, 2.75, 7]
		},
		"gui": {
			"rotation": [90, -45, 0],
			"translation": [1.75, -10.5, 0],
			"scale": [1.5, 1.5, 1.5]
		},
		"fixed": {
			"rotation": [90, 45, 0],
			"translation": [13.75, 1, 13],
			"scale": [2, 2, 2]
		}
	},
	"groups": [
		{
			"name": "spawner key",
			"origin": [0, 0, 0],
			"color": 0,
			"children": [
				{
					"name": "partickles",
					"origin": [0, 0, 0],
					"color": 0,
					"children": [
						0,
						1,
						2,
						3,
						4,
						5,
						{
							"name": "group",
							"origin": [0, 0, 0],
							"color": 0,
							"children": [6, 7, 8, 9, 10, 11, 12, 13]
						}
					]
				},
				{
					"name": "spawner key",
					"origin": [0, 0, 0],
					"color": 0,
					"children": [14, 15, 16, 17, 18, 19, 20, 21, 22, 23, 24, 25, 26, 27, 28, 29, 30, 31, 32, 33, 34, 35, 36, 37, 38, 39, 40, 41, 42, 43, 44, 45, 46, 47, 48, 49, 50, 51, 52, 53, 54, 55, 56, 57, 58, 59, 60, 61, 62, 63, 64, 65, 66, 67, 68, 69, 70, 71, 72]
				}
			]
		}
	]
}