{
	"credit": "Made with Blockbench",
	"texture_size": [32, 32],
	"textures": {
		"0": "season1/misc/strixkey",
		"particle": "season1/misc/strixkey"
	},
	"elements": [
		{
			"from": [0.6, -0.1, 0.2],
			"to": [3.6, 1.1, 0.8],
			"rotation": {"angle": 0, "axis": "y", "origin": [-5.4, 0, -3.8]},
			"faces": {
				"north": {"uv": [1, 0, 2.5, 0.625], "texture": "#0"},
				"east": {"uv": [7, 1, 7.25, 1.625], "texture": "#0"},
				"south": {"uv": [1, 1, 2.5, 1.625], "texture": "#0"},
				"west": {"uv": [2, 7, 2.25, 7.625], "texture": "#0"},
				"up": {"uv": [5.5, 1.25, 4, 1], "texture": "#0"},
				"down": {"uv": [5.5, 1.5, 4, 1.75], "texture": "#0"}
			}
		},
		{
			"from": [1.2, -0.1, 0.8],
			"to": [3, 1.1, 1.2],
			"rotation": {"angle": 0, "axis": "y", "origin": [-5.4, 0, -3.8]},
			"faces": {
				"north": {"uv": [2, 3, 2.875, 3.625], "texture": "#0"},
				"east": {"uv": [3.5, 7, 3.75, 7.625], "texture": "#0"},
				"south": {"uv": [3, 3, 3.875, 3.625], "texture": "#0"},
				"west": {"uv": [4, 7, 4.25, 7.625], "texture": "#0"},
				"up": {"uv": [4.875, 6.25, 4, 6], "texture": "#0"},
				"down": {"uv": [5.875, 6, 5, 6.25], "texture": "#0"}
			}
		},
		{
			"from": [1.7, -0.1, 1.2],
			"to": [2.5, 1.1, 2.2],
			"rotation": {"angle": 0, "axis": "y", "origin": [-5.4, 0, -3.8]},
			"faces": {
				"north": {"uv": [6, 3, 6.375, 3.625], "texture": "#0"},
				"east": {"uv": [4, 5, 4.5, 5.625], "texture": "#0"},
				"south": {"uv": [3.5, 6, 3.875, 6.625], "texture": "#0"},
				"west": {"uv": [4.5, 5, 5, 5.625], "texture": "#0"},
				"up": {"uv": [4.875, 7, 4.5, 6.5], "texture": "#0"},
				"down": {"uv": [5.375, 6.5, 5, 7], "texture": "#0"}
			}
		},
		{
			"from": [0.6, -0.1, 1.8],
			"to": [1.2, 1.1, 2.2],
			"rotation": {"angle": 0, "axis": "y", "origin": [-5.4, 0, -3.8]},
			"faces": {
				"north": {"uv": [7, 4, 7.25, 4.625], "texture": "#0"},
				"east": {"uv": [4.5, 7, 4.75, 7.625], "texture": "#0"},
				"south": {"uv": [5, 7, 5.25, 7.625], "texture": "#0"},
				"west": {"uv": [7, 5, 7.25, 5.625], "texture": "#0"},
				"up": {"uv": [9.75, 1.25, 9.5, 1], "texture": "#0"},
				"down": {"uv": [1.75, 9.5, 1.5, 9.75], "texture": "#0"}
			}
		},
		{
			"from": [0.6, -0.1, 2.2],
			"to": [3.6, 1.1, 2.3],
			"rotation": {"angle": 0, "axis": "y", "origin": [-5.4, 0, -3.8]},
			"faces": {
				"north": {"uv": [1, 2, 2.5, 2.625], "texture": "#0"},
				"east": {"uv": [4, 8.5, 4.125, 9.125], "texture": "#0"},
				"south": {"uv": [2.5, 0, 4, 0.625], "texture": "#0"},
				"west": {"uv": [4.5, 8.5, 4.625, 9.125], "texture": "#0"},
				"up": {"uv": [7, 6.625, 5.5, 6.5], "texture": "#0"},
				"down": {"uv": [8, 6, 6.5, 6.125], "texture": "#0"}
			}
		},
		{
			"from": [3, -0.1, 1.8],
			"to": [3.6, 1.1, 2.2],
			"rotation": {"angle": 0, "axis": "y", "origin": [-5.4, 0, -3.8]},
			"faces": {
				"north": {"uv": [5.5, 7, 5.75, 7.625], "texture": "#0"},
				"east": {"uv": [6, 7, 6.25, 7.625], "texture": "#0"},
				"south": {"uv": [6.5, 7, 6.75, 7.625], "texture": "#0"},
				"west": {"uv": [7, 6.5, 7.25, 7.125], "texture": "#0"},
				"up": {"uv": [9.75, 1.75, 9.5, 1.5], "texture": "#0"},
				"down": {"uv": [2.25, 9.5, 2, 9.75], "texture": "#0"}
			}
		},
		{
			"from": [0.6, -0.1, 0.8],
			"to": [0.7, 1.1, 1.8],
			"rotation": {"angle": 0, "axis": "y", "origin": [-5.4, 0, -3.8]},
			"faces": {
				"north": {"uv": [8.5, 2.5, 8.625, 3.125], "texture": "#0"},
				"east": {"uv": [3.5, 4.5, 4, 5.125], "texture": "#0"},
				"south": {"uv": [3, 8.5, 3.125, 9.125], "texture": "#0"},
				"west": {"uv": [0, 5, 0.5, 5.625], "texture": "#0"},
				"up": {"uv": [9.625, 0.5, 9.5, 0], "texture": "#0"},
				"down": {"uv": [0.625, 9.5, 0.5, 10], "texture": "#0"}
			}
		},
		{
			"from": [3.5, -0.1, 0.8],
			"to": [3.6, 1.1, 1.8],
			"rotation": {"angle": 0, "axis": "y", "origin": [-5.4, 0, -3.8]},
			"faces": {
				"north": {"uv": [3.5, 8.5, 3.625, 9.125], "texture": "#0"},
				"east": {"uv": [0.5, 5, 1, 5.625], "texture": "#0"},
				"south": {"uv": [8.5, 3.5, 8.625, 4.125], "texture": "#0"},
				"west": {"uv": [5, 2, 5.5, 2.625], "texture": "#0"},
				"up": {"uv": [9.625, 1, 9.5, 0.5], "texture": "#0"},
				"down": {"uv": [1.125, 9.5, 1, 10], "texture": "#0"}
			}
		},
		{
			"from": [-0.10711, 0.1, -0.50711],
			"to": [0.79289, 0.9, 0.49289],
			"rotation": {"angle": 0, "axis": "y", "origin": [0.22623, 0.5, 0.99289]},
			"faces": {
				"north": {"uv": [6, 6, 6.5, 6.375], "texture": "#0"},
				"east": {"uv": [0, 6.5, 0.5, 6.875], "texture": "#0"},
				"south": {"uv": [0.5, 6.5, 1, 6.875], "texture": "#0"},
				"west": {"uv": [1, 6.5, 1.5, 6.875], "texture": "#0"},
				"up": {"uv": [5.5, 5.5, 5, 5], "texture": "#0"},
				"down": {"uv": [5.5, 5, 5, 5.5], "texture": "#0"}
			}
		},
		{
			"from": [0.1, 0, -0.00711],
			"to": [1, 1, 0.99289],
			"rotation": {"angle": -45, "axis": "y", "origin": [0.6, 0.5, 0.49289]},
			"faces": {
				"north": {"uv": [5.5, 1, 6, 1.5], "texture": "#0"},
				"east": {"uv": [1.5, 5.5, 2, 6], "texture": "#0"},
				"south": {"uv": [5.5, 1.5, 6, 2], "texture": "#0"},
				"west": {"uv": [2, 5.5, 2.5, 6], "texture": "#0"},
				"up": {"uv": [6, 2.5, 5.5, 2], "texture": "#0"},
				"down": {"uv": [6, 2, 5.5, 2.5], "texture": "#0"}
			}
		},
		{
			"from": [3.40711, 0.1, -0.50711],
			"to": [4.30711, 0.9, 0.49289],
			"rotation": {"angle": 0, "axis": "y", "origin": [4.05711, 0.5, -0.11066]},
			"faces": {
				"north": {"uv": [6.5, 1, 7, 1.375], "texture": "#0"},
				"east": {"uv": [2, 6.5, 2.5, 6.875], "texture": "#0"},
				"south": {"uv": [6.5, 1.5, 7, 1.875], "texture": "#0"},
				"west": {"uv": [2, 6.5, 2.5, 6.875], "texture": "#0"},
				"up": {"uv": [6, 3, 5.5, 2.5], "texture": "#0"},
				"down": {"uv": [6, 2.5, 5.5, 3], "texture": "#0"}
			}
		},
		{
			"from": [3.1, 0, -0.00711],
			"to": [4.1, 1, 0.99289],
			"rotation": {"angle": -45, "axis": "y", "origin": [3.6, 0.5, 0.49289]},
			"faces": {
				"north": {"uv": [5.5, 3, 6, 3.5], "texture": "#0"},
				"east": {"uv": [3.5, 5.5, 4, 6], "texture": "#0"},
				"south": {"uv": [5.5, 3.5, 6, 4], "texture": "#0"},
				"west": {"uv": [5, 5.5, 5.5, 6], "texture": "#0"},
				"up": {"uv": [6, 5.5, 5.5, 5], "texture": "#0"},
				"down": {"uv": [6, 5, 5.5, 5.5], "texture": "#0"}
			}
		},
		{
			"from": [1.1, 0, 0.1],
			"to": [3.1, 1, 0.2],
			"rotation": {"angle": 0, "axis": "y", "origin": [-5.4, 0, -3.8]},
			"faces": {
				"north": {"uv": [4, 0, 5, 0.5], "texture": "#0"},
				"east": {"uv": [5.5, 8.5, 5.625, 9], "texture": "#0"},
				"south": {"uv": [4, 0.5, 5, 1], "texture": "#0"},
				"west": {"uv": [8.5, 5.5, 8.625, 6], "texture": "#0"},
				"up": {"uv": [2, 7.625, 1, 7.5], "texture": "#0"},
				"down": {"uv": [8.5, 1, 7.5, 1.125], "texture": "#0"}
			}
		},
		{
			"from": [1.1, 0.1, 2.8],
			"to": [3.1, 0.9, 3.3],
			"rotation": {"angle": 0, "axis": "y", "origin": [-5.4, 0, -3.8]},
			"faces": {
				"north": {"uv": [2, 4, 3, 4.375], "texture": "#0"},
				"east": {"uv": [8, 5, 8.25, 5.375], "texture": "#0"},
				"south": {"uv": [3, 4, 4, 4.375], "texture": "#0"},
				"west": {"uv": [5.5, 8, 5.75, 8.375], "texture": "#0"},
				"up": {"uv": [1, 6.25, 0, 6], "texture": "#0"},
				"down": {"uv": [2, 6, 1, 6.25], "texture": "#0"}
			}
		},
		{
			"from": [1.2, 0.2, 3.3],
			"to": [3, 0.8, 3.4],
			"rotation": {"angle": 0, "axis": "y", "origin": [-5.4, 0, -3.8]},
			"faces": {
				"north": {"uv": [6, 5, 6.875, 5.25], "texture": "#0"},
				"east": {"uv": [10.5, 4.5, 10.625, 4.75], "texture": "#0"},
				"south": {"uv": [6, 5.5, 6.875, 5.75], "texture": "#0"},
				"west": {"uv": [5, 10.5, 5.125, 10.75], "texture": "#0"},
				"up": {"uv": [5.375, 8.125, 4.5, 8], "texture": "#0"},
				"down": {"uv": [8.875, 4.5, 8, 4.625], "texture": "#0"}
			}
		},
		{
			"from": [1.4, 0.2, 3.4],
			"to": [2.8, 0.8, 3.5],
			"rotation": {"angle": 0, "axis": "y", "origin": [-5.4, 0, -3.8]},
			"faces": {
				"north": {"uv": [0, 7, 0.75, 7.25], "texture": "#0"},
				"east": {"uv": [10.5, 5, 10.625, 5.25], "texture": "#0"},
				"south": {"uv": [1, 7, 1.75, 7.25], "texture": "#0"},
				"west": {"uv": [5.5, 10.5, 5.625, 10.75], "texture": "#0"},
				"up": {"uv": [8.75, 6.625, 8, 6.5], "texture": "#0"},
				"down": {"uv": [7.75, 8, 7, 8.125], "texture": "#0"}
			}
		},
		{
			"from": [3.27071, 0.2, -1.07782],
			"to": [4.07071, 0.8, -0.07782],
			"rotation": {"angle": 45, "axis": "y", "origin": [3.67071, 0.6, -0.57782]},
			"faces": {
				"north": {"uv": [8, 5.5, 8.375, 5.75], "texture": "#0"},
				"east": {"uv": [7.5, 1.5, 8, 1.75], "texture": "#0"},
				"south": {"uv": [6, 8, 6.375, 8.25], "texture": "#0"},
				"west": {"uv": [7.5, 2, 8, 2.25], "texture": "#0"},
				"up": {"uv": [6.875, 2.5, 6.5, 2], "texture": "#0"},
				"down": {"uv": [6.875, 2, 6.5, 2.5], "texture": "#0"}
			}
		},
		{
			"from": [0.12929, 0.2, -1.07782],
			"to": [0.92929, 0.8, -0.07782],
			"rotation": {"angle": -45, "axis": "y", "origin": [0.52929, 0.6, -0.57782]},
			"faces": {
				"north": {"uv": [8, 6, 8.375, 6.25], "texture": "#0"},
				"east": {"uv": [7.5, 2.5, 8, 2.75], "texture": "#0"},
				"south": {"uv": [6.5, 8, 6.875, 8.25], "texture": "#0"},
				"west": {"uv": [7.5, 3, 8, 3.25], "texture": "#0"},
				"up": {"uv": [3.375, 7, 3, 6.5], "texture": "#0"},
				"down": {"uv": [3.375, 6.5, 3, 7], "texture": "#0"}
			}
		},
		{
			"from": [3, 0.901, 0.8],
			"to": [3.5, 1.001, 1.8],
			"rotation": {"angle": 0, "axis": "y", "origin": [2.8, 1.15, 1.2]},
			"faces": {
				"north": {"uv": [7, 10, 7.25, 10.125], "texture": "#0"},
				"east": {"uv": [6, 8.5, 6.5, 8.625], "texture": "#0"},
				"south": {"uv": [10, 7, 10.25, 7.125], "texture": "#0"},
				"west": {"uv": [8.5, 6, 9, 6.125], "texture": "#0"},
				"up": {"uv": [7.75, 4, 7.5, 3.5], "texture": "#0"},
				"down": {"uv": [7.75, 4, 7.5, 4.5], "texture": "#0"}
			}
		},
		{
			"from": [2.5, 0.901, 1.2],
			"to": [3, 1.001, 2.2],
			"rotation": {"angle": 0, "axis": "y", "origin": [2.8, 1.15, 1.2]},
			"faces": {
				"north": {"uv": [7.5, 10, 7.75, 10.125], "texture": "#0"},
				"east": {"uv": [6.5, 8.5, 7, 8.625], "texture": "#0"},
				"south": {"uv": [10, 7.5, 10.25, 7.625], "texture": "#0"},
				"west": {"uv": [7, 8.5, 7.5, 8.625], "texture": "#0"},
				"up": {"uv": [7.75, 5, 7.5, 4.5], "texture": "#0"},
				"down": {"uv": [7.75, 5, 7.5, 5.5], "texture": "#0"}
			}
		},
		{
			"from": [1.2, 0.901, 1.2],
			"to": [1.7, 1.001, 2.2],
			"rotation": {"angle": 0, "axis": "y", "origin": [1.4, 1.15, 1.5]},
			"faces": {
				"north": {"uv": [6.5, 10, 6.75, 10.125], "texture": "#0"},
				"east": {"uv": [5, 8.5, 5.5, 8.625], "texture": "#0"},
				"south": {"uv": [10, 6.5, 10.25, 6.625], "texture": "#0"},
				"west": {"uv": [8.5, 5, 9, 5.125], "texture": "#0"},
				"up": {"uv": [0.25, 8, 0, 7.5], "texture": "#0"},
				"down": {"uv": [7.75, 0, 7.5, 0.5], "texture": "#0"}
			}
		},
		{
			"from": [0.7, 0.901, 0.8],
			"to": [1.2, 1.001, 1.8],
			"rotation": {"angle": 0, "axis": "y", "origin": [1.4, 1.15, 1.5]},
			"faces": {
				"north": {"uv": [8, 10, 8.25, 10.125], "texture": "#0"},
				"east": {"uv": [8.5, 7, 9, 7.125], "texture": "#0"},
				"south": {"uv": [10, 8, 10.25, 8.125], "texture": "#0"},
				"west": {"uv": [7.5, 8.5, 8, 8.625], "texture": "#0"},
				"up": {"uv": [7.75, 6, 7.5, 5.5], "texture": "#0"},
				"down": {"uv": [7.75, 6.5, 7.5, 7], "texture": "#0"}
			}
		},
		{
			"from": [0.7, 0, 2.3],
			"to": [3.5, 1, 2.8],
			"rotation": {"angle": 0, "axis": "y", "origin": [-5.4, 0, -3.8]},
			"faces": {
				"north": {"uv": [2.5, 1, 3.875, 1.5], "texture": "#0"},
				"east": {"uv": [7, 7.5, 7.25, 8], "texture": "#0"},
				"south": {"uv": [2.5, 1.5, 3.875, 2], "texture": "#0"},
				"west": {"uv": [7.5, 7, 7.75, 7.5], "texture": "#0"},
				"up": {"uv": [5.375, 3.25, 4, 3], "texture": "#0"},
				"down": {"uv": [5.375, 3.5, 4, 3.75], "texture": "#0"}
			}
		},
		{
			"from": [0.1, -0.1, 1.2],
			"to": [0.6, 1.1, 2.3],
			"rotation": {"angle": 0, "axis": "y", "origin": [-5.4, 0, -3.8]},
			"faces": {
				"north": {"uv": [7, 2, 7.25, 2.625], "texture": "#0"},
				"east": {"uv": [4, 4, 4.5, 4.625], "texture": "#0"},
				"south": {"uv": [2.5, 7, 2.75, 7.625], "texture": "#0"},
				"west": {"uv": [2, 4.5, 2.5, 5.125], "texture": "#0"},
				"up": {"uv": [7.75, 8, 7.5, 7.5], "texture": "#0"},
				"down": {"uv": [0.25, 8, 0, 8.5], "texture": "#0"}
			}
		},
		{
			"from": [0, 0, 1.2],
			"to": [0.1, 1, 2.3],
			"rotation": {"angle": 0, "axis": "y", "origin": [-5.4, 0, -3.8]},
			"faces": {
				"north": {"uv": [9.5, 2, 9.625, 2.5], "texture": "#0"},
				"east": {"uv": [2, 6, 2.5, 6.5], "texture": "#0"},
				"south": {"uv": [2.5, 9.5, 2.625, 10], "texture": "#0"},
				"west": {"uv": [6, 2, 6.5, 2.5], "texture": "#0"},
				"up": {"uv": [9.625, 3, 9.5, 2.5], "texture": "#0"},
				"down": {"uv": [3.125, 9.5, 3, 10], "texture": "#0"}
			}
		},
		{
			"from": [3.6, -0.1, 1.2],
			"to": [4.1, 1.1, 2.3],
			"rotation": {"angle": 0, "axis": "y", "origin": [-5.4, 0, -3.8]},
			"faces": {
				"north": {"uv": [3, 7, 3.25, 7.625], "texture": "#0"},
				"east": {"uv": [2.5, 4.5, 3, 5.125], "texture": "#0"},
				"south": {"uv": [7, 3, 7.25, 3.625], "texture": "#0"},
				"west": {"uv": [3, 4.5, 3.5, 5.125], "texture": "#0"},
				"up": {"uv": [8.25, 0.5, 8, 0], "texture": "#0"},
				"down": {"uv": [0.75, 8, 0.5, 8.5], "texture": "#0"}
			}
		},
		{
			"from": [0.3, -0.1, 1],
			"to": [0.6, 1.1, 1.2],
			"rotation": {"angle": 0, "axis": "y", "origin": [-5.4, 0, -3.8]},
			"faces": {
				"north": {"uv": [8, 7, 8.125, 7.625], "texture": "#0"},
				"east": {"uv": [8, 8, 8.125, 8.625], "texture": "#0"},
				"south": {"uv": [0, 8.5, 0.125, 9.125], "texture": "#0"},
				"west": {"uv": [8.5, 0, 8.625, 0.625], "texture": "#0"},
				"up": {"uv": [10.625, 7.625, 10.5, 7.5], "texture": "#0"},
				"down": {"uv": [8.125, 10.5, 8, 10.625], "texture": "#0"}
			}
		},
		{
			"from": [0.2, 0, 1],
			"to": [0.3, 1, 1.2],
			"rotation": {"angle": 0, "axis": "y", "origin": [-5.4, 0, -3.8]},
			"faces": {
				"north": {"uv": [9.5, 3, 9.625, 3.5], "texture": "#0"},
				"east": {"uv": [3.5, 9.5, 3.625, 10], "texture": "#0"},
				"south": {"uv": [9.5, 3.5, 9.625, 4], "texture": "#0"},
				"west": {"uv": [4, 9.5, 4.125, 10], "texture": "#0"},
				"up": {"uv": [10.125, 11.125, 10, 11], "texture": "#0"},
				"down": {"uv": [11.125, 10, 11, 10.125], "texture": "#0"}
			}
		},
		{
			"from": [0.2, 0.1, 2.3],
			"to": [0.3, 0.9, 2.5],
			"rotation": {"angle": 0, "axis": "y", "origin": [-5.4, 0, -3.8]},
			"faces": {
				"north": {"uv": [0.5, 10, 0.625, 10.375], "texture": "#0"},
				"east": {"uv": [10, 0.5, 10.125, 0.875], "texture": "#0"},
				"south": {"uv": [1, 10, 1.125, 10.375], "texture": "#0"},
				"west": {"uv": [10, 1, 10.125, 1.375], "texture": "#0"},
				"up": {"uv": [10.625, 11.125, 10.5, 11], "texture": "#0"},
				"down": {"uv": [11.125, 10.5, 11, 10.625], "texture": "#0"}
			}
		},
		{
			"from": [0.6, 0.1, 2.5],
			"to": [0.7, 0.9, 2.7],
			"rotation": {"angle": 0, "axis": "y", "origin": [-5.4, 0, -3.8]},
			"faces": {
				"north": {"uv": [1.5, 10, 1.625, 10.375], "texture": "#0"},
				"east": {"uv": [10, 1.5, 10.125, 1.875], "texture": "#0"},
				"south": {"uv": [2, 10, 2.125, 10.375], "texture": "#0"},
				"west": {"uv": [10, 2, 10.125, 2.375], "texture": "#0"},
				"up": {"uv": [11.125, 11.125, 11, 11], "texture": "#0"},
				"down": {"uv": [0.125, 11.5, 0, 11.625], "texture": "#0"}
			}
		},
		{
			"from": [1, 0.1, 2.8],
			"to": [1.1, 0.9, 3.1],
			"rotation": {"angle": 0, "axis": "y", "origin": [-5.4, 0, -3.8]},
			"faces": {
				"north": {"uv": [2.5, 10, 2.625, 10.375], "texture": "#0"},
				"east": {"uv": [10, 2.5, 10.125, 2.875], "texture": "#0"},
				"south": {"uv": [3, 10, 3.125, 10.375], "texture": "#0"},
				"west": {"uv": [10, 3, 10.125, 3.375], "texture": "#0"},
				"up": {"uv": [11.625, 0.125, 11.5, 0], "texture": "#0"},
				"down": {"uv": [0.625, 11.5, 0.5, 11.625], "texture": "#0"}
			}
		},
		{
			"from": [3.9, 0, 1],
			"to": [4, 1, 1.2],
			"rotation": {"angle": 0, "axis": "y", "origin": [4.55, 0.5, 2.2625]},
			"faces": {
				"north": {"uv": [9.5, 4, 9.625, 4.5], "texture": "#0"},
				"east": {"uv": [4.5, 9.5, 4.625, 10], "texture": "#0"},
				"south": {"uv": [9.5, 4.5, 9.625, 5], "texture": "#0"},
				"west": {"uv": [5, 9.5, 5.125, 10], "texture": "#0"},
				"up": {"uv": [11.625, 2.125, 11.5, 2], "texture": "#0"},
				"down": {"uv": [2.625, 11.5, 2.5, 11.625], "texture": "#0"}
			}
		},
		{
			"from": [3.8, 0.02, 0.9],
			"to": [3.9, 0.98, 1],
			"rotation": {"angle": 0, "axis": "y", "origin": [4.55, 0.5, 2.2625]},
			"faces": {
				"north": {"uv": [9.5, 5, 9.625, 5.5], "texture": "#0"},
				"east": {"uv": [5.5, 9.5, 5.625, 10], "texture": "#0"},
				"south": {"uv": [9.5, 5.5, 9.625, 6], "texture": "#0"},
				"west": {"uv": [6, 9.5, 6.125, 10], "texture": "#0"},
				"up": {"uv": [11.625, 2.625, 11.5, 2.5], "texture": "#0"},
				"down": {"uv": [3.125, 11.5, 3, 11.625], "texture": "#0"}
			}
		},
		{
			"from": [0.3, 0.02, 0.9],
			"to": [0.4, 0.98, 1],
			"rotation": {"angle": 0, "axis": "y", "origin": [4.55, 0.5, 2.2625]},
			"faces": {
				"north": {"uv": [9.5, 6, 9.625, 6.5], "texture": "#0"},
				"east": {"uv": [6.5, 9.5, 6.625, 10], "texture": "#0"},
				"south": {"uv": [9.5, 6.5, 9.625, 7], "texture": "#0"},
				"west": {"uv": [7, 9.5, 7.125, 10], "texture": "#0"},
				"up": {"uv": [11.625, 3.125, 11.5, 3], "texture": "#0"},
				"down": {"uv": [3.625, 11.5, 3.5, 11.625], "texture": "#0"}
			}
		},
		{
			"from": [3.9, 0.1, 2.3],
			"to": [4, 0.9, 2.5],
			"rotation": {"angle": 0, "axis": "y", "origin": [4.55, 0.5, 2.2625]},
			"faces": {
				"north": {"uv": [5.5, 10, 5.625, 10.375], "texture": "#0"},
				"east": {"uv": [10, 5.5, 10.125, 5.875], "texture": "#0"},
				"south": {"uv": [6, 10, 6.125, 10.375], "texture": "#0"},
				"west": {"uv": [10, 6, 10.125, 6.375], "texture": "#0"},
				"up": {"uv": [11.625, 1.625, 11.5, 1.5], "texture": "#0"},
				"down": {"uv": [2.125, 11.5, 2, 11.625], "texture": "#0"}
			}
		},
		{
			"from": [3.5, 0.1, 2.5],
			"to": [3.6, 0.9, 2.7],
			"rotation": {"angle": 0, "axis": "y", "origin": [4.55, 0.5, 2.2625]},
			"faces": {
				"north": {"uv": [4.5, 10, 4.625, 10.375], "texture": "#0"},
				"east": {"uv": [10, 4.5, 10.125, 4.875], "texture": "#0"},
				"south": {"uv": [5, 10, 5.125, 10.375], "texture": "#0"},
				"west": {"uv": [10, 5, 10.125, 5.375], "texture": "#0"},
				"up": {"uv": [11.625, 1.125, 11.5, 1], "texture": "#0"},
				"down": {"uv": [1.625, 11.5, 1.5, 11.625], "texture": "#0"}
			}
		},
		{
			"from": [3.1, 0.1, 2.8],
			"to": [3.2, 0.9, 3.1],
			"rotation": {"angle": 0, "axis": "y", "origin": [4.55, 0.5, 2.2625]},
			"faces": {
				"north": {"uv": [3.5, 10, 3.625, 10.375], "texture": "#0"},
				"east": {"uv": [10, 3.5, 10.125, 3.875], "texture": "#0"},
				"south": {"uv": [4, 10, 4.125, 10.375], "texture": "#0"},
				"west": {"uv": [10, 4, 10.125, 4.375], "texture": "#0"},
				"up": {"uv": [11.625, 0.625, 11.5, 0.5], "texture": "#0"},
				"down": {"uv": [1.125, 11.5, 1, 11.625], "texture": "#0"}
			}
		},
		{
			"from": [0.3, 0, 2.3],
			"to": [0.7, 1, 2.5],
			"rotation": {"angle": 0, "axis": "y", "origin": [-5.4, 0, -3.8]},
			"faces": {
				"north": {"uv": [8, 0.5, 8.25, 1], "texture": "#0"},
				"east": {"uv": [8.5, 7.5, 8.625, 8], "texture": "#0"},
				"south": {"uv": [1, 8, 1.25, 8.5], "texture": "#0"},
				"west": {"uv": [8.5, 8, 8.625, 8.5], "texture": "#0"},
				"up": {"uv": [8.75, 10.125, 8.5, 10], "texture": "#0"},
				"down": {"uv": [10.25, 8.5, 10, 8.625], "texture": "#0"}
			}
		},
		{
			"from": [3.5, 0, 2.3],
			"to": [3.9, 1, 2.5],
			"rotation": {"angle": 0, "axis": "y", "origin": [-5.4, 0, -3.8]},
			"faces": {
				"north": {"uv": [1.5, 8, 1.75, 8.5], "texture": "#0"},
				"east": {"uv": [8.5, 8.5, 8.625, 9], "texture": "#0"},
				"south": {"uv": [8, 1.5, 8.25, 2], "texture": "#0"},
				"west": {"uv": [9, 0, 9.125, 0.5], "texture": "#0"},
				"up": {"uv": [9.25, 10.125, 9, 10], "texture": "#0"},
				"down": {"uv": [10.25, 9, 10, 9.125], "texture": "#0"}
			}
		},
		{
			"from": [3.6, -0.1, 1],
			"to": [3.9, 1.1, 1.2],
			"rotation": {"angle": 0, "axis": "y", "origin": [-5.4, 0, -3.8]},
			"faces": {
				"north": {"uv": [0.5, 8.5, 0.625, 9.125], "texture": "#0"},
				"east": {"uv": [1, 8.5, 1.125, 9.125], "texture": "#0"},
				"south": {"uv": [8.5, 1, 8.625, 1.625], "texture": "#0"},
				"west": {"uv": [1.5, 8.5, 1.625, 9.125], "texture": "#0"},
				"up": {"uv": [10.625, 8.125, 10.5, 8], "texture": "#0"},
				"down": {"uv": [8.625, 10.5, 8.5, 10.625], "texture": "#0"}
			}
		},
		{
			"from": [1.2, 0.9, 2.8],
			"to": [1.5, 1, 3],
			"rotation": {"angle": 0, "axis": "y", "origin": [1.4, 1.15, 1.5]},
			"faces": {
				"north": {"uv": [10.5, 8.5, 10.625, 8.625], "texture": "#0"},
				"east": {"uv": [9, 10.5, 9.125, 10.625], "texture": "#0"},
				"south": {"uv": [10.5, 9, 10.625, 9.125], "texture": "#0"},
				"west": {"uv": [9.5, 10.5, 9.625, 10.625], "texture": "#0"},
				"up": {"uv": [10.625, 9.625, 10.5, 9.5], "texture": "#0"},
				"down": {"uv": [10.125, 10.5, 10, 10.625], "texture": "#0"}
			}
		},
		{
			"from": [2.7, 0.9, 2.8],
			"to": [3, 1, 3],
			"rotation": {"angle": 0, "axis": "y", "origin": [1.4, 1.15, 1.5]},
			"faces": {
				"north": {"uv": [10.5, 10, 10.625, 10.125], "texture": "#0"},
				"east": {"uv": [10.5, 10.5, 10.625, 10.625], "texture": "#0"},
				"south": {"uv": [0, 11, 0.125, 11.125], "texture": "#0"},
				"west": {"uv": [11, 0, 11.125, 0.125], "texture": "#0"},
				"up": {"uv": [0.625, 11.125, 0.5, 11], "texture": "#0"},
				"down": {"uv": [11.125, 0.5, 11, 0.625], "texture": "#0"}
			}
		},
		{
			"from": [2.8, 0.9, 3],
			"to": [2.9, 1, 3.2],
			"rotation": {"angle": 0, "axis": "y", "origin": [1.4, 1.15, 1.5]},
			"faces": {
				"north": {"uv": [1, 11, 1.125, 11.125], "texture": "#0"},
				"east": {"uv": [11, 1, 11.125, 1.125], "texture": "#0"},
				"south": {"uv": [1.5, 11, 1.625, 11.125], "texture": "#0"},
				"west": {"uv": [11, 1.5, 11.125, 1.625], "texture": "#0"},
				"up": {"uv": [2.125, 11.125, 2, 11], "texture": "#0"},
				"down": {"uv": [11.125, 2, 11, 2.125], "texture": "#0"}
			}
		},
		{
			"from": [1.5, 0.1, 0],
			"to": [2.7, 0.9, 0.1],
			"rotation": {"angle": 0, "axis": "y", "origin": [-5.4, 0, -3.8]},
			"faces": {
				"north": {"uv": [2.5, 6, 3.125, 6.375], "texture": "#0"},
				"east": {"uv": [0, 10, 0.125, 10.375], "texture": "#0"},
				"south": {"uv": [6, 2.5, 6.625, 2.875], "texture": "#0"},
				"west": {"uv": [10, 0, 10.125, 0.375], "texture": "#0"},
				"up": {"uv": [2.625, 8.625, 2, 8.5], "texture": "#0"},
				"down": {"uv": [9.125, 2, 8.5, 2.125], "texture": "#0"}
			}
		},
		{
			"from": [1.8, 0.9, 3],
			"to": [1.9, 1, 3.1],
			"rotation": {"angle": 0, "axis": "y", "origin": [1.4, 1.15, 1.5]},
			"faces": {
				"north": {"uv": [2.5, 11, 2.625, 11.125], "texture": "#0"},
				"east": {"uv": [11, 2.5, 11.125, 2.625], "texture": "#0"},
				"south": {"uv": [3, 11, 3.125, 11.125], "texture": "#0"},
				"west": {"uv": [11, 3, 11.125, 3.125], "texture": "#0"},
				"up": {"uv": [3.625, 11.125, 3.5, 11], "texture": "#0"},
				"down": {"uv": [11.125, 3.5, 11, 3.625], "texture": "#0"}
			}
		},
		{
			"from": [1.8, 0.9, 2.8],
			"to": [2, 1, 3],
			"rotation": {"angle": 0, "axis": "y", "origin": [1.4, 1.15, 1.5]},
			"faces": {
				"north": {"uv": [4, 11, 4.125, 11.125], "texture": "#0"},
				"east": {"uv": [11, 4, 11.125, 4.125], "texture": "#0"},
				"south": {"uv": [4.5, 11, 4.625, 11.125], "texture": "#0"},
				"west": {"uv": [11, 4.5, 11.125, 4.625], "texture": "#0"},
				"up": {"uv": [5.125, 11.125, 5, 11], "texture": "#0"},
				"down": {"uv": [11.125, 5, 11, 5.125], "texture": "#0"}
			}
		},
		{
			"from": [2.3, 0.9, 3],
			"to": [2.4, 1, 3.1],
			"rotation": {"angle": 0, "axis": "y", "origin": [1.4, 1.15, 1.5]},
			"faces": {
				"north": {"uv": [5.5, 11, 5.625, 11.125], "texture": "#0"},
				"east": {"uv": [11, 5.5, 11.125, 5.625], "texture": "#0"},
				"south": {"uv": [6, 11, 6.125, 11.125], "texture": "#0"},
				"west": {"uv": [11, 6, 11.125, 6.125], "texture": "#0"},
				"up": {"uv": [6.625, 11.125, 6.5, 11], "texture": "#0"},
				"down": {"uv": [11.125, 6.5, 11, 6.625], "texture": "#0"}
			}
		},
		{
			"from": [2.2, 0.9, 2.8],
			"to": [2.4, 1, 3],
			"rotation": {"angle": 0, "axis": "y", "origin": [1.4, 1.15, 1.5]},
			"faces": {
				"north": {"uv": [7, 11, 7.125, 11.125], "texture": "#0"},
				"east": {"uv": [11, 7, 11.125, 7.125], "texture": "#0"},
				"south": {"uv": [7.5, 11, 7.625, 11.125], "texture": "#0"},
				"west": {"uv": [11, 7.5, 11.125, 7.625], "texture": "#0"},
				"up": {"uv": [8.125, 11.125, 8, 11], "texture": "#0"},
				"down": {"uv": [11.125, 8, 11, 8.125], "texture": "#0"}
			}
		},
		{
			"from": [1.3, 0.9, 3],
			"to": [1.4, 1, 3.2],
			"rotation": {"angle": 0, "axis": "y", "origin": [1.4, 1.15, 1.5]},
			"faces": {
				"north": {"uv": [8.5, 11, 8.625, 11.125], "texture": "#0"},
				"east": {"uv": [11, 8.5, 11.125, 8.625], "texture": "#0"},
				"south": {"uv": [9, 11, 9.125, 11.125], "texture": "#0"},
				"west": {"uv": [11, 9, 11.125, 9.125], "texture": "#0"},
				"up": {"uv": [9.625, 11.125, 9.5, 11], "texture": "#0"},
				"down": {"uv": [11.125, 9.5, 11, 9.625], "texture": "#0"}
			}
		},
		{
			"from": [1.3, 0, 3],
			"to": [1.4, 0.1, 3.2],
			"rotation": {"angle": 0, "axis": "y", "origin": [1.4, 1.15, 1.5]},
			"faces": {
				"north": {"uv": [2.5, 12, 2.625, 12.125], "texture": "#0"},
				"east": {"uv": [12, 2.5, 12.125, 2.625], "texture": "#0"},
				"south": {"uv": [3, 12, 3.125, 12.125], "texture": "#0"},
				"west": {"uv": [12, 3, 12.125, 3.125], "texture": "#0"},
				"up": {"uv": [3.625, 12.125, 3.5, 12], "texture": "#0"},
				"down": {"uv": [12.125, 3.5, 12, 3.625], "texture": "#0"}
			}
		},
		{
			"from": [1.2, 0, 2.8],
			"to": [1.5, 0.1, 3],
			"rotation": {"angle": 0, "axis": "y", "origin": [1.4, 1.15, 1.5]},
			"faces": {
				"north": {"uv": [1, 12, 1.125, 12.125], "texture": "#0"},
				"east": {"uv": [12, 1, 12.125, 1.125], "texture": "#0"},
				"south": {"uv": [1.5, 12, 1.625, 12.125], "texture": "#0"},
				"west": {"uv": [12, 1.5, 12.125, 1.625], "texture": "#0"},
				"up": {"uv": [2.125, 12.125, 2, 12], "texture": "#0"},
				"down": {"uv": [12.125, 2, 12, 2.125], "texture": "#0"}
			}
		},
		{
			"from": [1.8, 0, 2.8],
			"to": [2, 0.1, 3],
			"rotation": {"angle": 0, "axis": "y", "origin": [1.4, 1.15, 1.5]},
			"faces": {
				"north": {"uv": [11.5, 11, 11.625, 11.125], "texture": "#0"},
				"east": {"uv": [11.5, 11.5, 11.625, 11.625], "texture": "#0"},
				"south": {"uv": [0, 12, 0.125, 12.125], "texture": "#0"},
				"west": {"uv": [12, 0, 12.125, 0.125], "texture": "#0"},
				"up": {"uv": [0.625, 12.125, 0.5, 12], "texture": "#0"},
				"down": {"uv": [12.125, 0.5, 12, 0.625], "texture": "#0"}
			}
		},
		{
			"from": [1.8, 0, 3],
			"to": [1.9, 0.1, 3.1],
			"rotation": {"angle": 0, "axis": "y", "origin": [1.4, 1.15, 1.5]},
			"faces": {
				"north": {"uv": [11.5, 9.5, 11.625, 9.625], "texture": "#0"},
				"east": {"uv": [10, 11.5, 10.125, 11.625], "texture": "#0"},
				"south": {"uv": [11.5, 10, 11.625, 10.125], "texture": "#0"},
				"west": {"uv": [10.5, 11.5, 10.625, 11.625], "texture": "#0"},
				"up": {"uv": [11.625, 10.625, 11.5, 10.5], "texture": "#0"},
				"down": {"uv": [11.125, 11.5, 11, 11.625], "texture": "#0"}
			}
		},
		{
			"from": [2.2, 0, 2.8],
			"to": [2.4, 0.1, 3],
			"rotation": {"angle": 0, "axis": "y", "origin": [1.4, 1.15, 1.5]},
			"faces": {
				"north": {"uv": [11.5, 8, 11.625, 8.125], "texture": "#0"},
				"east": {"uv": [8.5, 11.5, 8.625, 11.625], "texture": "#0"},
				"south": {"uv": [11.5, 8.5, 11.625, 8.625], "texture": "#0"},
				"west": {"uv": [9, 11.5, 9.125, 11.625], "texture": "#0"},
				"up": {"uv": [11.625, 9.125, 11.5, 9], "texture": "#0"},
				"down": {"uv": [9.625, 11.5, 9.5, 11.625], "texture": "#0"}
			}
		},
		{
			"from": [2.3, 0, 3],
			"to": [2.4, 0.1, 3.1],
			"rotation": {"angle": 0, "axis": "y", "origin": [1.4, 1.15, 1.5]},
			"faces": {
				"north": {"uv": [11.5, 6.5, 11.625, 6.625], "texture": "#0"},
				"east": {"uv": [7, 11.5, 7.125, 11.625], "texture": "#0"},
				"south": {"uv": [11.5, 7, 11.625, 7.125], "texture": "#0"},
				"west": {"uv": [7.5, 11.5, 7.625, 11.625], "texture": "#0"},
				"up": {"uv": [11.625, 7.625, 11.5, 7.5], "texture": "#0"},
				"down": {"uv": [8.125, 11.5, 8, 11.625], "texture": "#0"}
			}
		},
		{
			"from": [2.7, 0, 2.8],
			"to": [3, 0.1, 3],
			"rotation": {"angle": 0, "axis": "y", "origin": [1.4, 1.15, 1.5]},
			"faces": {
				"north": {"uv": [11.5, 5, 11.625, 5.125], "texture": "#0"},
				"east": {"uv": [5.5, 11.5, 5.625, 11.625], "texture": "#0"},
				"south": {"uv": [11.5, 5.5, 11.625, 5.625], "texture": "#0"},
				"west": {"uv": [6, 11.5, 6.125, 11.625], "texture": "#0"},
				"up": {"uv": [11.625, 6.125, 11.5, 6], "texture": "#0"},
				"down": {"uv": [6.625, 11.5, 6.5, 11.625], "texture": "#0"}
			}
		},
		{
			"from": [2.8, 0, 3],
			"to": [2.9, 0.1, 3.2],
			"rotation": {"angle": 0, "axis": "y", "origin": [1.4, 1.15, 1.5]},
			"faces": {
				"north": {"uv": [11.5, 3.5, 11.625, 3.625], "texture": "#0"},
				"east": {"uv": [4, 11.5, 4.125, 11.625], "texture": "#0"},
				"south": {"uv": [11.5, 4, 11.625, 4.125], "texture": "#0"},
				"west": {"uv": [4.5, 11.5, 4.625, 11.625], "texture": "#0"},
				"up": {"uv": [11.625, 4.625, 11.5, 4.5], "texture": "#0"},
				"down": {"uv": [5.125, 11.5, 5, 11.625], "texture": "#0"}
			}
		},
		{
			"from": [1.2, -0.001, 1.2],
			"to": [1.7, 0.099, 2.2],
			"rotation": {"angle": 0, "axis": "y", "origin": [1.4, 1.15, 1.5]},
			"faces": {
				"north": {"uv": [10.5, 7, 10.75, 7.125], "texture": "#0"},
				"east": {"uv": [9.5, 8.5, 10, 8.625], "texture": "#0"},
				"south": {"uv": [7.5, 10.5, 7.75, 10.625], "texture": "#0"},
				"west": {"uv": [9, 9.5, 9.5, 9.625], "texture": "#0"},
				"up": {"uv": [4.25, 8.5, 4, 8], "texture": "#0"},
				"down": {"uv": [7.75, 5.5, 7.5, 6], "texture": "#0"}
			}
		},
		{
			"from": [0.7, -0.001, 0.8],
			"to": [1.2, 0.099, 1.8],
			"rotation": {"angle": 0, "axis": "y", "origin": [1.4, 1.15, 1.5]},
			"faces": {
				"north": {"uv": [10.5, 6.5, 10.75, 6.625], "texture": "#0"},
				"east": {"uv": [9.5, 8, 10, 8.125], "texture": "#0"},
				"south": {"uv": [7, 10.5, 7.25, 10.625], "texture": "#0"},
				"west": {"uv": [8.5, 9.5, 9, 9.625], "texture": "#0"},
				"up": {"uv": [3.75, 8.5, 3.5, 8], "texture": "#0"},
				"down": {"uv": [0.25, 7.5, 0, 8], "texture": "#0"}
			}
		},
		{
			"from": [2.5, -0.001, 1.2],
			"to": [3, 0.099, 2.2],
			"rotation": {"angle": 0, "axis": "y", "origin": [2.8, 1.15, 1.2]},
			"faces": {
				"north": {"uv": [10.5, 6, 10.75, 6.125], "texture": "#0"},
				"east": {"uv": [9.5, 7.5, 10, 7.625], "texture": "#0"},
				"south": {"uv": [6.5, 10.5, 6.75, 10.625], "texture": "#0"},
				"west": {"uv": [8, 9.5, 8.5, 9.625], "texture": "#0"},
				"up": {"uv": [3.25, 8.5, 3, 8], "texture": "#0"},
				"down": {"uv": [7.75, 4.5, 7.5, 5], "texture": "#0"}
			}
		},
		{
			"from": [3, -0.001, 0.8],
			"to": [3.5, 0.099, 1.8],
			"rotation": {"angle": 0, "axis": "y", "origin": [2.8, 1.15, 1.2]},
			"faces": {
				"north": {"uv": [10.5, 5.5, 10.75, 5.625], "texture": "#0"},
				"east": {"uv": [9.5, 7, 10, 7.125], "texture": "#0"},
				"south": {"uv": [6, 10.5, 6.25, 10.625], "texture": "#0"},
				"west": {"uv": [7.5, 9.5, 8, 9.625], "texture": "#0"},
				"up": {"uv": [2.75, 8.5, 2.5, 8], "texture": "#0"},
				"down": {"uv": [7.75, 3.5, 7.5, 4], "texture": "#0"}
			}
		},
		{
			"from": [0.22929, 0.3, -1.47782],
			"to": [0.82929, 0.7, -1.07782],
			"rotation": {"angle": -45, "axis": "y", "origin": [0.52929, 0.6, -0.57782]},
			"faces": {
				"north": {"uv": [6.5, 9, 6.75, 9.25], "texture": "#0"},
				"east": {"uv": [9, 6.5, 9.25, 6.75], "texture": "#0"},
				"south": {"uv": [7, 9, 7.25, 9.25], "texture": "#0"},
				"west": {"uv": [9, 7, 9.25, 7.25], "texture": "#0"},
				"up": {"uv": [7.75, 9.25, 7.5, 9], "texture": "#0"},
				"down": {"uv": [7.75, 9, 7.5, 9.25], "texture": "#0"}
			}
		},
		{
			"from": [3.37071, 0.3, -1.47782],
			"to": [3.97071, 0.7, -1.07782],
			"rotation": {"angle": 45, "axis": "y", "origin": [3.67071, 0.6, -0.57782]},
			"faces": {
				"north": {"uv": [8, 9, 8.25, 9.25], "texture": "#0"},
				"east": {"uv": [9, 8, 9.25, 8.25], "texture": "#0"},
				"south": {"uv": [8.5, 9, 8.75, 9.25], "texture": "#0"},
				"west": {"uv": [9, 8.5, 9.25, 8.75], "texture": "#0"},
				"up": {"uv": [7.75, 9.25, 7.5, 9], "texture": "#0"},
				"down": {"uv": [7.75, 9, 7.5, 9.25], "texture": "#0"}
			}
		},
		{
			"from": [1.6, 0.3, 3.5],
			"to": [2.6, 0.7, 8.4],
			"rotation": {"angle": 0, "axis": "y", "origin": [1.795, 0.485, 6.54]},
			"faces": {
				"north": {"uv": [0.5, 7.5, 1, 7.75], "texture": "#0"},
				"east": {"uv": [2.5, 2, 5, 2.25], "texture": "#0"},
				"south": {"uv": [7.5, 0.5, 8, 0.75], "texture": "#0"},
				"west": {"uv": [2.5, 2.5, 5, 2.75], "texture": "#0"},
				"up": {"uv": [0.5, 2.5, 0, 0], "texture": "#0"},
				"down": {"uv": [1, 0, 0.5, 2.5], "texture": "#0"}
			}
		},
		{
			"from": [0.9, 0.3, 7.4],
			"to": [1.6, 0.6, 8.4],
			"rotation": {"angle": 0, "axis": "y", "origin": [1.795, 0.485, 6.54]},
			"faces": {
				"north": {"uv": [9.5, 9, 9.875, 9.125], "texture": "#0"},
				"east": {"uv": [9, 0.5, 9.5, 0.625], "texture": "#0"},
				"south": {"uv": [9.5, 9.5, 9.875, 9.625], "texture": "#0"},
				"west": {"uv": [9, 1, 9.5, 1.125], "texture": "#0"},
				"up": {"uv": [6.875, 4, 6.5, 3.5], "texture": "#0"},
				"down": {"uv": [4.375, 6.5, 4, 7], "texture": "#0"}
			}
		},
		{
			"from": [2.6, 0.3, 6.4],
			"to": [3.1, 0.6, 7.4],
			"rotation": {"angle": 0, "axis": "y", "origin": [1.795, 0.485, 6.54]},
			"faces": {
				"north": {"uv": [9.5, 10, 9.75, 10.125], "texture": "#0"},
				"east": {"uv": [9, 1.5, 9.5, 1.625], "texture": "#0"},
				"south": {"uv": [10, 9.5, 10.25, 9.625], "texture": "#0"},
				"west": {"uv": [2, 9, 2.5, 9.125], "texture": "#0"},
				"up": {"uv": [2.25, 8.5, 2, 8], "texture": "#0"},
				"down": {"uv": [8.25, 2, 8, 2.5], "texture": "#0"}
			}
		},
		{
			"from": [0.6, 0.4, 5.4],
			"to": [1.6, 0.7, 6.4],
			"rotation": {"angle": 0, "axis": "y", "origin": [1.795, 0.485, 6.54]},
			"faces": {
				"north": {"uv": [2.5, 9, 3, 9.125], "texture": "#0"},
				"east": {"uv": [9, 2.5, 9.5, 2.625], "texture": "#0"},
				"south": {"uv": [9, 3, 9.5, 3.125], "texture": "#0"},
				"west": {"uv": [9, 3.5, 9.5, 3.625], "texture": "#0"},
				"up": {"uv": [6.5, 1.5, 6, 1], "texture": "#0"},
				"down": {"uv": [6.5, 1.5, 6, 2], "texture": "#0"}
			}
		},
		{
			"from": [1.8, 0.2, 8.4],
			"to": [2.4, 0.8, 8.6],
			"rotation": {"angle": 0, "axis": "y", "origin": [1.795, 0.485, 6.54]},
			"faces": {
				"north": {"uv": [9, 4, 9.25, 4.25], "texture": "#0"},
				"east": {"uv": [10, 10, 10.125, 10.25], "texture": "#0"},
				"south": {"uv": [9, 4.5, 9.25, 4.75], "texture": "#0"},
				"west": {"uv": [0, 10.5, 0.125, 10.75], "texture": "#0"},
				"up": {"uv": [10.75, 0.125, 10.5, 0], "texture": "#0"},
				"down": {"uv": [0.75, 10.5, 0.5, 10.625], "texture": "#0"}
			}
		},
		{
			"from": [0.1, 0.5, 5.9],
			"to": [0.6, 0.7, 6.4],
			"rotation": {"angle": 0, "axis": "y", "origin": [1.795, 0.485, 6.54]},
			"faces": {
				"north": {"uv": [10.5, 0.5, 10.75, 0.625], "texture": "#0"},
				"east": {"uv": [1, 10.5, 1.25, 10.625], "texture": "#0"},
				"south": {"uv": [10.5, 1, 10.75, 1.125], "texture": "#0"},
				"west": {"uv": [1.5, 10.5, 1.75, 10.625], "texture": "#0"},
				"up": {"uv": [5.25, 9.25, 5, 9], "texture": "#0"},
				"down": {"uv": [9.25, 5, 9, 5.25], "texture": "#0"}
			}
		},
		{
			"from": [0.4, 0.3, 7.4],
			"to": [0.9, 0.5, 7.9],
			"rotation": {"angle": 0, "axis": "y", "origin": [1.795, 0.485, 6.54]},
			"faces": {
				"north": {"uv": [10.5, 1.5, 10.75, 1.625], "texture": "#0"},
				"east": {"uv": [2, 10.5, 2.25, 10.625], "texture": "#0"},
				"south": {"uv": [10.5, 2, 10.75, 2.125], "texture": "#0"},
				"west": {"uv": [2.5, 10.5, 2.75, 10.625], "texture": "#0"},
				"up": {"uv": [5.75, 9.25, 5.5, 9], "texture": "#0"},
				"down": {"uv": [9.25, 5.5, 9, 5.75], "texture": "#0"}
			}
		},
		{
			"from": [3.1, 0.3, 6.4],
			"to": [3.6, 0.5, 6.9],
			"rotation": {"angle": 0, "axis": "y", "origin": [1.795, 0.485, 6.54]},
			"faces": {
				"north": {"uv": [10.5, 2.5, 10.75, 2.625], "texture": "#0"},
				"east": {"uv": [3, 10.5, 3.25, 10.625], "texture": "#0"},
				"south": {"uv": [10.5, 3, 10.75, 3.125], "texture": "#0"},
				"west": {"uv": [3.5, 10.5, 3.75, 10.625], "texture": "#0"},
				"up": {"uv": [6.25, 9.25, 6, 9], "texture": "#0"},
				"down": {"uv": [9.25, 6, 9, 6.25], "texture": "#0"}
			}
		},
		{
			"from": [1.8, 0.7, 3.5],
			"to": [2.4, 0.8, 8.4],
			"rotation": {"angle": 0, "axis": "y", "origin": [1.795, 0.485, 6.54]},
			"faces": {
				"north": {"uv": [10.5, 3.5, 10.75, 3.625], "texture": "#0"},
				"east": {"uv": [4.5, 4, 7, 4.125], "texture": "#0"},
				"south": {"uv": [4, 10.5, 4.25, 10.625], "texture": "#0"},
				"west": {"uv": [4.5, 4.5, 7, 4.625], "texture": "#0"},
				"up": {"uv": [0.25, 5, 0, 2.5], "texture": "#0"},
				"down": {"uv": [0.75, 2.5, 0.5, 5], "texture": "#0"}
			}
		},
		{
			"from": [1.8, 0.2, 3.5],
			"to": [2.4, 0.3, 8.4],
			"rotation": {"angle": 0, "axis": "y", "origin": [1.795, 0.485, 6.54]},
			"faces": {
				"north": {"uv": [10.5, 4, 10.75, 4.125], "texture": "#0"},
				"east": {"uv": [5, 0, 7.5, 0.125], "texture": "#0"},
				"south": {"uv": [4.5, 10.5, 4.75, 10.625], "texture": "#0"},
				"west": {"uv": [5, 0.5, 7.5, 0.625], "texture": "#0"},
				"up": {"uv": [1.25, 5.5, 1, 3], "texture": "#0"},
				"down": {"uv": [1.75, 3, 1.5, 5.5], "texture": "#0"}
			}
		}
	],
	"display": {
		"thirdperson_righthand": {
			"rotation": [90, 0, 0],
			"translation": [6, -3.25, 8.5]
		},
		"thirdperson_lefthand": {
			"rotation": [90, 0, 0],
			"translation": [-6, -3, 8.25]
		},
		"firstperson_righthand": {
			"rotation": [90, -12, 34],
			"translation": [4.25, -3, 7.25]
		},
		"firstperson_lefthand": {
			"rotation": [90, -12, 34],
			"translation": [-4.5, -1, 0]
		},
		"ground": {
			"rotation": [90, 45, 0],
			"translation": [8, 2.75, 7.75]
		},
		"gui": {
			"rotation": [90, -45, 0],
			"translation": [1.75, -11.5, 0],
			"scale": [1.5, 1.5, 1.5]
		},
		"fixed": {
			"rotation": [90, 45, 0],
			"translation": [14.5, 2.25, 13.25],
			"scale": [2, 2, 2]
		}
	},
	"groups": [
		{
			"name": "face",
			"origin": [9.07071, 0.6, 3.22218],
			"color": 0,
			"children": [0, 1, 2, 3, 4, 5, 6, 7, 8, 9, 10, 11, 12, 13, 14, 15, 16, 17, 18, 19, 20, 21, 22, 23, 24, 25, 26, 27, 28, 29, 30, 31, 32, 33, 34, 35, 36, 37, 38, 39, 40, 41, 42, 43, 44, 45, 46, 47, 48, 49, 50, 51, 52, 53, 54, 55, 56, 57, 58, 59, 60, 61, 62]
		},
		{
			"name": "key",
			"origin": [0, 0, 0],
			"color": 0,
			"children": [63, 64, 65, 66, 67, 68, 69, 70, 71, 72]
		}
	]
}