{
	"credit": "Made with Blockbench",
	"textures": {
		"1": "season1/hats/halloween/corners_2",
		"particle": "season1/hats/halloween/corners_2"
	},
	"elements": [
		{
			"from": [8.75, 12.94336, 2.73239],
			"to": [11.75, 15.94336, 5.73239],
			"rotation": {"angle": -45, "axis": "x", "origin": [10.25, 13.33581, 8.1915]},
			"faces": {
				"north": {"uv": [0.032, 0.032, 2.968, 2.968], "texture": "#1"},
				"east": {"uv": [0.032, 4.032, 2.968, 6.968], "texture": "#1"},
				"south": {"uv": [4.032, 0.032, 6.968, 2.968], "texture": "#1"},
				"west": {"uv": [4.032, 4.032, 6.968, 6.968], "texture": "#1"},
				"up": {"uv": [2.968, 10.968, 0.032, 8.032], "texture": "#1"},
				"down": {"uv": [10.968, 0.032, 8.032, 2.968], "texture": "#1"}
			}
		},
		{
			"from": [9.75, 11.7234, 2.02643],
			"to": [10.75, 14.7234, 3.02643],
			"rotation": {"angle": 22.5, "axis": "x", "origin": [10.25, 13.33581, 8.1915]},
			"faces": {
				"north": {"uv": [12.032, 0.032, 12.968, 2.968], "texture": "#1"},
				"east": {"uv": [3.032, 12.032, 3.968, 14.968], "texture": "#1"},
				"south": {"uv": [5.032, 12.032, 5.968, 14.968], "texture": "#1"},
				"west": {"uv": [7.032, 12.032, 7.968, 14.968], "texture": "#1"},
				"up": {"uv": [9.968, 12.968, 9.032, 12.032], "texture": "#1"},
				"down": {"uv": [11.968, 12.032, 11.032, 12.968], "texture": "#1"}
			}
		},
		{
			"from": [5.25, 11.7234, 2.02643],
			"to": [6.25, 14.7234, 3.02643],
			"rotation": {"angle": 22.5, "axis": "x", "origin": [5.75, 13.33581, 8.1915]},
			"faces": {
				"north": {"uv": [12.968, 0.032, 12.032, 2.968], "texture": "#1"},
				"east": {"uv": [7.968, 12.032, 7.032, 14.968], "texture": "#1"},
				"south": {"uv": [5.968, 12.032, 5.032, 14.968], "texture": "#1"},
				"west": {"uv": [3.968, 12.032, 3.032, 14.968], "texture": "#1"},
				"up": {"uv": [9.032, 12.968, 9.968, 12.032], "texture": "#1"},
				"down": {"uv": [11.032, 12.032, 11.968, 12.968], "texture": "#1"}
			}
		},
		{
			"from": [4.25, 12.94336, 2.73239],
			"to": [7.25, 15.94336, 5.73239],
			"rotation": {"angle": -45, "axis": "x", "origin": [5.75, 13.33581, 8.1915]},
			"faces": {
				"north": {"uv": [2.968, 0.032, 0.032, 2.968], "texture": "#1"},
				"east": {"uv": [6.968, 4.032, 4.032, 6.968], "texture": "#1"},
				"south": {"uv": [6.968, 0.032, 4.032, 2.968], "texture": "#1"},
				"west": {"uv": [2.968, 4.032, 0.032, 6.968], "texture": "#1"},
				"up": {"uv": [0.032, 10.968, 2.968, 8.032], "texture": "#1"},
				"down": {"uv": [8.032, 0.032, 10.968, 2.968], "texture": "#1"}
			}
		},
		{
			"from": [9.25, 13.57531, 2.50516],
			"to": [11.25, 16.57531, 4.50516],
			"rotation": {"angle": -22.5, "axis": "x", "origin": [10.25, 13.33581, 8.1915]},
			"faces": {
				"north": {"uv": [4.032, 8.032, 5.968, 10.968], "texture": "#1"},
				"east": {"uv": [8.032, 4.032, 9.968, 6.968], "texture": "#1"},
				"south": {"uv": [7.032, 8.032, 8.968, 10.968], "texture": "#1"},
				"west": {"uv": [10.032, 8.032, 11.968, 10.968], "texture": "#1"},
				"up": {"uv": [12.968, 5.968, 11.032, 4.032], "texture": "#1"},
				"down": {"uv": [1.968, 12.032, 0.032, 13.968], "texture": "#1"}
			}
		},
		{
			"from": [4.75, 13.57531, 2.50516],
			"to": [6.75, 16.57531, 4.50516],
			"rotation": {"angle": -22.5, "axis": "x", "origin": [5.75, 13.33581, 8.1915]},
			"faces": {
				"north": {"uv": [5.968, 8.032, 4.032, 10.968], "texture": "#1"},
				"east": {"uv": [11.968, 8.032, 10.032, 10.968], "texture": "#1"},
				"south": {"uv": [8.968, 8.032, 7.032, 10.968], "texture": "#1"},
				"west": {"uv": [9.968, 4.032, 8.032, 6.968], "texture": "#1"},
				"up": {"uv": [11.032, 5.968, 12.968, 4.032], "texture": "#1"},
				"down": {"uv": [0.032, 12.032, 1.968, 13.968], "texture": "#1"}
			}
		}
	],
	"display": {
		"thirdperson_righthand": {
			"translation": [0, -1.5, 1.75],
			"scale": [0.5, 0.5, 0.5]
		},
		"thirdperson_lefthand": {
			"translation": [0, -1.5, 1.75],
			"scale": [0.5, 0.5, 0.5]
		},
		"firstperson_righthand": {
			"scale": [0.5, 0.5, 0.5]
		},
		"firstperson_lefthand": {
			"scale": [0.5, 0.5, 0.5]
		},
		"ground": {
			"translation": [0, 3, 0]
		},
		"gui": {
			"rotation": [-168.08, -39.63, 178.4],
			"translation": [-3, -5.75, 0],
			"scale": [1.5, 1.5, 1.5]
		},
		"head": {
			"scale": [1.7, 1.7, 1.7]
		},
		"fixed": {
			"translation": [0, -8.75, 5],
			"scale": [2, 2, 2]
		}
	},
	"groups": [
		{
			"name": "group",
			"origin": [8, 8, 8],
			"color": 0,
			"children": [0, 1, 2, 3, 4, 5]
		}
	]
}