{
	"credit": "Made with Blockbench",
	"parent": "ghost_pet",
	"texture_size": [64, 64],
	"textures": {
		"0": "season1/hats/halloween/ghost_pet"
	},
	"elements": [
		{
			"from": [4.5, 10, 5],
			"to": [11.5, 22, 12],
			"rotation": {"angle": 0, "axis": "y", "origin": [8, 16, 8.5]},
			"faces": {
				"north": {"uv": [1.75, 1.75, 3.5, 4.75], "texture": "#0"},
				"east": {"uv": [0, 1.75, 1.75, 4.75], "texture": "#0"},
				"south": {"uv": [5.25, 1.75, 7, 4.75], "texture": "#0"},
				"west": {"uv": [3.5, 1.75, 5.25, 4.75], "texture": "#0"},
				"up": {"uv": [3.5, 1.75, 1.75, 0], "texture": "#0"},
				"down": {"uv": [5.25, 0, 3.5, 1.75], "texture": "#0"}
			}
		},
		{
			"from": [4.9, 10.4, 5.4],
			"to": [11.1, 21.6, 11.6],
			"rotation": {"angle": 0, "axis": "y", "origin": [8, 16, 8.5]},
			"faces": {
				"north": {"uv": [1.75, 12, 3.5, 15], "texture": "#0"},
				"east": {"uv": [0, 12, 1.75, 15], "texture": "#0"},
				"south": {"uv": [5.25, 12, 7, 15], "texture": "#0"},
				"west": {"uv": [3.5, 12, 5.25, 15], "texture": "#0"},
				"up": {"uv": [3.5, 12, 1.75, 10.25], "texture": "#0"},
				"down": {"uv": [5.25, 10.25, 3.5, 12], "texture": "#0"}
			}
		},
		{
			"from": [4.5, 6.49009, 4.94434],
			"to": [11.5, 12.49009, 4.94434],
			"rotation": {"angle": 0, "axis": "y", "origin": [8, 9.49009, 3.94434]},
			"faces": {
				"north": {"uv": [3.5, 8.5, 5.25, 10], "texture": "#0"},
				"east": {"uv": [3.5, 8.5, 3.5, 10], "texture": "#0"},
				"south": {"uv": [3.5, 8.5, 5.25, 10], "texture": "#0"},
				"west": {"uv": [5.25, 8.5, 5.25, 10], "texture": "#0"},
				"up": {"uv": [5.25, 8.5, 3.5, 8.5], "texture": "#0"},
				"down": {"uv": [7, 8.5, 5.25, 8.5], "texture": "#0"}
			}
		},
		{
			"from": [4.5, 6.49009, 12.04434],
			"to": [11.5, 12.49009, 12.04434],
			"rotation": {"angle": -45, "axis": "x", "origin": [8, 12.49009, 12.04434]},
			"faces": {
				"north": {"uv": [3.5, 8.5, 5.25, 10], "texture": "#0"},
				"east": {"uv": [3.5, 8.5, 3.5, 10], "texture": "#0"},
				"south": {"uv": [3.5, 8.5, 5.25, 10], "texture": "#0"},
				"west": {"uv": [5.25, 8.5, 5.25, 10], "texture": "#0"},
				"up": {"uv": [5.25, 8.5, 3.5, 8.5], "texture": "#0"},
				"down": {"uv": [7, 8.5, 5.25, 8.5], "texture": "#0"}
			}
		},
		{
			"from": [4.41389, 6.33702, 5],
			"to": [4.41389, 12.33702, 12],
			"rotation": {"angle": 0, "axis": "y", "origin": [3.31389, 6.33702, 8.5]},
			"faces": {
				"north": {"uv": [0, 7.5, 0, 9], "texture": "#0"},
				"east": {"uv": [0, 7.5, 1.75, 9], "texture": "#0"},
				"south": {"uv": [1.75, 7.5, 1.75, 9], "texture": "#0"},
				"west": {"uv": [0, 7.5, 1.75, 9], "texture": "#0"},
				"up": {"uv": [1.75, 7.5, 0, 7.5], "rotation": 270, "texture": "#0"},
				"down": {"uv": [3.5, 7.5, 1.75, 7.5], "rotation": 90, "texture": "#0"}
			}
		},
		{
			"from": [11.58611, 6.33702, 5],
			"to": [11.58611, 12.33702, 12],
			"rotation": {"angle": 0, "axis": "y", "origin": [12.68611, 6.33702, 8.5]},
			"faces": {
				"north": {"uv": [0, 7.5, 0, 9], "texture": "#0"},
				"east": {"uv": [1.75, 7.5, 0, 9], "texture": "#0"},
				"south": {"uv": [1.75, 7.5, 1.75, 9], "texture": "#0"},
				"west": {"uv": [1.75, 7.5, 0, 9], "texture": "#0"},
				"up": {"uv": [1.75, 7.5, 0, 7.5], "rotation": 270, "texture": "#0"},
				"down": {"uv": [3.5, 7.5, 1.75, 7.5], "rotation": 90, "texture": "#0"}
			}
		},
		{
			"from": [11.27297, 13, 2.50581],
			"to": [14.27297, 16, 9.50581],
			"rotation": {"angle": 0, "axis": "y", "origin": [12.70453, 12.25, 4.81462]},
			"faces": {
				"north": {"uv": [5.25, 0.75, 6, 1.5], "texture": "#0"},
				"east": {"uv": [8.5, 0.75, 10.25, 1.5], "texture": "#0"},
				"south": {"uv": [7.75, 0.75, 8.5, 1.5], "texture": "#0"},
				"west": {"uv": [6, 0.75, 7.75, 1.5], "texture": "#0"},
				"up": {"uv": [7.75, 0.75, 6, 0], "rotation": 270, "texture": "#0"},
				"down": {"uv": [9.5, 0, 7.75, 0.75], "rotation": 90, "texture": "#0"}
			}
		},
		{
			"from": [14.27297, 9, 2.50581],
			"to": [14.27297, 14, 9.50581],
			"rotation": {"angle": 0, "axis": "y", "origin": [12.70453, 12.25, 4.81462]},
			"faces": {
				"north": {"uv": [11.25, 6.25, 13.5, 7.25], "texture": "#0"},
				"east": {"uv": [11.25, 7.25, 13.5, 8.25], "texture": "#0"},
				"south": {"uv": [7.75, 0.75, 8.5, 1.5], "texture": "#0"},
				"west": {"uv": [11.25, 7.25, 13.375, 8.25], "texture": "#0"},
				"up": {"uv": [7.75, 0.75, 6, 0], "rotation": 270, "texture": "#0"},
				"down": {"uv": [9.5, 0, 7.75, 0.75], "rotation": 90, "texture": "#0"}
			}
		},
		{
			"from": [11.62297, 9, 2.50581],
			"to": [11.62297, 14, 9.50581],
			"rotation": {"angle": 0, "axis": "y", "origin": [12.70453, 12.25, 4.81462]},
			"faces": {
				"north": {"uv": [11.25, 6.25, 13.5, 7.25], "texture": "#0"},
				"east": {"uv": [11.25, 7.25, 13.5, 8.25], "texture": "#0"},
				"south": {"uv": [7.75, 0.75, 8.5, 1.5], "texture": "#0"},
				"west": {"uv": [11.25, 7.25, 13.375, 8.25], "texture": "#0"},
				"up": {"uv": [7.75, 0.75, 6, 0], "rotation": 270, "texture": "#0"},
				"down": {"uv": [9.5, 0, 7.75, 0.75], "rotation": 90, "texture": "#0"}
			}
		},
		{
			"from": [1.72703, 13, 2.50581],
			"to": [4.72703, 16, 9.50581],
			"rotation": {"angle": 0, "axis": "y", "origin": [3.29547, 12.25, 4.81462]},
			"faces": {
				"north": {"uv": [6, 0.75, 5.25, 1.5], "texture": "#0"},
				"east": {"uv": [7.75, 0.75, 6, 1.5], "texture": "#0"},
				"south": {"uv": [8.5, 0.75, 7.75, 1.5], "texture": "#0"},
				"west": {"uv": [10.25, 0.75, 8.5, 1.5], "texture": "#0"},
				"up": {"uv": [7.75, 0, 6, 0.75], "rotation": 270, "texture": "#0"},
				"down": {"uv": [9.5, 0.75, 7.75, 0], "rotation": 90, "texture": "#0"}
			}
		},
		{
			"from": [1.62703, 9, 2.50581],
			"to": [1.62703, 14, 9.50581],
			"rotation": {"angle": 0, "axis": "y", "origin": [3.29547, 12.25, 4.81462]},
			"faces": {
				"north": {"uv": [13.5, 6.25, 11.25, 7.25], "texture": "#0"},
				"east": {"uv": [13.375, 7.25, 11.25, 8.25], "texture": "#0"},
				"south": {"uv": [8.5, 0.75, 7.75, 1.5], "texture": "#0"},
				"west": {"uv": [13.5, 7.25, 11.25, 8.25], "texture": "#0"},
				"up": {"uv": [7.75, 0, 6, 0.75], "rotation": 270, "texture": "#0"},
				"down": {"uv": [9.5, 0.75, 7.75, 0], "rotation": 90, "texture": "#0"}
			}
		},
		{
			"from": [4.37703, 9, 2.50581],
			"to": [4.37703, 14, 9.50581],
			"rotation": {"angle": 0, "axis": "y", "origin": [3.29547, 12.25, 4.81462]},
			"faces": {
				"north": {"uv": [13.5, 6.25, 11.25, 7.25], "texture": "#0"},
				"east": {"uv": [13.375, 7.25, 11.25, 8.25], "texture": "#0"},
				"south": {"uv": [8.5, 0.75, 7.75, 1.5], "texture": "#0"},
				"west": {"uv": [13.5, 7.25, 11.25, 8.25], "texture": "#0"},
				"up": {"uv": [7.75, 0, 6, 0.75], "rotation": 270, "texture": "#0"},
				"down": {"uv": [9.5, 0.75, 7.75, 0], "rotation": 90, "texture": "#0"}
			}
		}
	],
	"display": {
		"thirdperson_righthand": {
			"scale": [0.44, 0.44, 0.44]
		},
		"thirdperson_lefthand": {
			"scale": [0.44, 0.44, 0.44]
		},
		"firstperson_righthand": {
			"scale": [0.44, 0.44, 0.44]
		},
		"firstperson_lefthand": {
			"scale": [0.44, 0.44, 0.44]
		},
		"ground": {
			"scale": [0.39, 0.39, 0.39]
		},
		"gui": {
			"rotation": [22, 147, 0],
			"translation": [0.75, -5, 0],
			"scale": [0.83, 0.83, 0.83]
		},
		"head": {
			"rotation": [-5.27, -6.5, -3.12],
			"translation": [-17, -1.75, 0],
			"scale": [0.85, 0.85, 0.85]
		},
		"fixed": {
			"translation": [0, -5.75, 0]
		}
	},
	"groups": [
		{
			"name": "bone",
			"origin": [0.5, 0, 0],
			"color": 0,
			"children": [0, 1, 2, 3, 4, 5, 6, 7, 8, 9, 10, 11]
		}
	]
}