{
	"credit": "Made with Blockbench",
	"texture_size": [48, 48],
	"textures": {
		"2": "season1/hats/halloween/joke_axe",
		"particle": "season1/hats/halloween/joke_axe"
	},
	"elements": [
		{
			"from": [1.44947, 2.75366, 8],
			"to": [11.44947, 8.75366, 8.1],
			"rotation": {"angle": -22.5, "axis": "z", "origin": [12.6979, 7.75157, 8]},
			"faces": {
				"north": {"uv": [0, 6, 3.33333, 8], "texture": "#2"},
				"east": {"uv": [2, 9.66667, 2.33333, 11.66667], "texture": "#2"},
				"south": {"uv": [6, 0, 9.33333, 2], "texture": "#2"},
				"west": {"uv": [2.66667, 9.66667, 3, 11.66667], "texture": "#2"},
				"up": {"uv": [10.33333, 6.66667, 7, 6.33333], "texture": "#2"},
				"down": {"uv": [12, 8, 8.66667, 8.33333], "texture": "#2"}
			}
		},
		{
			"from": [10.44947, 7.75366, 7],
			"to": [19.44947, 9.75366, 9],
			"rotation": {"angle": -22.5, "axis": "z", "origin": [12.6979, 7.75157, 8]},
			"faces": {
				"north": {"uv": [6, 2.33333, 9, 3], "texture": "#2"},
				"east": {"uv": [10, 4, 10.66667, 4.66667], "texture": "#2"},
				"south": {"uv": [6, 3.33333, 9, 4], "texture": "#2"},
				"west": {"uv": [7.66667, 10, 8.33333, 10.66667], "texture": "#2"},
				"up": {"uv": [6.66667, 6.66667, 3.66667, 6], "texture": "#2"},
				"down": {"uv": [9, 4.33333, 6, 5], "texture": "#2"}
			}
		},
		{
			"from": [18.93634, 5.06979, 6.9],
			"to": [21.93634, 7.26979, 9.1],
			"rotation": {"angle": 0, "axis": "y", "origin": [12.6979, 7.75157, 8]},
			"faces": {
				"north": {"uv": [9.66667, 5.33333, 10.66667, 6], "texture": "#2"},
				"east": {"uv": [10.66667, 9.33333, 11.33333, 10], "texture": "#2"},
				"south": {"uv": [6.33333, 9.66667, 7.33333, 10.33333], "texture": "#2"},
				"west": {"uv": [10.66667, 10.33333, 11.33333, 11], "texture": "#2"},
				"up": {"uv": [11, 2.66667, 10, 2], "texture": "#2"},
				"down": {"uv": [11, 3, 10, 3.66667], "texture": "#2"}
			}
		},
		{
			"from": [11.9394, 9.82965, 7.1],
			"to": [13.7394, 12.82965, 8.9],
			"rotation": {"angle": 45, "axis": "z", "origin": [12.6979, 7.75157, 8]},
			"faces": {
				"north": {"uv": [9.66667, 0.66667, 10.33333, 1.66667], "texture": "#2"},
				"east": {"uv": [3.33333, 9.66667, 4, 10.66667], "texture": "#2"},
				"south": {"uv": [4.33333, 9.66667, 5, 10.66667], "texture": "#2"},
				"west": {"uv": [5.33333, 9.66667, 6, 10.66667], "texture": "#2"},
				"up": {"uv": [9.33333, 10.66667, 8.66667, 10], "texture": "#2"},
				"down": {"uv": [10.33333, 10, 9.66667, 10.66667], "texture": "#2"}
			}
		},
		{
			"from": [-0.8, 8.2, 4],
			"to": [7.2, 8.3, 12],
			"rotation": {"angle": 0, "axis": "y", "origin": [-4, 0, 0]},
			"faces": {
				"north": {"uv": [8.66667, 8.66667, 11.33333, 9], "texture": "#2"},
				"east": {"uv": [2.33333, 9, 5, 9.33333], "texture": "#2"},
				"south": {"uv": [5.33333, 9, 8, 9.33333], "texture": "#2"},
				"west": {"uv": [9, 7, 11.66667, 7.33333], "texture": "#2"},
				"up": {"uv": [2.66667, 2.66667, 0, 0], "texture": "#2"},
				"down": {"uv": [2.66667, 3, 0, 5.66667], "texture": "#2"}
			}
		},
		{
			"from": [7.1, 0.2, 4],
			"to": [7.2, 8.2, 12],
			"shade": false,
			"rotation": {"angle": 0, "axis": "y", "origin": [-4, 0, 0]},
			"faces": {
				"north": {"uv": [0, 9.33333, 0.33333, 12], "texture": "#2"},
				"east": {"uv": [3, 0, 5.66667, 2.66667], "texture": "#2"},
				"south": {"uv": [0.66667, 9.33333, 1, 12], "texture": "#2"},
				"west": {"uv": [3, 3, 5.66667, 5.66667], "texture": "#2"},
				"up": {"uv": [1.66667, 12, 1.33333, 9.33333], "texture": "#2"},
				"down": {"uv": [9.66667, 2.33333, 9.33333, 5], "texture": "#2"}
			}
		},
		{
			"from": [1.4432, 8.74947, 7],
			"to": [8.4432, 10.74947, 9],
			"rotation": {"angle": -22.5, "axis": "z", "origin": [12.6979, 7.75157, 8]},
			"faces": {
				"north": {"uv": [3.66667, 7, 6, 7.66667], "texture": "#2"},
				"east": {"uv": [10.66667, 0.66667, 11.33333, 1.33333], "texture": "#2"},
				"south": {"uv": [7, 5.33333, 9.33333, 6], "texture": "#2"},
				"west": {"uv": [6.33333, 10.66667, 7, 11.33333], "texture": "#2"},
				"up": {"uv": [8.66667, 7.66667, 6.33333, 7], "texture": "#2"},
				"down": {"uv": [6, 8, 3.66667, 8.66667], "texture": "#2"}
			}
		},
		{
			"from": [2.44947, 6.75366, 7.5],
			"to": [8.44947, 8.75366, 8.5],
			"rotation": {"angle": -22.5, "axis": "z", "origin": [12.6979, 7.75157, 8]},
			"faces": {
				"north": {"uv": [6.33333, 8, 8.33333, 8.66667], "texture": "#2"},
				"east": {"uv": [3.33333, 11, 3.66667, 11.66667], "texture": "#2"},
				"south": {"uv": [0, 8.33333, 2, 9], "texture": "#2"},
				"west": {"uv": [4, 11, 4.33333, 11.66667], "texture": "#2"},
				"up": {"uv": [10.33333, 9.66667, 8.33333, 9.33333], "texture": "#2"},
				"down": {"uv": [11.66667, 0, 9.66667, 0.33333], "texture": "#2"}
			}
		}
	],
	"display": {
		"thirdperson_righthand": {
			"rotation": [0, -90, -60],
			"translation": [0, 8.5, -4.5]
		},
		"thirdperson_lefthand": {
			"rotation": [0, 90, 60],
			"translation": [0, 8.5, -4.5]
		},
		"firstperson_righthand": {
			"rotation": [0, -90, -60.5],
			"translation": [3, 10.5, -6]
		},
		"firstperson_lefthand": {
			"rotation": [0, 90, 60.5],
			"translation": [3, 10.5, -6]
		},
		"ground": {
			"translation": [-7, 2.5, 0]
		},
		"gui": {
			"rotation": [0, -180, 0],
			"translation": [3, -0.5, 0],
			"scale": [0.7, 0.7, 0.7]
		},
		"head": {
			"translation": [7.75, 6.5, 0],
			"scale": [1.5, 1.5, 1.5]
		},
		"fixed": {
			"translation": [-3.25, 0, -1.5],
			"scale": [0.8, 0.8, 0.8]
		}
	},
	"groups": [
		{
			"name": "joke_axe",
			"origin": [0, 0, 0],
			"color": 0,
			"children": [0, 1, 2, 3, 4, 5, 6, 7]
		}
	]
}