{
	"credit": "Made with Blockbench",
	"texture_size": [32, 32],
	"textures": {
		"0": "season1/hats/halloween/witch_hat",
		"1": "season1/hats/halloween/witch_hat_particles",
		"particle": "season1/hats/halloween/witch_hat"
	},
	"elements": [
		{
			"from": [4, 0, 4],
			"to": [12, 3, 12],
			"faces": {
				"north": {"uv": [7, 3, 11, 4.5], "texture": "#0"},
				"east": {"uv": [4, 7, 8, 8.5], "texture": "#0"},
				"south": {"uv": [11, 3, 7, 4.5], "texture": "#0"},
				"west": {"uv": [8, 7, 4, 8.5], "texture": "#0"},
				"up": {"uv": [4, 11, 0, 7], "texture": "#0"}
			}
		},
		{
			"from": [5, 2, 6],
			"to": [11, 6, 12],
			"rotation": {"angle": 22.5, "axis": "x", "origin": [8, 5, 8]},
			"faces": {
				"north": {"uv": [7, 4.5, 10, 6.5], "texture": "#0"},
				"east": {"uv": [8, 6.5, 11, 8.5], "texture": "#0"},
				"south": {"uv": [10, 4.5, 7, 6.5], "texture": "#0"},
				"west": {"uv": [11, 6.5, 8, 8.5], "texture": "#0"},
				"up": {"uv": [10, 3, 7, 0], "texture": "#0"}
			}
		},
		{
			"from": [6.95344, 2.82613, 7.13379],
			"to": [10.95344, 6.82613, 11.13379],
			"rotation": {"angle": -22.5, "axis": "z", "origin": [10.83639, 6.97956, 9.13379]},
			"faces": {
				"north": {"uv": [6, 9.5, 8, 11.5], "texture": "#0"},
				"east": {"uv": [4, 9.5, 6, 11.5], "texture": "#0"},
				"south": {"uv": [6, 9.5, 8, 11.5], "texture": "#0"},
				"west": {"uv": [4, 9.5, 6, 11.5], "texture": "#0"},
				"up": {"uv": [10, 11.5, 8, 9.5], "rotation": 270, "texture": "#0"}
			}
		},
		{
			"from": [8.84033, 7.12084, 7.63379],
			"to": [11.84033, 10.12084, 10.63379],
			"rotation": {"angle": 45, "axis": "z", "origin": [10.83639, 6.97956, 9.13379]},
			"faces": {
				"north": {"uv": [10, 0, 11.5, 1.5], "texture": "#0"},
				"east": {"uv": [10, 1.5, 11.5, 3], "texture": "#0"},
				"south": {"uv": [10, 0, 11.5, 1.5], "rotation": 180, "texture": "#0"},
				"up": {"uv": [11.5, 6, 10, 4.5], "rotation": 270, "texture": "#0"},
				"down": {"uv": [10, 4.5, 11.5, 6], "rotation": 90, "texture": "#0"}
			}
		},
		{
			"from": [8.9829, 6.82241, 8.13379],
			"to": [11.9829, 8.82241, 10.13379],
			"rotation": {"angle": -22.5, "axis": "z", "origin": [10.83639, 6.97956, 9.13379]},
			"faces": {
				"north": {"uv": [11, 9.5, 10, 11], "rotation": 270, "texture": "#0"},
				"east": {"uv": [2, 11, 1, 12], "texture": "#0"},
				"south": {"uv": [11, 9.5, 10, 11], "rotation": 90, "texture": "#0"},
				"up": {"uv": [0, 11, 1, 12.5], "rotation": 270, "texture": "#0"},
				"down": {"uv": [0, 11, 1, 12.5], "rotation": 270, "texture": "#0"}
			}
		},
		{
			"from": [11.59115, 4.60177, 8.63379],
			"to": [12.59115, 5.60177, 9.58379],
			"rotation": {"angle": 22.5, "axis": "z", "origin": [12.09115, 5.10177, 9.10879]},
			"faces": {
				"north": {"uv": [1, 11, 1.5, 11.5], "rotation": 270, "texture": "#0"},
				"east": {"uv": [1, 11, 1.5, 11.5], "rotation": 270, "texture": "#0"},
				"south": {"uv": [1, 11, 1.5, 11.5], "rotation": 270, "texture": "#0"},
				"west": {"uv": [1, 11, 1.5, 11.5], "rotation": 270, "texture": "#0"},
				"up": {"uv": [1, 11, 1.5, 11.5], "rotation": 270, "texture": "#0"},
				"down": {"uv": [1, 11, 1.5, 11.5], "rotation": 270, "texture": "#0"}
			}
		},
		{
			"from": [11.5142, 4.87659, 8.63379],
			"to": [12.5142, 6.87659, 9.63379],
			"rotation": {"angle": 45, "axis": "z", "origin": [10.83639, 6.97956, 9.13379]},
			"faces": {
				"north": {"uv": [2, 11, 2.5, 12], "texture": "#0"},
				"east": {"uv": [2, 11, 2.5, 12], "texture": "#0"},
				"south": {"uv": [2, 11, 2.5, 12], "texture": "#0"},
				"west": {"uv": [2, 11, 2.5, 12], "texture": "#0"}
			}
		},
		{
			"from": [12.16518, 4.94639, 8.63379],
			"to": [13.16518, 6.94639, 9.63379],
			"rotation": {"angle": -22.5, "axis": "z", "origin": [12.66518, 5.94639, 9.13379]},
			"faces": {
				"north": {"uv": [2, 11, 2.5, 12], "rotation": 180, "texture": "#0"},
				"east": {"uv": [2, 11, 2.5, 12], "rotation": 180, "texture": "#0"},
				"south": {"uv": [2, 11, 2.5, 12], "rotation": 180, "texture": "#0"},
				"west": {"uv": [2, 11, 2.5, 12], "rotation": 180, "texture": "#0"}
			}
		},
		{
			"from": [1, 0, 1],
			"to": [15, 0, 15],
			"faces": {
				"north": {"uv": [0, 0, 7, 0], "texture": "#0"},
				"east": {"uv": [0, 0, 7, 0], "texture": "#0"},
				"south": {"uv": [0, 0, 7, 0], "texture": "#0"},
				"west": {"uv": [0, 0, 7, 0], "texture": "#0"},
				"up": {"uv": [7, 7, 0, 0], "texture": "#0"},
				"down": {"uv": [7, 0, 0, 7], "texture": "#0"}
			}
		},
		{
			"from": [3.75, 0, 3.75],
			"to": [12.25, 2, 12.25],
			"faces": {
				"north": {"uv": [4, 8.5, 8.5, 9.5], "texture": "#0"},
				"east": {"uv": [8.5, 8.5, 13, 9.5], "texture": "#0"},
				"south": {"uv": [8.5, 8.5, 4, 9.5], "texture": "#0"},
				"west": {"uv": [13, 8.5, 8.5, 9.5], "texture": "#0"}
			}
		},
		{
			"from": [12.25, 0, 3.75],
			"to": [3.75, 2, 12.25],
			"faces": {
				"north": {"uv": [4, 8.5, 8.5, 9.5], "texture": "#0"},
				"east": {"uv": [8.5, 8.5, 13, 9.5], "texture": "#0"},
				"south": {"uv": [8.5, 8.5, 4, 9.5], "texture": "#0"},
				"west": {"uv": [13, 8.5, 8.5, 9.5], "texture": "#0"}
			}
		},
		{
			"from": [4, 5.5638, 5.66323],
			"to": [8, 9.5638, 5.66323],
			"rotation": {"angle": 22.5, "axis": "x", "origin": [5, 5.5638, 4.02573]},
			"faces": {
				"north": {"uv": [11.5, 0, 14.5, 3], "texture": "#0"},
				"east": {"uv": [0, 0, 0.5, 0.5], "texture": "#missing"},
				"south": {"uv": [14.5, 0, 11.5, 3], "texture": "#0"},
				"west": {"uv": [0, 0, 0.5, 0.5], "texture": "#missing"},
				"up": {"uv": [0, 0, 0.5, 0.5], "rotation": 90, "texture": "#missing"},
				"down": {"uv": [0, 0, 0.5, 0.5], "rotation": 270, "texture": "#missing"}
			}
		},
		{
			"from": [0, 0, 9],
			"to": [16, 16, 9],
			"rotation": {"angle": 0, "axis": "x", "origin": [8, 8, 9]},
			"faces": {
				"north": {"uv": [0, 0, 16, 16], "texture": "#1"},
				"east": {"uv": [0, 0, 0.5, 0.5], "texture": "#missing"},
				"south": {"uv": [16, 0, 0, 16], "texture": "#1"},
				"west": {"uv": [0, 0, 0.5, 0.5], "texture": "#missing"},
				"up": {"uv": [0, 0, 0.5, 0.5], "texture": "#missing"},
				"down": {"uv": [0, 0, 0.5, 0.5], "texture": "#missing"}
			}
		}
	],
	"gui_light": "front",
	"display": {
		"thirdperson_righthand": {
			"translation": [0, 4.5, 0],
			"scale": [0.5, 0.5, 0.5]
		},
		"thirdperson_lefthand": {
			"translation": [0, 4.5, 0],
			"scale": [0.5, 0.5, 0.5]
		},
		"firstperson_righthand": {
			"rotation": [0, 125, 0],
			"translation": [0, 5.5, 0],
			"scale": [0.5, 0.5, 0.5]
		},
		"firstperson_lefthand": {
			"rotation": [0, 125, 0],
			"translation": [0, 5.5, 0],
			"scale": [0.5, 0.5, 0.5]
		},
		"ground": {
			"translation": [0, 2, 0],
			"scale": [0.5, 0.5, 0.5]
		},
		"gui": {
			"rotation": [15, -135, 0],
			"translation": [0, 2, 0],
			"scale": [0.85, 0.85, 0.85]
		},
		"head": {
			"rotation": [10, 0, 0],
			"translation": [0, 18, 2.5],
			"scale": [1.81, 1.81, 1.81]
		},
		"fixed": {
			"translation": [0, 5, -7],
			"scale": [1.5, 1.5, 1.5]
		}
	}
}