{"textures":{"0":"modelengine:entity/lord_demon"},"elements":[{"name":"cube","from":[10.144917,11.182787,6.3695545],"to":[13.937319,13.395022,10.003941],"rotation":{"angle":45.0,"axis":"z","origin":[13.305251,11.340808,8.186747]},"faces":{"down":{"uv":[3.5625,8.1875,3.1875,8.5625],"rotation":0,"texture":"#0","tintindex":0},"east":{"uv":[6.125,9.625,6.5,9.875],"rotation":0,"texture":"#0","tintindex":0},"north":{"uv":[9.625,5.625,10.0,5.875],"rotation":0,"texture":"#0","tintindex":0},"south":{"uv":[9.625,7.125,10.0,7.375],"rotation":0,"texture":"#0","tintindex":0},"up":{"uv":[8.5625,3.0,8.1875,2.625],"rotation":0,"texture":"#0","tintindex":0},"west":{"uv":[8.125,9.625,8.5,9.875],"rotation":0,"texture":"#0","tintindex":0}}},{"name":"cube","from":[7.936389,8.473545,5.737487],"to":[12.834909,10.68578,10.636007],"rotation":{"angle":22.5,"axis":"z","origin":[9.753582,10.211729,8.186747]},"faces":{"down":{"uv":[6.8125,2.9375,6.3125,3.4375],"rotation":0,"texture":"#0","tintindex":0},"east":{"uv":[8.625,4.8125,9.125,5.0625],"rotation":0,"texture":"#0","tintindex":0},"north":{"uv":[5.25,3.1875,5.75,3.4375],"rotation":0,"texture":"#0","tintindex":0},"south":{"uv":[8.625,6.875,9.125,7.125],"rotation":0,"texture":"#0","tintindex":0},"up":{"uv":[6.75,6.1875,6.25,5.6875],"rotation":0,"texture":"#0","tintindex":0},"west":{"uv":[8.625,8.3125,9.125,8.5625],"rotation":0,"texture":"#0","tintindex":0}}},{"name":"cube","from":[8.58946,11.4339485,5.737487],"to":[12.381864,13.646183,10.636007],"rotation":{"angle":45.0,"axis":"z","origin":[12.697897,10.959898,8.186747]},"faces":{"down":{"uv":[7.125,7.4375,6.75,7.9375],"rotation":0,"texture":"#0","tintindex":0},"east":{"uv":[8.625,8.5625,9.125,8.8125],"rotation":0,"texture":"#0","tintindex":0},"north":{"uv":[4.8125,9.625,5.1875,9.875],"rotation":0,"texture":"#0","tintindex":0},"south":{"uv":[5.1875,9.625,5.5625,9.875],"rotation":0,"texture":"#0","tintindex":0},"up":{"uv":[7.8125,2.6875,7.4375,2.1875],"rotation":0,"texture":"#0","tintindex":0},"west":{"uv":[8.6875,0.75,9.1875,1.0],"rotation":0,"texture":"#0","tintindex":0}}},{"name":"cube","from":[12.159757,8.374117,6.2115374],"to":[12.791823,10.586353,10.161957],"rotation":{"angle":0.0,"axis":"x","origin":[-0.48158526,-29.86594,5.737487]},"faces":{"down":{"uv":[0.875,11.375,0.8125,11.8125],"rotation":0,"texture":"#0","tintindex":0},"east":{"uv":[9.1875,4.25,9.625,4.5],"rotation":0,"texture":"#0","tintindex":0},"north":{"uv":[11.625,4.3125,11.6875,4.5625],"rotation":0,"texture":"#0","tintindex":0},"south":{"uv":[4.4375,11.625,4.5,11.875],"rotation":0,"texture":"#0","tintindex":0},"up":{"uv":[0.8125,11.8125,0.75,11.375],"rotation":0,"texture":"#0","tintindex":0},"west":{"uv":[9.1875,7.125,9.625,7.375],"rotation":0,"texture":"#0","tintindex":0}}},{"name":"cube","from":[11.527689,6.477915,6.2115374],"to":[12.159757,9.954283,10.161957],"rotation":{"angle":0.0,"axis":"x","origin":[-0.48158526,-29.86594,5.737487]},"faces":{"down":{"uv":[11.375,11.3125,11.3125,11.75],"rotation":0,"texture":"#0","tintindex":0},"east":{"uv":[1.625,7.75,2.0625,8.125],"rotation":0,"texture":"#0","tintindex":0},"north":{"uv":[6.25,11.375,6.3125,11.75],"rotation":0,"texture":"#0","tintindex":0},"south":{"uv":[6.9375,11.375,7.0,11.75],"rotation":0,"texture":"#0","tintindex":0},"up":{"uv":[11.3125,11.75,11.25,11.3125],"rotation":0,"texture":"#0","tintindex":0},"west":{"uv":[7.75,2.6875,8.1875,3.0625],"rotation":0,"texture":"#0","tintindex":0}}},{"name":"cube","from":[7.8933034,6.477915,5.895504],"to":[11.527689,9.954283,6.3695545],"rotation":{"angle":0.0,"axis":"x","origin":[-0.48158526,-29.86594,5.737487]},"faces":{"down":{"uv":[11.75,7.0625,11.375,7.125],"rotation":0,"texture":"#0","tintindex":0},"east":{"uv":[7.0,11.375,7.0625,11.75],"rotation":0,"texture":"#0","tintindex":0},"north":{"uv":[8.1875,4.0625,8.5625,4.4375],"rotation":0,"texture":"#0","tintindex":0},"south":{"uv":[8.1875,4.4375,8.5625,4.8125],"rotation":0,"texture":"#0","tintindex":0},"up":{"uv":[11.75,7.0625,11.375,7.0],"rotation":0,"texture":"#0","tintindex":0},"west":{"uv":[7.0625,11.375,7.125,11.75],"rotation":0,"texture":"#0","tintindex":0}}},{"name":"cube","from":[9.789505,5.845849,5.895504],"to":[12.47579,6.477915,10.477991],"rotation":{"angle":0.0,"axis":"x","origin":[-0.48158526,-29.86594,5.737487]},"faces":{"down":{"uv":[8.9375,1.0,8.6875,1.5],"rotation":0,"texture":"#0","tintindex":0},"east":{"uv":[4.9375,3.8125,5.4375,3.875],"rotation":0,"texture":"#0","tintindex":0},"north":{"uv":[4.5,11.625,4.75,11.6875],"rotation":0,"texture":"#0","tintindex":0},"south":{"uv":[11.625,4.5625,11.875,4.625],"rotation":0,"texture":"#0","tintindex":0},"up":{"uv":[2.5,7.5625,2.25,7.0625],"rotation":0,"texture":"#0","tintindex":0},"west":{"uv":[9.25,0.25,9.75,0.3125],"rotation":0,"texture":"#0","tintindex":0}}},{"name":"cube","from":[8.05132,-0.31680632,5.5794706],"to":[11.053638,5.845849,6.685588],"rotation":{"angle":0.0,"axis":"x","origin":[-0.48158526,-29.86594,5.737487]},"faces":{"down":{"uv":[11.25,6.75,10.9375,6.875],"rotation":0,"texture":"#0","tintindex":0},"east":{"uv":[1.5,2.25,1.625,2.875],"rotation":0,"texture":"#0","tintindex":0},"north":{"uv":[6.125,7.25,6.4375,7.875],"rotation":0,"texture":"#0","tintindex":0},"south":{"uv":[6.4375,7.25,6.75,7.875],"rotation":0,"texture":"#0","tintindex":0},"up":{"uv":[11.25,6.75,10.9375,6.625],"rotation":0,"texture":"#0","tintindex":0},"west":{"uv":[5.375,9.875,5.5,10.5],"rotation":0,"texture":"#0","tintindex":0}}},{"name":"cube","from":[8.05132,-2.0549898,6.0535207],"to":[11.053638,-0.31680632,6.685588],"rotation":{"angle":0.0,"axis":"x","origin":[-0.48158526,-29.86594,5.737487]},"faces":{"down":{"uv":[11.8125,6.125,11.5,6.1875],"rotation":0,"texture":"#0","tintindex":0},"east":{"uv":[8.0625,11.75,8.125,11.9375],"rotation":0,"texture":"#0","tintindex":0},"north":{"uv":[8.0,10.4375,8.3125,10.625],"rotation":0,"texture":"#0","tintindex":0},"south":{"uv":[10.4375,8.6875,10.75,8.875],"rotation":0,"texture":"#0","tintindex":0},"up":{"uv":[11.8125,6.0,11.5,5.9375],"rotation":0,"texture":"#0","tintindex":0},"west":{"uv":[8.125,11.75,8.1875,11.9375],"rotation":0,"texture":"#0","tintindex":0}}},{"name":"cube","from":[11.053638,-1.2649059,6.3695545],"to":[11.527689,0.4732778,7.159638],"rotation":{"angle":0.0,"axis":"x","origin":[-0.48158526,-29.86594,5.737487]},"faces":{"down":{"uv":[3.4375,11.875,3.375,11.9375],"rotation":0,"texture":"#0","tintindex":0},"east":{"uv":[8.375,11.75,8.4375,11.9375],"rotation":0,"texture":"#0","tintindex":0},"north":{"uv":[8.3125,11.75,8.375,11.9375],"rotation":0,"texture":"#0","tintindex":0},"south":{"uv":[8.75,11.75,8.8125,11.9375],"rotation":0,"texture":"#0","tintindex":0},"up":{"uv":[3.375,11.9375,3.3125,11.875],"rotation":0,"texture":"#0","tintindex":0},"west":{"uv":[9.0625,11.75,9.125,11.9375],"rotation":0,"texture":"#0","tintindex":0}}},{"name":"cube","from":[11.053638,0.4732778,5.895504],"to":[11.843722,5.845849,7.159638],"rotation":{"angle":0.0,"axis":"x","origin":[-0.48158526,-29.86594,5.737487]},"faces":{"down":{"uv":[11.875,11.5625,11.8125,11.6875],"rotation":0,"texture":"#0","tintindex":0},"east":{"uv":[6.9375,5.0625,7.0625,5.625],"rotation":0,"texture":"#0","tintindex":0},"north":{"uv":[0.3125,11.0625,0.375,11.625],"rotation":0,"texture":"#0","tintindex":0},"south":{"uv":[0.375,11.0625,0.4375,11.625],"rotation":0,"texture":"#0","tintindex":0},"up":{"uv":[11.625,11.9375,11.5625,11.8125],"rotation":0,"texture":"#0","tintindex":0},"west":{"uv":[6.75,9.9375,6.875,10.5],"rotation":0,"texture":"#0","tintindex":0}}},{"name":"cube","from":[11.053638,4.2656803,7.159638],"to":[11.685706,5.845849,7.791705],"rotation":{"angle":0.0,"axis":"x","origin":[-0.48158526,-29.86594,5.737487]},"faces":{"down":{"uv":[11.9375,3.4375,11.875,3.5],"rotation":0,"texture":"#0","tintindex":0},"east":{"uv":[9.4375,11.75,9.5,11.9375],"rotation":0,"texture":"#0","tintindex":0},"north":{"uv":[9.125,11.75,9.1875,11.9375],"rotation":0,"texture":"#0","tintindex":0},"south":{"uv":[9.75,11.75,9.8125,11.9375],"rotation":0,"texture":"#0","tintindex":0},"up":{"uv":[11.9375,3.4375,11.875,3.375],"rotation":0,"texture":"#0","tintindex":0},"west":{"uv":[10.0,11.75,10.0625,11.9375],"rotation":0,"texture":"#0","tintindex":0}}},{"name":"cube","from":[11.053638,0.4732778,7.159638],"to":[11.685706,2.0534458,7.791705],"rotation":{"angle":0.0,"axis":"x","origin":[-0.48158526,-29.86594,5.737487]},"faces":{"down":{"uv":[11.9375,3.5625,11.875,3.625],"rotation":0,"texture":"#0","tintindex":0},"east":{"uv":[10.5625,11.75,10.625,11.9375],"rotation":0,"texture":"#0","tintindex":0},"north":{"uv":[10.0625,11.75,10.125,11.9375],"rotation":0,"texture":"#0","tintindex":0},"south":{"uv":[10.625,11.75,10.6875,11.9375],"rotation":0,"texture":"#0","tintindex":0},"up":{"uv":[11.9375,3.5625,11.875,3.5],"rotation":0,"texture":"#0","tintindex":0},"west":{"uv":[10.6875,11.75,10.75,11.9375],"rotation":0,"texture":"#0","tintindex":0}}},{"name":"cube","from":[11.053638,-2.0549898,7.159638],"to":[11.369673,5.845849,8.423773],"rotation":{"angle":0.0,"axis":"x","origin":[-0.48158526,-29.86594,5.737487]},"faces":{"down":{"uv":[11.75,11.8125,11.6875,11.9375],"rotation":0,"texture":"#0","tintindex":0},"east":{"uv":[8.9375,9.125,9.0625,9.9375],"rotation":0,"texture":"#0","tintindex":0},"north":{"uv":[3.9375,10.5625,4.0,11.375],"rotation":0,"texture":"#0","tintindex":0},"south":{"uv":[4.0,10.5625,4.0625,11.375],"rotation":0,"texture":"#0","tintindex":0},"up":{"uv":[11.6875,11.9375,11.625,11.8125],"rotation":0,"texture":"#0","tintindex":0},"west":{"uv":[5.75,9.25,5.875,10.0625],"rotation":0,"texture":"#0","tintindex":0}}},{"name":"cube","from":[11.053638,1.105344,8.423773],"to":[11.369673,3.633614,9.371874],"rotation":{"angle":0.0,"axis":"x","origin":[-0.48158526,-29.86594,5.737487]},"faces":{"down":{"uv":[0.5,11.875,0.4375,12.0],"rotation":0,"texture":"#0","tintindex":0},"east":{"uv":[1.4375,11.25,1.5625,11.5],"rotation":0,"texture":"#0","tintindex":0},"north":{"uv":[7.4375,11.625,7.5,11.875],"rotation":0,"texture":"#0","tintindex":0},"south":{"uv":[7.5,11.625,7.5625,11.875],"rotation":0,"texture":"#0","tintindex":0},"up":{"uv":[11.9375,0.4375,11.875,0.3125],"rotation":0,"texture":"#0","tintindex":0},"west":{"uv":[11.25,1.5625,11.375,1.8125],"rotation":0,"texture":"#0","tintindex":0}}},{"name":"cube","from":[8.081708,-2.0549898,6.685588],"to":[11.053638,6.477915,9.687906],"rotation":{"angle":0.0,"axis":"x","origin":[-0.48158526,-29.86594,5.737487]},"faces":{"down":{"uv":[2.75,9.3125,2.4375,9.625],"rotation":0,"texture":"#0","tintindex":0},"east":{"uv":[5.9375,2.0625,6.25,2.9375],"rotation":0,"texture":"#0","tintindex":0},"north":{"uv":[2.375,2.875,2.6875,3.75],"rotation":0,"texture":"#0","tintindex":0},"south":{"uv":[3.5625,5.9375,3.875,6.8125],"rotation":0,"texture":"#0","tintindex":0},"up":{"uv":[2.4375,9.625,2.125,9.3125],"rotation":0,"texture":"#0","tintindex":0},"west":{"uv":[3.875,5.9375,4.1875,6.8125],"rotation":0,"texture":"#0","tintindex":0}}},{"name":"cube","from":[8.05132,0.4732778,9.845923],"to":[11.211656,5.2137804,10.161957],"rotation":{"angle":0.0,"axis":"x","origin":[-0.48158526,-29.86594,5.737487]},"faces":{"down":{"uv":[11.8125,5.75,11.5,5.8125],"rotation":0,"texture":"#0","tintindex":0},"east":{"uv":[9.9375,11.1875,10.0,11.6875],"rotation":0,"texture":"#0","tintindex":0},"north":{"uv":[4.4375,7.625,4.75,8.125],"rotation":0,"texture":"#0","tintindex":0},"south":{"uv":[3.25,7.6875,3.5625,8.1875],"rotation":0,"texture":"#0","tintindex":0},"up":{"uv":[11.8125,5.75,11.5,5.6875],"rotation":0,"texture":"#0","tintindex":0},"west":{"uv":[10.75,11.1875,10.8125,11.6875],"rotation":0,"texture":"#0","tintindex":0}}},{"name":"cube","from":[8.05132,-0.7908573,9.371874],"to":[11.211656,5.845849,9.845923],"rotation":{"angle":0.0,"axis":"x","origin":[-0.48158526,-29.86594,5.737487]},"faces":{"down":{"uv":[11.8125,6.25,11.5,6.3125],"rotation":0,"texture":"#0","tintindex":0},"east":{"uv":[4.125,10.75,4.1875,11.4375],"rotation":0,"texture":"#0","tintindex":0},"north":{"uv":[7.0625,4.9375,7.375,5.625],"rotation":0,"texture":"#0","tintindex":0},"south":{"uv":[0.3125,7.125,0.625,7.8125],"rotation":0,"texture":"#0","tintindex":0},"up":{"uv":[11.8125,6.25,11.5,6.1875],"rotation":0,"texture":"#0","tintindex":0},"west":{"uv":[4.1875,10.75,4.25,11.4375],"rotation":0,"texture":"#0","tintindex":0}}},{"name":"cube","from":[11.053638,3.633614,8.265755],"to":[11.685706,5.845849,9.687906],"rotation":{"angle":0.0,"axis":"x","origin":[-0.48158526,-29.86594,5.737487]},"faces":{"down":{"uv":[11.875,11.8125,11.8125,11.9375],"rotation":0,"texture":"#0","tintindex":0},"east":{"uv":[11.25,0.8125,11.375,1.0625],"rotation":0,"texture":"#0","tintindex":0},"north":{"uv":[11.625,4.625,11.6875,4.875],"rotation":0,"texture":"#0","tintindex":0},"south":{"uv":[4.75,11.625,4.8125,11.875],"rotation":0,"texture":"#0","tintindex":0},"up":{"uv":[11.8125,11.9375,11.75,11.8125],"rotation":0,"texture":"#0","tintindex":0},"west":{"uv":[1.1875,11.25,1.3125,11.5],"rotation":0,"texture":"#0","tintindex":0}}},{"name":"cube","from":[11.053638,-0.7908573,8.265755],"to":[11.685706,1.4213796,9.687906],"rotation":{"angle":0.0,"axis":"x","origin":[-0.48158526,-29.86594,5.737487]},"faces":{"down":{"uv":[11.9375,0.125,11.875,0.25],"rotation":0,"texture":"#0","tintindex":0},"east":{"uv":[1.3125,11.25,1.4375,11.5],"rotation":0,"texture":"#0","tintindex":0},"north":{"uv":[11.625,6.625,11.6875,6.875],"rotation":0,"texture":"#0","tintindex":0},"south":{"uv":[7.375,11.625,7.4375,11.875],"rotation":0,"texture":"#0","tintindex":0},"up":{"uv":[11.9375,0.125,11.875,0.0],"rotation":0,"texture":"#0","tintindex":0},"west":{"uv":[11.25,1.3125,11.375,1.5625],"rotation":0,"texture":"#0","tintindex":0}}},{"name":"cube","from":[7.8933034,6.477915,6.3695545],"to":[11.527689,9.954283,10.003941],"rotation":{"angle":0.0,"axis":"x","origin":[-0.48158526,-29.86594,5.737487]},"faces":{"down":{"uv":[8.5625,0.0,8.1875,0.375],"rotation":0,"texture":"#0","tintindex":0},"east":{"uv":[8.125,5.5625,8.5,5.9375],"rotation":0,"texture":"#0","tintindex":0},"north":{"uv":[8.125,5.1875,8.5,5.5625],"rotation":0,"texture":"#0","tintindex":0},"south":{"uv":[8.125,7.25,8.5,7.625],"rotation":0,"texture":"#0","tintindex":0},"up":{"uv":[8.5,8.375,8.125,8.0],"rotation":0,"texture":"#0","tintindex":0},"west":{"uv":[8.125,7.625,8.5,8.0],"rotation":0,"texture":"#0","tintindex":0}}},{"name":"cube","from":[7.8933034,6.477915,10.003941],"to":[11.527689,9.954283,10.477991],"rotation":{"angle":0.0,"axis":"x","origin":[-0.48158526,-29.86594,5.737487]},"faces":{"down":{"uv":[11.75,7.1875,11.375,7.25],"rotation":0,"texture":"#0","tintindex":0},"east":{"uv":[7.125,11.375,7.1875,11.75],"rotation":0,"texture":"#0","tintindex":0},"north":{"uv":[8.1875,6.5,8.5625,6.875],"rotation":0,"texture":"#0","tintindex":0},"south":{"uv":[3.5625,8.25,3.9375,8.625],"rotation":0,"texture":"#0","tintindex":0},"up":{"uv":[11.75,7.1875,11.375,7.125],"rotation":0,"texture":"#0","tintindex":0},"west":{"uv":[7.1875,11.375,7.25,11.75],"rotation":0,"texture":"#0","tintindex":0}}}],"display":{"head":{"translation":[0.0,-6.4,0.0],"rotation":[0.0,0.0,0.0],"scale":[3.8095,3.8095,3.8095]}}}