{"textures":{"0":"modelengine:entity/lord_demon"},"elements":[{"name":"cube","from":[2.0626812,11.182787,6.3695545],"to":[5.8550844,13.395022,10.003941],"rotation":{"angle":-45.0,"axis":"z","origin":[2.6947489,11.340808,8.186747]},"faces":{"down":{"uv":[8.6875,0.75,8.3125,1.125],"rotation":0,"texture":"#0","tintindex":0},"east":{"uv":[9.6875,2.5,10.0625,2.75],"rotation":0,"texture":"#0","tintindex":0},"north":{"uv":[2.5,9.6875,2.875,9.9375],"rotation":0,"texture":"#0","tintindex":0},"south":{"uv":[2.875,9.6875,3.25,9.9375],"rotation":0,"texture":"#0","tintindex":0},"up":{"uv":[8.625,7.25,8.25,6.875],"rotation":0,"texture":"#0","tintindex":0},"west":{"uv":[9.6875,3.0,10.0625,3.25],"rotation":0,"texture":"#0","tintindex":0}}},{"name":"cube","from":[3.1650908,8.473545,5.737487],"to":[8.063611,10.68578,10.636007],"rotation":{"angle":-22.5,"axis":"z","origin":[6.246418,10.211729,8.186747]},"faces":{"down":{"uv":[6.9375,3.4375,6.4375,3.9375],"rotation":0,"texture":"#0","tintindex":0},"east":{"uv":[8.6875,1.75,9.1875,2.0],"rotation":0,"texture":"#0","tintindex":0},"north":{"uv":[8.6875,1.5,9.1875,1.75],"rotation":0,"texture":"#0","tintindex":0},"south":{"uv":[8.6875,2.0,9.1875,2.25],"rotation":0,"texture":"#0","tintindex":0},"up":{"uv":[6.875,6.6875,6.375,6.1875],"rotation":0,"texture":"#0","tintindex":0},"west":{"uv":[7.0,8.6875,7.5,8.9375],"rotation":0,"texture":"#0","tintindex":0}}},{"name":"cube","from":[3.6181366,11.4339485,5.737487],"to":[7.4105396,13.646183,10.636007],"rotation":{"angle":-45.0,"axis":"z","origin":[3.3021028,10.959898,8.186747]},"faces":{"down":{"uv":[7.875,6.5,7.5,7.0],"rotation":0,"texture":"#0","tintindex":0},"east":{"uv":[1.5,8.75,2.0,9.0],"rotation":0,"texture":"#0","tintindex":0},"north":{"uv":[9.6875,3.9375,10.0625,4.1875],"rotation":0,"texture":"#0","tintindex":0},"south":{"uv":[9.6875,5.25,10.0625,5.5],"rotation":0,"texture":"#0","tintindex":0},"up":{"uv":[7.875,0.5,7.5,0.0],"rotation":0,"texture":"#0","tintindex":0},"west":{"uv":[2.0,8.75,2.5,9.0],"rotation":0,"texture":"#0","tintindex":0}}},{"name":"cube","from":[3.2081766,8.374117,6.2115374],"to":[3.8402436,10.586353,10.161957],"rotation":{"angle":0.0,"axis":"x","origin":[16.481586,-29.86594,5.737487]},"faces":{"down":{"uv":[11.4375,1.25,11.375,1.6875],"rotation":0,"texture":"#0","tintindex":0},"east":{"uv":[9.25,0.0,9.6875,0.25],"rotation":0,"texture":"#0","tintindex":0},"north":{"uv":[0.125,11.6875,0.1875,11.9375],"rotation":0,"texture":"#0","tintindex":0},"south":{"uv":[0.1875,11.6875,0.25,11.9375],"rotation":0,"texture":"#0","tintindex":0},"up":{"uv":[11.4375,1.25,11.375,0.8125],"rotation":0,"texture":"#0","tintindex":0},"west":{"uv":[0.3125,9.25,0.75,9.5],"rotation":0,"texture":"#0","tintindex":0}}},{"name":"cube","from":[3.8402436,6.477915,6.2115374],"to":[4.472311,9.954283,10.161957],"rotation":{"angle":0.0,"axis":"x","origin":[16.481586,-29.86594,5.737487]},"faces":{"down":{"uv":[2.125,11.375,2.0625,11.8125],"rotation":0,"texture":"#0","tintindex":0},"east":{"uv":[7.75,4.125,8.1875,4.5],"rotation":0,"texture":"#0","tintindex":0},"north":{"uv":[9.4375,11.375,9.5,11.75],"rotation":0,"texture":"#0","tintindex":0},"south":{"uv":[11.375,10.75,11.4375,11.125],"rotation":0,"texture":"#0","tintindex":0},"up":{"uv":[11.4375,2.375,11.375,1.9375],"rotation":0,"texture":"#0","tintindex":0},"west":{"uv":[7.75,4.5,8.1875,4.875],"rotation":0,"texture":"#0","tintindex":0}}},{"name":"cube","from":[4.472311,6.477915,5.895504],"to":[8.106697,9.954283,6.3695545],"rotation":{"angle":0.0,"axis":"x","origin":[16.481586,-29.86594,5.737487]},"faces":{"down":{"uv":[11.75,10.0625,11.375,10.125],"rotation":0,"texture":"#0","tintindex":0},"east":{"uv":[11.375,11.3125,11.4375,11.6875],"rotation":0,"texture":"#0","tintindex":0},"north":{"uv":[8.3125,1.125,8.6875,1.5],"rotation":0,"texture":"#0","tintindex":0},"south":{"uv":[8.3125,1.5,8.6875,1.875],"rotation":0,"texture":"#0","tintindex":0},"up":{"uv":[11.75,10.0625,11.375,10.0],"rotation":0,"texture":"#0","tintindex":0},"west":{"uv":[0.0,11.4375,0.0625,11.8125],"rotation":0,"texture":"#0","tintindex":0}}},{"name":"cube","from":[3.5242105,5.845849,5.895504],"to":[6.210495,6.477915,10.477991],"rotation":{"angle":0.0,"axis":"x","origin":[16.481586,-29.86594,5.737487]},"faces":{"down":{"uv":[9.0,2.9375,8.75,3.4375],"rotation":0,"texture":"#0","tintindex":0},"east":{"uv":[10.9375,3.625,11.4375,3.6875],"rotation":0,"texture":"#0","tintindex":0},"north":{"uv":[11.625,10.875,11.875,10.9375],"rotation":0,"texture":"#0","tintindex":0},"south":{"uv":[11.625,10.9375,11.875,11.0],"rotation":0,"texture":"#0","tintindex":0},"up":{"uv":[7.75,9.1875,7.5,8.6875],"rotation":0,"texture":"#0","tintindex":0},"west":{"uv":[11.0,5.9375,11.5,6.0],"rotation":0,"texture":"#0","tintindex":0}}},{"name":"cube","from":[4.9463606,-0.31680632,5.5794706],"to":[7.94868,5.845849,6.685588],"rotation":{"angle":0.0,"axis":"x","origin":[16.481586,-29.86594,5.737487]},"faces":{"down":{"uv":[11.25,7.875,10.9375,8.0],"rotation":0,"texture":"#0","tintindex":0},"east":{"uv":[6.3125,9.875,6.4375,10.5],"rotation":0,"texture":"#0","tintindex":0},"north":{"uv":[7.375,0.5625,7.6875,1.1875],"rotation":0,"texture":"#0","tintindex":0},"south":{"uv":[7.375,3.5625,7.6875,4.1875],"rotation":0,"texture":"#0","tintindex":0},"up":{"uv":[11.25,7.875,10.9375,7.75],"rotation":0,"texture":"#0","tintindex":0},"west":{"uv":[8.3125,9.875,8.4375,10.5],"rotation":0,"texture":"#0","tintindex":0}}},{"name":"cube","from":[4.9463606,-2.0549898,6.0535207],"to":[7.94868,-0.31680632,6.685588],"rotation":{"angle":0.0,"axis":"x","origin":[16.481586,-29.86594,5.737487]},"faces":{"down":{"uv":[11.8125,8.0625,11.5,8.125],"rotation":0,"texture":"#0","tintindex":0},"east":{"uv":[0.8125,11.8125,0.875,12.0],"rotation":0,"texture":"#0","tintindex":0},"north":{"uv":[9.25,10.4375,9.5625,10.625],"rotation":0,"texture":"#0","tintindex":0},"south":{"uv":[9.5625,10.4375,9.875,10.625],"rotation":0,"texture":"#0","tintindex":0},"up":{"uv":[11.8125,8.0625,11.5,8.0],"rotation":0,"texture":"#0","tintindex":0},"west":{"uv":[1.375,11.8125,1.4375,12.0],"rotation":0,"texture":"#0","tintindex":0}}},{"name":"cube","from":[4.472311,-1.2649059,6.3695545],"to":[4.9463606,0.4732778,7.159638],"rotation":{"angle":0.0,"axis":"x","origin":[16.481586,-29.86594,5.737487]},"faces":{"down":{"uv":[11.9375,4.5625,11.875,4.625],"rotation":0,"texture":"#0","tintindex":0},"east":{"uv":[1.875,11.8125,1.9375,12.0],"rotation":0,"texture":"#0","tintindex":0},"north":{"uv":[1.4375,11.8125,1.5,12.0],"rotation":0,"texture":"#0","tintindex":0},"south":{"uv":[2.0625,11.8125,2.125,12.0],"rotation":0,"texture":"#0","tintindex":0},"up":{"uv":[11.9375,4.5625,11.875,4.5],"rotation":0,"texture":"#0","tintindex":0},"west":{"uv":[2.125,11.8125,2.1875,12.0],"rotation":0,"texture":"#0","tintindex":0}}},{"name":"cube","from":[4.156277,0.4732778,5.895504],"to":[4.9463606,5.845849,7.159638],"rotation":{"angle":0.0,"axis":"x","origin":[16.481586,-29.86594,5.737487]},"faces":{"down":{"uv":[11.9375,0.5625,11.875,0.6875],"rotation":0,"texture":"#0","tintindex":0},"east":{"uv":[5.75,10.0625,5.875,10.625],"rotation":0,"texture":"#0","tintindex":0},"north":{"uv":[0.9375,11.0625,1.0,11.625],"rotation":0,"texture":"#0","tintindex":0},"south":{"uv":[1.0,11.0625,1.0625,11.625],"rotation":0,"texture":"#0","tintindex":0},"up":{"uv":[0.625,12.0,0.5625,11.875],"rotation":0,"texture":"#0","tintindex":0},"west":{"uv":[10.0625,6.0,10.1875,6.5625],"rotation":0,"texture":"#0","tintindex":0}}},{"name":"cube","from":[4.314294,4.2656803,7.159638],"to":[4.9463606,5.845849,7.791705],"rotation":{"angle":0.0,"axis":"x","origin":[16.481586,-29.86594,5.737487]},"faces":{"down":{"uv":[11.9375,4.6875,11.875,4.75],"rotation":0,"texture":"#0","tintindex":0},"east":{"uv":[2.25,11.8125,2.3125,12.0],"rotation":0,"texture":"#0","tintindex":0},"north":{"uv":[2.1875,11.8125,2.25,12.0],"rotation":0,"texture":"#0","tintindex":0},"south":{"uv":[2.3125,11.8125,2.375,12.0],"rotation":0,"texture":"#0","tintindex":0},"up":{"uv":[11.9375,4.6875,11.875,4.625],"rotation":0,"texture":"#0","tintindex":0},"west":{"uv":[11.8125,2.3125,11.875,2.5],"rotation":0,"texture":"#0","tintindex":0}}},{"name":"cube","from":[4.314294,0.4732778,7.159638],"to":[4.9463606,2.0534458,7.791705],"rotation":{"angle":0.0,"axis":"x","origin":[16.481586,-29.86594,5.737487]},"faces":{"down":{"uv":[4.875,11.875,4.8125,11.9375],"rotation":0,"texture":"#0","tintindex":0},"east":{"uv":[2.5625,11.8125,2.625,12.0],"rotation":0,"texture":"#0","tintindex":0},"north":{"uv":[11.8125,2.5,11.875,2.6875],"rotation":0,"texture":"#0","tintindex":0},"south":{"uv":[11.8125,2.6875,11.875,2.875],"rotation":0,"texture":"#0","tintindex":0},"up":{"uv":[4.8125,11.9375,4.75,11.875],"rotation":0,"texture":"#0","tintindex":0},"west":{"uv":[2.875,11.8125,2.9375,12.0],"rotation":0,"texture":"#0","tintindex":0}}},{"name":"cube","from":[4.6303277,-2.0549898,7.159638],"to":[4.9463606,5.845849,8.423773],"rotation":{"angle":0.0,"axis":"x","origin":[16.481586,-29.86594,5.737487]},"faces":{"down":{"uv":[0.75,11.875,0.6875,12.0],"rotation":0,"texture":"#0","tintindex":0},"east":{"uv":[7.125,9.25,7.25,10.0625],"rotation":0,"texture":"#0","tintindex":0},"north":{"uv":[4.0625,10.5625,4.125,11.375],"rotation":0,"texture":"#0","tintindex":0},"south":{"uv":[4.9375,10.5625,5.0,11.375],"rotation":0,"texture":"#0","tintindex":0},"up":{"uv":[0.6875,12.0,0.625,11.875],"rotation":0,"texture":"#0","tintindex":0},"west":{"uv":[1.0,9.3125,1.125,10.125],"rotation":0,"texture":"#0","tintindex":0}}},{"name":"cube","from":[4.6303277,1.105344,8.423773],"to":[4.9463606,3.633614,9.371874],"rotation":{"angle":0.0,"axis":"x","origin":[16.481586,-29.86594,5.737487]},"faces":{"down":{"uv":[11.9375,0.8125,11.875,0.9375],"rotation":0,"texture":"#0","tintindex":0},"east":{"uv":[11.25,3.375,11.375,3.625],"rotation":0,"texture":"#0","tintindex":0},"north":{"uv":[11.6875,0.4375,11.75,0.6875],"rotation":0,"texture":"#0","tintindex":0},"south":{"uv":[11.6875,0.6875,11.75,0.9375],"rotation":0,"texture":"#0","tintindex":0},"up":{"uv":[11.9375,0.8125,11.875,0.6875],"rotation":0,"texture":"#0","tintindex":0},"west":{"uv":[4.25,11.25,4.375,11.5],"rotation":0,"texture":"#0","tintindex":0}}},{"name":"cube","from":[4.9463606,-2.0549898,6.685588],"to":[7.94868,6.477915,9.687906],"rotation":{"angle":0.0,"axis":"x","origin":[16.481586,-29.86594,5.737487]},"faces":{"down":{"uv":[1.75,9.375,1.4375,9.6875],"rotation":0,"texture":"#0","tintindex":0},"east":{"uv":[0.0,6.0,0.3125,6.875],"rotation":0,"texture":"#0","tintindex":0},"north":{"uv":[4.8125,5.9375,5.125,6.8125],"rotation":0,"texture":"#0","tintindex":0},"south":{"uv":[4.4375,6.0,4.75,6.875],"rotation":0,"texture":"#0","tintindex":0},"up":{"uv":[9.625,5.9375,9.3125,5.625],"rotation":0,"texture":"#0","tintindex":0},"west":{"uv":[5.125,6.0,5.4375,6.875],"rotation":0,"texture":"#0","tintindex":0}}},{"name":"cube","from":[4.7883444,0.4732778,9.845923],"to":[7.94868,5.2137804,10.161957],"rotation":{"angle":0.0,"axis":"x","origin":[16.481586,-29.86594,5.737487]},"faces":{"down":{"uv":[11.8125,8.25,11.5,8.3125],"rotation":0,"texture":"#0","tintindex":0},"east":{"uv":[11.25,4.3125,11.3125,4.8125],"rotation":0,"texture":"#0","tintindex":0},"north":{"uv":[7.8125,5.4375,8.125,5.9375],"rotation":0,"texture":"#0","tintindex":0},"south":{"uv":[7.8125,7.25,8.125,7.75],"rotation":0,"texture":"#0","tintindex":0},"up":{"uv":[11.8125,8.1875,11.5,8.125],"rotation":0,"texture":"#0","tintindex":0},"west":{"uv":[4.375,11.25,4.4375,11.75],"rotation":0,"texture":"#0","tintindex":0}}},{"name":"cube","from":[4.7883444,-0.7908573,9.371874],"to":[7.94868,5.845849,9.845923],"rotation":{"angle":0.0,"axis":"x","origin":[16.481586,-29.86594,5.737487]},"faces":{"down":{"uv":[11.8125,9.5,11.5,9.5625],"rotation":0,"texture":"#0","tintindex":0},"east":{"uv":[5.875,10.75,5.9375,11.4375],"rotation":0,"texture":"#0","tintindex":0},"north":{"uv":[0.625,7.125,0.9375,7.8125],"rotation":0,"texture":"#0","tintindex":0},"south":{"uv":[0.9375,7.125,1.25,7.8125],"rotation":0,"texture":"#0","tintindex":0},"up":{"uv":[11.8125,8.375,11.5,8.3125],"rotation":0,"texture":"#0","tintindex":0},"west":{"uv":[5.9375,10.75,6.0,11.4375],"rotation":0,"texture":"#0","tintindex":0}}},{"name":"cube","from":[4.314294,3.633614,8.265755],"to":[4.9463606,5.845849,9.687906],"rotation":{"angle":0.0,"axis":"x","origin":[16.481586,-29.86594,5.737487]},"faces":{"down":{"uv":[1.0,11.875,0.9375,12.0],"rotation":0,"texture":"#0","tintindex":0},"east":{"uv":[4.4375,11.25,4.5625,11.5],"rotation":0,"texture":"#0","tintindex":0},"north":{"uv":[11.6875,0.9375,11.75,1.1875],"rotation":0,"texture":"#0","tintindex":0},"south":{"uv":[1.1875,11.6875,1.25,11.9375],"rotation":0,"texture":"#0","tintindex":0},"up":{"uv":[0.9375,12.0,0.875,11.875],"rotation":0,"texture":"#0","tintindex":0},"west":{"uv":[4.5625,11.25,4.6875,11.5],"rotation":0,"texture":"#0","tintindex":0}}},{"name":"cube","from":[4.314294,-0.7908573,8.265755],"to":[4.9463606,1.4213796,9.687906],"rotation":{"angle":0.0,"axis":"x","origin":[16.481586,-29.86594,5.737487]},"faces":{"down":{"uv":[1.0625,11.875,1.0,12.0],"rotation":0,"texture":"#0","tintindex":0},"east":{"uv":[4.6875,11.25,4.8125,11.5],"rotation":0,"texture":"#0","tintindex":0},"north":{"uv":[1.25,11.6875,1.3125,11.9375],"rotation":0,"texture":"#0","tintindex":0},"south":{"uv":[1.3125,11.6875,1.375,11.9375],"rotation":0,"texture":"#0","tintindex":0},"up":{"uv":[11.9375,1.0625,11.875,0.9375],"rotation":0,"texture":"#0","tintindex":0},"west":{"uv":[4.8125,11.25,4.9375,11.5],"rotation":0,"texture":"#0","tintindex":0}}},{"name":"cube","from":[4.472311,6.477915,6.3695545],"to":[8.106697,9.954283,10.003941],"rotation":{"angle":0.0,"axis":"x","origin":[16.481586,-29.86594,5.737487]},"faces":{"down":{"uv":[6.3125,8.375,5.9375,8.75],"rotation":0,"texture":"#0","tintindex":0},"east":{"uv":[1.875,8.375,2.25,8.75],"rotation":0,"texture":"#0","tintindex":0},"north":{"uv":[1.5,8.375,1.875,8.75],"rotation":0,"texture":"#0","tintindex":0},"south":{"uv":[2.25,8.375,2.625,8.75],"rotation":0,"texture":"#0","tintindex":0},"up":{"uv":[8.75,3.75,8.375,3.375],"rotation":0,"texture":"#0","tintindex":0},"west":{"uv":[8.375,3.0,8.75,3.375],"rotation":0,"texture":"#0","tintindex":0}}},{"name":"cube","from":[4.472311,6.477915,10.003941],"to":[8.106697,9.954283,10.477991],"rotation":{"angle":0.0,"axis":"x","origin":[16.481586,-29.86594,5.737487]},"faces":{"down":{"uv":[11.8125,2.5,11.4375,2.5625],"rotation":0,"texture":"#0","tintindex":0},"east":{"uv":[2.875,11.4375,2.9375,11.8125],"rotation":0,"texture":"#0","tintindex":0},"north":{"uv":[7.875,8.375,8.25,8.75],"rotation":0,"texture":"#0","tintindex":0},"south":{"uv":[8.25,8.375,8.625,8.75],"rotation":0,"texture":"#0","tintindex":0},"up":{"uv":[11.8125,2.5,11.4375,2.4375],"rotation":0,"texture":"#0","tintindex":0},"west":{"uv":[2.9375,11.4375,3.0,11.8125],"rotation":0,"texture":"#0","tintindex":0}}}],"display":{"head":{"translation":[0.0,-6.4,0.0],"rotation":[0.0,0.0,0.0],"scale":[3.8095,3.8095,3.8095]}}}