{"textures":{"0":"modelengine:entity/lord_demon"},"elements":[{"name":"cube","from":[0.4957981,7.532172,8.07597],"to":[4.1423388,7.532172,29.65134],"rotation":{"angle":22.5,"axis":"z","origin":[2.9268253,7.532172,20.079166]},"faces":{"down":{"uv":[1.5,2.25,1.125,4.5],"rotation":0,"texture":"#0","tintindex":0},"east":{"uv":[0.0,0.0,2.25,0.0],"rotation":0,"texture":"#0","tintindex":0},"north":{"uv":[0.0,0.0,0.375,0.0],"rotation":0,"texture":"#0","tintindex":0},"south":{"uv":[0.0,0.0,0.375,0.0],"rotation":0,"texture":"#0","tintindex":0},"up":{"uv":[1.125,4.5,0.75,2.25],"rotation":0,"texture":"#0","tintindex":0},"west":{"uv":[0.0,0.0,2.25,0.0],"rotation":0,"texture":"#0","tintindex":0}}},{"name":"cube","from":[4.0495806,7.9972854,8.07597],"to":[11.950419,7.9972854,29.65134],"rotation":{"angle":0.0,"axis":"x","origin":[8.0,7.9972854,8.0]},"faces":{"down":{"uv":[1.625,0.0,0.8125,2.25],"rotation":0,"texture":"#0","tintindex":0},"east":{"uv":[0.0,0.0,2.25,0.0],"rotation":0,"texture":"#0","tintindex":0},"north":{"uv":[0.0,0.0,0.8125,0.0],"rotation":0,"texture":"#0","tintindex":0},"south":{"uv":[0.0,0.0,0.8125,0.0],"rotation":0,"texture":"#0","tintindex":0},"up":{"uv":[0.8125,2.25,0.0,0.0],"rotation":0,"texture":"#0","tintindex":0},"west":{"uv":[0.0,0.0,2.25,0.0],"rotation":0,"texture":"#0","tintindex":0}}},{"name":"cube","from":[11.857661,7.532172,8.07597],"to":[15.504203,7.532172,29.65134],"rotation":{"angle":-22.5,"axis":"z","origin":[13.073175,7.532172,20.079166]},"faces":{"down":{"uv":[0.75,2.25,0.375,4.5],"rotation":0,"texture":"#0","tintindex":0},"east":{"uv":[0.0,0.0,2.25,0.0],"rotation":0,"texture":"#0","tintindex":0},"north":{"uv":[0.0,0.0,0.375,0.0],"rotation":0,"texture":"#0","tintindex":0},"south":{"uv":[0.0,0.0,0.375,0.0],"rotation":0,"texture":"#0","tintindex":0},"up":{"uv":[0.375,4.5,0.0,2.25],"rotation":0,"texture":"#0","tintindex":0},"west":{"uv":[0.0,0.0,2.25,0.0],"rotation":0,"texture":"#0","tintindex":0}}}],"display":{"head":{"translation":[0.0,-6.4,0.0],"rotation":[0.0,0.0,0.0],"scale":[3.8095,3.8095,3.8095]}}}