{"textures":{"0":"modelengine:entity/lord_demon"},"elements":[{"name":"cube","from":[-1.2580786,7.1833057,8.075971],"to":[2.996219,7.1833057,22.054375],"rotation":{"angle":22.5,"axis":"z","origin":[0.86907053,7.1833057,15.065173]},"faces":{"down":{"uv":[3.5625,2.375,3.125,3.8125],"rotation":0,"texture":"#0","tintindex":0},"east":{"uv":[0.0,0.0,1.4375,0.0],"rotation":0,"texture":"#0","tintindex":0},"north":{"uv":[0.0,0.0,0.4375,0.0],"rotation":0,"texture":"#0","tintindex":0},"south":{"uv":[0.0,0.0,0.4375,0.0],"rotation":0,"texture":"#0","tintindex":0},"up":{"uv":[2.375,4.3125,1.9375,2.875],"rotation":0,"texture":"#0","tintindex":0},"west":{"uv":[0.0,0.0,1.4375,0.0],"rotation":0,"texture":"#0","tintindex":0}}},{"name":"cube","from":[2.8340669,7.9972854,8.075971],"to":[13.165933,7.9972854,22.054375],"rotation":{"angle":0.0,"axis":"x","origin":[8.0,7.9972854,0.4030409]},"faces":{"down":{"uv":[2.6875,1.4375,1.625,2.875],"rotation":0,"texture":"#0","tintindex":0},"east":{"uv":[0.0,0.0,1.4375,0.0],"rotation":0,"texture":"#0","tintindex":0},"north":{"uv":[0.0,0.0,1.0625,0.0],"rotation":0,"texture":"#0","tintindex":0},"south":{"uv":[0.0,0.0,1.0625,0.0],"rotation":0,"texture":"#0","tintindex":0},"up":{"uv":[2.6875,1.4375,1.625,0.0],"rotation":0,"texture":"#0","tintindex":0},"west":{"uv":[0.0,0.0,1.4375,0.0],"rotation":0,"texture":"#0","tintindex":0}}},{"name":"cube","from":[13.165701,7.997331,8.075971],"to":[17.419998,7.997331,22.054375],"rotation":{"angle":-22.5,"axis":"z","origin":[13.165701,7.997331,12.482207]},"faces":{"down":{"uv":[1.9375,2.875,1.5,4.3125],"rotation":0,"texture":"#0","tintindex":0},"east":{"uv":[0.0,0.0,1.4375,0.0],"rotation":0,"texture":"#0","tintindex":0},"north":{"uv":[0.0,0.0,0.4375,0.0],"rotation":0,"texture":"#0","tintindex":0},"south":{"uv":[0.0,0.0,0.4375,0.0],"rotation":0,"texture":"#0","tintindex":0},"up":{"uv":[3.125,3.8125,2.6875,2.375],"rotation":0,"texture":"#0","tintindex":0},"west":{"uv":[0.0,0.0,1.4375,0.0],"rotation":0,"texture":"#0","tintindex":0}}}],"display":{"head":{"translation":[0.0,-6.4,0.0],"rotation":[0.0,0.0,0.0],"scale":[3.8095,3.8095,3.8095]}}}