{"textures":{"0":"modelengine:entity/lord_demon"},"elements":[{"name":"cube","from":[3.4418237,7.3895288,6.0247903],"to":[12.558176,10.8841305,10.12715],"rotation":{"angle":0.0,"axis":"x","origin":[7.5441823,-16.312988,5.5689726]},"faces":{"down":{"uv":[5.1875,1.375,4.25,1.8125],"rotation":0,"texture":"#0","tintindex":0},"east":{"uv":[1.75,5.5625,2.1875,5.9375],"rotation":0,"texture":"#0","tintindex":0},"north":{"uv":[4.5,2.25,5.4375,2.625],"rotation":0,"texture":"#0","tintindex":0},"south":{"uv":[4.5,2.625,5.4375,3.0],"rotation":0,"texture":"#0","tintindex":0},"up":{"uv":[4.625,4.3125,3.6875,3.875],"rotation":0,"texture":"#0","tintindex":0},"west":{"uv":[6.0,0.0,6.4375,0.375],"rotation":0,"texture":"#0","tintindex":0}}},{"name":"cube","from":[7.240304,6.174015,6.0247903],"to":[8.759696,7.3895288,10.12715],"rotation":{"angle":0.0,"axis":"x","origin":[7.5441823,-16.312988,5.5689726]},"faces":{"down":{"uv":[2.25,9.875,2.0625,10.3125],"rotation":0,"texture":"#0","tintindex":0},"east":{"uv":[9.25,6.5625,9.6875,6.6875],"rotation":0,"texture":"#0","tintindex":0},"north":{"uv":[11.375,4.6875,11.5625,4.8125],"rotation":0,"texture":"#0","tintindex":0},"south":{"uv":[5.1875,11.375,5.375,11.5],"rotation":0,"texture":"#0","tintindex":0},"up":{"uv":[4.625,5.1875,4.4375,4.75],"rotation":0,"texture":"#0","tintindex":0},"west":{"uv":[10.375,7.5,10.8125,7.625],"rotation":0,"texture":"#0","tintindex":0}}},{"name":"cube","from":[7.0883646,7.3895288,5.417033],"to":[8.911635,9.668617,6.0247903],"rotation":{"angle":0.0,"axis":"x","origin":[7.5441823,-16.312988,5.5689726]},"faces":{"down":{"uv":[11.9375,6.75,11.75,6.8125],"rotation":0,"texture":"#0","tintindex":0},"east":{"uv":[11.625,2.625,11.6875,2.875],"rotation":0,"texture":"#0","tintindex":0},"north":{"uv":[3.0625,5.375,3.25,5.625],"rotation":0,"texture":"#0","tintindex":0},"south":{"uv":[3.375,9.375,3.5625,9.625],"rotation":0,"texture":"#0","tintindex":0},"up":{"uv":[11.9375,6.75,11.75,6.6875],"rotation":0,"texture":"#0","tintindex":0},"west":{"uv":[3.1875,11.625,3.25,11.875],"rotation":0,"texture":"#0","tintindex":0}}},{"name":"cube","from":[8.911635,7.3895288,5.113155],"to":[12.558176,9.668617,6.0247903],"rotation":{"angle":0.0,"axis":"x","origin":[7.5441823,-16.312988,5.5689726]},"faces":{"down":{"uv":[11.0,4.125,10.625,4.25],"rotation":0,"texture":"#0","tintindex":0},"east":{"uv":[0.75,11.125,0.875,11.375],"rotation":0,"texture":"#0","tintindex":0},"north":{"uv":[9.625,0.875,10.0,1.125],"rotation":0,"texture":"#0","tintindex":0},"south":{"uv":[9.625,1.4375,10.0,1.6875],"rotation":0,"texture":"#0","tintindex":0},"up":{"uv":[11.0,2.625,10.625,2.5],"rotation":0,"texture":"#0","tintindex":0},"west":{"uv":[5.5625,11.125,5.6875,11.375],"rotation":0,"texture":"#0","tintindex":0}}},{"name":"cube","from":[3.4418237,7.3895288,5.113155],"to":[7.0883646,9.668617,6.0247903],"rotation":{"angle":0.0,"axis":"x","origin":[7.5441823,-16.312988,5.5689726]},"faces":{"down":{"uv":[11.0,5.5625,10.625,5.6875],"rotation":0,"texture":"#0","tintindex":0},"east":{"uv":[7.25,11.125,7.375,11.375],"rotation":0,"texture":"#0","tintindex":0},"north":{"uv":[1.75,9.625,2.125,9.875],"rotation":0,"texture":"#0","tintindex":0},"south":{"uv":[2.125,9.625,2.5,9.875],"rotation":0,"texture":"#0","tintindex":0},"up":{"uv":[11.0,4.375,10.625,4.25],"rotation":0,"texture":"#0","tintindex":0},"west":{"uv":[8.4375,11.125,8.5625,11.375],"rotation":0,"texture":"#0","tintindex":0}}},{"name":"cube","from":[2.5301886,7.3895288,5.720912],"to":[3.4418237,9.668617,10.12715],"rotation":{"angle":0.0,"axis":"x","origin":[7.5441823,-16.312988,5.5689726]},"faces":{"down":{"uv":[10.0,10.4375,9.875,10.875],"rotation":0,"texture":"#0","tintindex":0},"east":{"uv":[9.125,8.1875,9.5625,8.4375],"rotation":0,"texture":"#0","tintindex":0},"north":{"uv":[8.875,11.125,9.0,11.375],"rotation":0,"texture":"#0","tintindex":0},"south":{"uv":[2.25,11.1875,2.375,11.4375],"rotation":0,"texture":"#0","tintindex":0},"up":{"uv":[2.375,4.75,2.25,4.3125],"rotation":0,"texture":"#0","tintindex":0},"west":{"uv":[9.125,8.4375,9.5625,8.6875],"rotation":0,"texture":"#0","tintindex":0}}},{"name":"cube","from":[12.558176,7.3895288,5.720912],"to":[13.469811,9.668617,10.12715],"rotation":{"angle":0.0,"axis":"x","origin":[7.5441823,-16.312988,5.5689726]},"faces":{"down":{"uv":[10.625,7.0,10.5,7.4375],"rotation":0,"texture":"#0","tintindex":0},"east":{"uv":[9.1875,0.625,9.625,0.875],"rotation":0,"texture":"#0","tintindex":0},"north":{"uv":[2.875,11.1875,3.0,11.4375],"rotation":0,"texture":"#0","tintindex":0},"south":{"uv":[3.1875,11.1875,3.3125,11.4375],"rotation":0,"texture":"#0","tintindex":0},"up":{"uv":[6.4375,10.9375,6.3125,10.5],"rotation":0,"texture":"#0","tintindex":0},"west":{"uv":[9.1875,1.4375,9.625,1.6875],"rotation":0,"texture":"#0","tintindex":0}}},{"name":"cube","from":[3.4418237,7.3895288,10.12715],"to":[12.558176,9.668617,11.038784],"rotation":{"angle":0.0,"axis":"x","origin":[7.5441823,-16.312988,5.5689726]},"faces":{"down":{"uv":[9.8125,4.625,8.875,4.75],"rotation":0,"texture":"#0","tintindex":0},"east":{"uv":[11.1875,5.5625,11.3125,5.8125],"rotation":0,"texture":"#0","tintindex":0},"north":{"uv":[6.8125,2.75,7.75,3.0],"rotation":0,"texture":"#0","tintindex":0},"south":{"uv":[6.8125,3.0,7.75,3.25],"rotation":0,"texture":"#0","tintindex":0},"up":{"uv":[9.8125,0.4375,8.875,0.3125],"rotation":0,"texture":"#0","tintindex":0},"west":{"uv":[8.5625,11.1875,8.6875,11.4375],"rotation":0,"texture":"#0","tintindex":0}}},{"name":"cube","from":[2.5301886,9.668617,5.113155],"to":[13.469811,10.580254,11.038784],"rotation":{"angle":0.0,"axis":"x","origin":[7.5441823,-16.312988,5.5689726]},"faces":{"down":{"uv":[3.8125,0.625,2.6875,1.25],"rotation":0,"texture":"#0","tintindex":0},"east":{"uv":[9.6875,5.5,10.3125,5.625],"rotation":0,"texture":"#0","tintindex":0},"north":{"uv":[7.8125,2.5,8.9375,2.625],"rotation":0,"texture":"#0","tintindex":0},"south":{"uv":[7.8125,5.9375,8.9375,6.0625],"rotation":0,"texture":"#0","tintindex":0},"up":{"uv":[3.8125,0.625,2.6875,0.0],"rotation":0,"texture":"#0","tintindex":0},"west":{"uv":[9.8125,0.25,10.4375,0.375],"rotation":0,"texture":"#0","tintindex":0}}},{"name":"cube","from":[4.353459,10.8841305,6.3286686],"to":[11.646541,14.98649,9.97521],"rotation":{"angle":0.0,"axis":"x","origin":[7.5441823,-16.312988,5.5689726]},"faces":{"down":{"uv":[6.4375,5.3125,5.6875,5.6875],"rotation":0,"texture":"#0","tintindex":0},"east":{"uv":[5.75,7.625,6.125,8.0625],"rotation":0,"texture":"#0","tintindex":0},"north":{"uv":[0.75,4.5,1.5,4.9375],"rotation":0,"texture":"#0","tintindex":0},"south":{"uv":[4.5,3.0,5.25,3.4375],"rotation":0,"texture":"#0","tintindex":0},"up":{"uv":[6.3125,5.3125,5.5625,4.9375],"rotation":0,"texture":"#0","tintindex":0},"west":{"uv":[7.125,7.625,7.5,8.0625],"rotation":0,"texture":"#0","tintindex":0}}},{"name":"cube","from":[3.8976414,10.8841305,7.3922434],"to":[12.102359,14.378734,10.279088],"rotation":{"angle":0.0,"axis":"x","origin":[7.5441823,-16.312988,5.5689726]},"faces":{"down":{"uv":[2.625,5.9375,1.75,6.25],"rotation":0,"texture":"#0","tintindex":0},"east":{"uv":[8.9375,7.8125,9.25,8.1875],"rotation":0,"texture":"#0","tintindex":0},"north":{"uv":[4.625,3.875,5.5,4.25],"rotation":0,"texture":"#0","tintindex":0},"south":{"uv":[4.625,4.25,5.5,4.625],"rotation":0,"texture":"#0","tintindex":0},"up":{"uv":[6.6875,0.6875,5.8125,0.375],"rotation":0,"texture":"#0","tintindex":0},"west":{"uv":[1.5,9.0,1.8125,9.375],"rotation":0,"texture":"#0","tintindex":0}}},{"name":"cube","from":[3.8976414,10.580254,10.12715],"to":[12.102359,11.6438265,10.886845],"rotation":{"angle":0.0,"axis":"x","origin":[7.5441823,-16.312988,5.5689726]},"faces":{"down":{"uv":[11.3125,5.0625,10.4375,5.125],"rotation":0,"texture":"#0","tintindex":0},"east":{"uv":[11.8125,11.3125,11.875,11.4375],"rotation":0,"texture":"#0","tintindex":0},"north":{"uv":[9.125,3.8125,10.0,3.9375],"rotation":0,"texture":"#0","tintindex":0},"south":{"uv":[9.125,7.0,10.0,7.125],"rotation":0,"texture":"#0","tintindex":0},"up":{"uv":[11.1875,8.5625,10.3125,8.5],"rotation":0,"texture":"#0","tintindex":0},"west":{"uv":[11.8125,11.4375,11.875,11.5625],"rotation":0,"texture":"#0","tintindex":0}}},{"name":"cube","from":[4.353459,10.580254,5.5689726],"to":[11.646541,13.619038,6.3286686],"rotation":{"angle":0.0,"axis":"x","origin":[7.5441823,-16.312988,5.5689726]},"faces":{"down":{"uv":[11.3125,3.6875,10.5625,3.75],"rotation":0,"texture":"#0","tintindex":0},"east":{"uv":[3.3125,11.5625,3.375,11.875],"rotation":0,"texture":"#0","tintindex":0},"north":{"uv":[6.875,6.1875,7.625,6.5],"rotation":0,"texture":"#0","tintindex":0},"south":{"uv":[6.9375,3.25,7.6875,3.5625],"rotation":0,"texture":"#0","tintindex":0},"up":{"uv":[11.25,7.5,10.5,7.4375],"rotation":0,"texture":"#0","tintindex":0},"west":{"uv":[3.375,11.5625,3.4375,11.875],"rotation":0,"texture":"#0","tintindex":0}}},{"name":"cube","from":[7.0883646,13.619038,5.417033],"to":[8.911635,17.417519,6.3286686],"rotation":{"angle":0.0,"axis":"x","origin":[7.5441823,-16.312988,5.5689726]},"faces":{"down":{"uv":[11.5625,6.0,11.375,6.125],"rotation":0,"texture":"#0","tintindex":0},"east":{"uv":[6.9375,3.5625,7.0625,3.9375],"rotation":0,"texture":"#0","tintindex":0},"north":{"uv":[6.4375,3.9375,6.625,4.3125],"rotation":0,"texture":"#0","tintindex":0},"south":{"uv":[2.0625,7.75,2.25,8.125],"rotation":0,"texture":"#0","tintindex":0},"up":{"uv":[11.5625,5.5625,11.375,5.4375],"rotation":0,"texture":"#0","tintindex":0},"west":{"uv":[10.3125,10.625,10.4375,11.0],"rotation":0,"texture":"#0","tintindex":0}}},{"name":"cube","from":[10.431027,11.6438265,5.2650943],"to":[12.254298,16.050064,7.3922434],"rotation":{"angle":0.0,"axis":"x","origin":[7.5441823,-16.312988,5.5689726]},"faces":{"down":{"uv":[9.6875,10.625,9.5,10.875],"rotation":0,"texture":"#0","tintindex":0},"east":{"uv":[2.625,8.125,2.875,8.5625],"rotation":0,"texture":"#0","tintindex":0},"north":{"uv":[2.25,9.875,2.4375,10.3125],"rotation":0,"texture":"#0","tintindex":0},"south":{"uv":[3.375,9.875,3.5625,10.3125],"rotation":0,"texture":"#0","tintindex":0},"up":{"uv":[10.8125,7.25,10.625,7.0],"rotation":0,"texture":"#0","tintindex":0},"west":{"uv":[8.125,9.125,8.375,9.5625],"rotation":0,"texture":"#0","tintindex":0}}},{"name":"cube","from":[8.911635,13.619038,5.2650943],"to":[10.431027,15.442308,6.0247903],"rotation":{"angle":0.0,"axis":"x","origin":[7.5441823,-16.312988,5.5689726]},"faces":{"down":{"uv":[7.8125,11.75,7.625,11.8125],"rotation":0,"texture":"#0","tintindex":0},"east":{"uv":[7.125,11.75,7.1875,11.9375],"rotation":0,"texture":"#0","tintindex":0},"north":{"uv":[11.0,10.5,11.1875,10.6875],"rotation":0,"texture":"#0","tintindex":0},"south":{"uv":[10.625,11.0,10.8125,11.1875],"rotation":0,"texture":"#0","tintindex":0},"up":{"uv":[11.9375,7.25,11.75,7.1875],"rotation":0,"texture":"#0","tintindex":0},"west":{"uv":[7.1875,11.75,7.25,11.9375],"rotation":0,"texture":"#0","tintindex":0}}},{"name":"cube","from":[5.5689726,13.619038,5.2650943],"to":[7.0883646,15.442308,6.0247903],"rotation":{"angle":0.0,"axis":"x","origin":[7.5441823,-16.312988,5.5689726]},"faces":{"down":{"uv":[11.9375,9.6875,11.75,9.75],"rotation":0,"texture":"#0","tintindex":0},"east":{"uv":[7.8125,11.75,7.875,11.9375],"rotation":0,"texture":"#0","tintindex":0},"north":{"uv":[10.9375,11.0,11.125,11.1875],"rotation":0,"texture":"#0","tintindex":0},"south":{"uv":[0.125,11.0625,0.3125,11.25],"rotation":0,"texture":"#0","tintindex":0},"up":{"uv":[9.75,11.8125,9.5625,11.75],"rotation":0,"texture":"#0","tintindex":0},"west":{"uv":[8.0,11.75,8.0625,11.9375],"rotation":0,"texture":"#0","tintindex":0}}},{"name":"cube","from":[10.431027,10.580254,8.607757],"to":[12.558176,17.417519,10.431027],"rotation":{"angle":0.0,"axis":"x","origin":[7.5441823,-16.312988,5.5689726]},"faces":{"down":{"uv":[5.6875,6.0,5.4375,6.1875],"rotation":0,"texture":"#0","tintindex":0},"east":{"uv":[3.9375,8.25,4.125,8.9375],"rotation":0,"texture":"#0","tintindex":0},"north":{"uv":[3.875,7.5625,4.125,8.25],"rotation":0,"texture":"#0","tintindex":0},"south":{"uv":[4.75,7.5625,5.0,8.25],"rotation":0,"texture":"#0","tintindex":0},"up":{"uv":[5.4375,2.25,5.1875,2.0625],"rotation":0,"texture":"#0","tintindex":0},"west":{"uv":[5.75,8.5625,5.9375,9.25],"rotation":0,"texture":"#0","tintindex":0}}},{"name":"cube","from":[3.4418237,10.580254,8.607757],"to":[5.5689726,17.417519,10.431027],"rotation":{"angle":0.0,"axis":"x","origin":[8.455818,-16.312988,5.5689726]},"faces":{"down":{"uv":[7.125,6.5,6.875,6.6875],"rotation":0,"texture":"#0","tintindex":0},"east":{"uv":[0.9375,8.625,1.125,9.3125],"rotation":0,"texture":"#0","tintindex":0},"north":{"uv":[7.5625,5.4375,7.8125,6.125],"rotation":0,"texture":"#0","tintindex":0},"south":{"uv":[0.0,7.625,0.25,8.3125],"rotation":0,"texture":"#0","tintindex":0},"up":{"uv":[6.8125,2.9375,6.5625,2.75],"rotation":0,"texture":"#0","tintindex":0},"west":{"uv":[1.125,8.625,1.3125,9.3125],"rotation":0,"texture":"#0","tintindex":0}}},{"name":"cube","from":[3.7457023,11.6438265,5.2650943],"to":[5.5689726,16.050064,7.3922434],"rotation":{"angle":0.0,"axis":"x","origin":[8.455818,-16.312988,5.5689726]},"faces":{"down":{"uv":[10.3125,10.625,10.125,10.875],"rotation":0,"texture":"#0","tintindex":0},"east":{"uv":[8.6875,9.125,8.9375,9.5625],"rotation":0,"texture":"#0","tintindex":0},"north":{"uv":[3.5625,9.875,3.75,10.3125],"rotation":0,"texture":"#0","tintindex":0},"south":{"uv":[4.4375,9.875,4.625,10.3125],"rotation":0,"texture":"#0","tintindex":0},"up":{"uv":[9.875,10.875,9.6875,10.625],"rotation":0,"texture":"#0","tintindex":0},"west":{"uv":[9.1875,1.6875,9.4375,2.125],"rotation":0,"texture":"#0","tintindex":0}}},{"name":"cube","from":[10.431027,16.050064,4.8092766],"to":[13.013993,17.417519,7.3922434],"rotation":{"angle":0.0,"axis":"x","origin":[7.5441823,-16.312988,5.5689726]},"faces":{"down":{"uv":[9.75,10.1875,9.5,10.4375],"rotation":0,"texture":"#0","tintindex":0},"east":{"uv":[10.9375,11.1875,11.1875,11.3125],"rotation":0,"texture":"#0","tintindex":0},"north":{"uv":[11.1875,10.625,11.4375,10.75],"rotation":0,"texture":"#0","tintindex":0},"south":{"uv":[11.1875,11.1875,11.4375,11.3125],"rotation":0,"texture":"#0","tintindex":0},"up":{"uv":[10.4375,9.125,10.1875,8.875],"rotation":0,"texture":"#0","tintindex":0},"west":{"uv":[11.25,0.4375,11.5,0.5625],"rotation":0,"texture":"#0","tintindex":0}}},{"name":"cube","from":[8.151939,14.834552,4.8092766],"to":[10.431027,17.417519,7.3922434],"rotation":{"angle":0.0,"axis":"x","origin":[7.5441823,-16.312988,5.5689726]},"faces":{"down":{"uv":[10.5,10.25,10.25,10.5],"rotation":0,"texture":"#0","tintindex":0},"east":{"uv":[1.3125,10.25,1.5625,10.5],"rotation":0,"texture":"#0","tintindex":0},"north":{"uv":[9.75,10.1875,10.0,10.4375],"rotation":0,"texture":"#0","tintindex":0},"south":{"uv":[2.4375,10.25,2.6875,10.5],"rotation":0,"texture":"#0","tintindex":0},"up":{"uv":[10.25,10.5,10.0,10.25],"rotation":0,"texture":"#0","tintindex":0},"west":{"uv":[7.625,10.25,7.875,10.5],"rotation":0,"texture":"#0","tintindex":0}}},{"name":"cube","from":[6.936425,17.569456,4.657337],"to":[9.215513,21.823753,7.3922434],"rotation":{"angle":0.0,"axis":"x","origin":[7.5441823,-16.312988,5.5689726]},"faces":{"down":{"uv":[0.25,8.3125,0.0,8.625],"rotation":0,"texture":"#0","tintindex":0},"east":{"uv":[0.3125,8.625,0.625,9.0625],"rotation":0,"texture":"#0","tintindex":0},"north":{"uv":[9.1875,4.9375,9.4375,5.375],"rotation":0,"texture":"#0","tintindex":0},"south":{"uv":[6.125,9.1875,6.375,9.625],"rotation":0,"texture":"#0","tintindex":0},"up":{"uv":[1.5,5.25,1.25,4.9375],"rotation":0,"texture":"#0","tintindex":0},"west":{"uv":[0.625,8.625,0.9375,9.0625],"rotation":0,"texture":"#0","tintindex":0}}},{"name":"cube","from":[5.5689726,14.834552,4.8092766],"to":[7.8480606,17.417519,7.3922434],"rotation":{"angle":0.0,"axis":"x","origin":[7.5441823,-16.312988,5.5689726]},"faces":{"down":{"uv":[10.5625,4.375,10.3125,4.625],"rotation":0,"texture":"#0","tintindex":0},"east":{"uv":[10.3125,3.25,10.5625,3.5],"rotation":0,"texture":"#0","tintindex":0},"north":{"uv":[2.0625,10.3125,2.3125,10.5625],"rotation":0,"texture":"#0","tintindex":0},"south":{"uv":[3.375,10.3125,3.625,10.5625],"rotation":0,"texture":"#0","tintindex":0},"up":{"uv":[3.875,10.5625,3.625,10.3125],"rotation":0,"texture":"#0","tintindex":0},"west":{"uv":[10.3125,3.5,10.5625,3.75],"rotation":0,"texture":"#0","tintindex":0}}},{"name":"cube","from":[6.7844863,16.353943,4.657337],"to":[9.063574,17.569456,7.3922434],"rotation":{"angle":0.0,"axis":"x","origin":[7.5441823,-16.312988,5.5689726]},"faces":{"down":{"uv":[8.3125,9.875,8.0625,10.1875],"rotation":0,"texture":"#0","tintindex":0},"east":{"uv":[10.9375,4.6875,11.25,4.8125],"rotation":0,"texture":"#0","tintindex":0},"north":{"uv":[11.25,0.5625,11.5,0.6875],"rotation":0,"texture":"#0","tintindex":0},"south":{"uv":[11.25,0.6875,11.5,0.8125],"rotation":0,"texture":"#0","tintindex":0},"up":{"uv":[6.3125,10.1875,6.0625,9.875],"rotation":0,"texture":"#0","tintindex":0},"west":{"uv":[10.9375,6.0,11.25,6.125],"rotation":0,"texture":"#0","tintindex":0}}},{"name":"cube","from":[2.9860063,16.050064,4.8092766],"to":[5.5689726,17.417519,7.3922434],"rotation":{"angle":0.0,"axis":"x","origin":[8.455818,-16.312988,5.5689726]},"faces":{"down":{"uv":[8.3125,10.1875,8.0625,10.4375],"rotation":0,"texture":"#0","tintindex":0},"east":{"uv":[11.1875,8.4375,11.4375,8.5625],"rotation":0,"texture":"#0","tintindex":0},"north":{"uv":[11.1875,5.8125,11.4375,5.9375],"rotation":0,"texture":"#0","tintindex":0},"south":{"uv":[9.5625,11.1875,9.8125,11.3125],"rotation":0,"texture":"#0","tintindex":0},"up":{"uv":[10.4375,7.0,10.1875,6.75],"rotation":0,"texture":"#0","tintindex":0},"west":{"uv":[11.1875,10.5,11.4375,10.625],"rotation":0,"texture":"#0","tintindex":0}}},{"name":"cube","from":[9.215513,17.417519,6.6325474],"to":[13.013993,18.177212,8.759696],"rotation":{"angle":0.0,"axis":"x","origin":[7.5441823,-16.312988,5.5689726]},"faces":{"down":{"uv":[3.75,9.625,3.375,9.875],"rotation":0,"texture":"#0","tintindex":0},"east":{"uv":[11.5625,6.0625,11.8125,6.125],"rotation":0,"texture":"#0","tintindex":0},"north":{"uv":[11.3125,7.625,11.6875,7.6875],"rotation":0,"texture":"#0","tintindex":0},"south":{"uv":[11.3125,8.375,11.6875,8.4375],"rotation":0,"texture":"#0","tintindex":0},"up":{"uv":[10.0,3.0,9.625,2.75],"rotation":0,"texture":"#0","tintindex":0},"west":{"uv":[11.5625,6.9375,11.8125,7.0],"rotation":0,"texture":"#0","tintindex":0}}},{"name":"cube","from":[9.215513,17.417519,4.8092766],"to":[13.013993,21.823753,6.6325474],"rotation":{"angle":0.0,"axis":"x","origin":[7.5441823,-16.312988,5.5689726]},"faces":{"down":{"uv":[10.4375,3.9375,10.0625,4.125],"rotation":0,"texture":"#0","tintindex":0},"east":{"uv":[4.625,9.875,4.8125,10.3125],"rotation":0,"texture":"#0","tintindex":0},"north":{"uv":[7.6875,0.5,8.0625,0.9375],"rotation":0,"texture":"#0","tintindex":0},"south":{"uv":[1.25,7.6875,1.625,8.125],"rotation":0,"texture":"#0","tintindex":0},"up":{"uv":[10.4375,3.125,10.0625,2.9375],"rotation":0,"texture":"#0","tintindex":0},"west":{"uv":[4.8125,9.875,5.0,10.3125],"rotation":0,"texture":"#0","tintindex":0}}},{"name":"cube","from":[2.9860063,17.417519,6.6325474],"to":[6.7844863,18.177212,8.759696],"rotation":{"angle":0.0,"axis":"x","origin":[8.455818,-16.312988,5.5689726]},"faces":{"down":{"uv":[4.8125,9.625,4.4375,9.875],"rotation":0,"texture":"#0","tintindex":0},"east":{"uv":[11.625,0.3125,11.875,0.375],"rotation":0,"texture":"#0","tintindex":0},"north":{"uv":[11.3125,10.125,11.6875,10.1875],"rotation":0,"texture":"#0","tintindex":0},"south":{"uv":[11.375,3.1875,11.75,3.25],"rotation":0,"texture":"#0","tintindex":0},"up":{"uv":[10.0,4.4375,9.625,4.1875],"rotation":0,"texture":"#0","tintindex":0},"west":{"uv":[11.625,1.3125,11.875,1.375],"rotation":0,"texture":"#0","tintindex":0}}},{"name":"cube","from":[2.9860063,17.417519,4.8092766],"to":[6.7844863,21.823753,6.6325474],"rotation":{"angle":0.0,"axis":"x","origin":[8.455818,-16.312988,5.5689726]},"faces":{"down":{"uv":[10.4375,5.8125,10.0625,6.0],"rotation":0,"texture":"#0","tintindex":0},"east":{"uv":[5.0,9.875,5.1875,10.3125],"rotation":0,"texture":"#0","tintindex":0},"north":{"uv":[7.6875,3.25,8.0625,3.6875],"rotation":0,"texture":"#0","tintindex":0},"south":{"uv":[7.6875,3.6875,8.0625,4.125],"rotation":0,"texture":"#0","tintindex":0},"up":{"uv":[10.4375,5.4375,10.0625,5.25],"rotation":0,"texture":"#0","tintindex":0},"west":{"uv":[5.1875,9.875,5.375,10.3125],"rotation":0,"texture":"#0","tintindex":0}}},{"name":"cube","from":[3.5937629,14.378734,6.176729],"to":[12.406237,17.417519,10.279088],"rotation":{"angle":0.0,"axis":"x","origin":[7.5441823,-16.312988,5.5689726]},"faces":{"down":{"uv":[4.625,4.3125,3.6875,4.75],"rotation":0,"texture":"#0","tintindex":0},"east":{"uv":[7.0,2.4375,7.4375,2.75],"rotation":0,"texture":"#0","tintindex":0},"north":{"uv":[5.1875,1.75,6.125,2.0625],"rotation":0,"texture":"#0","tintindex":0},"south":{"uv":[1.25,5.25,2.1875,5.5625],"rotation":0,"texture":"#0","tintindex":0},"up":{"uv":[5.1875,2.25,4.25,1.8125],"rotation":0,"texture":"#0","tintindex":0},"west":{"uv":[8.5,8.0,8.9375,8.3125],"rotation":0,"texture":"#0","tintindex":0}}},{"name":"cube","from":[3.4418237,17.417519,4.961216],"to":[12.558176,21.975697,10.279088],"rotation":{"angle":0.0,"axis":"x","origin":[7.5441823,-16.312988,5.5689726]},"faces":{"down":{"uv":[4.5,2.9375,3.5625,3.5],"rotation":0,"texture":"#0","tintindex":0},"east":{"uv":[5.6875,5.6875,6.25,6.1875],"rotation":0,"texture":"#0","tintindex":0},"north":{"uv":[3.8125,0.375,4.75,0.875],"rotation":0,"texture":"#0","tintindex":0},"south":{"uv":[3.8125,0.875,4.75,1.375],"rotation":0,"texture":"#0","tintindex":0},"up":{"uv":[4.5,2.9375,3.5625,2.375],"rotation":0,"texture":"#0","tintindex":0},"west":{"uv":[5.75,3.1875,6.3125,3.6875],"rotation":0,"texture":"#0","tintindex":0}}},{"name":"cube","from":[6.176729,21.975697,6.176729],"to":[9.823271,23.647022,9.671331],"rotation":{"angle":0.0,"axis":"x","origin":[7.5441823,-16.312988,5.5689726]},"faces":{"down":{"uv":[8.875,5.5625,8.5,5.9375],"rotation":0,"texture":"#0","tintindex":0},"east":{"uv":[10.0625,9.125,10.4375,9.3125],"rotation":0,"texture":"#0","tintindex":0},"north":{"uv":[10.0625,8.6875,10.4375,8.875],"rotation":0,"texture":"#0","tintindex":0},"south":{"uv":[10.0,10.0625,10.375,10.25],"rotation":0,"texture":"#0","tintindex":0},"up":{"uv":[8.875,5.5625,8.5,5.1875],"rotation":0,"texture":"#0","tintindex":0},"west":{"uv":[10.125,0.4375,10.5,0.625],"rotation":0,"texture":"#0","tintindex":0}}},{"name":"cube","from":[3.7457023,21.975697,4.657337],"to":[12.254298,22.58345,6.480608],"rotation":{"angle":0.0,"axis":"x","origin":[7.5441823,-16.312988,5.5689726]},"faces":{"down":{"uv":[8.5,6.3125,7.625,6.5],"rotation":0,"texture":"#0","tintindex":0},"east":{"uv":[11.75,9.75,11.9375,9.8125],"rotation":0,"texture":"#0","tintindex":0},"north":{"uv":[10.1875,5.125,11.0625,5.1875],"rotation":0,"texture":"#0","tintindex":0},"south":{"uv":[10.3125,3.75,11.1875,3.8125],"rotation":0,"texture":"#0","tintindex":0},"up":{"uv":[8.5,6.3125,7.625,6.125],"rotation":0,"texture":"#0","tintindex":0},"west":{"uv":[11.75,9.8125,11.9375,9.875],"rotation":0,"texture":"#0","tintindex":0}}},{"name":"cube","from":[3.4418237,21.975697,6.480608],"to":[5.2650943,23.191208,10.279088],"rotation":{"angle":0.0,"axis":"x","origin":[7.5441823,-16.312988,5.5689726]},"faces":{"down":{"uv":[6.75,9.9375,6.5625,10.3125],"rotation":0,"texture":"#0","tintindex":0},"east":{"uv":[10.6875,3.375,11.0625,3.5],"rotation":0,"texture":"#0","tintindex":0},"north":{"uv":[11.375,6.3125,11.5625,6.4375],"rotation":0,"texture":"#0","tintindex":0},"south":{"uv":[11.375,6.625,11.5625,6.75],"rotation":0,"texture":"#0","tintindex":0},"up":{"uv":[4.8125,9.0,4.625,8.625],"rotation":0,"texture":"#0","tintindex":0},"west":{"uv":[10.6875,6.5,11.0625,6.625],"rotation":0,"texture":"#0","tintindex":0}}},{"name":"cube","from":[10.734905,21.975697,6.480608],"to":[12.558176,23.191208,10.279088],"rotation":{"angle":0.0,"axis":"x","origin":[7.5441823,-16.312988,5.5689726]},"faces":{"down":{"uv":[9.0625,9.9375,8.875,10.3125],"rotation":0,"texture":"#0","tintindex":0},"east":{"uv":[10.6875,9.875,11.0625,10.0],"rotation":0,"texture":"#0","tintindex":0},"north":{"uv":[11.375,6.75,11.5625,6.875],"rotation":0,"texture":"#0","tintindex":0},"south":{"uv":[11.375,6.875,11.5625,7.0],"rotation":0,"texture":"#0","tintindex":0},"up":{"uv":[7.4375,10.3125,7.25,9.9375],"rotation":0,"texture":"#0","tintindex":0},"west":{"uv":[10.6875,10.0,11.0625,10.125],"rotation":0,"texture":"#0","tintindex":0}}},{"name":"cube","from":[5.2650943,21.975697,9.519392],"to":[10.734905,23.191208,10.582966],"rotation":{"angle":0.0,"axis":"x","origin":[7.5441823,-16.312988,5.5689726]},"faces":{"down":{"uv":[10.625,2.5,10.0625,2.625],"rotation":0,"texture":"#0","tintindex":0},"east":{"uv":[4.125,11.625,4.25,11.75],"rotation":0,"texture":"#0","tintindex":0},"north":{"uv":[10.0,1.5625,10.5625,1.6875],"rotation":0,"texture":"#0","tintindex":0},"south":{"uv":[10.0,3.8125,10.5625,3.9375],"rotation":0,"texture":"#0","tintindex":0},"up":{"uv":[10.625,2.5,10.0625,2.375],"rotation":0,"texture":"#0","tintindex":0},"west":{"uv":[11.625,4.1875,11.75,4.3125],"rotation":0,"texture":"#0","tintindex":0}}},{"name":"cube","from":[3.4418237,21.975697,9.823271],"to":[12.558176,21.975697,11.190723],"rotation":{"angle":0.0,"axis":"x","origin":[8.0,21.975697,10.658936]},"faces":{"down":{"uv":[9.875,1.3125,8.9375,1.4375],"rotation":0,"texture":"#0","tintindex":0},"east":{"uv":[0.0,0.0,0.125,0.0],"rotation":0,"texture":"#0","tintindex":0},"north":{"uv":[0.0,0.0,0.9375,0.0],"rotation":0,"texture":"#0","tintindex":0},"south":{"uv":[0.0,0.0,0.9375,0.0],"rotation":0,"texture":"#0","tintindex":0},"up":{"uv":[9.8125,6.8125,8.875,6.6875],"rotation":0,"texture":"#0","tintindex":0},"west":{"uv":[0.0,0.0,0.125,0.0],"rotation":0,"texture":"#0","tintindex":0}}},{"name":"cube","from":[2.8340669,19.088848,9.671331],"to":[7.3922434,21.975697,11.038784],"rotation":{"angle":0.0,"axis":"x","origin":[7.5441823,-16.312988,5.5689726]},"faces":{"down":{"uv":[10.8125,1.8125,10.3125,1.9375],"rotation":0,"texture":"#0","tintindex":0},"east":{"uv":[4.625,10.9375,4.75,11.25],"rotation":0,"texture":"#0","tintindex":0},"north":{"uv":[7.8125,1.25,8.3125,1.5625],"rotation":0,"texture":"#0","tintindex":0},"south":{"uv":[7.8125,1.5625,8.3125,1.875],"rotation":0,"texture":"#0","tintindex":0},"up":{"uv":[10.8125,1.8125,10.3125,1.6875],"rotation":0,"texture":"#0","tintindex":0},"west":{"uv":[4.75,10.9375,4.875,11.25],"rotation":0,"texture":"#0","tintindex":0}}},{"name":"cube","from":[2.8340669,17.873337,9.671331],"to":[6.176729,19.088848,11.038784],"rotation":{"angle":0.0,"axis":"x","origin":[7.5441823,-16.312988,5.5689726]},"faces":{"down":{"uv":[11.0625,1.375,10.6875,1.5],"rotation":0,"texture":"#0","tintindex":0},"east":{"uv":[11.625,2.0625,11.75,2.1875],"rotation":0,"texture":"#0","tintindex":0},"north":{"uv":[10.625,10.625,11.0,10.75],"rotation":0,"texture":"#0","tintindex":0},"south":{"uv":[10.6875,0.625,11.0625,0.75],"rotation":0,"texture":"#0","tintindex":0},"up":{"uv":[11.0625,0.875,10.6875,0.75],"rotation":0,"texture":"#0","tintindex":0},"west":{"uv":[11.625,2.875,11.75,3.0],"rotation":0,"texture":"#0","tintindex":0}}},{"name":"cube","from":[9.823271,17.873337,9.671331],"to":[13.165933,19.088848,11.038784],"rotation":{"angle":0.0,"axis":"x","origin":[7.5441823,-16.312988,5.5689726]},"faces":{"down":{"uv":[11.0625,3.25,10.6875,3.375],"rotation":0,"texture":"#0","tintindex":0},"east":{"uv":[11.625,3.9375,11.75,4.0625],"rotation":0,"texture":"#0","tintindex":0},"north":{"uv":[1.5,10.6875,1.875,10.8125],"rotation":0,"texture":"#0","tintindex":0},"south":{"uv":[10.6875,2.75,11.0625,2.875],"rotation":0,"texture":"#0","tintindex":0},"up":{"uv":[11.0625,3.25,10.6875,3.125],"rotation":0,"texture":"#0","tintindex":0},"west":{"uv":[11.625,4.0625,11.75,4.1875],"rotation":0,"texture":"#0","tintindex":0}}},{"name":"cube","from":[8.607757,19.088848,9.671331],"to":[13.165933,21.975697,11.038784],"rotation":{"angle":0.0,"axis":"x","origin":[7.5441823,-16.312988,5.5689726]},"faces":{"down":{"uv":[4.9375,10.3125,4.4375,10.4375],"rotation":0,"texture":"#0","tintindex":0},"east":{"uv":[6.0625,10.9375,6.1875,11.25],"rotation":0,"texture":"#0","tintindex":0},"north":{"uv":[7.8125,1.875,8.3125,2.1875],"rotation":0,"texture":"#0","tintindex":0},"south":{"uv":[7.8125,2.1875,8.3125,2.5],"rotation":0,"texture":"#0","tintindex":0},"up":{"uv":[10.8125,2.0625,10.3125,1.9375],"rotation":0,"texture":"#0","tintindex":0},"west":{"uv":[10.9375,6.125,11.0625,6.4375],"rotation":0,"texture":"#0","tintindex":0}}},{"name":"cube","from":[2.8340669,19.088848,4.20152],"to":[7.8480606,21.975697,5.5689726],"rotation":{"angle":0.0,"axis":"x","origin":[7.5441823,-16.312988,5.5689726]},"faces":{"down":{"uv":[10.5625,3.125,10.0625,3.25],"rotation":0,"texture":"#0","tintindex":0},"east":{"uv":[4.25,10.9375,4.375,11.25],"rotation":0,"texture":"#0","tintindex":0},"north":{"uv":[7.75,4.875,8.25,5.1875],"rotation":0,"texture":"#0","tintindex":0},"south":{"uv":[0.25,7.8125,0.75,8.125],"rotation":0,"texture":"#0","tintindex":0},"up":{"uv":[10.5625,2.75,10.0625,2.625],"rotation":0,"texture":"#0","tintindex":0},"west":{"uv":[4.375,10.9375,4.5,11.25],"rotation":0,"texture":"#0","tintindex":0}}},{"name":"cube","from":[8.151939,19.088848,4.20152],"to":[13.165933,21.975697,5.5689726],"rotation":{"angle":0.0,"axis":"x","origin":[7.5441823,-16.312988,5.5689726]},"faces":{"down":{"uv":[10.6875,6.5,10.1875,6.625],"rotation":0,"texture":"#0","tintindex":0},"east":{"uv":[10.9375,4.375,11.0625,4.6875],"rotation":0,"texture":"#0","tintindex":0},"north":{"uv":[0.75,7.8125,1.25,8.125],"rotation":0,"texture":"#0","tintindex":0},"south":{"uv":[7.8125,0.9375,8.3125,1.25],"rotation":0,"texture":"#0","tintindex":0},"up":{"uv":[10.625,2.1875,10.125,2.0625],"rotation":0,"texture":"#0","tintindex":0},"west":{"uv":[4.5,10.9375,4.625,11.25],"rotation":0,"texture":"#0","tintindex":0}}},{"name":"cube","from":[12.558176,19.696606,5.5689726],"to":[13.317873,21.975697,6.6325474],"rotation":{"angle":0.0,"axis":"x","origin":[7.5441823,-16.312988,5.5689726]},"faces":{"down":{"uv":[11.25,11.8125,11.1875,11.9375],"rotation":0,"texture":"#0","tintindex":0},"east":{"uv":[9.8125,11.1875,9.9375,11.4375],"rotation":0,"texture":"#0","tintindex":0},"north":{"uv":[3.25,11.625,3.3125,11.875],"rotation":0,"texture":"#0","tintindex":0},"south":{"uv":[3.6875,11.625,3.75,11.875],"rotation":0,"texture":"#0","tintindex":0},"up":{"uv":[11.1875,11.9375,11.125,11.8125],"rotation":0,"texture":"#0","tintindex":0},"west":{"uv":[10.125,11.1875,10.25,11.4375],"rotation":0,"texture":"#0","tintindex":0}}},{"name":"cube","from":[2.6821277,19.696606,5.5689726],"to":[3.4418237,21.975697,6.6325474],"rotation":{"angle":0.0,"axis":"x","origin":[8.455818,-16.312988,5.5689726]},"faces":{"down":{"uv":[11.3125,11.8125,11.25,11.9375],"rotation":0,"texture":"#0","tintindex":0},"east":{"uv":[10.625,11.1875,10.75,11.4375],"rotation":0,"texture":"#0","tintindex":0},"north":{"uv":[3.75,11.625,3.8125,11.875],"rotation":0,"texture":"#0","tintindex":0},"south":{"uv":[3.8125,11.625,3.875,11.875],"rotation":0,"texture":"#0","tintindex":0},"up":{"uv":[11.875,11.3125,11.8125,11.1875],"rotation":0,"texture":"#0","tintindex":0},"west":{"uv":[0.125,11.25,0.25,11.5],"rotation":0,"texture":"#0","tintindex":0}}},{"name":"cube","from":[8.151939,17.417519,4.20152],"to":[11.950419,19.088848,5.5689726],"rotation":{"angle":0.0,"axis":"x","origin":[7.5441823,-16.312988,5.5689726]},"faces":{"down":{"uv":[11.0,7.25,10.625,7.375],"rotation":0,"texture":"#0","tintindex":0},"east":{"uv":[6.3125,5.125,6.4375,5.3125],"rotation":0,"texture":"#0","tintindex":0},"north":{"uv":[10.0,7.1875,10.375,7.375],"rotation":0,"texture":"#0","tintindex":0},"south":{"uv":[10.0,9.875,10.375,10.0625],"rotation":0,"texture":"#0","tintindex":0},"up":{"uv":[11.0,5.8125,10.625,5.6875],"rotation":0,"texture":"#0","tintindex":0},"west":{"uv":[6.8125,3.25,6.9375,3.4375],"rotation":0,"texture":"#0","tintindex":0}}},{"name":"cube","from":[4.101939,17.417519,4.20152],"to":[7.900419,19.088848,5.5689726],"rotation":{"angle":0.0,"axis":"x","origin":[7.5441823,-16.312988,5.5689726]},"faces":{"down":{"uv":[11.0,7.25,10.625,7.375],"rotation":0,"texture":"#0","tintindex":0},"east":{"uv":[6.3125,5.125,6.4375,5.3125],"rotation":0,"texture":"#0","tintindex":0},"north":{"uv":[10.375,7.1875,10.0,7.375],"rotation":0,"texture":"#0","tintindex":0},"south":{"uv":[10.0,9.875,10.375,10.0625],"rotation":0,"texture":"#0","tintindex":0},"up":{"uv":[11.0,5.8125,10.625,5.6875],"rotation":0,"texture":"#0","tintindex":0},"west":{"uv":[6.8125,3.25,6.9375,3.4375],"rotation":0,"texture":"#0","tintindex":0}}}],"display":{"head":{"translation":[0.0,-6.4,0.0],"rotation":[0.0,0.0,0.0],"scale":[3.8095,3.8095,3.8095]}}}