{"textures":{"0":"modelengine:entity/lord_demon"},"elements":[{"name":"cube","from":[5.76299,7.8806334,4.991497],"to":[10.23608,13.192431,10.163507],"rotation":{"angle":0.0,"axis":"x","origin":[7.999535,10.536533,7.5775023]},"faces":{"down":{"uv":[7.125,0.0,6.6875,0.5625],"rotation":0,"texture":"#0","tintindex":0},"east":{"uv":[4.625,4.625,5.1875,5.1875],"rotation":0,"texture":"#0","tintindex":0},"north":{"uv":[6.5625,2.1875,7.0,2.75],"rotation":0,"texture":"#0","tintindex":0},"south":{"uv":[6.625,3.9375,7.0625,4.5],"rotation":0,"texture":"#0","tintindex":0},"up":{"uv":[7.0625,5.0625,6.625,4.5],"rotation":0,"texture":"#0","tintindex":0},"west":{"uv":[4.75,0.375,5.3125,0.9375],"rotation":0,"texture":"#0","tintindex":0}}},{"name":"cube","from":[5.76299,8.901667,10.163507],"to":[10.23608,14.17092,10.595015],"rotation":{"angle":0.0,"axis":"x","origin":[7.5801826,-28.882572,5.6904173]},"faces":{"down":{"uv":[11.6875,8.1875,11.25,8.25],"rotation":0,"texture":"#0","tintindex":0},"east":{"uv":[1.0625,11.0625,1.125,11.625],"rotation":0,"texture":"#0","tintindex":0},"north":{"uv":[6.375,6.6875,6.8125,7.25],"rotation":0,"texture":"#0","tintindex":0},"south":{"uv":[6.75,5.625,7.1875,6.1875],"rotation":0,"texture":"#0","tintindex":0},"up":{"uv":[11.6875,3.9375,11.25,3.875],"rotation":0,"texture":"#0","tintindex":0},"west":{"uv":[1.125,11.0625,1.1875,11.625],"rotation":0,"texture":"#0","tintindex":0}}},{"name":"cube","from":[10.23608,8.901667,7.228042],"to":[10.515648,13.751567,10.163507],"rotation":{"angle":0.0,"axis":"x","origin":[7.5801826,-28.882572,5.6904173]},"faces":{"down":{"uv":[9.0625,11.5625,9.0,11.875],"rotation":0,"texture":"#0","tintindex":0},"east":{"uv":[7.5,7.8125,7.8125,8.3125],"rotation":0,"texture":"#0","tintindex":0},"north":{"uv":[11.25,6.0,11.3125,6.5],"rotation":0,"texture":"#0","tintindex":0},"south":{"uv":[6.0625,11.25,6.125,11.75],"rotation":0,"texture":"#0","tintindex":0},"up":{"uv":[9.0,11.875,8.9375,11.5625],"rotation":0,"texture":"#0","tintindex":0},"west":{"uv":[7.8125,7.75,8.125,8.25],"rotation":0,"texture":"#0","tintindex":0}}},{"name":"cube","from":[5.76299,13.751567,7.228042],"to":[10.23608,14.17092,10.163507],"rotation":{"angle":0.0,"axis":"x","origin":[8.418887,-28.882572,5.6904173]},"faces":{"down":{"uv":[9.0625,0.4375,8.625,0.75],"rotation":0,"texture":"#0","tintindex":0},"east":{"uv":[11.5625,1.5625,11.875,1.625],"rotation":0,"texture":"#0","tintindex":0},"north":{"uv":[11.25,10.375,11.6875,10.4375],"rotation":0,"texture":"#0","tintindex":0},"south":{"uv":[11.25,10.4375,11.6875,10.5],"rotation":0,"texture":"#0","tintindex":0},"up":{"uv":[9.0,2.9375,8.5625,2.625],"rotation":0,"texture":"#0","tintindex":0},"west":{"uv":[11.5625,1.6875,11.875,1.75],"rotation":0,"texture":"#0","tintindex":0}}},{"name":"cube","from":[5.4834213,8.901667,7.228042],"to":[5.76299,13.751567,10.163507],"rotation":{"angle":0.0,"axis":"x","origin":[8.418887,-28.882572,5.6904173]},"faces":{"down":{"uv":[11.625,9.1875,11.5625,9.5],"rotation":0,"texture":"#0","tintindex":0},"east":{"uv":[7.875,0.0,8.1875,0.5],"rotation":0,"texture":"#0","tintindex":0},"north":{"uv":[6.125,11.25,6.1875,11.75],"rotation":0,"texture":"#0","tintindex":0},"south":{"uv":[6.3125,11.25,6.375,11.75],"rotation":0,"texture":"#0","tintindex":0},"up":{"uv":[9.25,11.875,9.1875,11.5625],"rotation":0,"texture":"#0","tintindex":0},"west":{"uv":[6.125,7.875,6.4375,8.375],"rotation":0,"texture":"#0","tintindex":0}}},{"name":"cube","from":[5.2038536,10.11718,4.4323606],"to":[5.76299,13.192431,7.228042],"rotation":{"angle":0.0,"axis":"x","origin":[8.418887,-28.882572,5.6904173]},"faces":{"down":{"uv":[10.5625,11.5625,10.5,11.875],"rotation":0,"texture":"#0","tintindex":0},"east":{"uv":[0.3125,9.5,0.625,9.8125],"rotation":0,"texture":"#0","tintindex":0},"north":{"uv":[10.3125,11.5625,10.375,11.875],"rotation":0,"texture":"#0","tintindex":0},"south":{"uv":[10.375,11.5625,10.4375,11.875],"rotation":0,"texture":"#0","tintindex":0},"up":{"uv":[10.5,11.875,10.4375,11.5625],"rotation":0,"texture":"#0","tintindex":0},"west":{"uv":[9.5,7.375,9.8125,7.6875],"rotation":0,"texture":"#0","tintindex":0}}},{"name":"cube","from":[5.2038536,7.8806334,4.4323606],"to":[5.76299,10.11718,8.486099],"rotation":{"angle":0.0,"axis":"x","origin":[8.418887,-28.882572,5.6904173]},"faces":{"down":{"uv":[3.1875,11.375,3.125,11.8125],"rotation":0,"texture":"#0","tintindex":0},"east":{"uv":[9.25,6.0625,9.6875,6.3125],"rotation":0,"texture":"#0","tintindex":0},"north":{"uv":[4.6875,11.6875,4.75,11.9375],"rotation":0,"texture":"#0","tintindex":0},"south":{"uv":[11.6875,6.5625,11.75,6.8125],"rotation":0,"texture":"#0","tintindex":0},"up":{"uv":[11.4375,3.1875,11.375,2.75],"rotation":0,"texture":"#0","tintindex":0},"west":{"uv":[9.25,6.3125,9.6875,6.5625],"rotation":0,"texture":"#0","tintindex":0}}},{"name":"cube","from":[10.23608,10.11718,4.4323606],"to":[10.795216,13.192431,7.228042],"rotation":{"angle":0.0,"axis":"x","origin":[7.5801826,-28.882572,5.6904173]},"faces":{"down":{"uv":[11.625,8.875,11.5625,9.1875],"rotation":0,"texture":"#0","tintindex":0},"east":{"uv":[9.4375,4.9375,9.75,5.25],"rotation":0,"texture":"#0","tintindex":0},"north":{"uv":[11.5625,8.5625,11.625,8.875],"rotation":0,"texture":"#0","tintindex":0},"south":{"uv":[8.8125,11.5625,8.875,11.875],"rotation":0,"texture":"#0","tintindex":0},"up":{"uv":[8.9375,11.875,8.875,11.5625],"rotation":0,"texture":"#0","tintindex":0},"west":{"uv":[9.25,9.4375,9.5625,9.75],"rotation":0,"texture":"#0","tintindex":0}}},{"name":"cube","from":[10.23608,7.8806334,4.4323606],"to":[10.795216,10.11718,8.486099],"rotation":{"angle":0.0,"axis":"x","origin":[7.5801826,-28.882572,5.6904173]},"faces":{"down":{"uv":[2.25,11.375,2.1875,11.8125],"rotation":0,"texture":"#0","tintindex":0},"east":{"uv":[9.25,3.9375,9.6875,4.1875],"rotation":0,"texture":"#0","tintindex":0},"north":{"uv":[4.625,11.6875,4.6875,11.9375],"rotation":0,"texture":"#0","tintindex":0},"south":{"uv":[11.6875,4.625,11.75,4.875],"rotation":0,"texture":"#0","tintindex":0},"up":{"uv":[2.1875,11.8125,2.125,11.375],"rotation":0,"texture":"#0","tintindex":0},"west":{"uv":[9.25,5.375,9.6875,5.625],"rotation":0,"texture":"#0","tintindex":0}}},{"name":"cube","from":[8.757709,9.837614,4.138294],"to":[10.714685,10.3967495,4.8372145],"rotation":{"angle":-22.5,"axis":"y","origin":[10.015765,9.488153,4.4877543]},"faces":{"down":{"uv":[12.0,5.6875,11.8125,5.75],"rotation":0,"texture":"#0","tintindex":0},"east":{"uv":[11.875,5.8125,11.9375,5.875],"rotation":0,"texture":"#0","tintindex":0},"north":{"uv":[11.8125,5.25,12.0,5.3125],"rotation":0,"texture":"#0","tintindex":0},"south":{"uv":[11.8125,5.3125,12.0,5.375],"rotation":0,"texture":"#0","tintindex":0},"up":{"uv":[12.0,5.6875,11.8125,5.625],"rotation":0,"texture":"#0","tintindex":0},"west":{"uv":[11.875,5.875,11.9375,5.9375],"rotation":0,"texture":"#0","tintindex":0}}},{"name":"cube","from":[8.198572,7.8806334,4.138294],"to":[10.714685,9.837614,4.8372145],"rotation":{"angle":-22.5,"axis":"y","origin":[10.015765,9.488153,4.4877543]},"faces":{"down":{"uv":[11.9375,2.25,11.6875,2.3125],"rotation":0,"texture":"#0","tintindex":0},"east":{"uv":[5.0,11.8125,5.0625,12.0],"rotation":0,"texture":"#0","tintindex":0},"north":{"uv":[10.75,3.9375,11.0,4.125],"rotation":0,"texture":"#0","tintindex":0},"south":{"uv":[10.75,4.875,11.0,5.0625],"rotation":0,"texture":"#0","tintindex":0},"up":{"uv":[11.9375,2.25,11.6875,2.1875],"rotation":0,"texture":"#0","tintindex":0},"west":{"uv":[11.8125,5.4375,11.875,5.625],"rotation":0,"texture":"#0","tintindex":0}}},{"name":"cube","from":[5.284384,9.837614,4.138294],"to":[7.241361,10.3967495,4.8372145],"rotation":{"angle":22.5,"axis":"y","origin":[5.983304,9.488153,4.4877543]},"faces":{"down":{"uv":[12.0,6.125,11.8125,6.1875],"rotation":0,"texture":"#0","tintindex":0},"east":{"uv":[6.0,11.875,6.0625,11.9375],"rotation":0,"texture":"#0","tintindex":0},"north":{"uv":[11.8125,5.9375,12.0,6.0],"rotation":0,"texture":"#0","tintindex":0},"south":{"uv":[11.8125,6.0,12.0,6.0625],"rotation":0,"texture":"#0","tintindex":0},"up":{"uv":[12.0,6.125,11.8125,6.0625],"rotation":0,"texture":"#0","tintindex":0},"west":{"uv":[6.1875,11.875,6.25,11.9375],"rotation":0,"texture":"#0","tintindex":0}}},{"name":"cube","from":[5.284384,7.8806334,4.138294],"to":[7.8004975,9.837614,4.8372145],"rotation":{"angle":22.5,"axis":"y","origin":[5.983304,9.488153,4.4877543]},"faces":{"down":{"uv":[11.9375,3.0625,11.6875,3.125],"rotation":0,"texture":"#0","tintindex":0},"east":{"uv":[11.8125,5.75,11.875,5.9375],"rotation":0,"texture":"#0","tintindex":0},"north":{"uv":[10.75,5.25,11.0,5.4375],"rotation":0,"texture":"#0","tintindex":0},"south":{"uv":[10.75,5.8125,11.0,6.0],"rotation":0,"texture":"#0","tintindex":0},"up":{"uv":[11.9375,3.0625,11.6875,3.0],"rotation":0,"texture":"#0","tintindex":0},"west":{"uv":[5.875,11.8125,5.9375,12.0],"rotation":0,"texture":"#0","tintindex":0}}},{"name":"cube","from":[8.203166,11.515021,3.8732243],"to":[10.23608,13.192431,4.4323606],"rotation":{"angle":0.0,"axis":"x","origin":[9.219623,12.353726,4.1527925]},"faces":{"down":{"uv":[12.0,6.375,11.8125,6.4375],"rotation":0,"texture":"#0","tintindex":0},"east":{"uv":[5.9375,11.8125,6.0,12.0],"rotation":0,"texture":"#0","tintindex":0},"north":{"uv":[11.0625,0.4375,11.25,0.625],"rotation":0,"texture":"#0","tintindex":0},"south":{"uv":[11.0625,0.625,11.25,0.8125],"rotation":0,"texture":"#0","tintindex":0},"up":{"uv":[6.4375,11.875,6.25,11.8125],"rotation":0,"texture":"#0","tintindex":0},"west":{"uv":[11.8125,6.1875,11.875,6.375],"rotation":0,"texture":"#0","tintindex":0}}},{"name":"cube","from":[5.76299,11.515021,3.8732243],"to":[7.795904,13.192431,4.4323606],"rotation":{"angle":0.0,"axis":"x","origin":[8.215257,-28.882572,5.6904173]},"faces":{"down":{"uv":[12.0,6.5,11.8125,6.5625],"rotation":0,"texture":"#0","tintindex":0},"east":{"uv":[6.75,11.8125,6.8125,12.0],"rotation":0,"texture":"#0","tintindex":0},"north":{"uv":[1.1875,11.0625,1.375,11.25],"rotation":0,"texture":"#0","tintindex":0},"south":{"uv":[11.0625,1.3125,11.25,1.5],"rotation":0,"texture":"#0","tintindex":0},"up":{"uv":[12.0,6.5,11.8125,6.4375],"rotation":0,"texture":"#0","tintindex":0},"west":{"uv":[6.8125,11.8125,6.875,12.0],"rotation":0,"texture":"#0","tintindex":0}}},{"name":"cube","from":[5.76299,13.192431,4.4323606],"to":[10.23608,13.751567,10.163507],"rotation":{"angle":0.0,"axis":"x","origin":[8.418887,-28.882572,5.6904173]},"faces":{"down":{"uv":[6.5,0.6875,6.0625,1.3125],"rotation":0,"texture":"#0","tintindex":0},"east":{"uv":[3.8125,2.3125,4.4375,2.375],"rotation":0,"texture":"#0","tintindex":0},"north":{"uv":[11.25,10.25,11.6875,10.3125],"rotation":0,"texture":"#0","tintindex":0},"south":{"uv":[11.25,10.3125,11.6875,10.375],"rotation":0,"texture":"#0","tintindex":0},"up":{"uv":[6.4375,4.3125,6.0,3.6875],"rotation":0,"texture":"#0","tintindex":0},"west":{"uv":[7.8125,6.0625,8.4375,6.125],"rotation":0,"texture":"#0","tintindex":0}}},{"name":"cube","from":[7.795904,13.192431,4.2925763],"to":[8.215257,14.17092,7.228042],"rotation":{"angle":0.0,"axis":"x","origin":[8.215257,-28.882572,5.6904173]},"faces":{"down":{"uv":[10.875,11.5625,10.8125,11.875],"rotation":0,"texture":"#0","tintindex":0},"east":{"uv":[10.9375,8.0,11.25,8.125],"rotation":0,"texture":"#0","tintindex":0},"north":{"uv":[1.125,11.875,1.1875,12.0],"rotation":0,"texture":"#0","tintindex":0},"south":{"uv":[11.875,1.1875,11.9375,1.3125],"rotation":0,"texture":"#0","tintindex":0},"up":{"uv":[11.625,10.8125,11.5625,10.5],"rotation":0,"texture":"#0","tintindex":0},"west":{"uv":[10.9375,8.125,11.25,8.25],"rotation":0,"texture":"#0","tintindex":0}}},{"name":"cube","from":[7.795904,11.515021,3.7334402],"to":[8.215257,13.61178,4.2925763],"rotation":{"angle":0.0,"axis":"x","origin":[8.215257,-28.882572,5.6904173]},"faces":{"down":{"uv":[6.3125,11.875,6.25,11.9375],"rotation":0,"texture":"#0","tintindex":0},"east":{"uv":[11.8125,6.9375,11.875,7.125],"rotation":0,"texture":"#0","tintindex":0},"north":{"uv":[6.875,11.8125,6.9375,12.0],"rotation":0,"texture":"#0","tintindex":0},"south":{"uv":[7.25,11.8125,7.3125,12.0],"rotation":0,"texture":"#0","tintindex":0},"up":{"uv":[11.9375,6.25,11.875,6.1875],"rotation":0,"texture":"#0","tintindex":0},"west":{"uv":[11.8125,7.25,11.875,7.4375],"rotation":0,"texture":"#0","tintindex":0}}},{"name":"cube","from":[9.110969,13.138942,4.991497],"to":[11.0679455,15.095919,7.228042],"rotation":{"angle":-45.0,"axis":"z","origin":[9.390537,13.977648,6.10977]},"faces":{"down":{"uv":[10.8125,10.75,10.625,11.0],"rotation":0,"texture":"#0","tintindex":0},"east":{"uv":[10.75,8.6875,11.0,8.875],"rotation":0,"texture":"#0","tintindex":0},"north":{"uv":[1.375,11.0625,1.5625,11.25],"rotation":0,"texture":"#0","tintindex":0},"south":{"uv":[11.0625,1.625,11.25,1.8125],"rotation":0,"texture":"#0","tintindex":0},"up":{"uv":[8.75,11.0,8.5625,10.75],"rotation":0,"texture":"#0","tintindex":0},"west":{"uv":[10.75,8.875,11.0,9.0625],"rotation":0,"texture":"#0","tintindex":0}}},{"name":"cube","from":[9.859339,13.882245,5.131281],"to":[11.816317,15.839222,7.088258],"rotation":{"angle":-22.5,"axis":"z","origin":[10.837828,14.860733,6.10977]},"faces":{"down":{"uv":[5.375,11.0625,5.1875,11.25],"rotation":0,"texture":"#0","tintindex":0},"east":{"uv":[11.0625,3.125,11.25,3.3125],"rotation":0,"texture":"#0","tintindex":0},"north":{"uv":[11.0625,1.8125,11.25,2.0],"rotation":0,"texture":"#0","tintindex":0},"south":{"uv":[11.0625,3.3125,11.25,3.5],"rotation":0,"texture":"#0","tintindex":0},"up":{"uv":[11.25,4.6875,11.0625,4.5],"rotation":0,"texture":"#0","tintindex":0},"west":{"uv":[11.0625,4.3125,11.25,4.5],"rotation":0,"texture":"#0","tintindex":0}}},{"name":"cube","from":[10.578659,15.3343725,5.2710648],"to":[12.116284,18.884888,6.948474],"rotation":{"angle":0.0,"axis":"x","origin":[11.137796,16.368776,6.10977]},"faces":{"down":{"uv":[11.25,6.125,11.0625,6.3125],"rotation":0,"texture":"#0","tintindex":0},"east":{"uv":[8.625,10.0625,8.8125,10.4375],"rotation":0,"texture":"#0","tintindex":0},"north":{"uv":[7.0625,10.0625,7.25,10.4375],"rotation":0,"texture":"#0","tintindex":0},"south":{"uv":[0.9375,10.125,1.125,10.5],"rotation":0,"texture":"#0","tintindex":0},"up":{"uv":[5.5625,11.25,5.375,11.0625],"rotation":0,"texture":"#0","tintindex":0},"west":{"uv":[1.125,10.125,1.3125,10.5],"rotation":0,"texture":"#0","tintindex":0}}},{"name":"cube","from":[10.998013,18.828976,5.410849],"to":[12.116284,20.142948,6.80869],"rotation":{"angle":0.0,"axis":"x","origin":[11.137796,16.368776,6.10977]},"faces":{"down":{"uv":[11.8125,7.625,11.6875,7.75],"rotation":0,"texture":"#0","tintindex":0},"east":{"uv":[11.6875,4.875,11.8125,5.0],"rotation":0,"texture":"#0","tintindex":0},"north":{"uv":[11.6875,3.25,11.8125,3.375],"rotation":0,"texture":"#0","tintindex":0},"south":{"uv":[11.6875,5.4375,11.8125,5.5625],"rotation":0,"texture":"#0","tintindex":0},"up":{"uv":[11.8125,7.625,11.6875,7.5],"rotation":0,"texture":"#0","tintindex":0},"west":{"uv":[11.6875,6.3125,11.8125,6.4375],"rotation":0,"texture":"#0","tintindex":0}}},{"name":"cube","from":[4.931124,13.138942,4.991497],"to":[6.888101,15.095919,7.228042],"rotation":{"angle":45.0,"axis":"z","origin":[6.608533,13.977648,6.10977]},"faces":{"down":{"uv":[1.3125,10.8125,1.125,11.0625],"rotation":0,"texture":"#0","tintindex":0},"east":{"uv":[10.75,9.0625,11.0,9.25],"rotation":0,"texture":"#0","tintindex":0},"north":{"uv":[11.0625,6.3125,11.25,6.5],"rotation":0,"texture":"#0","tintindex":0},"south":{"uv":[6.5625,11.0625,6.75,11.25],"rotation":0,"texture":"#0","tintindex":0},"up":{"uv":[1.125,11.0625,0.9375,10.8125],"rotation":0,"texture":"#0","tintindex":0},"west":{"uv":[10.8125,0.4375,11.0625,0.625],"rotation":0,"texture":"#0","tintindex":0}}},{"name":"cube","from":[4.1827536,13.882245,5.131281],"to":[6.1397305,15.839222,7.088258],"rotation":{"angle":22.5,"axis":"z","origin":[5.161242,14.860733,6.10977]},"faces":{"down":{"uv":[11.25,10.0,11.0625,10.1875],"rotation":0,"texture":"#0","tintindex":0},"east":{"uv":[11.0625,8.6875,11.25,8.875],"rotation":0,"texture":"#0","tintindex":0},"north":{"uv":[6.75,11.0625,6.9375,11.25],"rotation":0,"texture":"#0","tintindex":0},"south":{"uv":[11.0625,8.875,11.25,9.0625],"rotation":0,"texture":"#0","tintindex":0},"up":{"uv":[11.25,10.0,11.0625,9.8125],"rotation":0,"texture":"#0","tintindex":0},"west":{"uv":[11.0625,9.0625,11.25,9.25],"rotation":0,"texture":"#0","tintindex":0}}},{"name":"cube","from":[3.8827848,15.3343725,5.2710648],"to":[5.4204097,18.884888,6.948474],"rotation":{"angle":0.0,"axis":"x","origin":[4.8612733,16.368776,6.10977]},"faces":{"down":{"uv":[11.3125,6.875,11.125,7.0625],"rotation":0,"texture":"#0","tintindex":0},"east":{"uv":[5.5,10.125,5.6875,10.5],"rotation":0,"texture":"#0","tintindex":0},"north":{"uv":[10.125,1.6875,10.3125,2.0625],"rotation":0,"texture":"#0","tintindex":0},"south":{"uv":[7.4375,10.125,7.625,10.5],"rotation":0,"texture":"#0","tintindex":0},"up":{"uv":[0.75,11.3125,0.5625,11.125],"rotation":0,"texture":"#0","tintindex":0},"west":{"uv":[9.0625,10.125,9.25,10.5],"rotation":0,"texture":"#0","tintindex":0}}},{"name":"cube","from":[3.8827848,18.828976,5.410849],"to":[5.0010576,20.142948,6.80869],"rotation":{"angle":0.0,"axis":"x","origin":[4.8612733,16.368776,6.10977]},"faces":{"down":{"uv":[11.8125,8.875,11.6875,9.0],"rotation":0,"texture":"#0","tintindex":0},"east":{"uv":[11.6875,8.375,11.8125,8.5],"rotation":0,"texture":"#0","tintindex":0},"north":{"uv":[11.6875,7.75,11.8125,7.875],"rotation":0,"texture":"#0","tintindex":0},"south":{"uv":[11.6875,8.5,11.8125,8.625],"rotation":0,"texture":"#0","tintindex":0},"up":{"uv":[11.8125,8.875,11.6875,8.75],"rotation":0,"texture":"#0","tintindex":0},"west":{"uv":[11.6875,8.625,11.8125,8.75],"rotation":0,"texture":"#0","tintindex":0}}}],"display":{"head":{"translation":[0.0,-6.4,0.0],"rotation":[0.0,0.0,0.0],"scale":[3.8095,3.8095,3.8095]}}}