{"textures":{"0":"modelengine:entity/lord_demon"},"elements":[{"name":"cube","from":[6.7844863,-4.6136694,6.480608],"to":[9.519392,-0.2074318,9.519392],"rotation":{"angle":0.0,"axis":"x","origin":[4.8092766,-6.5888786,5.8728514]},"faces":{"down":{"uv":[2.125,9.3125,1.8125,9.625],"rotation":0,"texture":"#0","tintindex":0},"east":{"uv":[4.8125,8.5625,5.125,9.0],"rotation":0,"texture":"#0","tintindex":0},"north":{"uv":[8.5625,4.375,8.875,4.8125],"rotation":0,"texture":"#0","tintindex":0},"south":{"uv":[5.125,8.5625,5.4375,9.0],"rotation":0,"texture":"#0","tintindex":0},"up":{"uv":[1.4375,9.625,1.125,9.3125],"rotation":0,"texture":"#0","tintindex":0},"west":{"uv":[5.4375,8.5625,5.75,9.0],"rotation":0,"texture":"#0","tintindex":0}}},{"name":"cube","from":[6.480608,-0.2074318,6.480608],"to":[9.671331,7.8453455,9.823271],"rotation":{"angle":0.0,"axis":"x","origin":[4.8092766,-6.5888786,5.8728514]},"faces":{"down":{"uv":[9.1875,5.0625,8.875,5.4375],"rotation":0,"texture":"#0","tintindex":0},"east":{"uv":[4.4375,5.1875,4.8125,6.0],"rotation":0,"texture":"#0","tintindex":0},"north":{"uv":[6.0625,6.1875,6.375,7.0],"rotation":0,"texture":"#0","tintindex":0},"south":{"uv":[6.25,1.3125,6.5625,2.125],"rotation":0,"texture":"#0","tintindex":0},"up":{"uv":[9.1875,4.625,8.875,4.25],"rotation":0,"texture":"#0","tintindex":0},"west":{"uv":[5.1875,4.625,5.5625,5.4375],"rotation":0,"texture":"#0","tintindex":0}}},{"name":"cube","from":[6.176729,5.414318,5.720912],"to":[9.97521,7.3895288,6.480608],"rotation":{"angle":0.0,"axis":"x","origin":[4.8092766,-6.5888786,5.8728514]},"faces":{"down":{"uv":[11.6875,7.5625,11.3125,7.625],"rotation":0,"texture":"#0","tintindex":0},"east":{"uv":[5.125,11.75,5.1875,11.9375],"rotation":0,"texture":"#0","tintindex":0},"north":{"uv":[0.5625,10.0,0.9375,10.1875],"rotation":0,"texture":"#0","tintindex":0},"south":{"uv":[10.0,0.625,10.375,0.8125],"rotation":0,"texture":"#0","tintindex":0},"up":{"uv":[11.6875,7.5625,11.3125,7.5],"rotation":0,"texture":"#0","tintindex":0},"west":{"uv":[5.375,11.75,5.4375,11.9375],"rotation":0,"texture":"#0","tintindex":0}}},{"name":"cube","from":[6.176729,0.40032458,5.417033],"to":[9.97521,5.414318,6.480608],"rotation":{"angle":0.0,"axis":"x","origin":[4.8092766,-6.5888786,5.8728514]},"faces":{"down":{"uv":[10.9375,6.375,10.5625,6.5],"rotation":0,"texture":"#0","tintindex":0},"east":{"uv":[6.0625,10.1875,6.1875,10.6875],"rotation":0,"texture":"#0","tintindex":0},"north":{"uv":[7.4375,1.1875,7.8125,1.6875],"rotation":0,"texture":"#0","tintindex":0},"south":{"uv":[7.4375,1.6875,7.8125,2.1875],"rotation":0,"texture":"#0","tintindex":0},"up":{"uv":[10.9375,6.375,10.5625,6.25],"rotation":0,"texture":"#0","tintindex":0},"west":{"uv":[6.1875,10.1875,6.3125,10.6875],"rotation":0,"texture":"#0","tintindex":0}}},{"name":"cube","from":[6.5336714,-1.3209076,5.8728514],"to":[8.508881,0.6543021,6.480608],"rotation":{"angle":-45.0,"axis":"z","origin":[8.432912,-0.029423952,6.176729]},"faces":{"down":{"uv":[11.25,0.8125,11.0625,0.875],"rotation":0,"texture":"#0","tintindex":0},"east":{"uv":[5.4375,11.75,5.5,11.9375],"rotation":0,"texture":"#0","tintindex":0},"north":{"uv":[2.875,11.0,3.0625,11.1875],"rotation":0,"texture":"#0","tintindex":0},"south":{"uv":[11.0,3.9375,11.1875,4.125],"rotation":0,"texture":"#0","tintindex":0},"up":{"uv":[11.1875,10.75,11.0,10.6875],"rotation":0,"texture":"#0","tintindex":0},"west":{"uv":[5.5,11.75,5.5625,11.9375],"rotation":0,"texture":"#0","tintindex":0}}},{"name":"cube","from":[6.3983126,-0.031660795,5.8728514],"to":[9.084244,0.67906094,6.480608],"rotation":{"angle":45.0,"axis":"z","origin":[9.008275,1.2598227,6.176729]},"faces":{"down":{"uv":[10.9375,0.875,10.6875,0.9375],"rotation":0,"texture":"#0","tintindex":0},"east":{"uv":[9.6875,8.9375,9.75,9.0],"rotation":0,"texture":"#0","tintindex":0},"north":{"uv":[9.8125,2.1875,10.0625,2.25],"rotation":0,"texture":"#0","tintindex":0},"south":{"uv":[10.0625,5.4375,10.3125,5.5],"rotation":0,"texture":"#0","tintindex":0},"up":{"uv":[10.3125,9.375,10.0625,9.3125],"rotation":0,"texture":"#0","tintindex":0},"west":{"uv":[9.75,0.25,9.8125,0.3125],"rotation":0,"texture":"#0","tintindex":0}}},{"name":"cube","from":[7.141428,-0.8650899,5.5689726],"to":[8.508881,0.50236297,5.8728514],"rotation":{"angle":-45.0,"axis":"z","origin":[8.432912,0.4263935,5.5689726]},"faces":{"down":{"uv":[10.1875,8.875,10.0625,8.9375],"rotation":0,"texture":"#0","tintindex":0},"east":{"uv":[7.625,10.125,7.6875,10.25],"rotation":0,"texture":"#0","tintindex":0},"north":{"uv":[11.5625,4.875,11.6875,5.0],"rotation":0,"texture":"#0","tintindex":0},"south":{"uv":[11.5625,5.4375,11.6875,5.5625],"rotation":0,"texture":"#0","tintindex":0},"up":{"uv":[10.1875,6.625,10.0625,6.5625],"rotation":0,"texture":"#0","tintindex":0},"west":{"uv":[8.5625,10.3125,8.625,10.4375],"rotation":0,"texture":"#0","tintindex":0}}},{"name":"cube","from":[6.3983126,0.4241569,5.5689726],"to":[8.476487,1.1348784,5.8728514],"rotation":{"angle":45.0,"axis":"z","origin":[9.008275,1.7156404,5.5689726]},"faces":{"down":{"uv":[6.4375,11.75,6.25,11.8125],"rotation":0,"texture":"#0","tintindex":0},"east":{"uv":[9.75,1.9375,9.8125,2.0],"rotation":0,"texture":"#0","tintindex":0},"north":{"uv":[11.75,3.1875,11.9375,3.25],"rotation":0,"texture":"#0","tintindex":0},"south":{"uv":[11.75,4.75,11.9375,4.8125],"rotation":0,"texture":"#0","tintindex":0},"up":{"uv":[11.9375,4.875,11.75,4.8125],"rotation":0,"texture":"#0","tintindex":0},"west":{"uv":[9.8125,4.625,9.875,4.6875],"rotation":0,"texture":"#0","tintindex":0}}},{"name":"cube","from":[6.480608,-0.2074318,9.823271],"to":[9.671331,6.6298323,10.431027],"rotation":{"angle":0.0,"axis":"x","origin":[4.8092766,-6.5888786,5.8728514]},"faces":{"down":{"uv":[10.375,4.125,10.0625,4.1875],"rotation":0,"texture":"#0","tintindex":0},"east":{"uv":[0.0,10.75,0.0625,11.4375],"rotation":0,"texture":"#0","tintindex":0},"north":{"uv":[7.0625,3.5625,7.375,4.25],"rotation":0,"texture":"#0","tintindex":0},"south":{"uv":[7.0625,4.25,7.375,4.9375],"rotation":0,"texture":"#0","tintindex":0},"up":{"uv":[9.5625,8.1875,9.25,8.125],"rotation":0,"texture":"#0","tintindex":0},"west":{"uv":[0.0625,10.75,0.125,11.4375],"rotation":0,"texture":"#0","tintindex":0}}},{"name":"cube","from":[9.671331,0.17241597,6.5565777],"to":[10.12715,7.8453455,9.823271],"rotation":{"angle":0.0,"axis":"x","origin":[4.8092766,-6.5888786,5.8728514]},"faces":{"down":{"uv":[2.5,11.5625,2.4375,11.875],"rotation":0,"texture":"#0","tintindex":0},"east":{"uv":[1.5625,6.25,1.875,7.0625],"rotation":0,"texture":"#0","tintindex":0},"north":{"uv":[3.4375,10.5625,3.5,11.375],"rotation":0,"texture":"#0","tintindex":0},"south":{"uv":[3.5,10.5625,3.5625,11.375],"rotation":0,"texture":"#0","tintindex":0},"up":{"uv":[1.6875,11.875,1.625,11.5625],"rotation":0,"texture":"#0","tintindex":0},"west":{"uv":[1.875,6.25,2.1875,7.0625],"rotation":0,"texture":"#0","tintindex":0}}},{"name":"cube","from":[9.823271,7.8453455,6.5565777],"to":[10.279088,8.98489,8.607757],"rotation":{"angle":0.0,"axis":"x","origin":[4.8092766,-6.6648474,5.8728514]},"faces":{"down":{"uv":[5.6875,11.75,5.625,11.9375],"rotation":0,"texture":"#0","tintindex":0},"east":{"uv":[11.3125,8.25,11.5,8.375],"rotation":0,"texture":"#0","tintindex":0},"north":{"uv":[10.375,6.625,10.4375,6.75],"rotation":0,"texture":"#0","tintindex":0},"south":{"uv":[1.875,10.6875,1.9375,10.8125],"rotation":0,"texture":"#0","tintindex":0},"up":{"uv":[5.625,11.9375,5.5625,11.75],"rotation":0,"texture":"#0","tintindex":0},"west":{"uv":[11.375,1.6875,11.5625,1.8125],"rotation":0,"texture":"#0","tintindex":0}}},{"name":"cube","from":[10.12715,4.654623,7.3922434],"to":[10.279088,5.490288,9.215513],"rotation":{"angle":0.0,"axis":"x","origin":[4.8092766,-6.6648474,5.8728514]},"faces":{"down":{"uv":[6.1875,11.75,6.125,11.9375],"rotation":0,"texture":"#0","tintindex":0},"east":{"uv":[11.75,6.5625,11.9375,6.625],"rotation":0,"texture":"#0","tintindex":0},"north":{"uv":[2.4375,9.875,2.5,9.9375],"rotation":0,"texture":"#0","tintindex":0},"south":{"uv":[6.4375,9.875,6.5,9.9375],"rotation":0,"texture":"#0","tintindex":0},"up":{"uv":[6.125,11.9375,6.0625,11.75],"rotation":0,"texture":"#0","tintindex":0},"west":{"uv":[11.75,6.625,11.9375,6.6875],"rotation":0,"texture":"#0","tintindex":0}}},{"name":"cube","from":[10.12715,5.490288,8.379848],"to":[10.279088,6.3259535,9.215513],"rotation":{"angle":0.0,"axis":"x","origin":[4.8092766,-6.740818,5.8728514]},"faces":{"down":{"uv":[2.6875,10.5,2.625,10.5625],"rotation":0,"texture":"#0","tintindex":0},"east":{"uv":[10.0,5.8125,10.0625,5.875],"rotation":0,"texture":"#0","tintindex":0},"north":{"uv":[10.0,2.9375,10.0625,3.0],"rotation":0,"texture":"#0","tintindex":0},"south":{"uv":[10.3125,5.5625,10.375,5.625],"rotation":0,"texture":"#0","tintindex":0},"up":{"uv":[1.5625,10.5625,1.5,10.5],"rotation":0,"texture":"#0","tintindex":0},"west":{"uv":[0.25,10.4375,0.3125,10.5],"rotation":0,"texture":"#0","tintindex":0}}},{"name":"cube","from":[10.12715,0.17241597,6.5565777],"to":[10.279088,7.8453455,7.3922434],"rotation":{"angle":0.0,"axis":"x","origin":[4.8092766,-6.5888786,5.8728514]},"faces":{"down":{"uv":[11.0,4.8125,10.9375,4.875],"rotation":0,"texture":"#0","tintindex":0},"east":{"uv":[3.625,10.5625,3.6875,11.375],"rotation":0,"texture":"#0","tintindex":0},"north":{"uv":[3.5625,10.5625,3.625,11.375],"rotation":0,"texture":"#0","tintindex":0},"south":{"uv":[3.6875,10.5625,3.75,11.375],"rotation":0,"texture":"#0","tintindex":0},"up":{"uv":[10.75,2.9375,10.6875,2.875],"rotation":0,"texture":"#0","tintindex":0},"west":{"uv":[3.75,10.5625,3.8125,11.375],"rotation":0,"texture":"#0","tintindex":0}}},{"name":"cube","from":[5.8728514,7.8453455,6.5565777],"to":[6.176729,8.98489,8.607757],"rotation":{"angle":0.0,"axis":"x","origin":[4.8092766,-6.6648474,5.8728514]},"faces":{"down":{"uv":[6.5625,11.75,6.5,11.9375],"rotation":0,"texture":"#0","tintindex":0},"east":{"uv":[11.375,3.375,11.5625,3.5],"rotation":0,"texture":"#0","tintindex":0},"north":{"uv":[6.875,10.6875,6.9375,10.8125],"rotation":0,"texture":"#0","tintindex":0},"south":{"uv":[11.0625,6.875,11.125,7.0],"rotation":0,"texture":"#0","tintindex":0},"up":{"uv":[6.5,11.9375,6.4375,11.75],"rotation":0,"texture":"#0","tintindex":0},"west":{"uv":[3.4375,11.375,3.625,11.5],"rotation":0,"texture":"#0","tintindex":0}}},{"name":"cube","from":[9.671331,-0.28340173,9.823271],"to":[10.12715,6.6298323,10.506996],"rotation":{"angle":0.0,"axis":"x","origin":[4.8092766,-6.5888786,5.9488206]},"faces":{"down":{"uv":[11.0625,4.3125,11.0,4.375],"rotation":0,"texture":"#0","tintindex":0},"east":{"uv":[8.0,10.625,8.0625,11.375],"rotation":0,"texture":"#0","tintindex":0},"north":{"uv":[7.75,10.625,7.8125,11.375],"rotation":0,"texture":"#0","tintindex":0},"south":{"uv":[8.0625,10.625,8.125,11.375],"rotation":0,"texture":"#0","tintindex":0},"up":{"uv":[11.0625,1.375,11.0,1.3125],"rotation":0,"texture":"#0","tintindex":0},"west":{"uv":[8.125,10.625,8.1875,11.375],"rotation":0,"texture":"#0","tintindex":0}}},{"name":"cube","from":[9.671331,-0.28340173,10.506996],"to":[10.12715,4.198805,11.190723],"rotation":{"angle":0.0,"axis":"x","origin":[4.8092766,-6.5888786,6.0247903]},"faces":{"down":{"uv":[11.1875,8.4375,11.125,8.5],"rotation":0,"texture":"#0","tintindex":0},"east":{"uv":[9.75,11.3125,9.8125,11.75],"rotation":0,"texture":"#0","tintindex":0},"north":{"uv":[11.3125,9.6875,11.375,10.125],"rotation":0,"texture":"#0","tintindex":0},"south":{"uv":[11.3125,10.75,11.375,11.1875],"rotation":0,"texture":"#0","tintindex":0},"up":{"uv":[11.0625,10.1875,11.0,10.125],"rotation":0,"texture":"#0","tintindex":0},"west":{"uv":[10.9375,11.3125,11.0,11.75],"rotation":0,"texture":"#0","tintindex":0}}},{"name":"cube","from":[6.0247903,-0.28340173,9.823271],"to":[6.480608,6.6298323,10.506996],"rotation":{"angle":0.0,"axis":"x","origin":[4.8092766,-6.5888786,5.9488206]},"faces":{"down":{"uv":[11.375,1.0625,11.3125,1.125],"rotation":0,"texture":"#0","tintindex":0},"east":{"uv":[8.25,10.625,8.3125,11.375],"rotation":0,"texture":"#0","tintindex":0},"north":{"uv":[8.1875,10.625,8.25,11.375],"rotation":0,"texture":"#0","tintindex":0},"south":{"uv":[9.25,10.625,9.3125,11.375],"rotation":0,"texture":"#0","tintindex":0},"up":{"uv":[11.25,3.8125,11.1875,3.75],"rotation":0,"texture":"#0","tintindex":0},"west":{"uv":[9.3125,10.625,9.375,11.375],"rotation":0,"texture":"#0","tintindex":0}}},{"name":"cube","from":[6.480608,-0.28340173,10.431027],"to":[9.671331,6.6298323,10.810875],"rotation":{"angle":0.0,"axis":"x","origin":[4.8092766,-6.5888786,5.9488206]},"faces":{"down":{"uv":[11.25,1.0,10.9375,1.0625],"rotation":0,"texture":"#0","tintindex":0},"east":{"uv":[9.375,10.625,9.4375,11.375],"rotation":0,"texture":"#0","tintindex":0},"north":{"uv":[4.75,6.8125,5.0625,7.5625],"rotation":0,"texture":"#0","tintindex":0},"south":{"uv":[6.8125,6.6875,7.125,7.4375],"rotation":0,"texture":"#0","tintindex":0},"up":{"uv":[10.9375,9.75,10.625,9.6875],"rotation":0,"texture":"#0","tintindex":0},"west":{"uv":[9.4375,10.625,9.5,11.375],"rotation":0,"texture":"#0","tintindex":0}}},{"name":"cube","from":[6.0247903,-0.28340173,10.506996],"to":[6.480608,4.198805,11.190723],"rotation":{"angle":0.0,"axis":"x","origin":[4.8092766,-6.5888786,6.0247903]},"faces":{"down":{"uv":[3.125,11.875,3.0625,11.9375],"rotation":0,"texture":"#0","tintindex":0},"east":{"uv":[11.0625,11.3125,11.125,11.75],"rotation":0,"texture":"#0","tintindex":0},"north":{"uv":[11.0,11.3125,11.0625,11.75],"rotation":0,"texture":"#0","tintindex":0},"south":{"uv":[11.125,11.3125,11.1875,11.75],"rotation":0,"texture":"#0","tintindex":0},"up":{"uv":[2.5625,11.9375,2.5,11.875],"rotation":0,"texture":"#0","tintindex":0},"west":{"uv":[11.1875,11.3125,11.25,11.75],"rotation":0,"texture":"#0","tintindex":0}}},{"name":"cube","from":[9.671331,-0.9671278,7.6961217],"to":[10.279088,0.17241597,9.823271],"rotation":{"angle":0.0,"axis":"x","origin":[4.8092766,-6.5888786,5.8728514]},"faces":{"down":{"uv":[11.6875,0.9375,11.625,1.1875],"rotation":0,"texture":"#0","tintindex":0},"east":{"uv":[11.0625,6.5,11.3125,6.625],"rotation":0,"texture":"#0","tintindex":0},"north":{"uv":[11.8125,9.25,11.875,9.375],"rotation":0,"texture":"#0","tintindex":0},"south":{"uv":[11.8125,9.875,11.875,10.0],"rotation":0,"texture":"#0","tintindex":0},"up":{"uv":[1.0,11.875,0.9375,11.625],"rotation":0,"texture":"#0","tintindex":0},"west":{"uv":[11.125,5.4375,11.375,5.5625],"rotation":0,"texture":"#0","tintindex":0}}},{"name":"cube","from":[9.671331,-0.7039337,6.5451245],"to":[10.279088,0.252203,8.156683],"rotation":{"angle":45.0,"axis":"x","origin":[9.8992405,-0.27958393,7.608699]},"faces":{"down":{"uv":[7.0625,11.75,7.0,11.9375],"rotation":0,"texture":"#0","tintindex":0},"east":{"uv":[11.375,3.5,11.5625,3.625],"rotation":0,"texture":"#0","tintindex":0},"north":{"uv":[11.8125,10.1875,11.875,10.3125],"rotation":0,"texture":"#0","tintindex":0},"south":{"uv":[10.25,11.8125,10.3125,11.9375],"rotation":0,"texture":"#0","tintindex":0},"up":{"uv":[7.0,11.9375,6.9375,11.75],"rotation":0,"texture":"#0","tintindex":0},"west":{"uv":[3.625,11.375,3.8125,11.5],"rotation":0,"texture":"#0","tintindex":0}}},{"name":"cube","from":[6.0247903,0.17241597,6.5565777],"to":[6.480608,7.8453455,9.823271],"rotation":{"angle":0.0,"axis":"x","origin":[1.1627357,-6.5888786,5.8728514]},"faces":{"down":{"uv":[2.6875,11.5625,2.625,11.875],"rotation":0,"texture":"#0","tintindex":0},"east":{"uv":[6.25,2.125,6.5625,2.9375],"rotation":0,"texture":"#0","tintindex":0},"north":{"uv":[3.8125,10.5625,3.875,11.375],"rotation":0,"texture":"#0","tintindex":0},"south":{"uv":[3.875,10.5625,3.9375,11.375],"rotation":0,"texture":"#0","tintindex":0},"up":{"uv":[2.5625,11.875,2.5,11.5625],"rotation":0,"texture":"#0","tintindex":0},"west":{"uv":[2.1875,6.25,2.5,7.0625],"rotation":0,"texture":"#0","tintindex":0}}},{"name":"cube","from":[6.0247903,-0.9671278,7.6961217],"to":[6.480608,0.17241597,9.823271],"rotation":{"angle":0.0,"axis":"x","origin":[1.1627357,-6.5888786,5.8728514]},"faces":{"down":{"uv":[1.125,11.625,1.0625,11.875],"rotation":0,"texture":"#0","tintindex":0},"east":{"uv":[11.1875,2.375,11.4375,2.5],"rotation":0,"texture":"#0","tintindex":0},"north":{"uv":[11.8125,10.3125,11.875,10.4375],"rotation":0,"texture":"#0","tintindex":0},"south":{"uv":[11.8125,10.625,11.875,10.75],"rotation":0,"texture":"#0","tintindex":0},"up":{"uv":[1.0625,11.875,1.0,11.625],"rotation":0,"texture":"#0","tintindex":0},"west":{"uv":[11.1875,2.5,11.4375,2.625],"rotation":0,"texture":"#0","tintindex":0}}},{"name":"cube","from":[6.0247903,-0.7039337,6.5451245],"to":[6.480608,0.252203,8.156683],"rotation":{"angle":45.0,"axis":"x","origin":[6.252699,-0.27958393,7.608699]},"faces":{"down":{"uv":[7.125,11.75,7.0625,11.9375],"rotation":0,"texture":"#0","tintindex":0},"east":{"uv":[3.8125,11.375,4.0,11.5],"rotation":0,"texture":"#0","tintindex":0},"north":{"uv":[11.8125,10.75,11.875,10.875],"rotation":0,"texture":"#0","tintindex":0},"south":{"uv":[10.9375,11.8125,11.0,11.9375],"rotation":0,"texture":"#0","tintindex":0},"up":{"uv":[11.8125,7.1875,11.75,7.0],"rotation":0,"texture":"#0","tintindex":0},"west":{"uv":[11.375,4.3125,11.5625,4.4375],"rotation":0,"texture":"#0","tintindex":0}}},{"name":"cube","from":[6.3286686,-2.030702,6.0247903],"to":[9.823271,0.7042029,7.240304],"rotation":{"angle":0.0,"axis":"x","origin":[4.8092766,-6.5888786,5.8728514]},"faces":{"down":{"uv":[10.9375,7.875,10.5625,8.0],"rotation":0,"texture":"#0","tintindex":0},"east":{"uv":[9.875,10.875,10.0,11.1875],"rotation":0,"texture":"#0","tintindex":0},"north":{"uv":[8.875,5.4375,9.25,5.75],"rotation":0,"texture":"#0","tintindex":0},"south":{"uv":[8.875,6.0625,9.25,6.375],"rotation":0,"texture":"#0","tintindex":0},"up":{"uv":[10.9375,7.875,10.5625,7.75],"rotation":0,"texture":"#0","tintindex":0},"west":{"uv":[10.125,10.875,10.25,11.1875],"rotation":0,"texture":"#0","tintindex":0}}},{"name":"cube","from":[6.3286686,-1.5748844,7.240304],"to":[9.823271,-0.2074318,10.12715],"rotation":{"angle":0.0,"axis":"x","origin":[4.8092766,-6.5888786,5.8728514]},"faces":{"down":{"uv":[9.25,6.375,8.875,6.6875],"rotation":0,"texture":"#0","tintindex":0},"east":{"uv":[10.8125,8.25,11.125,8.375],"rotation":0,"texture":"#0","tintindex":0},"north":{"uv":[10.5625,8.0,10.9375,8.125],"rotation":0,"texture":"#0","tintindex":0},"south":{"uv":[10.5625,8.125,10.9375,8.25],"rotation":0,"texture":"#0","tintindex":0},"up":{"uv":[6.625,9.1875,6.25,8.875],"rotation":0,"texture":"#0","tintindex":0},"west":{"uv":[10.8125,8.375,11.125,8.5],"rotation":0,"texture":"#0","tintindex":0}}},{"name":"cube","from":[6.936425,-2.4865203,9.519392],"to":[9.215513,-0.2074318,10.279088],"rotation":{"angle":0.0,"axis":"x","origin":[4.8092766,-6.5888786,5.8728514]},"faces":{"down":{"uv":[10.9375,3.5,10.6875,3.5625],"rotation":0,"texture":"#0","tintindex":0},"east":{"uv":[1.125,11.625,1.1875,11.875],"rotation":0,"texture":"#0","tintindex":0},"north":{"uv":[10.125,7.375,10.375,7.625],"rotation":0,"texture":"#0","tintindex":0},"south":{"uv":[10.1875,4.875,10.4375,5.125],"rotation":0,"texture":"#0","tintindex":0},"up":{"uv":[10.9375,1.5625,10.6875,1.5],"rotation":0,"texture":"#0","tintindex":0},"west":{"uv":[11.625,1.8125,11.6875,2.0625],"rotation":0,"texture":"#0","tintindex":0}}},{"name":"cube","from":[6.936425,-1.1190672,10.279088],"to":[9.215513,-0.2074318,10.734905],"rotation":{"angle":0.0,"axis":"x","origin":[4.8092766,-6.5888786,5.8728514]},"faces":{"down":{"uv":[11.8125,6.0,11.5625,6.0625],"rotation":0,"texture":"#0","tintindex":0},"east":{"uv":[11.0,11.8125,11.0625,11.9375],"rotation":0,"texture":"#0","tintindex":0},"north":{"uv":[11.1875,3.9375,11.4375,4.0625],"rotation":0,"texture":"#0","tintindex":0},"south":{"uv":[11.1875,4.0625,11.4375,4.1875],"rotation":0,"texture":"#0","tintindex":0},"up":{"uv":[11.8125,3.625,11.5625,3.5625],"rotation":0,"texture":"#0","tintindex":0},"west":{"uv":[11.0625,11.8125,11.125,11.9375],"rotation":0,"texture":"#0","tintindex":0}}},{"name":"cube","from":[6.480608,7.3895288,5.2650943],"to":[9.671331,8.756981,6.480608],"rotation":{"angle":0.0,"axis":"x","origin":[4.8092766,-6.5888786,5.8728514]},"faces":{"down":{"uv":[11.25,2.625,10.9375,2.75],"rotation":0,"texture":"#0","tintindex":0},"east":{"uv":[11.5625,6.3125,11.6875,6.4375],"rotation":0,"texture":"#0","tintindex":0},"north":{"uv":[0.125,10.9375,0.4375,11.0625],"rotation":0,"texture":"#0","tintindex":0},"south":{"uv":[10.9375,0.875,11.25,1.0],"rotation":0,"texture":"#0","tintindex":0},"up":{"uv":[11.25,1.625,10.9375,1.5],"rotation":0,"texture":"#0","tintindex":0},"west":{"uv":[11.5625,9.875,11.6875,10.0],"rotation":0,"texture":"#0","tintindex":0}}},{"name":"cube","from":[6.936425,8.756981,5.2650943],"to":[9.215513,9.820557,6.480608],"rotation":{"angle":0.0,"axis":"x","origin":[4.8092766,-6.5888786,5.8728514]},"faces":{"down":{"uv":[11.4375,5.25,11.1875,5.375],"rotation":0,"texture":"#0","tintindex":0},"east":{"uv":[11.625,1.1875,11.75,1.3125],"rotation":0,"texture":"#0","tintindex":0},"north":{"uv":[11.1875,4.1875,11.4375,4.3125],"rotation":0,"texture":"#0","tintindex":0},"south":{"uv":[11.1875,4.8125,11.4375,4.9375],"rotation":0,"texture":"#0","tintindex":0},"up":{"uv":[11.4375,5.0625,11.1875,4.9375],"rotation":0,"texture":"#0","tintindex":0},"west":{"uv":[1.9375,11.625,2.0625,11.75],"rotation":0,"texture":"#0","tintindex":0}}}],"display":{"head":{"translation":[0.0,-6.4,0.0],"rotation":[0.0,0.0,0.0],"scale":[3.8095,3.8095,3.8095]}}}