{"textures":{"0":"modelengine:entity/lord_demon"},"elements":[{"name":"cube","from":[6.480608,-4.6136694,6.480608],"to":[9.215513,-0.2074318,9.519392],"rotation":{"angle":0.0,"axis":"x","origin":[11.190723,-6.5888786,5.8728514]},"faces":{"down":{"uv":[9.625,0.875,9.3125,1.1875],"rotation":0,"texture":"#0","tintindex":0},"east":{"uv":[2.9375,8.5625,3.25,9.0],"rotation":0,"texture":"#0","tintindex":0},"north":{"uv":[2.625,8.5625,2.9375,9.0],"rotation":0,"texture":"#0","tintindex":0},"south":{"uv":[3.25,8.5625,3.5625,9.0],"rotation":0,"texture":"#0","tintindex":0},"up":{"uv":[9.5625,8.125,9.25,7.8125],"rotation":0,"texture":"#0","tintindex":0},"west":{"uv":[8.5625,3.9375,8.875,4.375],"rotation":0,"texture":"#0","tintindex":0}}},{"name":"cube","from":[6.3286686,-0.2074318,6.480608],"to":[9.519392,7.8453455,9.823271],"rotation":{"angle":0.0,"axis":"x","origin":[11.190723,-6.5888786,5.8728514]},"faces":{"down":{"uv":[8.6875,8.8125,8.375,9.1875],"rotation":0,"texture":"#0","tintindex":0},"east":{"uv":[3.25,4.8125,3.625,5.625],"rotation":0,"texture":"#0","tintindex":0},"north":{"uv":[1.25,6.125,1.5625,6.9375],"rotation":0,"texture":"#0","tintindex":0},"south":{"uv":[2.625,6.125,2.9375,6.9375],"rotation":0,"texture":"#0","tintindex":0},"up":{"uv":[8.375,9.125,8.0625,8.75],"rotation":0,"texture":"#0","tintindex":0},"west":{"uv":[5.1875,0.9375,5.5625,1.75],"rotation":0,"texture":"#0","tintindex":0}}},{"name":"cube","from":[6.0247903,5.414318,5.720912],"to":[9.823271,7.3895288,6.480608],"rotation":{"angle":0.0,"axis":"x","origin":[11.190723,-6.5888786,5.8728514]},"faces":{"down":{"uv":[9.625,4.1875,9.25,4.25],"rotation":0,"texture":"#0","tintindex":0},"east":{"uv":[8.875,5.75,8.9375,5.9375],"rotation":0,"texture":"#0","tintindex":0},"north":{"uv":[9.9375,9.375,10.3125,9.5625],"rotation":0,"texture":"#0","tintindex":0},"south":{"uv":[9.9375,9.5625,10.3125,9.75],"rotation":0,"texture":"#0","tintindex":0},"up":{"uv":[8.1875,2.6875,7.8125,2.625],"rotation":0,"texture":"#0","tintindex":0},"west":{"uv":[8.875,7.8125,8.9375,8.0],"rotation":0,"texture":"#0","tintindex":0}}},{"name":"cube","from":[6.0247903,0.40032458,5.417033],"to":[9.823271,5.414318,6.480608],"rotation":{"angle":0.0,"axis":"x","origin":[11.190723,-6.5888786,5.8728514]},"faces":{"down":{"uv":[10.9375,6.125,10.5625,6.25],"rotation":0,"texture":"#0","tintindex":0},"east":{"uv":[10.1875,4.375,10.3125,4.875],"rotation":0,"texture":"#0","tintindex":0},"north":{"uv":[7.375,4.1875,7.75,4.6875],"rotation":0,"texture":"#0","tintindex":0},"south":{"uv":[7.375,4.6875,7.75,5.1875],"rotation":0,"texture":"#0","tintindex":0},"up":{"uv":[10.9375,6.125,10.5625,6.0],"rotation":0,"texture":"#0","tintindex":0},"west":{"uv":[10.1875,6.0,10.3125,6.5],"rotation":0,"texture":"#0","tintindex":0}}},{"name":"cube","from":[7.491119,-1.3209076,5.8728514],"to":[9.466329,0.6543021,6.480608],"rotation":{"angle":45.0,"axis":"z","origin":[7.567088,-0.029423952,6.176729]},"faces":{"down":{"uv":[8.375,3.0,8.1875,3.0625],"rotation":0,"texture":"#0","tintindex":0},"east":{"uv":[8.9375,2.4375,9.0,2.625],"rotation":0,"texture":"#0","tintindex":0},"north":{"uv":[11.0,2.25,11.1875,2.4375],"rotation":0,"texture":"#0","tintindex":0},"south":{"uv":[11.0,2.4375,11.1875,2.625],"rotation":0,"texture":"#0","tintindex":0},"up":{"uv":[7.6875,0.5625,7.5,0.5],"rotation":0,"texture":"#0","tintindex":0},"west":{"uv":[1.6875,9.6875,1.75,9.875],"rotation":0,"texture":"#0","tintindex":0}}},{"name":"cube","from":[6.9157557,-0.031660795,5.8728514],"to":[9.6016865,0.67906094,6.480608],"rotation":{"angle":-45.0,"axis":"z","origin":[6.9917254,1.2598227,6.176729]},"faces":{"down":{"uv":[8.375,9.5625,8.125,9.625],"rotation":0,"texture":"#0","tintindex":0},"east":{"uv":[4.4375,2.3125,4.5,2.375],"rotation":0,"texture":"#0","tintindex":0},"north":{"uv":[8.875,4.75,9.125,4.8125],"rotation":0,"texture":"#0","tintindex":0},"south":{"uv":[8.875,6.8125,9.125,6.875],"rotation":0,"texture":"#0","tintindex":0},"up":{"uv":[9.1875,1.5,8.9375,1.4375],"rotation":0,"texture":"#0","tintindex":0},"west":{"uv":[5.4375,3.8125,5.5,3.875],"rotation":0,"texture":"#0","tintindex":0}}},{"name":"cube","from":[7.491119,-0.8650899,5.5689726],"to":[8.858572,0.50236297,5.8728514],"rotation":{"angle":45.0,"axis":"z","origin":[7.567088,0.4263935,5.5689726]},"faces":{"down":{"uv":[3.0625,6.125,2.9375,6.1875],"rotation":0,"texture":"#0","tintindex":0},"east":{"uv":[9.25,5.625,9.3125,5.75],"rotation":0,"texture":"#0","tintindex":0},"north":{"uv":[6.3125,8.375,6.4375,8.5],"rotation":0,"texture":"#0","tintindex":0},"south":{"uv":[9.0625,0.625,9.1875,0.75],"rotation":0,"texture":"#0","tintindex":0},"up":{"uv":[6.25,2.0625,6.125,2.0],"rotation":0,"texture":"#0","tintindex":0},"west":{"uv":[9.5,7.6875,9.5625,7.8125],"rotation":0,"texture":"#0","tintindex":0}}},{"name":"cube","from":[7.523513,0.4241569,5.5689726],"to":[9.6016865,1.1348784,5.8728514],"rotation":{"angle":-45.0,"axis":"z","origin":[6.9917254,1.7156404,5.5689726]},"faces":{"down":{"uv":[9.9375,3.75,9.75,3.8125],"rotation":0,"texture":"#0","tintindex":0},"east":{"uv":[5.125,5.9375,5.1875,6.0],"rotation":0,"texture":"#0","tintindex":0},"north":{"uv":[8.5625,2.9375,8.75,3.0],"rotation":0,"texture":"#0","tintindex":0},"south":{"uv":[0.75,9.25,0.9375,9.3125],"rotation":0,"texture":"#0","tintindex":0},"up":{"uv":[2.9375,9.375,2.75,9.3125],"rotation":0,"texture":"#0","tintindex":0},"west":{"uv":[6.0,4.3125,6.0625,4.375],"rotation":0,"texture":"#0","tintindex":0}}},{"name":"cube","from":[6.3286686,-0.2074318,9.823271],"to":[9.519392,6.6298323,10.431027],"rotation":{"angle":0.0,"axis":"x","origin":[11.190723,-6.5888786,5.8728514]},"faces":{"down":{"uv":[6.9375,5.0625,6.625,5.125],"rotation":0,"texture":"#0","tintindex":0},"east":{"uv":[6.25,10.6875,6.3125,11.375],"rotation":0,"texture":"#0","tintindex":0},"north":{"uv":[3.25,7.0,3.5625,7.6875],"rotation":0,"texture":"#0","tintindex":0},"south":{"uv":[1.9375,7.0625,2.25,7.75],"rotation":0,"texture":"#0","tintindex":0},"up":{"uv":[6.75,5.6875,6.4375,5.625],"rotation":0,"texture":"#0","tintindex":0},"west":{"uv":[6.9375,10.6875,7.0,11.375],"rotation":0,"texture":"#0","tintindex":0}}},{"name":"cube","from":[5.8728514,0.17241597,6.5565777],"to":[6.3286686,7.8453455,9.823271],"rotation":{"angle":0.0,"axis":"x","origin":[11.190723,-6.5888786,5.8728514]},"faces":{"down":{"uv":[7.3125,9.25,7.25,9.5625],"rotation":0,"texture":"#0","tintindex":0},"east":{"uv":[2.9375,6.1875,3.25,7.0],"rotation":0,"texture":"#0","tintindex":0},"north":{"uv":[4.75,6.0,4.8125,6.8125],"rotation":0,"texture":"#0","tintindex":0},"south":{"uv":[4.125,8.9375,4.1875,9.75],"rotation":0,"texture":"#0","tintindex":0},"up":{"uv":[3.625,5.9375,3.5625,5.625],"rotation":0,"texture":"#0","tintindex":0},"west":{"uv":[3.25,6.1875,3.5625,7.0],"rotation":0,"texture":"#0","tintindex":0}}},{"name":"cube","from":[5.720912,7.8453455,6.5565777],"to":[6.176729,8.98489,8.607757],"rotation":{"angle":0.0,"axis":"x","origin":[11.190723,-6.6648474,5.8728514]},"faces":{"down":{"uv":[7.5,9.9375,7.4375,10.125],"rotation":0,"texture":"#0","tintindex":0},"east":{"uv":[11.3125,3.25,11.5,3.375],"rotation":0,"texture":"#0","tintindex":0},"north":{"uv":[6.0625,9.75,6.125,9.875],"rotation":0,"texture":"#0","tintindex":0},"south":{"uv":[8.0625,9.75,8.125,9.875],"rotation":0,"texture":"#0","tintindex":0},"up":{"uv":[0.625,10.0,0.5625,9.8125],"rotation":0,"texture":"#0","tintindex":0},"west":{"uv":[11.3125,5.5625,11.5,5.6875],"rotation":0,"texture":"#0","tintindex":0}}},{"name":"cube","from":[5.720912,4.654623,7.3922434],"to":[5.8728514,5.490288,9.215513],"rotation":{"angle":0.0,"axis":"x","origin":[11.190723,-6.6648474,5.8728514]},"faces":{"down":{"uv":[5.375,10.3125,5.3125,10.5],"rotation":0,"texture":"#0","tintindex":0},"east":{"uv":[10.0,4.375,10.1875,4.4375],"rotation":0,"texture":"#0","tintindex":0},"north":{"uv":[8.4375,6.0625,8.5,6.125],"rotation":0,"texture":"#0","tintindex":0},"south":{"uv":[8.5,6.4375,8.5625,6.5],"rotation":0,"texture":"#0","tintindex":0},"up":{"uv":[8.0625,10.4375,8.0,10.25],"rotation":0,"texture":"#0","tintindex":0},"west":{"uv":[11.0,5.0,11.1875,5.0625],"rotation":0,"texture":"#0","tintindex":0}}},{"name":"cube","from":[5.720912,5.490288,8.379848],"to":[5.8728514,6.3259535,9.215513],"rotation":{"angle":0.0,"axis":"x","origin":[11.190723,-6.740818,5.8728514]},"faces":{"down":{"uv":[9.6875,5.875,9.625,5.9375],"rotation":0,"texture":"#0","tintindex":0},"east":{"uv":[1.4375,9.3125,1.5,9.375],"rotation":0,"texture":"#0","tintindex":0},"north":{"uv":[9.1875,5.375,9.25,5.4375],"rotation":0,"texture":"#0","tintindex":0},"south":{"uv":[9.3125,3.0625,9.375,3.125],"rotation":0,"texture":"#0","tintindex":0},"up":{"uv":[9.6875,3.0625,9.625,3.0],"rotation":0,"texture":"#0","tintindex":0},"west":{"uv":[9.5,9.375,9.5625,9.4375],"rotation":0,"texture":"#0","tintindex":0}}},{"name":"cube","from":[5.720912,0.17241597,6.5565777],"to":[5.8728514,7.8453455,7.3922434],"rotation":{"angle":0.0,"axis":"x","origin":[11.190723,-6.5888786,5.8728514]},"faces":{"down":{"uv":[7.0,8.875,6.9375,8.9375],"rotation":0,"texture":"#0","tintindex":0},"east":{"uv":[8.75,10.4375,8.8125,11.25],"rotation":0,"texture":"#0","tintindex":0},"north":{"uv":[4.875,10.4375,4.9375,11.25],"rotation":0,"texture":"#0","tintindex":0},"south":{"uv":[7.8125,10.5,7.875,11.3125],"rotation":0,"texture":"#0","tintindex":0},"up":{"uv":[8.625,0.5,8.5625,0.4375],"rotation":0,"texture":"#0","tintindex":0},"west":{"uv":[3.125,10.5625,3.1875,11.375],"rotation":0,"texture":"#0","tintindex":0}}},{"name":"cube","from":[9.823271,7.8453455,6.5565777],"to":[10.12715,8.98489,8.607757],"rotation":{"angle":0.0,"axis":"x","origin":[11.190723,-6.6648474,5.8728514]},"faces":{"down":{"uv":[4.3125,10.25,4.25,10.4375],"rotation":0,"texture":"#0","tintindex":0},"east":{"uv":[11.3125,5.6875,11.5,5.8125],"rotation":0,"texture":"#0","tintindex":0},"north":{"uv":[9.5,9.75,9.5625,9.875],"rotation":0,"texture":"#0","tintindex":0},"south":{"uv":[0.9375,10.0,1.0,10.125],"rotation":0,"texture":"#0","tintindex":0},"up":{"uv":[0.1875,10.4375,0.125,10.25],"rotation":0,"texture":"#0","tintindex":0},"west":{"uv":[11.3125,6.4375,11.5,6.5625],"rotation":0,"texture":"#0","tintindex":0}}},{"name":"cube","from":[5.8728514,-0.28340173,9.823271],"to":[6.3286686,6.6298323,10.506996],"rotation":{"angle":0.0,"axis":"x","origin":[11.190723,-6.5888786,5.9488206]},"faces":{"down":{"uv":[2.9375,6.9375,2.875,7.0],"rotation":0,"texture":"#0","tintindex":0},"east":{"uv":[5.0625,10.5625,5.125,11.3125],"rotation":0,"texture":"#0","tintindex":0},"north":{"uv":[5.0,10.5625,5.0625,11.3125],"rotation":0,"texture":"#0","tintindex":0},"south":{"uv":[5.125,10.5625,5.1875,11.3125],"rotation":0,"texture":"#0","tintindex":0},"up":{"uv":[5.125,6.875,5.0625,6.8125],"rotation":0,"texture":"#0","tintindex":0},"west":{"uv":[6.4375,10.5625,6.5,11.3125],"rotation":0,"texture":"#0","tintindex":0}}},{"name":"cube","from":[5.8728514,-0.28340173,10.506996],"to":[6.3286686,4.198805,11.190723],"rotation":{"angle":0.0,"axis":"x","origin":[11.190723,-6.5888786,6.0247903]},"faces":{"down":{"uv":[7.625,6.125,7.5625,6.1875],"rotation":0,"texture":"#0","tintindex":0},"east":{"uv":[8.4375,9.875,8.5,10.3125],"rotation":0,"texture":"#0","tintindex":0},"north":{"uv":[5.125,0.9375,5.1875,1.375],"rotation":0,"texture":"#0","tintindex":0},"south":{"uv":[3.1875,9.9375,3.25,10.375],"rotation":0,"texture":"#0","tintindex":0},"up":{"uv":[5.0625,7.625,5.0,7.5625],"rotation":0,"texture":"#0","tintindex":0},"west":{"uv":[5.0625,11.3125,5.125,11.75],"rotation":0,"texture":"#0","tintindex":0}}},{"name":"cube","from":[9.519392,-0.28340173,9.823271],"to":[9.97521,6.6298323,10.506996],"rotation":{"angle":0.0,"axis":"x","origin":[11.190723,-6.5888786,5.9488206]},"faces":{"down":{"uv":[7.875,8.25,7.8125,8.3125],"rotation":0,"texture":"#0","tintindex":0},"east":{"uv":[10.5625,10.5,10.625,11.25],"rotation":0,"texture":"#0","tintindex":0},"north":{"uv":[6.5,10.5625,6.5625,11.3125],"rotation":0,"texture":"#0","tintindex":0},"south":{"uv":[5.75,10.625,5.8125,11.375],"rotation":0,"texture":"#0","tintindex":0},"up":{"uv":[8.25,4.875,8.1875,4.8125],"rotation":0,"texture":"#0","tintindex":0},"west":{"uv":[5.8125,10.625,5.875,11.375],"rotation":0,"texture":"#0","tintindex":0}}},{"name":"cube","from":[6.3286686,-0.28340173,10.431027],"to":[9.519392,6.6298323,10.810875],"rotation":{"angle":0.0,"axis":"x","origin":[11.190723,-6.5888786,5.9488206]},"faces":{"down":{"uv":[1.9375,7.6875,1.625,7.75],"rotation":0,"texture":"#0","tintindex":0},"east":{"uv":[7.375,10.625,7.4375,11.375],"rotation":0,"texture":"#0","tintindex":0},"north":{"uv":[3.5625,6.8125,3.875,7.5625],"rotation":0,"texture":"#0","tintindex":0},"south":{"uv":[3.875,6.8125,4.1875,7.5625],"rotation":0,"texture":"#0","tintindex":0},"up":{"uv":[7.75,2.75,7.4375,2.6875],"rotation":0,"texture":"#0","tintindex":0},"west":{"uv":[7.4375,10.625,7.5,11.375],"rotation":0,"texture":"#0","tintindex":0}}},{"name":"cube","from":[9.519392,-0.28340173,10.506996],"to":[9.97521,4.198805,11.190723],"rotation":{"angle":0.0,"axis":"x","origin":[11.190723,-6.5888786,6.0247903]},"faces":{"down":{"uv":[6.75,7.875,6.6875,7.9375],"rotation":0,"texture":"#0","tintindex":0},"east":{"uv":[11.3125,6.0,11.375,6.4375],"rotation":0,"texture":"#0","tintindex":0},"north":{"uv":[5.125,11.3125,5.1875,11.75],"rotation":0,"texture":"#0","tintindex":0},"south":{"uv":[6.4375,11.3125,6.5,11.75],"rotation":0,"texture":"#0","tintindex":0},"up":{"uv":[7.75,4.1875,7.6875,4.125],"rotation":0,"texture":"#0","tintindex":0},"west":{"uv":[6.5,11.3125,6.5625,11.75],"rotation":0,"texture":"#0","tintindex":0}}},{"name":"cube","from":[5.720912,-0.9671278,7.6961217],"to":[6.3286686,0.17241597,9.823271],"rotation":{"angle":0.0,"axis":"x","origin":[11.190723,-6.5888786,5.8728514]},"faces":{"down":{"uv":[7.0625,2.1875,7.0,2.4375],"rotation":0,"texture":"#0","tintindex":0},"east":{"uv":[0.5,5.4375,0.75,5.5625],"rotation":0,"texture":"#0","tintindex":0},"north":{"uv":[2.1875,5.25,2.25,5.375],"rotation":0,"texture":"#0","tintindex":0},"south":{"uv":[6.5,1.1875,6.5625,1.3125],"rotation":0,"texture":"#0","tintindex":0},"up":{"uv":[5.5625,4.625,5.5,4.375],"rotation":0,"texture":"#0","tintindex":0},"west":{"uv":[5.75,3.6875,6.0,3.8125],"rotation":0,"texture":"#0","tintindex":0}}},{"name":"cube","from":[5.720912,-0.7039337,6.5451245],"to":[6.3286686,0.252203,8.156683],"rotation":{"angle":45.0,"axis":"x","origin":[6.10076,-0.27958393,7.608699]},"faces":{"down":{"uv":[6.125,1.3125,6.0625,1.5],"rotation":0,"texture":"#0","tintindex":0},"east":{"uv":[8.9375,8.1875,9.125,8.3125],"rotation":0,"texture":"#0","tintindex":0},"north":{"uv":[5.375,6.875,5.4375,7.0],"rotation":0,"texture":"#0","tintindex":0},"south":{"uv":[3.1875,8.0625,3.25,8.1875],"rotation":0,"texture":"#0","tintindex":0},"up":{"uv":[2.6875,6.125,2.625,5.9375],"rotation":0,"texture":"#0","tintindex":0},"west":{"uv":[11.3125,0.0,11.5,0.125],"rotation":0,"texture":"#0","tintindex":0}}},{"name":"cube","from":[9.519392,0.17241597,6.5565777],"to":[9.97521,7.8453455,9.823271],"rotation":{"angle":0.0,"axis":"x","origin":[14.837264,-6.5888786,5.8728514]},"faces":{"down":{"uv":[6.8125,11.5,6.75,11.8125],"rotation":0,"texture":"#0","tintindex":0},"east":{"uv":[5.4375,6.1875,5.75,7.0],"rotation":0,"texture":"#0","tintindex":0},"north":{"uv":[5.6875,10.125,5.75,10.9375],"rotation":0,"texture":"#0","tintindex":0},"south":{"uv":[6.0,10.25,6.0625,11.0625],"rotation":0,"texture":"#0","tintindex":0},"up":{"uv":[5.75,9.625,5.6875,9.3125],"rotation":0,"texture":"#0","tintindex":0},"west":{"uv":[5.75,6.1875,6.0625,7.0],"rotation":0,"texture":"#0","tintindex":0}}},{"name":"cube","from":[9.519392,-0.9671278,7.6961217],"to":[9.97521,0.17241597,9.823271],"rotation":{"angle":0.0,"axis":"x","origin":[14.837264,-6.5888786,5.8728514]},"faces":{"down":{"uv":[10.1875,4.75,10.125,5.0],"rotation":0,"texture":"#0","tintindex":0},"east":{"uv":[7.875,8.25,8.125,8.375],"rotation":0,"texture":"#0","tintindex":0},"north":{"uv":[9.125,4.9375,9.1875,5.0625],"rotation":0,"texture":"#0","tintindex":0},"south":{"uv":[9.1875,7.375,9.25,7.5],"rotation":0,"texture":"#0","tintindex":0},"up":{"uv":[5.5625,10.125,5.5,9.875],"rotation":0,"texture":"#0","tintindex":0},"west":{"uv":[8.625,5.0625,8.875,5.1875],"rotation":0,"texture":"#0","tintindex":0}}},{"name":"cube","from":[9.519392,-0.7039337,6.5451245],"to":[9.97521,0.252203,8.156683],"rotation":{"angle":45.0,"axis":"x","origin":[9.747301,-0.27958393,7.608699]},"faces":{"down":{"uv":[0.3125,7.625,0.25,7.8125],"rotation":0,"texture":"#0","tintindex":0},"east":{"uv":[11.3125,0.125,11.5,0.25],"rotation":0,"texture":"#0","tintindex":0},"north":{"uv":[8.1875,6.875,8.25,7.0],"rotation":0,"texture":"#0","tintindex":0},"south":{"uv":[6.25,8.75,6.3125,8.875],"rotation":0,"texture":"#0","tintindex":0},"up":{"uv":[6.8125,7.4375,6.75,7.25],"rotation":0,"texture":"#0","tintindex":0},"west":{"uv":[11.3125,0.25,11.5,0.375],"rotation":0,"texture":"#0","tintindex":0}}},{"name":"cube","from":[6.176729,-2.030702,6.0247903],"to":[9.671331,0.7042029,7.240304],"rotation":{"angle":0.0,"axis":"x","origin":[11.190723,-6.5888786,5.8728514]},"faces":{"down":{"uv":[10.9375,4.5,10.5625,4.625],"rotation":0,"texture":"#0","tintindex":0},"east":{"uv":[7.875,10.75,8.0,11.0625],"rotation":0,"texture":"#0","tintindex":0},"north":{"uv":[8.75,3.4375,9.125,3.75],"rotation":0,"texture":"#0","tintindex":0},"south":{"uv":[8.6875,8.8125,9.0625,9.125],"rotation":0,"texture":"#0","tintindex":0},"up":{"uv":[10.9375,4.5,10.5625,4.375],"rotation":0,"texture":"#0","tintindex":0},"west":{"uv":[5.5625,10.8125,5.6875,11.125],"rotation":0,"texture":"#0","tintindex":0}}},{"name":"cube","from":[6.176729,-1.5748844,7.240304],"to":[9.671331,-0.2074318,10.12715],"rotation":{"angle":0.0,"axis":"x","origin":[11.190723,-6.5888786,5.8728514]},"faces":{"down":{"uv":[9.25,3.9375,8.875,4.25],"rotation":0,"texture":"#0","tintindex":0},"east":{"uv":[10.8125,7.5,11.125,7.625],"rotation":0,"texture":"#0","tintindex":0},"north":{"uv":[10.5625,4.625,10.9375,4.75],"rotation":0,"texture":"#0","tintindex":0},"south":{"uv":[10.5625,4.75,10.9375,4.875],"rotation":0,"texture":"#0","tintindex":0},"up":{"uv":[9.25,0.3125,8.875,0.0],"rotation":0,"texture":"#0","tintindex":0},"west":{"uv":[10.8125,7.625,11.125,7.75],"rotation":0,"texture":"#0","tintindex":0}}},{"name":"cube","from":[6.7844863,-2.4865203,9.519392],"to":[9.063574,-0.2074318,10.279088],"rotation":{"angle":0.0,"axis":"x","origin":[11.190723,-6.5888786,5.8728514]},"faces":{"down":{"uv":[8.625,8.75,8.375,8.8125],"rotation":0,"texture":"#0","tintindex":0},"east":{"uv":[3.875,9.3125,3.9375,9.5625],"rotation":0,"texture":"#0","tintindex":0},"north":{"uv":[5.8125,0.6875,6.0625,0.9375],"rotation":0,"texture":"#0","tintindex":0},"south":{"uv":[6.125,7.0,6.375,7.25],"rotation":0,"texture":"#0","tintindex":0},"up":{"uv":[4.5,2.3125,4.25,2.25],"rotation":0,"texture":"#0","tintindex":0},"west":{"uv":[1.75,9.375,1.8125,9.625],"rotation":0,"texture":"#0","tintindex":0}}},{"name":"cube","from":[6.7844863,-1.1190672,10.279088],"to":[9.063574,-0.2074318,10.734905],"rotation":{"angle":0.0,"axis":"x","origin":[11.190723,-6.5888786,5.8728514]},"faces":{"down":{"uv":[9.875,4.4375,9.625,4.5],"rotation":0,"texture":"#0","tintindex":0},"east":{"uv":[7.6875,9.625,7.75,9.75],"rotation":0,"texture":"#0","tintindex":0},"north":{"uv":[11.0,9.5625,11.25,9.6875],"rotation":0,"texture":"#0","tintindex":0},"south":{"uv":[11.0625,2.75,11.3125,2.875],"rotation":0,"texture":"#0","tintindex":0},"up":{"uv":[2.75,9.6875,2.5,9.625],"rotation":0,"texture":"#0","tintindex":0},"west":{"uv":[9.6875,3.25,9.75,3.375],"rotation":0,"texture":"#0","tintindex":0}}},{"name":"cube","from":[6.3286686,7.3895288,5.2650943],"to":[9.519392,8.756981,6.480608],"rotation":{"angle":0.0,"axis":"x","origin":[11.190723,-6.5888786,5.8728514]},"faces":{"down":{"uv":[11.125,7.125,10.8125,7.25],"rotation":0,"texture":"#0","tintindex":0},"east":{"uv":[5.5625,5.3125,5.6875,5.4375],"rotation":0,"texture":"#0","tintindex":0},"north":{"uv":[10.75,6.875,11.0625,7.0],"rotation":0,"texture":"#0","tintindex":0},"south":{"uv":[10.8125,5.4375,11.125,5.5625],"rotation":0,"texture":"#0","tintindex":0},"up":{"uv":[11.125,7.125,10.8125,7.0],"rotation":0,"texture":"#0","tintindex":0},"west":{"uv":[7.0,7.9375,7.125,8.0625],"rotation":0,"texture":"#0","tintindex":0}}},{"name":"cube","from":[6.7844863,8.756981,5.2650943],"to":[9.063574,9.820557,6.480608],"rotation":{"angle":0.0,"axis":"x","origin":[11.190723,-6.5888786,5.8728514]},"faces":{"down":{"uv":[11.25,7.25,11.0,7.375],"rotation":0,"texture":"#0","tintindex":0},"east":{"uv":[9.1875,0.875,9.3125,1.0],"rotation":0,"texture":"#0","tintindex":0},"north":{"uv":[8.625,7.125,8.875,7.25],"rotation":0,"texture":"#0","tintindex":0},"south":{"uv":[9.1875,2.125,9.4375,2.25],"rotation":0,"texture":"#0","tintindex":0},"up":{"uv":[9.6875,5.375,9.4375,5.25],"rotation":0,"texture":"#0","tintindex":0},"west":{"uv":[9.875,1.3125,10.0,1.4375],"rotation":0,"texture":"#0","tintindex":0}}}],"display":{"head":{"translation":[0.0,-6.4,0.0],"rotation":[0.0,0.0,0.0],"scale":[3.8095,3.8095,3.8095]}}}