{
	"credit": "Made with Blockbench",
	"texture_size": [64, 64],
	"textures": {
		"4": "march/tools/coin_shovel",
		"particle": "march/tools/coin_shovel"
	},
	"elements": [
		{
			"from": [7.501, 18.001, 7.14745],
			"to": [8.499, 21.999, 11.14545],
			"rotation": {"angle": 45, "axis": "x", "origin": [8, 21, 7.64645]},
			"faces": {
				"north": {"uv": [4.5, 7, 4.75, 8], "texture": "#4"},
				"east": {"uv": [4.5, 2.5, 5.5, 3.5], "texture": "#4"},
				"south": {"uv": [5, 7, 5.25, 8], "texture": "#4"},
				"west": {"uv": [4.5, 3.75, 5.5, 4.75], "texture": "#4"},
				"up": {"uv": [5.75, 8, 5.5, 7], "texture": "#4"},
				"down": {"uv": [6.25, 7, 6, 8], "texture": "#4"}
			}
		},
		{
			"from": [6.999, -1.32145, 6.64404],
			"to": [9.001, 1.68055, 9.64604],
			"rotation": {"angle": 45, "axis": "x", "origin": [8, 0.32955, 8.07004]},
			"faces": {
				"north": {"uv": [6.5, 6.5, 7, 7.25], "texture": "#4"},
				"east": {"uv": [4.5, 5, 5.25, 5.75], "texture": "#4"},
				"south": {"uv": [6.75, 2, 7.25, 2.75], "texture": "#4"},
				"west": {"uv": [5.5, 5, 6.25, 5.75], "texture": "#4"},
				"up": {"uv": [7.25, 3.75, 6.75, 3], "texture": "#4"},
				"down": {"uv": [0.5, 7, 0, 7.75], "texture": "#4"}
			}
		},
		{
			"from": [6.5, 12.05, 6.483],
			"to": [9.5, 13.05, 9.483],
			"rotation": {"angle": 0, "axis": "y", "origin": [8, 6.5, 16.008]},
			"faces": {
				"north": {"uv": [6.75, 4, 7.5, 4.25], "texture": "#4"},
				"east": {"uv": [7, 1.5, 7.75, 1.75], "texture": "#4"},
				"south": {"uv": [1.75, 7.5, 2.5, 7.75], "texture": "#4"},
				"west": {"uv": [7.5, 2, 8.25, 2.25], "texture": "#4"},
				"up": {"uv": [6.5, 3.25, 5.75, 2.5], "texture": "#4"},
				"down": {"uv": [6.5, 3.5, 5.75, 4.25], "texture": "#4"}
			}
		},
		{
			"from": [6.5, 2.95, 6.483],
			"to": [9.5, 3.95, 9.483],
			"rotation": {"angle": 0, "axis": "y", "origin": [8, 7.45, 7.983]},
			"faces": {
				"north": {"uv": [7.5, 2.5, 8.25, 2.75], "texture": "#4"},
				"east": {"uv": [2.75, 7.5, 3.5, 7.75], "texture": "#4"},
				"south": {"uv": [7.5, 3, 8.25, 3.25], "texture": "#4"},
				"west": {"uv": [7.5, 3.5, 8.25, 3.75], "texture": "#4"},
				"up": {"uv": [6.75, 0.75, 6, 0], "texture": "#4"},
				"down": {"uv": [6.75, 1, 6, 1.75], "texture": "#4"}
			}
		},
		{
			"from": [6.5, 0.95, 6.483],
			"to": [9.5, 1.95, 9.483],
			"rotation": {"angle": 0, "axis": "y", "origin": [8, 7.45, 7.983]},
			"faces": {
				"north": {"uv": [7.5, 4.5, 8.25, 4.75], "texture": "#4"},
				"east": {"uv": [7.5, 5, 8.25, 5.25], "texture": "#4"},
				"south": {"uv": [7.5, 5.5, 8.25, 5.75], "texture": "#4"},
				"west": {"uv": [7.5, 6, 8.25, 6.25], "texture": "#4"},
				"up": {"uv": [5.25, 6.75, 4.5, 6], "texture": "#4"},
				"down": {"uv": [6.25, 6, 5.5, 6.75], "texture": "#4"}
			}
		},
		{
			"from": [6.5, 14.05, 6.483],
			"to": [9.5, 15.05, 9.483],
			"rotation": {"angle": 0, "axis": "y", "origin": [8, 6.5, 16.008]},
			"faces": {
				"north": {"uv": [7.75, 4, 8.5, 4.25], "texture": "#4"},
				"east": {"uv": [8, 0, 8.75, 0.25], "texture": "#4"},
				"south": {"uv": [8, 0.5, 8.75, 0.75], "texture": "#4"},
				"west": {"uv": [8, 1, 8.75, 1.25], "texture": "#4"},
				"up": {"uv": [7.25, 5.25, 6.5, 4.5], "texture": "#4"},
				"down": {"uv": [7.25, 5.5, 6.5, 6.25], "texture": "#4"}
			}
		},
		{
			"from": [7, 0, 7],
			"to": [9, 15, 9],
			"rotation": {"angle": 0, "axis": "y", "origin": [7, 7, 8]},
			"faces": {
				"north": {"uv": [1.5, 3.5, 2, 7.25], "texture": "#4"},
				"east": {"uv": [2.25, 3.5, 2.75, 7.25], "texture": "#4"},
				"south": {"uv": [3, 3.5, 3.5, 7.25], "texture": "#4"},
				"west": {"uv": [3.75, 3.5, 4.25, 7.25], "texture": "#4"},
				"up": {"uv": [7.75, 7, 7.25, 6.5], "texture": "#4"},
				"down": {"uv": [7.75, 7.25, 7.25, 7.75], "texture": "#4"}
			}
		},
		{
			"from": [7.5, 15, 5.5],
			"to": [8.5, 19, 10.5],
			"rotation": {"angle": 0, "axis": "y", "origin": [6.5, 7, 7.5]},
			"faces": {
				"north": {"uv": [7.5, 0, 7.75, 1], "texture": "#4"},
				"east": {"uv": [4.5, 0, 5.75, 1], "texture": "#4"},
				"south": {"uv": [1.25, 7.5, 1.5, 8.5], "texture": "#4"},
				"west": {"uv": [4.5, 1.25, 5.75, 2.25], "texture": "#4"},
				"up": {"uv": [7.25, 1.25, 7, 0], "texture": "#4"},
				"down": {"uv": [1, 7, 0.75, 8.25], "texture": "#4"}
			}
		},
		{
			"from": [8, 3, 8.4],
			"to": [8, 16, 13.4],
			"rotation": {"angle": 0, "axis": "y", "origin": [-1, 0, 0]},
			"faces": {
				"north": {"uv": [3.75, 7.5, 3.75, 10.75], "texture": "#4"},
				"east": {"uv": [0, 0, 1.25, 3.25], "texture": "#4"},
				"south": {"uv": [4, 7.5, 4, 10.75], "texture": "#4"},
				"west": {"uv": [1.25, 0, 0, 3.25], "texture": "#4"},
				"up": {"uv": [4.25, 8.75, 4.25, 7.5], "texture": "#4"},
				"down": {"uv": [6.5, 7.5, 6.5, 8.75], "texture": "#4"}
			}
		},
		{
			"from": [8, 3, 3],
			"to": [8, 16, 8],
			"rotation": {"angle": 0, "axis": "y", "origin": [-1, 0, 16]},
			"faces": {
				"north": {"uv": [4, 7.5, 4, 10.75], "texture": "#4"},
				"east": {"uv": [1.5, 0, 2.75, 3.25], "texture": "#4"},
				"south": {"uv": [3.75, 7.5, 3.75, 10.75], "texture": "#4"},
				"west": {"uv": [2.75, 0, 1.5, 3.25], "texture": "#4"},
				"up": {"uv": [4.25, 7.5, 4.25, 8.75], "texture": "#4"},
				"down": {"uv": [6.5, 8.75, 6.5, 7.5], "texture": "#4"}
			}
		}
	],
	"gui_light": "front",
	"display": {
		"ground": {
			"rotation": [-45, 0, 0],
			"translation": [0, 4.5, 0],
			"scale": [0.81, 0.81, 0.81]
		},
		"gui": {
			"rotation": [90, -135, 90],
			"translation": [-1.25, -1.25, 1.5],
			"scale": [0.89, 0.89, 0.89]
		},
		"head": {
			"rotation": [90, -38, -90],
			"translation": [0, -15, 4.25]
		},
		"fixed": {
			"rotation": [-90, 45, 90],
			"translation": [0.75, -1.5, -0.25],
			"scale": [0.94, 0.94, 0.94]
		}
	},
	"groups": [
		{
			"name": "group",
			"origin": [6.5, 7, 7.5],
			"color": 0,
			"children": [0, 1, 2, 3, 4, 5, 6, 7, 8, 9]
		}
	]
}