{
	"credit": "Made with Blockbench",
	"texture_size": [64, 64],
	"textures": {
		"4": "march/tools/lucky_axe"
	},
	"elements": [
		{
			"from": [7, 1.72955, 6.39896],
			"to": [9, 7.72955, 8.39896],
			"rotation": {"angle": 0, "axis": "y", "origin": [7, 8.32955, 6.39896]},
			"faces": {
				"north": {"uv": [2, 2.5, 2.5, 4], "texture": "#4"},
				"east": {"uv": [2.75, 2.5, 3.25, 4], "texture": "#4"},
				"south": {"uv": [3.5, 0, 4, 1.5], "texture": "#4"},
				"west": {"uv": [3.5, 1.75, 4, 3.25], "texture": "#4"},
				"up": {"uv": [6.5, 6.25, 6, 5.75], "texture": "#4"},
				"down": {"uv": [2, 6.5, 1.5, 7], "texture": "#4"}
			}
		},
		{
			"from": [6.5, 10.8, 7.08995],
			"to": [9.5, 11.8, 10.08995],
			"rotation": {"angle": 0, "axis": "y", "origin": [8, 6.5, 15.38995]},
			"faces": {
				"north": {"uv": [6.75, 3.5, 7.5, 3.75], "texture": "#4"},
				"east": {"uv": [6.75, 4, 7.5, 4.25], "texture": "#4"},
				"south": {"uv": [6.75, 4.5, 7.5, 4.75], "texture": "#4"},
				"west": {"uv": [6.75, 5, 7.5, 5.25], "texture": "#4"},
				"up": {"uv": [5, 1.75, 4.25, 1], "texture": "#4"},
				"down": {"uv": [2.75, 4.25, 2, 5], "texture": "#4"}
			}
		},
		{
			"from": [6.5, 4.05, 5.86495],
			"to": [9.5, 5.05, 8.86495],
			"rotation": {"angle": 0, "axis": "y", "origin": [8, 6.5, 15.38995]},
			"faces": {
				"north": {"uv": [6.75, 5.5, 7.5, 5.75], "texture": "#4"},
				"east": {"uv": [6.75, 6, 7.5, 6.25], "texture": "#4"},
				"south": {"uv": [6.75, 6.5, 7.5, 6.75], "texture": "#4"},
				"west": {"uv": [0, 7, 0.75, 7.25], "texture": "#4"},
				"up": {"uv": [5, 2.75, 4.25, 2], "texture": "#4"},
				"down": {"uv": [3.75, 4.5, 3, 5.25], "texture": "#4"}
			}
		},
		{
			"from": [6.5, 1.35, 5.86495],
			"to": [9.5, 2.35, 8.86495],
			"rotation": {"angle": 0, "axis": "y", "origin": [8, 6.5, 15.38995]},
			"faces": {
				"north": {"uv": [7, 2.25, 7.75, 2.5], "texture": "#4"},
				"east": {"uv": [7, 2.75, 7.75, 3], "texture": "#4"},
				"south": {"uv": [3.75, 7, 4.5, 7.25], "texture": "#4"},
				"west": {"uv": [4.75, 7, 5.5, 7.25], "texture": "#4"},
				"up": {"uv": [4.75, 5.25, 4, 4.5], "texture": "#4"},
				"down": {"uv": [0.75, 4.75, 0, 5.5], "texture": "#4"}
			}
		},
		{
			"from": [6.5, 7.05, 5.86495],
			"to": [9.5, 8.05, 8.86495],
			"rotation": {"angle": 0, "axis": "y", "origin": [8, 6.5, 15.38995]},
			"faces": {
				"north": {"uv": [6.75, 7, 7.5, 7.25], "texture": "#4"},
				"east": {"uv": [1, 7.25, 1.75, 7.5], "texture": "#4"},
				"south": {"uv": [5.75, 7.25, 6.5, 7.5], "texture": "#4"},
				"west": {"uv": [0, 7.5, 0.75, 7.75], "texture": "#4"},
				"up": {"uv": [1.75, 5.5, 1, 4.75], "texture": "#4"},
				"down": {"uv": [5.5, 3, 4.75, 3.75], "texture": "#4"}
			}
		},
		{
			"from": [7, 11.38806, 7.6294],
			"to": [9, 15.38806, 9.3794],
			"rotation": {"angle": 0, "axis": "y", "origin": [8.1, 6.63806, 16.1294]},
			"faces": {
				"north": {"uv": [5.25, 1, 5.75, 2], "texture": "#4"},
				"east": {"uv": [6, 0, 6.4375, 1], "texture": "#4"},
				"south": {"uv": [2, 5.25, 2.5, 6.25], "texture": "#4"},
				"west": {"uv": [6, 3.5, 6.4375, 4.5], "texture": "#4"},
				"up": {"uv": [7.25, 1.1875, 6.75, 0.75], "texture": "#4"},
				"down": {"uv": [7.25, 1.5, 6.75, 1.9375], "texture": "#4"}
			}
		},
		{
			"from": [7.5, 15.33806, 7.9794],
			"to": [8.5, 16.33806, 8.9794],
			"rotation": {"angle": 0, "axis": "y", "origin": [8, 6.63806, 16.1294]},
			"faces": {
				"north": {"uv": [4.25, 3, 4.5, 3.25], "texture": "#4"},
				"east": {"uv": [5.25, 2.25, 5.5, 2.5], "texture": "#4"},
				"south": {"uv": [4.5, 5.5, 4.75, 5.75], "texture": "#4"},
				"west": {"uv": [1.5, 5.75, 1.75, 6], "texture": "#4"},
				"up": {"uv": [1.75, 8, 1.5, 7.75], "texture": "#4"},
				"down": {"uv": [2.25, 7.75, 2, 8], "texture": "#4"}
			}
		},
		{
			"from": [7.5, 12.75, 3.88995],
			"to": [8.5, 15.75, 7.88995],
			"rotation": {"angle": 0, "axis": "y", "origin": [8, 14.25, 5.88995]},
			"faces": {
				"north": {"uv": [5.5, 0, 5.75, 0.75], "texture": "#4"},
				"east": {"uv": [3.5, 3.5, 4.5, 4.25], "texture": "#4"},
				"south": {"uv": [7.5, 0, 7.75, 0.75], "texture": "#4"},
				"west": {"uv": [4.25, 0, 5.25, 0.75], "texture": "#4"},
				"up": {"uv": [2.5, 7.5, 2.25, 6.5], "texture": "#4"},
				"down": {"uv": [6.75, 2.25, 6.5, 3.25], "texture": "#4"}
			}
		},
		{
			"from": [7.501, 8.17593, 1.9999],
			"to": [8.499, 16.17393, 4.9979],
			"rotation": {"angle": -22.5, "axis": "x", "origin": [8, 12.67493, 2.9989]},
			"faces": {
				"north": {"uv": [2.75, 5.5, 3, 7.5], "texture": "#4"},
				"east": {"uv": [0, 2.5, 0.75, 4.5], "texture": "#4"},
				"south": {"uv": [3.25, 5.5, 3.5, 7.5], "texture": "#4"},
				"west": {"uv": [1, 2.5, 1.75, 4.5], "texture": "#4"},
				"up": {"uv": [7.75, 1.75, 7.5, 1], "texture": "#4"},
				"down": {"uv": [4, 7.5, 3.75, 8.25], "texture": "#4"}
			}
		},
		{
			"from": [7.502, 15.43629, 3.36267],
			"to": [8.496, 16.43029, 6.35667],
			"rotation": {"angle": 22.5, "axis": "x", "origin": [7.999, 16.18329, 4.03467]},
			"faces": {
				"north": {"uv": [2.5, 7.75, 2.75, 8], "texture": "#4"},
				"east": {"uv": [4.25, 7.5, 5, 7.75], "texture": "#4"},
				"south": {"uv": [3, 7.75, 3.25, 8], "texture": "#4"},
				"west": {"uv": [6.75, 7.5, 7.5, 7.75], "texture": "#4"},
				"up": {"uv": [5.5, 8.25, 5.25, 7.5], "texture": "#4"},
				"down": {"uv": [1.25, 7.75, 1, 8.5], "texture": "#4"}
			}
		},
		{
			"from": [8.601, 8.13861, 1.2032],
			"to": [8.597, 17.13461, 7.1992],
			"rotation": {"angle": 0, "axis": "y", "origin": [9.999, 15.63661, 4.7012]},
			"faces": {
				"north": {"uv": [7.75, 3.25, 7.75, 5.5], "texture": "#4"},
				"east": {"uv": [0, 0, 1.5, 2.25], "texture": "#4"},
				"south": {"uv": [3.5, 7.75, 3.5, 10], "texture": "#4"},
				"west": {"uv": [1.5, 0, 0, 2.25], "texture": "#4"},
				"up": {"uv": [5.75, 9.25, 5.75, 7.75], "texture": "#4"},
				"down": {"uv": [7.75, 5.75, 7.75, 7.25], "texture": "#4"}
			}
		},
		{
			"from": [7.401, 8.13861, 1.2032],
			"to": [7.397, 17.13461, 7.1992],
			"rotation": {"angle": 0, "axis": "y", "origin": [9.999, 15.63661, 4.7012]},
			"faces": {
				"north": {"uv": [7.75, 3.25, 7.75, 5.5], "texture": "#4"},
				"east": {"uv": [0, 0, 1.5, 2.25], "texture": "#4"},
				"south": {"uv": [3.5, 7.75, 3.5, 10], "texture": "#4"},
				"west": {"uv": [1.5, 0, 0, 2.25], "texture": "#4"},
				"up": {"uv": [5.75, 9.25, 5.75, 7.75], "texture": "#4"},
				"down": {"uv": [7.75, 5.75, 7.75, 7.25], "texture": "#4"}
			}
		},
		{
			"from": [7, 7.72955, 7.39896],
			"to": [9, 11.72955, 9.39896],
			"rotation": {"angle": 22.5, "axis": "x", "origin": [8, 10.72955, 7.39896]},
			"faces": {
				"north": {"uv": [3.75, 5.5, 4.25, 6.5], "texture": "#4"},
				"east": {"uv": [0, 5.75, 0.5, 6.75], "texture": "#4"},
				"south": {"uv": [0.75, 5.75, 1.25, 6.75], "texture": "#4"},
				"west": {"uv": [5.75, 2.25, 6.25, 3.25], "texture": "#4"},
				"up": {"uv": [6.5, 7, 6, 6.5], "texture": "#4"},
				"down": {"uv": [7.25, 0, 6.75, 0.5], "texture": "#4"}
			}
		},
		{
			"from": [6.999, -1.32145, 6.02599],
			"to": [9.001, 1.68055, 9.02799],
			"rotation": {"angle": 45, "axis": "x", "origin": [8, 0.32955, 7.45199]},
			"faces": {
				"north": {"uv": [6, 1.25, 6.5, 2], "texture": "#4"},
				"east": {"uv": [5, 4, 5.75, 4.75], "texture": "#4"},
				"south": {"uv": [4.5, 6, 5, 6.75], "texture": "#4"},
				"west": {"uv": [5, 5, 5.75, 5.75], "texture": "#4"},
				"up": {"uv": [6.5, 5.5, 6, 4.75], "texture": "#4"},
				"down": {"uv": [5.75, 6, 5.25, 6.75], "texture": "#4"}
			}
		}
	],
	"gui_light": "front",
	"display": {
		"thirdperson_righthand": {
			"translation": [-0.25, 1.5, 0.5]
		},
		"thirdperson_lefthand": {
			"translation": [-0.25, 1.5, 0.5]
		},
		"firstperson_righthand": {
			"translation": [2.5, 4, 0]
		},
		"firstperson_lefthand": {
			"translation": [2.5, 4, 0]
		},
		"ground": {
			"rotation": [-45, 0, 0],
			"translation": [0, 4.5, 0],
			"scale": [0.9, 0.9, 0.9]
		},
		"gui": {
			"rotation": [90, -135, 90],
			"translation": [-1.5, 1, 1.5],
			"scale": [0.9, 0.9, 0.9]
		},
		"head": {
			"rotation": [90, -38, -90],
			"translation": [-0.5, -16.25, 4.25],
			"scale": [1.2, 1.2, 1.2]
		},
		"fixed": {
			"rotation": [-90, 45, 90],
			"translation": [1.75, 0.75, -0.25],
			"scale": [1.15, 1.15, 1.15]
		}
	},
	"groups": [
		{
			"name": "group",
			"origin": [8, 6.5, 15.38995],
			"color": 0,
			"children": [0, 1, 2, 3, 4, 5, 6, 7, 8, 9, 10, 11, 12, 13]
		}
	]
}