{
	"credit": "Made with Blockbench",
	"texture_size": [64, 64],
	"textures": {
		"2": "march/tools/rainbow_pickaxe",
		"particle": "march/tools/rainbow_pickaxe"
	},
	"elements": [
		{
			"from": [7, -1, 7],
			"to": [9, 15, 9],
			"rotation": {"angle": 0, "axis": "y", "origin": [7, 7, 8]},
			"faces": {
				"north": {"uv": [3, 0, 3.5, 4], "texture": "#2"},
				"east": {"uv": [3.75, 0, 4.25, 4], "texture": "#2"},
				"south": {"uv": [3, 4.25, 3.5, 8.25], "texture": "#2"},
				"west": {"uv": [3.75, 4.25, 4.25, 8.25], "texture": "#2"},
				"up": {"uv": [5, 6.5, 4.5, 6], "texture": "#2"},
				"down": {"uv": [7, 5, 6.5, 5.5], "texture": "#2"}
			}
		},
		{
			"from": [7.5, -4, 6],
			"to": [8.5, -1, 9],
			"rotation": {"angle": 45, "axis": "x", "origin": [8.5, -3, 8]},
			"faces": {
				"north": {"uv": [1, 6.75, 1.25, 7.5], "texture": "#2"},
				"east": {"uv": [5.5, 5.5, 6.25, 6.25], "texture": "#2"},
				"south": {"uv": [1.5, 6.75, 1.75, 7.5], "texture": "#2"},
				"west": {"uv": [0, 5.75, 0.75, 6.5], "texture": "#2"},
				"up": {"uv": [2.25, 7.5, 2, 6.75], "texture": "#2"},
				"down": {"uv": [2.75, 6.75, 2.5, 7.5], "texture": "#2"}
			}
		},
		{
			"from": [6.5, 0, 6.5],
			"to": [9.5, 1, 9.5],
			"rotation": {"angle": 0, "axis": "y", "origin": [7.5, 7, 8.5]},
			"faces": {
				"north": {"uv": [7, 0, 7.75, 0.25], "texture": "#2"},
				"east": {"uv": [7, 0.5, 7.75, 0.75], "texture": "#2"},
				"south": {"uv": [7, 1, 7.75, 1.25], "texture": "#2"},
				"west": {"uv": [7, 1.5, 7.75, 1.75], "texture": "#2"},
				"up": {"uv": [1.75, 6.5, 1, 5.75], "texture": "#2"},
				"down": {"uv": [2.75, 5.75, 2, 6.5], "texture": "#2"}
			}
		},
		{
			"from": [6.5, 13.975, 6.5],
			"to": [9.5, 14.975, 9.5],
			"rotation": {"angle": 0, "axis": "y", "origin": [7.5, 7, 8.5]},
			"faces": {
				"north": {"uv": [7, 6.5, 7.75, 6.75], "texture": "#2"},
				"east": {"uv": [7, 7, 7.75, 7.25], "texture": "#2"},
				"south": {"uv": [4.5, 7.25, 5.25, 7.5], "texture": "#2"},
				"west": {"uv": [7.25, 5, 8, 5.25], "texture": "#2"},
				"up": {"uv": [6.75, 0.75, 6, 0], "texture": "#2"},
				"down": {"uv": [6.75, 1, 6, 1.75], "texture": "#2"}
			}
		},
		{
			"from": [7, 14.975, 5.5],
			"to": [9, 16.975, 10.5],
			"rotation": {"angle": 0, "axis": "y", "origin": [8, 15.975, 7]},
			"faces": {
				"north": {"uv": [5.25, 6.5, 5.75, 7], "texture": "#2"},
				"east": {"uv": [0, 5, 1.25, 5.5], "texture": "#2"},
				"south": {"uv": [6.5, 5.75, 7, 6.25], "texture": "#2"},
				"west": {"uv": [1.5, 5, 2.75, 5.5], "texture": "#2"},
				"up": {"uv": [6, 3.75, 5.5, 2.5], "texture": "#2"},
				"down": {"uv": [6, 4, 5.5, 5.25], "texture": "#2"}
			}
		},
		{
			"from": [8, 16.975, 5.5],
			"to": [8, 20.975, 10.5],
			"rotation": {"angle": 0, "axis": "y", "origin": [8, 15.975, 7]},
			"faces": {
				"north": {"uv": [6, 7.75, 6, 8.75], "texture": "#2"},
				"east": {"uv": [4.5, 0, 5.75, 1], "texture": "#2"},
				"south": {"uv": [6.25, 7.75, 6.25, 8.75], "texture": "#2"},
				"west": {"uv": [4.5, 1.25, 5.75, 2.25], "texture": "#2"},
				"up": {"uv": [6.5, 9, 6.5, 7.75], "texture": "#2"},
				"down": {"uv": [6.75, 7.75, 6.75, 9], "texture": "#2"}
			}
		},
		{
			"from": [8, 16.975, 5.5],
			"to": [8, 20.975, 10.5],
			"rotation": {"angle": 0, "axis": "y", "origin": [8, 15.975, 7]},
			"faces": {
				"north": {"uv": [0.8125, 2.0625, 0.8125, 2.3125], "texture": "#2"},
				"east": {"uv": [1.125, 0, 1.4375, 0.25], "texture": "#2"},
				"south": {"uv": [0.875, 2.0625, 0.875, 2.3125], "texture": "#2"},
				"west": {"uv": [1.125, 0.3125, 1.4375, 0.5625], "texture": "#2"},
				"up": {"uv": [0.9375, 2.375, 0.9375, 2.0625], "texture": "#2"},
				"down": {"uv": [1, 2.0625, 1, 2.375], "texture": "#2"}
			}
		},
		{
			"from": [8, 7.075, 9],
			"to": [8, 16.075, 14],
			"rotation": {"angle": 0, "axis": "y", "origin": [8, 15.975, 7]},
			"faces": {
				"north": {"uv": [0, 8, 0, 10.25], "texture": "#2"},
				"east": {"uv": [0, 0, 1.25, 2.25], "texture": "#2"},
				"south": {"uv": [8, 0, 8, 2.25], "texture": "#2"},
				"west": {"uv": [1.5, 0, 2.75, 2.25], "texture": "#2"},
				"up": {"uv": [0.25, 9.25, 0.25, 8], "texture": "#2"},
				"down": {"uv": [0.5, 8, 0.5, 9.25], "texture": "#2"}
			}
		},
		{
			"from": [8, 7.075, 2],
			"to": [8, 16.075, 7],
			"rotation": {"angle": 0, "axis": "y", "origin": [8, 15.975, 9]},
			"faces": {
				"north": {"uv": [0.75, 8, 0.75, 10.25], "texture": "#2"},
				"east": {"uv": [0, 2.5, 1.25, 4.75], "texture": "#2"},
				"south": {"uv": [8, 2.5, 8, 4.75], "texture": "#2"},
				"west": {"uv": [1.5, 2.5, 2.75, 4.75], "texture": "#2"},
				"up": {"uv": [5.5, 9.25, 5.5, 8], "texture": "#2"},
				"down": {"uv": [8, 5.5, 8, 6.75], "texture": "#2"}
			}
		},
		{
			"from": [7.499, 14.51361, 12.02438],
			"to": [8.501, 15.51561, 14.02638],
			"rotation": {"angle": 45, "axis": "x", "origin": [8, 14.41461, 12.35038]},
			"faces": {
				"north": {"uv": [2, 7.75, 2.25, 8], "texture": "#2"},
				"east": {"uv": [4.5, 6.75, 5, 7], "texture": "#2"},
				"south": {"uv": [2.5, 7.75, 2.75, 8], "texture": "#2"},
				"west": {"uv": [7.25, 5.5, 7.75, 5.75], "texture": "#2"},
				"up": {"uv": [5.75, 7.75, 5.5, 7.25], "texture": "#2"},
				"down": {"uv": [7.75, 2, 7.5, 2.5], "texture": "#2"}
			}
		},
		{
			"from": [7.5, 15.71595, 9.30815],
			"to": [8.5, 17.71595, 13.30815],
			"rotation": {"angle": 22.5, "axis": "x", "origin": [8, 16.21595, 9.30815]},
			"faces": {
				"north": {"uv": [7.5, 2.75, 7.75, 3.25], "texture": "#2"},
				"east": {"uv": [6.25, 2, 7.25, 2.5], "texture": "#2"},
				"south": {"uv": [7.5, 3.5, 7.75, 4], "texture": "#2"},
				"west": {"uv": [6.25, 2.75, 7.25, 3.25], "texture": "#2"},
				"up": {"uv": [6.25, 7.5, 6, 6.5], "texture": "#2"},
				"down": {"uv": [6.75, 6.5, 6.5, 7.5], "texture": "#2"}
			}
		},
		{
			"from": [7.5, 15.71595, 2.69185],
			"to": [8.5, 17.71595, 6.69185],
			"rotation": {"angle": -22.5, "axis": "x", "origin": [8, 16.21595, 6.69185]},
			"faces": {
				"north": {"uv": [7.5, 4.25, 7.75, 4.75], "texture": "#2"},
				"east": {"uv": [6.25, 3.5, 7.25, 4], "texture": "#2"},
				"south": {"uv": [7, 7.5, 7.25, 8], "texture": "#2"},
				"west": {"uv": [6.25, 4.25, 7.25, 4.75], "texture": "#2"},
				"up": {"uv": [0.25, 7.75, 0, 6.75], "texture": "#2"},
				"down": {"uv": [0.75, 6.75, 0.5, 7.75], "texture": "#2"}
			}
		},
		{
			"from": [7.499, 14.51361, 1.97362],
			"to": [8.501, 15.51561, 3.97562],
			"rotation": {"angle": -45, "axis": "x", "origin": [8, 14.41461, 3.64962]},
			"faces": {
				"north": {"uv": [4.5, 7.75, 4.75, 8], "texture": "#2"},
				"east": {"uv": [7.25, 6, 7.75, 6.25], "texture": "#2"},
				"south": {"uv": [5, 7.75, 5.25, 8], "texture": "#2"},
				"west": {"uv": [7.5, 7.5, 8, 7.75], "texture": "#2"},
				"up": {"uv": [1.25, 8.25, 1, 7.75], "texture": "#2"},
				"down": {"uv": [1.75, 7.75, 1.5, 8.25], "texture": "#2"}
			}
		},
		{
			"from": [8, 4.075, 2.8],
			"to": [8, 10.075, 5.8],
			"faces": {
				"north": {"uv": [5.75, 8, 5.75, 9.5], "texture": "#2"},
				"east": {"uv": [5.25, 4.25, 4.5, 5.75], "texture": "#2"},
				"south": {"uv": [7.5, 8, 7.5, 9.5], "texture": "#2"},
				"west": {"uv": [4.5, 4.25, 5.25, 5.75], "texture": "#2"},
				"up": {"uv": [7.75, 8.75, 7.75, 8], "texture": "#2"},
				"down": {"uv": [8, 8, 8, 8.75], "texture": "#2"}
			}
		},
		{
			"from": [8, 4.075, 10.2],
			"to": [8, 10.075, 13.2],
			"rotation": {"angle": 0, "axis": "y", "origin": [0, 0, 16]},
			"faces": {
				"north": {"uv": [7.5, 8, 7.5, 9.5], "texture": "#2"},
				"east": {"uv": [4.5, 4.25, 5.25, 5.75], "texture": "#2"},
				"south": {"uv": [5.75, 8, 5.75, 9.5], "texture": "#2"},
				"west": {"uv": [5.25, 4.25, 4.5, 5.75], "texture": "#2"},
				"up": {"uv": [7.75, 8, 7.75, 8.75], "texture": "#2"},
				"down": {"uv": [8, 8.75, 8, 8], "texture": "#2"}
			}
		}
	],
	"gui_light": "front",
	"display": {
		"thirdperson_righthand": {
			"translation": [0, -1, 0],
			"scale": [0.8, 0.8, 0.8]
		},
		"thirdperson_lefthand": {
			"translation": [0, -1, 0],
			"scale": [0.8, 0.8, 0.8]
		},
		"firstperson_righthand": {
			"translation": [3.75, -2, -0.5]
		},
		"firstperson_lefthand": {
			"translation": [3.75, -2, -0.5]
		},
		"ground": {
			"rotation": [-45, 0, 0],
			"translation": [0, 4.5, 0],
			"scale": [0.7, 0.7, 0.7]
		},
		"gui": {
			"rotation": [90, -135, 90],
			"translation": [-0.5, -0.5, 1.5],
			"scale": [0.77, 0.77, 0.77]
		},
		"head": {
			"rotation": [90, -38, -90],
			"translation": [0, -15, 4.25]
		},
		"fixed": {
			"rotation": [-90, 45, 90],
			"translation": [0.25, -0.25, -0.25],
			"scale": [0.87, 0.87, 0.87]
		}
	},
	"groups": [
		{
			"name": "group",
			"origin": [8.5, 14.50013, 12.56066],
			"color": 0,
			"children": [0, 1, 2, 3, 4, 5, 6, 7, 8, 9, 10, 11, 12, 13, 14]
		}
	]
}