{
	"credit": "Made with Blockbench",
	"texture_size": [64, 64],
	"textures": {
		"1": "march/tools/shamrock_shield"
	},
	"elements": [
		{
			"from": [7.499, 11.02672, 2.56048],
			"to": [9.499, 12.02672, 6.56048],
			"rotation": {"angle": 45, "axis": "x", "origin": [8.999, 12.52672, 5.56048]},
			"faces": {
				"north": {"uv": [9.25, 5, 9.75, 5.25], "texture": "#1"},
				"east": {"uv": [8, 2, 9, 2.25], "texture": "#1"},
				"south": {"uv": [9.25, 5.5, 9.75, 5.75], "texture": "#1"},
				"west": {"uv": [8.5, 1.5, 9.5, 1.75], "texture": "#1"},
				"up": {"uv": [5.25, 3.75, 4.75, 2.75], "texture": "#1"},
				"down": {"uv": [2, 7.25, 1.5, 8.25], "texture": "#1"}
			}
		},
		{
			"from": [7.5, 4, 2],
			"to": [9.5, 14, 3],
			"rotation": {"angle": 0, "axis": "y", "origin": [8, 11.5, 8]},
			"faces": {
				"north": {"uv": [0, 4.5, 0.5, 7], "texture": "#1"},
				"east": {"uv": [4.5, 7, 4.75, 9.5], "texture": "#1"},
				"south": {"uv": [0.75, 4.5, 1.25, 7], "texture": "#1"},
				"west": {"uv": [5, 7, 5.25, 9.5], "texture": "#1"},
				"up": {"uv": [9.25, 9.5, 8.75, 9.25], "texture": "#1"},
				"down": {"uv": [2.5, 9.5, 2, 9.75], "texture": "#1"}
			}
		},
		{
			"from": [8.501, 13.001, 6.501],
			"to": [9.499, 13.999, 9.499],
			"rotation": {"angle": -45, "axis": "x", "origin": [8, 11.5, 8]},
			"faces": {
				"north": {"uv": [1.5, 9.75, 1.75, 10], "texture": "#1"},
				"east": {"uv": [9, 0.75, 9.75, 1], "texture": "#1"},
				"south": {"uv": [4.5, 9.75, 4.75, 10], "texture": "#1"},
				"west": {"uv": [9, 3.5, 9.75, 3.75], "texture": "#1"},
				"up": {"uv": [2.5, 5.25, 2.25, 4.5], "texture": "#1"},
				"down": {"uv": [9.5, 2, 9.25, 2.75], "texture": "#1"}
			}
		},
		{
			"from": [8.501, 10.001, 9.501],
			"to": [9.499, 13.999, 10.499],
			"rotation": {"angle": -45, "axis": "x", "origin": [8, 11.5, 8]},
			"faces": {
				"north": {"uv": [1.5, 8.5, 1.75, 9.5], "texture": "#1"},
				"east": {"uv": [8.5, 3.5, 8.75, 4.5], "texture": "#1"},
				"south": {"uv": [8.25, 8.5, 8.5, 9.5], "texture": "#1"},
				"west": {"uv": [8.75, 4.75, 9, 5.75], "texture": "#1"},
				"up": {"uv": [10, 4.75, 9.75, 4.5], "texture": "#1"},
				"down": {"uv": [5.25, 9.75, 5, 10], "texture": "#1"}
			}
		},
		{
			"from": [7.499, 11.02672, 9.43952],
			"to": [9.499, 12.02672, 13.43952],
			"rotation": {"angle": -45, "axis": "x", "origin": [8.999, 12.52672, 10.43952]},
			"faces": {
				"north": {"uv": [9.5, 3, 10, 3.25], "texture": "#1"},
				"east": {"uv": [8.75, 6, 9.75, 6.25], "texture": "#1"},
				"south": {"uv": [9.5, 7, 10, 7.25], "texture": "#1"},
				"west": {"uv": [8.75, 6.5, 9.75, 6.75], "texture": "#1"},
				"up": {"uv": [7.75, 4.5, 7.25, 3.5], "texture": "#1"},
				"down": {"uv": [7.75, 4.75, 7.25, 5.75], "texture": "#1"}
			}
		},
		{
			"from": [7.5, 4, 13],
			"to": [9.5, 14, 14],
			"rotation": {"angle": 0, "axis": "y", "origin": [8, 11.5, 8]},
			"faces": {
				"north": {"uv": [1.5, 4.5, 2, 7], "texture": "#1"},
				"east": {"uv": [5.5, 7, 5.75, 9.5], "texture": "#1"},
				"south": {"uv": [4.75, 0, 5.25, 2.5], "texture": "#1"},
				"west": {"uv": [0, 7.25, 0.25, 9.75], "texture": "#1"},
				"up": {"uv": [10, 7.75, 9.5, 7.5], "texture": "#1"},
				"down": {"uv": [10, 8, 9.5, 8.25], "texture": "#1"}
			}
		},
		{
			"from": [7.501, -0.999, 8.001],
			"to": [9.499, 6.999, 8.999],
			"rotation": {"angle": 45, "axis": "x", "origin": [8, -1, 8]},
			"faces": {
				"north": {"uv": [3, 7, 3.5, 9], "texture": "#1"},
				"east": {"uv": [7.25, 6, 7.5, 8], "texture": "#1"},
				"south": {"uv": [3.75, 7, 4.25, 9], "texture": "#1"},
				"west": {"uv": [7.5, 0, 7.75, 2], "texture": "#1"},
				"up": {"uv": [10, 8.75, 9.5, 8.5], "texture": "#1"},
				"down": {"uv": [10, 9, 9.5, 9.25], "texture": "#1"}
			}
		},
		{
			"from": [7.501, -1.999, 0.001],
			"to": [9.499, -1.001, 8.999],
			"rotation": {"angle": 45, "axis": "x", "origin": [8, -1, 8]},
			"faces": {
				"north": {"uv": [9.5, 9.5, 10, 9.75], "texture": "#1"},
				"east": {"uv": [6.75, 2.5, 9, 2.75], "texture": "#1"},
				"south": {"uv": [9.75, 0, 10.25, 0.25], "texture": "#1"},
				"west": {"uv": [7, 3, 9.25, 3.25], "texture": "#1"},
				"up": {"uv": [7.25, 2.25, 6.75, 0], "texture": "#1"},
				"down": {"uv": [2.75, 7, 2.25, 9.25], "texture": "#1"}
			}
		},
		{
			"from": [5, 9.7, 7.5],
			"to": [8, 10.7, 8.5],
			"rotation": {"angle": 0, "axis": "y", "origin": [7, 11.5, 8]},
			"faces": {
				"north": {"uv": [9.75, 1.25, 10.25, 1.5], "texture": "#1"},
				"east": {"uv": [5.5, 9.75, 5.75, 10], "texture": "#1"},
				"south": {"uv": [9.75, 1.75, 10.25, 2], "texture": "#1"},
				"west": {"uv": [6, 9.75, 6.25, 10], "texture": "#1"},
				"up": {"uv": [10.25, 2.5, 9.75, 2.25], "texture": "#1"},
				"down": {"uv": [10.25, 4, 9.75, 4.25], "texture": "#1"}
			}
		},
		{
			"from": [4, 7.7, 7.5],
			"to": [5, 10.7, 8.5],
			"rotation": {"angle": 0, "axis": "y", "origin": [7, 11.5, 8]},
			"faces": {
				"north": {"uv": [3, 9.25, 3.25, 10], "texture": "#1"},
				"east": {"uv": [3.5, 9.25, 3.75, 10], "texture": "#1"},
				"south": {"uv": [4, 9.25, 4.25, 10], "texture": "#1"},
				"west": {"uv": [9.25, 4, 9.5, 4.75], "texture": "#1"},
				"up": {"uv": [6.75, 10, 6.5, 9.75], "texture": "#1"},
				"down": {"uv": [7.25, 9.75, 7, 10], "texture": "#1"}
			}
		},
		{
			"from": [7.501, -0.999, 1.001],
			"to": [8.499, 5.999, 7.999],
			"rotation": {"angle": 45, "axis": "x", "origin": [8, -1, 8]},
			"faces": {
				"north": {"uv": [7.75, 6, 8, 7.75], "texture": "#1"},
				"east": {"uv": [2.75, 0, 4.5, 1.75], "texture": "#1"},
				"south": {"uv": [8, 0, 8.25, 1.75], "texture": "#1"},
				"west": {"uv": [2.75, 2, 4.5, 3.75], "texture": "#1"},
				"up": {"uv": [8.25, 5.25, 8, 3.5], "texture": "#1"},
				"down": {"uv": [8, 8, 7.75, 9.75], "texture": "#1"}
			}
		},
		{
			"from": [7.5, 4, 3],
			"to": [8.5, 12, 13],
			"rotation": {"angle": 0, "axis": "y", "origin": [-0.5, 0, -1]},
			"faces": {
				"north": {"uv": [6, 7.5, 6.25, 9.5], "texture": "#1"},
				"east": {"uv": [0, 0, 2.5, 2], "texture": "#1"},
				"south": {"uv": [6.5, 7.5, 6.75, 9.5], "texture": "#1"},
				"west": {"uv": [0, 2.25, 2.5, 4.25], "texture": "#1"},
				"up": {"uv": [0.75, 9.75, 0.5, 7.25], "texture": "#1"},
				"down": {"uv": [1.25, 7.25, 1, 9.75], "texture": "#1"}
			}
		},
		{
			"from": [8.575, 1.4, 7.32825],
			"to": [8.575, 6.4, 11.32825],
			"rotation": {"angle": -45, "axis": "x", "origin": [8.075, 4.7, 8.82825]},
			"faces": {
				"north": {"uv": [7.5, 8.25, 7.5, 9.5], "texture": "#1"},
				"east": {"uv": [5.5, 0, 6.5, 1.25], "texture": "#1"},
				"south": {"uv": [2.75, 9.5, 2.75, 10.75], "texture": "#1"},
				"west": {"uv": [6.5, 1.5, 5.5, 2.75], "texture": "#1"},
				"up": {"uv": [7.5, 10.75, 7.5, 9.75], "texture": "#1"},
				"down": {"uv": [8.25, 9.75, 8.25, 10.75], "texture": "#1"}
			}
		},
		{
			"from": [8.65, 2.4, 4.22825],
			"to": [8.65, 7.4, 8.22825],
			"rotation": {"angle": 45, "axis": "x", "origin": [8.075, 4.7, 5.82825]},
			"faces": {
				"north": {"uv": [8.5, 9.75, 8.5, 11], "texture": "#1"},
				"east": {"uv": [2.25, 5.5, 3.25, 6.75], "texture": "#1"},
				"south": {"uv": [8.75, 9.75, 8.75, 11], "texture": "#1"},
				"west": {"uv": [4.5, 5.5, 3.5, 6.75], "texture": "#1"},
				"up": {"uv": [9, 10.75, 9, 9.75], "texture": "#1"},
				"down": {"uv": [9.25, 9.75, 9.25, 10.75], "texture": "#1"}
			}
		},
		{
			"from": [8.55, 6, 4.12825],
			"to": [8.55, 11, 8.12825],
			"rotation": {"angle": -45, "axis": "x", "origin": [8.075, 8.8, 5.82825]},
			"faces": {
				"north": {"uv": [0, 10, 0, 11.25], "texture": "#1"},
				"east": {"uv": [4.75, 5.5, 5.75, 6.75], "texture": "#1"},
				"south": {"uv": [0.25, 10, 0.25, 11.25], "texture": "#1"},
				"west": {"uv": [6.75, 3, 5.75, 4.25], "texture": "#1"},
				"up": {"uv": [0.5, 11, 0.5, 10], "texture": "#1"},
				"down": {"uv": [0.75, 10, 0.75, 11], "texture": "#1"}
			}
		},
		{
			"from": [8.575, 6.9, 7.52825],
			"to": [8.575, 11.9, 11.52825],
			"rotation": {"angle": 45, "axis": "x", "origin": [8.075, 8.8, 8.82825]},
			"faces": {
				"north": {"uv": [1, 10, 1, 11.25], "texture": "#1"},
				"east": {"uv": [6, 4.5, 7, 5.75], "texture": "#1"},
				"south": {"uv": [1.25, 10, 1.25, 11.25], "texture": "#1"},
				"west": {"uv": [7, 6, 6, 7.25], "texture": "#1"},
				"up": {"uv": [2, 11, 2, 10], "texture": "#1"},
				"down": {"uv": [2.25, 10, 2.25, 11], "texture": "#1"}
			}
		},
		{
			"from": [7.501, 9.001, 5.501],
			"to": [8.499, 13.999, 10.499],
			"rotation": {"angle": -45, "axis": "x", "origin": [8, 11.5, 8]},
			"faces": {
				"north": {"uv": [8.25, 5.5, 8.5, 6.75], "texture": "#1"},
				"east": {"uv": [2.75, 4, 4, 5.25], "texture": "#1"},
				"south": {"uv": [7, 8.25, 7.25, 9.5], "texture": "#1"},
				"west": {"uv": [4.25, 4, 5.5, 5.25], "texture": "#1"},
				"up": {"uv": [8.5, 8.25, 8.25, 7], "texture": "#1"},
				"down": {"uv": [8.75, 0, 8.5, 1.25], "texture": "#1"}
			}
		},
		{
			"from": [8.549, 10.02672, 10.43952],
			"to": [8.549, 12.02672, 12.43952],
			"rotation": {"angle": -45, "axis": "x", "origin": [8.999, 12.52672, 10.43952]},
			"faces": {
				"north": {"uv": [5.5, 3, 5.5, 3.5], "texture": "#1"},
				"east": {"uv": [8.75, 7, 9.25, 7.5], "texture": "#1"},
				"south": {"uv": [5.75, 4.5, 5.75, 5], "texture": "#1"},
				"west": {"uv": [8.75, 7.75, 9.25, 8.25], "texture": "#1"},
				"up": {"uv": [7, 4, 7, 3.5], "texture": "#1"},
				"down": {"uv": [7, 7.5, 7, 8], "texture": "#1"}
			}
		},
		{
			"from": [8.549, 10.02672, 3.56048],
			"to": [8.549, 12.02672, 5.56048],
			"rotation": {"angle": 45, "axis": "x", "origin": [8.999, 12.52672, 5.56048]},
			"faces": {
				"north": {"uv": [2, 8.5, 2, 9], "texture": "#1"},
				"east": {"uv": [8.75, 8.5, 9.25, 9], "texture": "#1"},
				"south": {"uv": [8.5, 4.75, 8.5, 5.25], "texture": "#1"},
				"west": {"uv": [9, 0, 9.5, 0.5], "texture": "#1"},
				"up": {"uv": [9, 4.5, 9, 4], "texture": "#1"},
				"down": {"uv": [10, 0.5, 10, 1], "texture": "#1"}
			}
		}
	],
	"gui_light": "front",
	"display": {
		"thirdperson_righthand": {
			"translation": [2, -1.75, 0.75]
		},
		"thirdperson_lefthand": {
			"rotation": [0, -180, 0],
			"translation": [2, -1.75, 0.75]
		},
		"firstperson_righthand": {
			"rotation": [0, 90, 0],
			"translation": [0, 0.25, 0]
		},
		"firstperson_lefthand": {
			"rotation": [0, -90, 0],
			"translation": [0, 0.25, 0]
		},
		"ground": {
			"rotation": [-45, 0, 0],
			"translation": [0, 4.5, 0],
			"scale": [0.8, 0.8, 0.8]
		},
		"gui": {
			"rotation": [89, -135, 90],
			"translation": [0.5, 0, 1.25],
			"scale": [0.97, 0.97, 0.97]
		},
		"head": {
			"rotation": [-90, -38, -90],
			"translation": [1.25, -17, 4.25],
			"scale": [1.19, 1.19, 1.19]
		},
		"fixed": {
			"rotation": [-90, 45, 90],
			"translation": [0, 0.5, 1.25],
			"scale": [1.12, 1.12, 1.12]
		}
	},
	"groups": [
		{
			"name": "group",
			"origin": [8, -1, 8],
			"color": 0,
			"children": [0, 1, 2, 3, 4, 5, 6, 7, 8, 9]
		},
		{
			"name": "group",
			"origin": [8.999, 12.52672, 5.56048],
			"color": 0,
			"children": [
				10,
				11,
				{
					"name": "group",
					"origin": [8.075, 8.8, 8.82825],
					"color": 0,
					"children": [12, 13, 14, 15]
				},
				16,
				17,
				18
			]
		}
	]
}