{
	"credit": "Made by Manning Design",
	"texture_size": [32, 32],
	"textures": {
		"1": "valentines/cosmetics/bs_box_of_chocolates_texture",
		"particle": "valentines/cosmetics/bs_box_of_chocolates_texture"
	},
	"elements": [
		{
			"from": [6.55, 0, 4.425],
			"to": [11.55, 2, 9.425],
			"rotation": {"angle": 22.5, "axis": "y", "origin": [8.3, 1, 7.525]},
			"faces": {
				"north": {"uv": [5, 4, 7.5, 5], "texture": "#1"},
				"east": {"uv": [6.5, 5, 9, 6], "texture": "#1"},
				"south": {"uv": [5.5, 6.5, 8, 7.5], "texture": "#1"},
				"west": {"uv": [7.5, 0, 10, 1], "texture": "#1"},
				"up": {"uv": [2.5, 2.5, 0, 0], "texture": "#1"},
				"down": {"uv": [2.5, 2.5, 0, 5], "texture": "#1"}
			}
		},
		{
			"from": [3.55, 0, 4.425],
			"to": [6.55, 2, 9.425],
			"rotation": {"angle": 22.5, "axis": "y", "origin": [8.3, 1, 7.525]},
			"faces": {
				"north": {"uv": [8, 9, 9.5, 10], "texture": "#1"},
				"east": {"uv": [0, 8, 2.5, 9], "texture": "#1"},
				"south": {"uv": [5, 9.5, 6.5, 10.5], "texture": "#1"},
				"west": {"uv": [8, 1, 10.5, 2], "texture": "#1"},
				"up": {"uv": [6.5, 4, 5, 1.5], "texture": "#1"},
				"down": {"uv": [4, 5, 2.5, 7.5], "texture": "#1"}
			}
		},
		{
			"from": [6.55, 0, 9.425],
			"to": [11.55, 2, 12.425],
			"rotation": {"angle": 22.5, "axis": "y", "origin": [8.3, 1, 7.525]},
			"faces": {
				"north": {"uv": [7.5, 4, 10, 5], "texture": "#1"},
				"east": {"uv": [2.5, 7.5, 4, 8.5], "texture": "#1"},
				"south": {"uv": [5.5, 7.5, 8, 8.5], "texture": "#1"},
				"west": {"uv": [9, 5, 10.5, 6], "texture": "#1"},
				"up": {"uv": [2.5, 6.5, 0, 5], "texture": "#1"},
				"down": {"uv": [7.5, 0, 5, 1.5], "texture": "#1"}
			}
		},
		{
			"from": [6.35, -0.2, 4.225],
			"to": [11.75, 2.2, 9.625],
			"rotation": {"angle": 22.5, "axis": "y", "origin": [8.3, 1, 7.525]},
			"faces": {
				"north": {"uv": [8, 6, 10.5, 7], "texture": "#1"},
				"east": {"uv": [8, 7, 10.5, 8], "texture": "#1"},
				"south": {"uv": [8, 8, 10.5, 9], "texture": "#1"},
				"west": {"uv": [5.5, 8.5, 8, 9.5], "texture": "#1"},
				"up": {"uv": [5, 2.5, 2.5, 0], "texture": "#1"},
				"down": {"uv": [5, 2.5, 2.5, 5], "texture": "#1"}
			}
		},
		{
			"from": [3.35, -0.2, 4.225],
			"to": [6.75, 2.2, 9.625],
			"rotation": {"angle": 22.5, "axis": "y", "origin": [8.3, 1, 7.525]},
			"faces": {
				"north": {"uv": [0, 10, 1.5, 11], "texture": "#1"},
				"east": {"uv": [0, 9, 2.5, 10], "texture": "#1"},
				"south": {"uv": [10, 0, 11.5, 1], "texture": "#1"},
				"west": {"uv": [2.5, 9, 5, 10], "texture": "#1"},
				"up": {"uv": [8, 4, 6.5, 1.5], "texture": "#1"},
				"down": {"uv": [5.5, 6.5, 4, 9], "texture": "#1"}
			}
		},
		{
			"from": [6.35, -0.2, 9.225],
			"to": [11.75, 2.2, 12.625],
			"rotation": {"angle": 22.5, "axis": "y", "origin": [8.3, 1, 7.525]},
			"faces": {
				"north": {"uv": [8, 2, 10.5, 3], "texture": "#1"},
				"east": {"uv": [6.5, 9.5, 8, 10.5], "texture": "#1"},
				"south": {"uv": [8, 3, 10.5, 4], "texture": "#1"},
				"west": {"uv": [9.5, 9, 11, 10], "texture": "#1"},
				"up": {"uv": [6.5, 6.5, 4, 5], "texture": "#1"},
				"down": {"uv": [2.5, 6.5, 0, 8], "texture": "#1"}
			}
		},
		{
			"from": [9.05, 2.175, 8.525],
			"to": [11.05, 2.175, 10.525],
			"rotation": {"angle": 22.5, "axis": "y", "origin": [10.8, 2.325, 9.525]},
			"faces": {
				"north": {"uv": [0, 0, 1, 0], "texture": "#1"},
				"east": {"uv": [0, 0, 1, 0], "texture": "#1"},
				"south": {"uv": [0, 0, 1, 0], "texture": "#1"},
				"west": {"uv": [0, 0, 1, 0], "texture": "#1"},
				"up": {"uv": [2.5, 11, 1.5, 10], "texture": "#1"},
				"down": {"uv": [3.5, 10, 2.5, 11], "texture": "#1"}
			}
		},
		{
			"from": [10.06242, 2.275, 7.92813],
			"to": [12.06242, 2.275, 9.92813],
			"rotation": {"angle": -22.5, "axis": "y", "origin": [10.31242, 2.275, 8.17813]},
			"faces": {
				"north": {"uv": [0, 0, 1, 0], "texture": "#1"},
				"east": {"uv": [0, 0, 1, 0], "texture": "#1"},
				"south": {"uv": [0, 0, 1, 0], "texture": "#1"},
				"west": {"uv": [0, 0, 1, 0], "texture": "#1"},
				"up": {"uv": [4.5, 11, 3.5, 10], "texture": "#1"},
				"down": {"uv": [11, 4, 10, 5], "texture": "#1"}
			}
		},
		{
			"from": [8.4892, 2.25, 8.60491],
			"to": [10.4892, 2.25, 10.60491],
			"rotation": {"angle": -22.5, "axis": "y", "origin": [8.7392, 2.275, 8.85491]},
			"faces": {
				"north": {"uv": [0, 0, 1, 0], "texture": "#1"},
				"east": {"uv": [0, 0, 1, 0], "texture": "#1"},
				"south": {"uv": [0, 0, 1, 0], "texture": "#1"},
				"west": {"uv": [0, 0, 1, 0], "texture": "#1"},
				"up": {"uv": [9, 11, 8, 10], "texture": "#1"},
				"down": {"uv": [10, 10, 9, 11], "texture": "#1"}
			}
		},
		{
			"from": [8.65, 2.3, 8.25],
			"to": [10.65, 2.3, 10.25],
			"rotation": {"angle": 22.5, "axis": "y", "origin": [10.475, 2.325, 8.775]},
			"faces": {
				"north": {"uv": [0, 0, 1, 0], "texture": "#1"},
				"east": {"uv": [0, 0, 1, 0], "texture": "#1"},
				"south": {"uv": [0, 0, 1, 0], "texture": "#1"},
				"west": {"uv": [0, 0, 1, 0], "texture": "#1"},
				"up": {"uv": [2.5, 12, 1.5, 11], "texture": "#1"},
				"down": {"uv": [3.5, 10, 2.5, 11], "texture": "#1"}
			}
		}
	],
	"display": {
		"thirdperson_righthand": {
			"rotation": [82, -180, 0],
			"translation": [0.5, 1.25, 6.5]
		},
		"thirdperson_lefthand": {
			"rotation": [82, -180, 0],
			"translation": [0.5, 1.25, 6.5]
		},
		"firstperson_righthand": {
			"rotation": [34, 177, 0],
			"translation": [0, 8.5, 4.25]
		},
		"firstperson_lefthand": {
			"rotation": [30, 150, -27],
			"translation": [-3.25, 7, 5.5],
			"scale": [0.51, 0.51, 0.51]
		},
		"ground": {
			"translation": [0, 5.75, 0],
			"scale": [0.7, 0.7, 0.7]
		},
		"gui": {
			"rotation": [-108.32, -9.36, 168.09],
			"translation": [-1.75, 2.75, 0],
			"scale": [1.35, 1.35, 1.35]
		},
		"head": {
			"translation": [0, -31.25, 0],
			"scale": [1.5, 1.5, 1.5]
		},
		"fixed": {
			"rotation": [-90, 20, 0],
			"translation": [0, 0, -11.75],
			"scale": [1.65, 1.65, 1.65]
		}
	},
	"groups": [
		0,
		1,
		2,
		{
			"name": "group",
			"origin": [8, 1, 8],
			"color": 0,
			"children": [3, 4, 5, 6, 7, 8]
		},
		9
	]
}