{
	"credit": "Made by Manning Design",
	"textures": {
		"3": "valentines/cosmetics/bs_love_teddy_bear_texture",
		"4": "valentines/cosmetics/bs_love_teddy_bear_texture_2"
	},
	"elements": [
		{
			"from": [5.45, 3.57464, 5.76361],
			"to": [10.55, 8.67464, 10.86361],
			"rotation": {"angle": 0, "axis": "y", "origin": [8, 6.33686, 6.44394]},
			"faces": {
				"north": {"uv": [2.5, 5, 5, 7.5], "texture": "#3"},
				"east": {"uv": [5, 2.5, 7.5, 5], "texture": "#3"},
				"south": {"uv": [5, 5, 7.5, 7.5], "texture": "#3"},
				"west": {"uv": [0, 7.5, 2.5, 10], "texture": "#3"},
				"up": {"uv": [10, 2.5, 7.5, 0], "texture": "#3"},
				"down": {"uv": [5, 7.5, 2.5, 10], "texture": "#3"}
			}
		},
		{
			"from": [6.45, -0.05, 6.95],
			"to": [9.55, 5.05, 9.8],
			"rotation": {"angle": 0, "axis": "y", "origin": [0, 1, -1]},
			"faces": {
				"north": {"uv": [8, 7.5, 9.5, 10], "texture": "#3"},
				"east": {"uv": [9, 2.5, 10.5, 5], "texture": "#3"},
				"south": {"uv": [9, 5, 10.5, 7.5], "texture": "#3"},
				"west": {"uv": [9.5, 7.5, 11, 10], "texture": "#3"},
				"up": {"uv": [3, 11.5, 1.5, 10], "texture": "#3"},
				"down": {"uv": [4.5, 10, 3, 11.5], "texture": "#3"}
			}
		},
		{
			"from": [8.7, -0.041, 5.95],
			"to": [10.3, 1.559, 9.05],
			"rotation": {"angle": -22.5, "axis": "y", "origin": [10.25, 0.525, 6.5]},
			"faces": {
				"north": {"uv": [13.5, 7.5, 14.5, 8.5], "texture": "#3"},
				"east": {"uv": [11, 9, 12.5, 10], "texture": "#3"},
				"south": {"uv": [13.5, 8.5, 14.5, 9.5], "texture": "#3"},
				"west": {"uv": [11.5, 1.5, 13, 2.5], "texture": "#3"},
				"up": {"uv": [12.5, 6.5, 11.5, 5], "texture": "#3"},
				"down": {"uv": [7, 11.5, 6, 13], "texture": "#3"}
			}
		},
		{
			"from": [5.7, -0.041, 5.95],
			"to": [7.3, 1.559, 9.05],
			"rotation": {"angle": 22.5, "axis": "y", "origin": [5.75, 0.525, 6.5]},
			"faces": {
				"north": {"uv": [13.5, 9.5, 14.5, 10.5], "texture": "#3"},
				"east": {"uv": [7, 11.5, 8.5, 12.5], "texture": "#3"},
				"south": {"uv": [1, 14, 2, 15], "texture": "#3"},
				"west": {"uv": [8.5, 11.5, 10, 12.5], "texture": "#3"},
				"up": {"uv": [12.5, 12.5, 11.5, 11], "texture": "#3"},
				"down": {"uv": [13, 6.5, 12, 8], "texture": "#3"}
			}
		},
		{
			"from": [9.12678, 2.62678, 5.475],
			"to": [10.72678, 4.22678, 8.575],
			"rotation": {"angle": -22.5, "axis": "x", "origin": [9.92678, 3.17678, 8.525]},
			"faces": {
				"north": {"uv": [6, 14, 5, 15], "rotation": 270, "texture": "#3"},
				"east": {"uv": [9, 12.5, 10, 14], "rotation": 270, "texture": "#3"},
				"south": {"uv": [5, 15, 4, 14], "rotation": 270, "texture": "#3"},
				"west": {"uv": [8, 12.5, 9, 14], "rotation": 90, "texture": "#3"},
				"up": {"uv": [12.5, 8, 13.5, 9.5], "rotation": 180, "texture": "#3"},
				"down": {"uv": [12.5, 8, 13.5, 9.5], "texture": "#3"}
			}
		},
		{
			"from": [5.12678, 2.62678, 5.475],
			"to": [6.72678, 4.22678, 8.575],
			"rotation": {"angle": -22.5, "axis": "x", "origin": [9.92678, 3.17678, 8.525]},
			"faces": {
				"north": {"uv": [6, 15, 5, 14], "rotation": 270, "texture": "#3"},
				"east": {"uv": [10, 12.5, 9, 14], "rotation": 270, "texture": "#3"},
				"south": {"uv": [4, 15, 5, 14], "rotation": 270, "texture": "#3"},
				"west": {"uv": [10, 12.5, 9, 14], "rotation": 90, "texture": "#3"},
				"up": {"uv": [13.5, 8, 12.5, 9.5], "rotation": 180, "texture": "#3"},
				"down": {"uv": [13.5, 8, 12.5, 9.5], "texture": "#3"}
			}
		},
		{
			"from": [7, 0, 9.75],
			"to": [9, 1.5, 10.75],
			"faces": {
				"north": {"uv": [14, 5.5, 15, 6.5], "texture": "#3"},
				"east": {"uv": [10, 11.5, 10.5, 12.5], "texture": "#3"},
				"south": {"uv": [6, 14, 7, 15], "texture": "#3"},
				"west": {"uv": [12, 2.5, 12.5, 3.5], "texture": "#3"},
				"up": {"uv": [15, 7, 14, 6.5], "texture": "#3"},
				"down": {"uv": [8, 14, 7, 14.5], "texture": "#3"}
			}
		},
		{
			"from": [4.5, 6.93015, 7.74584],
			"to": [7.5, 9.43015, 9.24584],
			"rotation": {"angle": 0, "axis": "y", "origin": [8, 6.33686, 6.44394]},
			"faces": {
				"north": {"uv": [4.5, 10, 6, 11.5], "texture": "#3"},
				"east": {"uv": [10, 12.5, 11, 14], "texture": "#3"},
				"south": {"uv": [6, 10, 7.5, 11.5], "texture": "#3"},
				"west": {"uv": [11, 12.5, 12, 14], "texture": "#3"},
				"up": {"uv": [14, 6.5, 12.5, 5.5], "texture": "#3"},
				"down": {"uv": [14, 11, 12.5, 12], "texture": "#3"}
			}
		},
		{
			"from": [6.5, 3.85515, 4.82084],
			"to": [9.5, 5.60515, 5.82084],
			"rotation": {"angle": 0, "axis": "y", "origin": [8, 6.33686, 6.44394]},
			"faces": {
				"north": {"uv": [2.5, 13, 4, 14], "texture": "#3"},
				"east": {"uv": [12, 8, 12.5, 9], "texture": "#3"},
				"south": {"uv": [4, 13, 5.5, 14], "texture": "#3"},
				"west": {"uv": [12, 10, 12.5, 11], "texture": "#3"},
				"up": {"uv": [15, 1.5, 13.5, 1], "texture": "#3"},
				"down": {"uv": [15, 10.5, 13.5, 11], "texture": "#3"}
			}
		},
		{
			"from": [8.5, 6.93015, 7.74584],
			"to": [11.5, 9.43015, 9.24584],
			"rotation": {"angle": 0, "axis": "y", "origin": [8, 6.33686, 6.44394]},
			"faces": {
				"north": {"uv": [7.5, 10, 9, 11.5], "texture": "#3"},
				"east": {"uv": [12, 12.5, 13, 14], "texture": "#3"},
				"south": {"uv": [9, 10, 10.5, 11.5], "texture": "#3"},
				"west": {"uv": [0, 13, 1, 14.5], "texture": "#3"},
				"up": {"uv": [2.5, 14, 1, 13], "texture": "#3"},
				"down": {"uv": [14.5, 1.5, 13, 2.5], "texture": "#3"}
			}
		},
		{
			"from": [7.3, 0.3, 5],
			"to": [9.3, 2.3, 6],
			"rotation": {"angle": 45, "axis": "z", "origin": [8, 1, 4.5]},
			"faces": {
				"north": {"uv": [0, 0, 2, 2], "texture": "#4"},
				"east": {"uv": [0, 4, 1, 6], "texture": "#4"},
				"south": {"uv": [0, 2, 2, 4], "texture": "#4"},
				"west": {"uv": [4, 0, 5, 2], "texture": "#4"},
				"up": {"uv": [3, 5, 1, 4], "texture": "#4"},
				"down": {"uv": [6, 2, 4, 3], "texture": "#4"}
			}
		},
		{
			"from": [7.3, 2.3, 5],
			"to": [9.3, 3.3, 6],
			"rotation": {"angle": 45, "axis": "z", "origin": [8, 1, 4.5]},
			"faces": {
				"north": {"uv": [3, 4, 5, 5], "texture": "#4"},
				"east": {"uv": [4, 5, 5, 6], "texture": "#4"},
				"south": {"uv": [4, 3, 6, 4], "texture": "#4"},
				"west": {"uv": [5, 4, 6, 5], "texture": "#4"},
				"up": {"uv": [7, 1, 5, 0], "texture": "#4"},
				"down": {"uv": [3, 5, 1, 6], "texture": "#4"}
			}
		},
		{
			"from": [9.3, 0.3, 5],
			"to": [10.3, 2.3, 6],
			"rotation": {"angle": 45, "axis": "z", "origin": [8, 1, 4.5]},
			"faces": {
				"north": {"uv": [2, 0, 3, 2], "texture": "#4"},
				"east": {"uv": [2, 2, 3, 4], "texture": "#4"},
				"south": {"uv": [3, 0, 4, 2], "texture": "#4"},
				"west": {"uv": [3, 2, 4, 4], "texture": "#4"},
				"up": {"uv": [6, 2, 5, 1], "texture": "#4"},
				"down": {"uv": [4, 5, 3, 6], "texture": "#4"}
			}
		}
	],
	"display": {
		"thirdperson_righthand": {
			"translation": [0, 3.25, 0]
		},
		"thirdperson_lefthand": {
			"translation": [0, 3.25, 0]
		},
		"firstperson_righthand": {
			"rotation": [0, 110, 0],
			"translation": [0, 6.25, 0]
		},
		"firstperson_lefthand": {
			"rotation": [0, 110, 0],
			"translation": [0, 6.25, 0]
		},
		"ground": {
			"translation": [0, 7, 0]
		},
		"gui": {
			"rotation": [18, 153, 0],
			"translation": [0, 3.5, 0],
			"scale": [1.2, 1.2, 1.2]
		},
		"head": {
			"translation": [0, 17, 0],
			"scale": [1.3, 1.3, 1.3]
		},
		"fixed": {
			"translation": [0, 5.76, -1],
			"scale": [1.8, 1.8, 1.8]
		}
	},
	"groups": [
		{
			"name": "2nd_layer",
			"origin": [9.75, 3, 9.025],
			"color": 0,
			"children": []
		},
		{
			"name": "2nd_layer",
			"origin": [9.75, 3, 9.025],
			"color": 0,
			"children": [0, 1, 2, 3, 4, 5]
		},
		6,
		7,
		8,
		9,
		10,
		11,
		12
	]
}