{
	"credit": "Made by Manning Design",
	"textures": {
		"1": "valentines/cosmetics/bs_ring_box_texture",
		"particle": "valentines/cosmetics/bs_ring_box_texture"
	},
	"elements": [
		{
			"from": [6.5, 1.5, 6.5],
			"to": [9.5, 1.5, 9.5],
			"faces": {
				"north": {"uv": [0, 0, 3, 0], "texture": "#1"},
				"east": {"uv": [0, 0, 3, 0], "texture": "#1"},
				"south": {"uv": [0, 0, 3, 0], "texture": "#1"},
				"west": {"uv": [0, 0, 3, 0], "texture": "#1"},
				"up": {"uv": [3, 3, 0, 0], "texture": "#1"},
				"down": {"uv": [3, 3, 0, 6], "texture": "#1"}
			}
		},
		{
			"from": [7, 0.75, 7],
			"to": [9, 1.75, 9],
			"faces": {
				"north": {"uv": [3, 11, 5, 12], "texture": "#1"},
				"east": {"uv": [11, 4, 13, 5], "texture": "#1"},
				"south": {"uv": [5, 11, 7, 12], "texture": "#1"},
				"west": {"uv": [11, 5, 13, 6], "texture": "#1"},
				"up": {"uv": [11, 6, 9, 4], "texture": "#1"},
				"down": {"uv": [8, 9, 6, 11], "texture": "#1"}
			}
		},
		{
			"from": [7.5, 2.31, 7.5],
			"to": [8.5, 2.31, 8.5],
			"faces": {
				"north": {"uv": [0, 0, 1, 0], "texture": "#1"},
				"east": {"uv": [0, 0, 1, 0], "texture": "#1"},
				"south": {"uv": [0, 0, 1, 0], "texture": "#1"},
				"west": {"uv": [0, 0, 1, 0], "texture": "#1"},
				"up": {"uv": [12, 14, 10, 12], "texture": "#1"},
				"down": {"uv": [12, 11, 11, 12], "texture": "#1"}
			}
		},
		{
			"from": [8.25, 1.625, 7.5],
			"to": [8.25, 2.625, 8.5],
			"rotation": {"angle": 45, "axis": "z", "origin": [8.5, 2.125, 8]},
			"faces": {
				"north": {"uv": [0, 0, 0, 1], "texture": "#1"},
				"east": {"uv": [12, 6, 14, 8], "texture": "#1"},
				"south": {"uv": [0, 0, 0, 1], "texture": "#1"},
				"west": {"uv": [14, 6, 12, 8], "texture": "#1"},
				"up": {"uv": [0, 1, 0, 0], "texture": "#1"},
				"down": {"uv": [0, 0, 0, 1], "texture": "#1"}
			}
		},
		{
			"from": [8, 0.876, 7.5],
			"to": [8, 1.876, 8.5],
			"rotation": {"angle": -45, "axis": "z", "origin": [8.5, 2.125, 8]},
			"faces": {
				"north": {"uv": [0, 0, 0, 1], "texture": "#1"},
				"east": {"uv": [14, 8, 12, 10], "texture": "#1"},
				"south": {"uv": [0, 0, 0, 1], "texture": "#1"},
				"west": {"uv": [12, 8, 14, 10], "texture": "#1"},
				"up": {"uv": [0, 1, 0, 0], "texture": "#1"},
				"down": {"uv": [0, 0, 0, 1], "texture": "#1"}
			}
		},
		{
			"from": [9.5, 0, 6.5],
			"to": [9.5, 2, 9.5],
			"faces": {
				"north": {"uv": [0, 0, 0, 2], "texture": "#1"},
				"east": {"uv": [3, 8, 6, 10], "texture": "#1"},
				"south": {"uv": [0, 0, 0, 2], "texture": "#1"},
				"west": {"uv": [0, 9, 3, 11], "texture": "#1"},
				"up": {"uv": [0, 3, 0, 0], "texture": "#1"},
				"down": {"uv": [0, 0, 0, 3], "texture": "#1"}
			}
		},
		{
			"from": [6.5, 0, 6.5],
			"to": [9.5, 0, 9.5],
			"faces": {
				"north": {"uv": [0, 0, 3, 0], "texture": "#1"},
				"east": {"uv": [0, 0, 3, 0], "texture": "#1"},
				"south": {"uv": [0, 0, 3, 0], "texture": "#1"},
				"west": {"uv": [0, 0, 3, 0], "texture": "#1"},
				"up": {"uv": [3, 9, 0, 6], "texture": "#1"},
				"down": {"uv": [9, 0, 6, 3], "texture": "#1"}
			}
		},
		{
			"from": [6.501, 4.44553, 9.21247],
			"to": [9.501, 4.44553, 10.21247],
			"rotation": {"angle": -22.5, "axis": "x", "origin": [8.001, 2.44553, 7.96247]},
			"faces": {
				"north": {"uv": [0, 0, 3, 0], "texture": "#1"},
				"east": {"uv": [0, 0, 1, 0], "texture": "#1"},
				"south": {"uv": [0, 0, 3, 0], "texture": "#1"},
				"west": {"uv": [0, 0, 1, 0], "texture": "#1"},
				"up": {"uv": [13, 11, 10, 10], "texture": "#1"},
				"down": {"uv": [3, 11, 0, 12], "texture": "#1"}
			}
		},
		{
			"from": [6.501, 1.44553, 10.21247],
			"to": [9.501, 4.44553, 10.21247],
			"rotation": {"angle": -22.5, "axis": "x", "origin": [8.001, 2.44553, 7.96247]},
			"faces": {
				"north": {"uv": [3, 0, 6, 3], "texture": "#1"},
				"east": {"uv": [0, 0, 0, 3], "texture": "#1"},
				"south": {"uv": [3, 3, 6, 6], "texture": "#1"},
				"west": {"uv": [0, 0, 0, 3], "texture": "#1"},
				"up": {"uv": [3, 0, 0, 0], "texture": "#1"},
				"down": {"uv": [3, 0, 0, 0], "texture": "#1"}
			}
		},
		{
			"from": [6.5, 1.44553, 9.21247],
			"to": [6.5, 4.44553, 10.21247],
			"rotation": {"angle": -22.5, "axis": "x", "origin": [8, 2.44553, 7.96247]},
			"faces": {
				"north": {"uv": [0, 0, 0, 3], "texture": "#1"},
				"east": {"uv": [10, 6, 11, 9], "texture": "#1"},
				"south": {"uv": [0, 0, 0, 3], "texture": "#1"},
				"west": {"uv": [9, 10, 10, 13], "texture": "#1"},
				"up": {"uv": [0, 1, 0, 0], "texture": "#1"},
				"down": {"uv": [0, 0, 0, 1], "texture": "#1"}
			}
		},
		{
			"from": [6.501, 1.4446, 9.21285],
			"to": [9.501, 1.4446, 10.21285],
			"rotation": {"angle": -22.5, "axis": "x", "origin": [8.001, 2.4446, 7.96285]},
			"faces": {
				"north": {"uv": [0, 0, 3, 0], "texture": "#1"},
				"east": {"uv": [0, 0, 1, 0], "texture": "#1"},
				"south": {"uv": [0, 0, 3, 0], "texture": "#1"},
				"west": {"uv": [0, 0, 1, 0], "texture": "#1"},
				"up": {"uv": [12, 10, 9, 9], "texture": "#1"},
				"down": {"uv": [6, 10, 3, 11], "texture": "#1"}
			}
		},
		{
			"from": [9.5, 1.44553, 9.21247],
			"to": [9.5, 4.44553, 10.21247],
			"rotation": {"angle": -22.5, "axis": "x", "origin": [8, 2.44553, 7.96247]},
			"faces": {
				"north": {"uv": [0, 0, 0, 3], "texture": "#1"},
				"east": {"uv": [9, 6, 10, 9], "texture": "#1"},
				"south": {"uv": [0, 0, 0, 3], "texture": "#1"},
				"west": {"uv": [8, 9, 9, 12], "texture": "#1"},
				"up": {"uv": [0, 1, 0, 0], "texture": "#1"},
				"down": {"uv": [0, 0, 0, 1], "texture": "#1"}
			}
		},
		{
			"from": [6.5, 0, 6.5],
			"to": [6.5, 2, 9.5],
			"faces": {
				"north": {"uv": [0, 0, 0, 2], "texture": "#1"},
				"east": {"uv": [9, 0, 12, 2], "texture": "#1"},
				"south": {"uv": [0, 0, 0, 2], "texture": "#1"},
				"west": {"uv": [9, 2, 12, 4], "texture": "#1"},
				"up": {"uv": [0, 3, 0, 0], "texture": "#1"},
				"down": {"uv": [0, 0, 0, 3], "texture": "#1"}
			}
		},
		{
			"from": [6.5, 0, 9.5],
			"to": [9.5, 2, 9.5],
			"faces": {
				"north": {"uv": [3, 6, 6, 8], "texture": "#1"},
				"east": {"uv": [0, 0, 0, 2], "texture": "#1"},
				"south": {"uv": [6, 3, 9, 5], "texture": "#1"},
				"west": {"uv": [0, 0, 0, 2], "texture": "#1"},
				"up": {"uv": [3, 0, 0, 0], "texture": "#1"},
				"down": {"uv": [3, 0, 0, 0], "texture": "#1"}
			}
		},
		{
			"from": [6.5, 0, 6.5],
			"to": [9.5, 2, 6.5],
			"faces": {
				"north": {"uv": [6, 5, 9, 7], "texture": "#1"},
				"east": {"uv": [0, 0, 0, 2], "texture": "#1"},
				"south": {"uv": [6, 7, 9, 9], "texture": "#1"},
				"west": {"uv": [0, 0, 0, 2], "texture": "#1"},
				"up": {"uv": [3, 0, 0, 0], "texture": "#1"},
				"down": {"uv": [3, 0, 0, 0], "texture": "#1"}
			}
		}
	],
	"display": {
		"thirdperson_righthand": {
			"rotation": [50, 135, 0],
			"translation": [0, 5.75, 5]
		},
		"thirdperson_lefthand": {
			"rotation": [50, 135, 0],
			"translation": [0, 5.75, 5]
		},
		"firstperson_righthand": {
			"rotation": [0, 117, 0],
			"translation": [0, 8.5, 1.5]
		},
		"firstperson_lefthand": {
			"rotation": [0, 117, 0],
			"translation": [0, 8.5, 1.5]
		},
		"ground": {
			"translation": [0, 9, 0],
			"scale": [1.5, 1.5, 1.5]
		},
		"gui": {
			"rotation": [30, 135, 0],
			"translation": [0, 8, 0],
			"scale": [1.75, 1.75, 1.75]
		},
		"fixed": {
			"rotation": [-30, 0, 0],
			"translation": [0, 11, -10],
			"scale": [2.25, 2.25, 2.25]
		}
	}
}