{
	"credit": "Made by Manning Design",
	"texture_size": [32, 32],
	"textures": {
		"5": "valentines/cosmetics/bs_rose_glass_texture",
		"6": "valentines/cosmetics/bs_rose_in_glass_texture_2",
		"7": "valentines/cosmetics/bs_solo_rose_texture",
		"particle": "valentines/cosmetics/bs_rose_glass_texture"
	},
	"elements": [
		{
			"from": [6.5, 2.5, 7.25],
			"to": [8.5, 4.5, 7.25],
			"faces": {
				"north": {"uv": [2, 0, 4, 2], "texture": "#6"},
				"east": {"uv": [0, 0, 0, 2], "texture": "#6"},
				"south": {"uv": [4, 0, 2, 2], "texture": "#6"},
				"west": {"uv": [0, 0, 0, 2], "texture": "#6"},
				"up": {"uv": [2, 0, 0, 0], "texture": "#6"},
				"down": {"uv": [2, 0, 0, 0], "texture": "#6"}
			}
		},
		{
			"from": [6, 6, 8.75],
			"to": [8, 8, 8.75],
			"rotation": {"angle": 0, "axis": "y", "origin": [16, 0, 0]},
			"faces": {
				"north": {"uv": [2, 0, 0, 2], "texture": "#6"},
				"east": {"uv": [0, 0, 0, 2], "texture": "#6"},
				"south": {"uv": [0, 0, 2, 2], "texture": "#6"},
				"west": {"uv": [0, 0, 0, 2], "texture": "#6"},
				"up": {"uv": [0, 0, 2, 0], "texture": "#6"},
				"down": {"uv": [0, 0, 2, 0], "texture": "#6"}
			}
		},
		{
			"from": [7.5, 2.5, 8.75],
			"to": [9.5, 4.5, 8.75],
			"rotation": {"angle": 0, "axis": "y", "origin": [16, 0, 0]},
			"faces": {
				"north": {"uv": [4, 0, 2, 2], "texture": "#6"},
				"east": {"uv": [0, 0, 0, 2], "texture": "#6"},
				"south": {"uv": [2, 0, 4, 2], "texture": "#6"},
				"west": {"uv": [0, 0, 0, 2], "texture": "#6"},
				"up": {"uv": [0, 0, 2, 0], "texture": "#6"},
				"down": {"uv": [0, 0, 2, 0], "texture": "#6"}
			}
		},
		{
			"from": [8.5, 6, 7.25],
			"to": [10.5, 8, 7.25],
			"faces": {
				"north": {"uv": [0, 0, 2, 2], "texture": "#6"},
				"east": {"uv": [0, 0, 0, 2], "texture": "#6"},
				"south": {"uv": [2, 0, 0, 2], "texture": "#6"},
				"west": {"uv": [0, 0, 0, 2], "texture": "#6"},
				"up": {"uv": [2, 0, 0, 0], "texture": "#6"},
				"down": {"uv": [2, 0, 0, 0], "texture": "#6"}
			}
		},
		{
			"from": [4, 0, 4],
			"to": [12, 2, 12],
			"faces": {
				"north": {"uv": [10, 6, 14, 7], "texture": "#5"},
				"east": {"uv": [10, 7, 14, 8], "texture": "#5"},
				"south": {"uv": [0, 12, 4, 13], "texture": "#5"},
				"west": {"uv": [4, 12, 8, 13], "texture": "#5"},
				"up": {"uv": [4, 4, 0, 0], "texture": "#5"},
				"down": {"uv": [4, 4, 0, 8], "texture": "#5"}
			}
		},
		{
			"from": [5, 2, 5],
			"to": [11, 11, 5],
			"faces": {
				"north": {"uv": [7, 0, 10, 4.5], "texture": "#5"},
				"east": {"uv": [0, 0, 0, 4], "texture": "#5"},
				"south": {"uv": [10, 0, 7, 4.5], "texture": "#5"},
				"west": {"uv": [0, 0, 0, 4], "texture": "#5"},
				"up": {"uv": [3, 0, 0, 0], "texture": "#5"},
				"down": {"uv": [3, 0, 0, 0], "texture": "#5"}
			}
		},
		{
			"from": [5, 11, 5],
			"to": [11, 11, 11],
			"faces": {
				"north": {"uv": [0, 0, 3, 0], "texture": "#5"},
				"east": {"uv": [0, 0, 3, 0], "texture": "#5"},
				"south": {"uv": [0, 0, 3, 0], "texture": "#5"},
				"west": {"uv": [0, 0, 3, 0], "texture": "#5"},
				"up": {"uv": [13, 3, 10, 0], "texture": "#5"},
				"down": {"uv": [10, 0, 13, 3], "texture": "#5"}
			}
		},
		{
			"from": [5, 2, 11],
			"to": [11, 11, 11],
			"faces": {
				"north": {"uv": [13, 0, 16, 4.5], "texture": "#5"},
				"east": {"uv": [0, 0, 0, 4], "texture": "#5"},
				"south": {"uv": [13, 0, 16, 4.5], "texture": "#5"},
				"west": {"uv": [0, 0, 0, 4], "texture": "#5"},
				"up": {"uv": [3, 0, 0, 0], "texture": "#5"},
				"down": {"uv": [3, 0, 0, 0], "texture": "#5"}
			}
		},
		{
			"from": [5, 2, 5],
			"to": [5, 11, 11],
			"faces": {
				"north": {"uv": [0, 0, 0, 4], "texture": "#5"},
				"east": {"uv": [13.5, 8, 10.5, 12.5], "texture": "#5"},
				"south": {"uv": [0, 0, 0, 4], "texture": "#5"},
				"west": {"uv": [10.5, 8, 13.5, 12.5], "texture": "#5"},
				"up": {"uv": [0, 3, 0, 0], "texture": "#5"},
				"down": {"uv": [0, 0, 0, 3], "texture": "#5"}
			}
		},
		{
			"from": [11, 2, 5],
			"to": [11, 11, 11],
			"faces": {
				"north": {"uv": [0, 0, 0, 4], "texture": "#5"},
				"east": {"uv": [4, 0, 7, 4.5], "texture": "#5"},
				"south": {"uv": [0, 0, 0, 4], "texture": "#5"},
				"west": {"uv": [7, 0, 4, 4.5], "texture": "#5"},
				"up": {"uv": [0, 3, 0, 0], "texture": "#5"},
				"down": {"uv": [0, 0, 0, 3], "texture": "#5"}
			}
		},
		{
			"from": [-2.5, -3.1, 8],
			"to": [13.5, 12.9, 8],
			"faces": {
				"north": {"uv": [0, 0, 11, 11], "texture": "#7"},
				"east": {"uv": [0, 0, 0, 16], "texture": "#7"},
				"south": {"uv": [11, 0, 0, 11], "texture": "#7"},
				"west": {"uv": [0, 0, 0, 16], "texture": "#7"},
				"up": {"uv": [0, 0, 16, 0], "texture": "#7"},
				"down": {"uv": [0, 0, 16, 0], "texture": "#7"}
			}
		}
	],
	"display": {
		"thirdperson_righthand": {
			"rotation": [26, 0, 0],
			"translation": [0, 5.5, 1.75],
			"scale": [0.84, 0.84, 0.84]
		},
		"thirdperson_lefthand": {
			"rotation": [26, 0, 0],
			"translation": [0, 5.5, 1.75],
			"scale": [0.84, 0.84, 0.84]
		},
		"firstperson_righthand": {
			"rotation": [0, 143, 0],
			"translation": [0, 5.5, 0],
			"scale": [0.64, 0.64, 0.64]
		},
		"firstperson_lefthand": {
			"rotation": [0, 143, 0],
			"translation": [0.75, 4.75, 0],
			"scale": [0.64, 0.64, 0.64]
		},
		"ground": {
			"translation": [0, 7.75, 0],
			"scale": [0.85, 0.85, 0.85]
		},
		"gui": {
			"rotation": [13.87, -19.47, 0.4],
			"translation": [0, 2, 0]
		},
		"fixed": {
			"translation": [0, 3.75, -1.25],
			"scale": [1.5, 1.5, 1.5]
		}
	},
	"groups": [
		{
			"name": "group",
			"origin": [0, 0, 0],
			"color": 0,
			"children": []
		},
		0,
		1,
		2,
		3,
		4,
		5,
		6,
		7,
		8,
		9,
		10
	]
}