{
	"credit": "MadewithBlockbench",
	"texture_size": [32, 32],
	"textures": {
		"0": "season1/hats/newyear/new_year_set_2",
		"1": "season1/hats/newyear/partyhat_animation1",
		"3": "season1/hats/newyear/partyhat_animation2",
		"4": "season1/hats/newyear/partyhat_animation4",
		"5": "season1/hats/newyear/partyhat_animation3",
		"6": "season1/hats/newyear/partyhat_animation5",
		"particle": "season1/hats/newyears/new_year_set_2"
	},
	"elements": [
		{
			"from": [4, -0.5, 5.5],
			"to": [5.5, 2.5, 7],
			"rotation": {"angle": 22.5, "axis": "z", "origin": [0, 0, 0]},
			"faces": {
				"north": {"uv": [3, 8, 3.75, 9.5], "texture": "#0"},
				"east": {"uv": [11.5, 0, 12.25, 1.5], "texture": "#0"},
				"south": {"uv": [6, 11.5, 6.75, 13], "texture": "#0"},
				"west": {"uv": [7, 11.5, 7.75, 13], "texture": "#0"},
				"up": {"uv": [13.25, 11.75, 12.5, 11], "texture": "#0"},
				"down": {"uv": [12.75, 12.5, 12, 13.25], "texture": "#0"}
			}
		},
		{
			"from": [3.5, 2.5, 5],
			"to": [6, 3.5, 7.5],
			"rotation": {"angle": 22.5, "axis": "z", "origin": [0, 0, 0]},
			"faces": {
				"north": {"uv": [6, 9.5, 7.25, 10], "texture": "#0"},
				"east": {"uv": [6, 10, 7.25, 10.5], "texture": "#0"},
				"south": {"uv": [11.5, 1.5, 12.75, 2], "texture": "#0"},
				"west": {"uv": [11.5, 2, 12.75, 2.5], "texture": "#0"},
				"up": {"uv": [1.25, 12.25, 0, 11], "texture": "#0"},
				"down": {"uv": [2.75, 11, 1.5, 12.25], "texture": "#0"}
			}
		},
		{
			"from": [4, 3.5, 5.5],
			"to": [5.5, 4, 7],
			"rotation": {"angle": 22.5, "axis": "z", "origin": [0, 0, 0]},
			"faces": {
				"north": {"uv": [13.5, 1, 14.25, 1.25], "texture": "#0"},
				"east": {"uv": [13.5, 2.5, 14.25, 2.75], "texture": "#0"},
				"south": {"uv": [3, 13.5, 3.75, 13.75], "texture": "#0"},
				"west": {"uv": [13.5, 3, 14.25, 3.25], "texture": "#0"},
				"up": {"uv": [13.75, 2.25, 13, 1.5], "texture": "#0"},
				"down": {"uv": [6.75, 13, 6, 13.75], "texture": "#0"}
			}
		},
		{
			"from": [4.5, 4, 6],
			"to": [5, 4.5, 6.5],
			"rotation": {"angle": 22.5, "axis": "z", "origin": [0, 0, 0]},
			"faces": {
				"north": {"uv": [14, 1.5, 14.25, 1.75], "texture": "#0"},
				"east": {"uv": [2, 14, 2.25, 14.25], "texture": "#0"},
				"south": {"uv": [14, 2, 14.25, 2.25], "texture": "#0"},
				"west": {"uv": [2.5, 14, 2.75, 14.25], "texture": "#0"},
				"up": {"uv": [3.25, 14.25, 3, 14], "texture": "#0"},
				"down": {"uv": [3.75, 14, 3.5, 14.25], "texture": "#0"}
			}
		},
		{
			"from": [4.5, -1.5, 6],
			"to": [5, -0.5, 6.5],
			"rotation": {"angle": 22.5, "axis": "z", "origin": [0, 0, 0]},
			"faces": {
				"north": {"uv": [7.5, 5.5, 7.75, 6], "texture": "#0"},
				"east": {"uv": [7.5, 6, 7.75, 6.5], "texture": "#0"},
				"south": {"uv": [7.5, 6.5, 7.75, 7], "texture": "#0"},
				"west": {"uv": [7.5, 9.5, 7.75, 10], "texture": "#0"},
				"up": {"uv": [4.25, 14.25, 4, 14], "texture": "#0"},
				"down": {"uv": [4.75, 14, 4.5, 14.25], "texture": "#0"}
			}
		},
		{
			"from": [3, 1.5, 7],
			"to": [4.5, 2, 8.5],
			"rotation": {"angle": 45, "axis": "z", "origin": [0, 0, 0]},
			"faces": {
				"north": {"uv": [13.5, 3.5, 14.25, 3.75], "texture": "#0"},
				"east": {"uv": [4, 13.5, 4.75, 13.75], "texture": "#0"},
				"south": {"uv": [13.5, 4, 14.25, 4.25], "texture": "#0"},
				"west": {"uv": [13.5, 4.5, 14.25, 4.75], "texture": "#0"},
				"up": {"uv": [7.75, 13.75, 7, 13], "texture": "#0"},
				"down": {"uv": [8.75, 13, 8, 13.75], "texture": "#0"}
			}
		},
		{
			"from": [3.5, 2, 7.5],
			"to": [4, 2.5, 8],
			"rotation": {"angle": 45, "axis": "z", "origin": [0, 0, 0]},
			"faces": {
				"north": {"uv": [5, 14, 5.25, 14.25], "texture": "#0"},
				"east": {"uv": [5.5, 14, 5.75, 14.25], "texture": "#0"},
				"south": {"uv": [6, 14, 6.25, 14.25], "texture": "#0"},
				"west": {"uv": [6.5, 14, 6.75, 14.25], "texture": "#0"},
				"up": {"uv": [7.25, 14.25, 7, 14], "texture": "#0"},
				"down": {"uv": [7.75, 14, 7.5, 14.25], "texture": "#0"}
			}
		},
		{
			"from": [3, -2.5, 7],
			"to": [4.5, 0.5, 8.5],
			"rotation": {"angle": 45, "axis": "z", "origin": [0, 0, 0]},
			"faces": {
				"north": {"uv": [8, 11.5, 8.75, 13], "texture": "#0"},
				"east": {"uv": [3, 12, 3.75, 13.5], "texture": "#0"},
				"south": {"uv": [4, 12, 4.75, 13.5], "texture": "#0"},
				"west": {"uv": [5, 12, 5.75, 13.5], "texture": "#0"},
				"up": {"uv": [9.75, 13.75, 9, 13], "texture": "#0"},
				"down": {"uv": [10.75, 13, 10, 13.75], "texture": "#0"}
			}
		},
		{
			"from": [2.5, 0.5, 6.5],
			"to": [5, 1.5, 9],
			"rotation": {"angle": 45, "axis": "z", "origin": [0, 0, 0]},
			"faces": {
				"north": {"uv": [12.5, 7.5, 13.75, 8], "texture": "#0"},
				"east": {"uv": [12.5, 8, 13.75, 8.5], "texture": "#0"},
				"south": {"uv": [12.5, 8.5, 13.75, 9], "texture": "#0"},
				"west": {"uv": [9, 12.5, 10.25, 13], "texture": "#0"},
				"up": {"uv": [12.25, 8.75, 11, 7.5], "texture": "#0"},
				"down": {"uv": [12.25, 9, 11, 10.25], "texture": "#0"}
			}
		},
		{
			"from": [3.5, -3.5, 7.5],
			"to": [4, -2.5, 8],
			"rotation": {"angle": 45, "axis": "z", "origin": [0, 0, 0]},
			"faces": {
				"north": {"uv": [7.5, 10, 7.75, 10.5], "texture": "#0"},
				"east": {"uv": [9, 11.5, 9.25, 12], "texture": "#0"},
				"south": {"uv": [9, 12, 9.25, 12.5], "texture": "#0"},
				"west": {"uv": [12.5, 12, 12.75, 12.5], "texture": "#0"},
				"up": {"uv": [14.25, 7.75, 14, 7.5], "texture": "#0"},
				"down": {"uv": [8.25, 14, 8, 14.25], "texture": "#0"}
			}
		},
		{
			"from": [4.5, 4, 9],
			"to": [5, 4.5, 9.5],
			"rotation": {"angle": 22.5, "axis": "z", "origin": [0, 0, 0]},
			"faces": {
				"north": {"uv": [14, 8, 14.25, 8.25], "texture": "#0"},
				"east": {"uv": [8.5, 14, 8.75, 14.25], "texture": "#0"},
				"south": {"uv": [14, 8.5, 14.25, 8.75], "texture": "#0"},
				"west": {"uv": [9, 14, 9.25, 14.25], "texture": "#0"},
				"up": {"uv": [14.25, 9.25, 14, 9], "texture": "#0"},
				"down": {"uv": [9.75, 14, 9.5, 14.25], "texture": "#0"}
			}
		},
		{
			"from": [4, 3.5, 8.5],
			"to": [5.5, 4, 10],
			"rotation": {"angle": 22.5, "axis": "z", "origin": [0, 0, 0]},
			"faces": {
				"north": {"uv": [5, 13.5, 5.75, 13.75], "texture": "#0"},
				"east": {"uv": [13.5, 11, 14.25, 11.25], "texture": "#0"},
				"south": {"uv": [13.5, 11.5, 14.25, 11.75], "texture": "#0"},
				"west": {"uv": [12, 13.5, 12.75, 13.75], "texture": "#0"},
				"up": {"uv": [11.75, 13.75, 11, 13], "texture": "#0"},
				"down": {"uv": [13.75, 12, 13, 12.75], "texture": "#0"}
			}
		},
		{
			"from": [3.5, 2.5, 8],
			"to": [6, 3.5, 10.5],
			"rotation": {"angle": 22.5, "axis": "z", "origin": [0, 0, 0]},
			"faces": {
				"north": {"uv": [12.5, 9, 13.75, 9.5], "texture": "#0"},
				"east": {"uv": [12.5, 9.5, 13.75, 10], "texture": "#0"},
				"south": {"uv": [12.5, 10, 13.75, 10.5], "texture": "#0"},
				"west": {"uv": [10.5, 12.5, 11.75, 13], "texture": "#0"},
				"up": {"uv": [10.75, 12.25, 9.5, 11], "texture": "#0"},
				"down": {"uv": [12.25, 11, 11, 12.25], "texture": "#0"}
			}
		},
		{
			"from": [4.5, -1.5, 9],
			"to": [5, -0.5, 9.5],
			"rotation": {"angle": 22.5, "axis": "z", "origin": [0, 0, 0]},
			"faces": {
				"north": {"uv": [0, 14, 0.25, 14.5], "texture": "#0"},
				"east": {"uv": [0.5, 14, 0.75, 14.5], "texture": "#0"},
				"south": {"uv": [1, 14, 1.25, 14.5], "texture": "#0"},
				"west": {"uv": [1.5, 14, 1.75, 14.5], "texture": "#0"},
				"up": {"uv": [14.25, 9.75, 14, 9.5], "texture": "#0"},
				"down": {"uv": [10.25, 14, 10, 14.25], "texture": "#0"}
			}
		},
		{
			"from": [4, -0.5, 8.5],
			"to": [5.5, 2.5, 10],
			"rotation": {"angle": 22.5, "axis": "z", "origin": [0, 0, 0]},
			"faces": {
				"north": {"uv": [0, 12.5, 0.75, 14], "texture": "#0"},
				"east": {"uv": [12.5, 0, 13.25, 1.5], "texture": "#0"},
				"south": {"uv": [1, 12.5, 1.75, 14], "texture": "#0"},
				"west": {"uv": [2, 12.5, 2.75, 14], "texture": "#0"},
				"up": {"uv": [13.75, 13.75, 13, 13], "texture": "#0"},
				"down": {"uv": [14.25, 0, 13.5, 0.75], "texture": "#0"}
			}
		},
		{
			"from": [10.5, -0.5, 5.5],
			"to": [12, 2.5, 7],
			"rotation": {"angle": -22.5, "axis": "z", "origin": [16, 0, 0]},
			"faces": {
				"north": {"uv": [3.75, 8, 3, 9.5], "texture": "#0"},
				"east": {"uv": [7.75, 11.5, 7, 13], "texture": "#0"},
				"south": {"uv": [6.75, 11.5, 6, 13], "texture": "#0"},
				"west": {"uv": [12.25, 0, 11.5, 1.5], "texture": "#0"},
				"up": {"uv": [12.5, 11.75, 13.25, 11], "texture": "#0"},
				"down": {"uv": [12, 12.5, 12.75, 13.25], "texture": "#0"}
			}
		},
		{
			"from": [10, 2.5, 5],
			"to": [12.5, 3.5, 7.5],
			"rotation": {"angle": -22.5, "axis": "z", "origin": [16, 0, 0]},
			"faces": {
				"north": {"uv": [7.25, 9.5, 6, 10], "texture": "#0"},
				"east": {"uv": [12.75, 2, 11.5, 2.5], "texture": "#0"},
				"south": {"uv": [12.75, 1.5, 11.5, 2], "texture": "#0"},
				"west": {"uv": [7.25, 10, 6, 10.5], "texture": "#0"},
				"up": {"uv": [0, 12.25, 1.25, 11], "texture": "#0"},
				"down": {"uv": [1.5, 11, 2.75, 12.25], "texture": "#0"}
			}
		},
		{
			"from": [10.5, 3.5, 5.5],
			"to": [12, 4, 7],
			"rotation": {"angle": -22.5, "axis": "z", "origin": [16, 0, 0]},
			"faces": {
				"north": {"uv": [14.25, 1, 13.5, 1.25], "texture": "#0"},
				"east": {"uv": [14.25, 3, 13.5, 3.25], "texture": "#0"},
				"south": {"uv": [3.75, 13.5, 3, 13.75], "texture": "#0"},
				"west": {"uv": [14.25, 2.5, 13.5, 2.75], "texture": "#0"},
				"up": {"uv": [13, 2.25, 13.75, 1.5], "texture": "#0"},
				"down": {"uv": [6, 13, 6.75, 13.75], "texture": "#0"}
			}
		},
		{
			"from": [11, 4, 6],
			"to": [11.5, 4.5, 6.5],
			"rotation": {"angle": -22.5, "axis": "z", "origin": [16, 0, 0]},
			"faces": {
				"north": {"uv": [14.25, 1.5, 14, 1.75], "texture": "#0"},
				"east": {"uv": [2.75, 14, 2.5, 14.25], "texture": "#0"},
				"south": {"uv": [14.25, 2, 14, 2.25], "texture": "#0"},
				"west": {"uv": [2.25, 14, 2, 14.25], "texture": "#0"},
				"up": {"uv": [3, 14.25, 3.25, 14], "texture": "#0"},
				"down": {"uv": [3.5, 14, 3.75, 14.25], "texture": "#0"}
			}
		},
		{
			"from": [11, -1.5, 6],
			"to": [11.5, -0.5, 6.5],
			"rotation": {"angle": -22.5, "axis": "z", "origin": [16, 0, 0]},
			"faces": {
				"north": {"uv": [7.75, 5.5, 7.5, 6], "texture": "#0"},
				"east": {"uv": [7.75, 9.5, 7.5, 10], "texture": "#0"},
				"south": {"uv": [7.75, 6.5, 7.5, 7], "texture": "#0"},
				"west": {"uv": [7.75, 6, 7.5, 6.5], "texture": "#0"},
				"up": {"uv": [4, 14.25, 4.25, 14], "texture": "#0"},
				"down": {"uv": [4.5, 14, 4.75, 14.25], "texture": "#0"}
			}
		},
		{
			"from": [11.5, 1.5, 7],
			"to": [13, 2, 8.5],
			"rotation": {"angle": -45, "axis": "z", "origin": [16, 0, 0]},
			"faces": {
				"north": {"uv": [14.25, 3.5, 13.5, 3.75], "texture": "#0"},
				"east": {"uv": [14.25, 4.5, 13.5, 4.75], "texture": "#0"},
				"south": {"uv": [14.25, 4, 13.5, 4.25], "texture": "#0"},
				"west": {"uv": [4.75, 13.5, 4, 13.75], "texture": "#0"},
				"up": {"uv": [7, 13.75, 7.75, 13], "texture": "#0"},
				"down": {"uv": [8, 13, 8.75, 13.75], "texture": "#0"}
			}
		},
		{
			"from": [12, 2, 7.5],
			"to": [12.5, 2.5, 8],
			"rotation": {"angle": -45, "axis": "z", "origin": [16, 0, 0]},
			"faces": {
				"north": {"uv": [5.25, 14, 5, 14.25], "texture": "#0"},
				"east": {"uv": [6.75, 14, 6.5, 14.25], "texture": "#0"},
				"south": {"uv": [6.25, 14, 6, 14.25], "texture": "#0"},
				"west": {"uv": [5.75, 14, 5.5, 14.25], "texture": "#0"},
				"up": {"uv": [7, 14.25, 7.25, 14], "texture": "#0"},
				"down": {"uv": [7.5, 14, 7.75, 14.25], "texture": "#0"}
			}
		},
		{
			"from": [11.5, -2.5, 7],
			"to": [13, 0.5, 8.5],
			"rotation": {"angle": -45, "axis": "z", "origin": [16, 0, 0]},
			"faces": {
				"north": {"uv": [8.75, 11.5, 8, 13], "texture": "#0"},
				"east": {"uv": [5.75, 12, 5, 13.5], "texture": "#0"},
				"south": {"uv": [4.75, 12, 4, 13.5], "texture": "#0"},
				"west": {"uv": [3.75, 12, 3, 13.5], "texture": "#0"},
				"up": {"uv": [9, 13.75, 9.75, 13], "texture": "#0"},
				"down": {"uv": [10, 13, 10.75, 13.75], "texture": "#0"}
			}
		},
		{
			"from": [11, 0.5, 6.5],
			"to": [13.5, 1.5, 9],
			"rotation": {"angle": -45, "axis": "z", "origin": [16, 0, 0]},
			"faces": {
				"north": {"uv": [13.75, 7.5, 12.5, 8], "texture": "#0"},
				"east": {"uv": [10.25, 12.5, 9, 13], "texture": "#0"},
				"south": {"uv": [13.75, 8.5, 12.5, 9], "texture": "#0"},
				"west": {"uv": [13.75, 8, 12.5, 8.5], "texture": "#0"},
				"up": {"uv": [11, 8.75, 12.25, 7.5], "texture": "#0"},
				"down": {"uv": [11, 9, 12.25, 10.25], "texture": "#0"}
			}
		},
		{
			"from": [12, -3.5, 7.5],
			"to": [12.5, -2.5, 8],
			"rotation": {"angle": -45, "axis": "z", "origin": [16, 0, 0]},
			"faces": {
				"north": {"uv": [7.75, 10, 7.5, 10.5], "texture": "#0"},
				"east": {"uv": [12.75, 12, 12.5, 12.5], "texture": "#0"},
				"south": {"uv": [9.25, 12, 9, 12.5], "texture": "#0"},
				"west": {"uv": [9.25, 11.5, 9, 12], "texture": "#0"},
				"up": {"uv": [14, 7.75, 14.25, 7.5], "texture": "#0"},
				"down": {"uv": [8, 14, 8.25, 14.25], "texture": "#0"}
			}
		},
		{
			"from": [11, 4, 9],
			"to": [11.5, 4.5, 9.5],
			"rotation": {"angle": -22.5, "axis": "z", "origin": [16, 0, 0]},
			"faces": {
				"north": {"uv": [14.25, 8, 14, 8.25], "texture": "#0"},
				"east": {"uv": [9.25, 14, 9, 14.25], "texture": "#0"},
				"south": {"uv": [14.25, 8.5, 14, 8.75], "texture": "#0"},
				"west": {"uv": [8.75, 14, 8.5, 14.25], "texture": "#0"},
				"up": {"uv": [14, 9.25, 14.25, 9], "texture": "#0"},
				"down": {"uv": [9.5, 14, 9.75, 14.25], "texture": "#0"}
			}
		},
		{
			"from": [10.5, 3.5, 8.5],
			"to": [12, 4, 10],
			"rotation": {"angle": -22.5, "axis": "z", "origin": [16, 0, 0]},
			"faces": {
				"north": {"uv": [5.75, 13.5, 5, 13.75], "texture": "#0"},
				"east": {"uv": [12.75, 13.5, 12, 13.75], "texture": "#0"},
				"south": {"uv": [14.25, 11.5, 13.5, 11.75], "texture": "#0"},
				"west": {"uv": [14.25, 11, 13.5, 11.25], "texture": "#0"},
				"up": {"uv": [11, 13.75, 11.75, 13], "texture": "#0"},
				"down": {"uv": [13, 12, 13.75, 12.75], "texture": "#0"}
			}
		},
		{
			"from": [10, 2.5, 8],
			"to": [12.5, 3.5, 10.5],
			"rotation": {"angle": -22.5, "axis": "z", "origin": [16, 0, 0]},
			"faces": {
				"north": {"uv": [13.75, 9, 12.5, 9.5], "texture": "#0"},
				"east": {"uv": [11.75, 12.5, 10.5, 13], "texture": "#0"},
				"south": {"uv": [13.75, 10, 12.5, 10.5], "texture": "#0"},
				"west": {"uv": [13.75, 9.5, 12.5, 10], "texture": "#0"},
				"up": {"uv": [9.5, 12.25, 10.75, 11], "texture": "#0"},
				"down": {"uv": [11, 11, 12.25, 12.25], "texture": "#0"}
			}
		},
		{
			"from": [11, -1.5, 9],
			"to": [11.5, -0.5, 9.5],
			"rotation": {"angle": -22.5, "axis": "z", "origin": [16, 0, 0]},
			"faces": {
				"north": {"uv": [0.25, 14, 0, 14.5], "texture": "#0"},
				"east": {"uv": [1.75, 14, 1.5, 14.5], "texture": "#0"},
				"south": {"uv": [1.25, 14, 1, 14.5], "texture": "#0"},
				"west": {"uv": [0.75, 14, 0.5, 14.5], "texture": "#0"},
				"up": {"uv": [14, 9.75, 14.25, 9.5], "texture": "#0"},
				"down": {"uv": [10, 14, 10.25, 14.25], "texture": "#0"}
			}
		},
		{
			"from": [10.5, -0.5, 8.5],
			"to": [12, 2.5, 10],
			"rotation": {"angle": -22.5, "axis": "z", "origin": [16, 0, 0]},
			"faces": {
				"north": {"uv": [0.75, 12.5, 0, 14], "texture": "#0"},
				"east": {"uv": [2.75, 12.5, 2, 14], "texture": "#0"},
				"south": {"uv": [1.75, 12.5, 1, 14], "texture": "#0"},
				"west": {"uv": [13.25, 0, 12.5, 1.5], "texture": "#0"},
				"up": {"uv": [13, 13.75, 13.75, 13], "texture": "#0"},
				"down": {"uv": [13.5, 0, 14.25, 0.75], "texture": "#0"}
			}
		},
		{
			"from": [5, 1, 5],
			"to": [11, 6, 11],
			"faces": {
				"north": {"uv": [8, 5.5, 11, 8], "texture": "#0"},
				"east": {"uv": [8, 5.5, 11, 8], "texture": "#0"},
				"south": {"uv": [8, 5.5, 11, 8], "texture": "#0"},
				"west": {"uv": [8, 5.5, 11, 8], "texture": "#0"},
				"up": {"uv": [10.5, 5.5, 7.5, 2.5], "texture": "#0"},
				"down": {"uv": [3, 8, 0, 11], "texture": "#0"}
			}
		},
		{
			"from": [4, 0, 4],
			"to": [12, 1, 12],
			"faces": {
				"north": {"uv": [10.5, 5, 14.5, 5.5], "texture": "#0"},
				"east": {"uv": [10.5, 5, 14.5, 5.5], "texture": "#0"},
				"south": {"uv": [10.5, 5, 14.5, 5.5], "texture": "#0"},
				"west": {"uv": [10.5, 5, 14.5, 5.5], "texture": "#0"},
				"up": {"uv": [4, 4, 0, 0], "texture": "#0"},
				"down": {"uv": [4, 4, 0, 8], "texture": "#0"}
			}
		},
		{
			"from": [4.75, 1, 4.75],
			"to": [11.25, 2, 11.25],
			"faces": {
				"north": {"uv": [6, 11, 9.25, 11.5], "texture": "#0"},
				"east": {"uv": [6, 11, 9.25, 11.5], "texture": "#0"},
				"south": {"uv": [6, 11, 9.25, 11.5], "texture": "#0"},
				"west": {"uv": [6, 11, 9.25, 11.5], "texture": "#0"},
				"up": {"uv": [7.25, 3.25, 4, 0], "texture": "#0"},
				"down": {"uv": [7.25, 3.5, 4, 6.75], "texture": "#0"}
			}
		},
		{
			"from": [4, 1.3, 4.7],
			"to": [12, 6.3, 4.7],
			"faces": {
				"north": {"uv": [0, 0, 16, 10], "texture": "#1"},
				"east": {"uv": [0, 0, 0, 2.5], "texture": "#0"},
				"south": {"uv": [16, 0, 0, 10], "texture": "#1"},
				"west": {"uv": [0, 0, 0, 2.5], "texture": "#0"},
				"up": {"uv": [4, 0, 0, 0], "texture": "#0"},
				"down": {"uv": [4, 0, 0, 0], "texture": "#0"}
			}
		},
		{
			"from": [1.5, 2, 4],
			"to": [8, 8.5, 4],
			"rotation": {"angle": -22.5, "axis": "x", "origin": [8.75, 4.25, 2.5]},
			"faces": {
				"north": {"uv": [0, 0, 13, 13], "texture": "#5"},
				"east": {"uv": [0, 0, 0, 3.25], "texture": "#missing"},
				"south": {"uv": [0, 0, 13, 13], "texture": "#5"},
				"west": {"uv": [0, 0, 0, 3.25], "texture": "#missing"},
				"up": {"uv": [0, 0, 3.25, 0], "texture": "#missing"},
				"down": {"uv": [0, 0, 3.25, 0], "texture": "#missing"}
			}
		},
		{
			"from": [-0.5, -2, 2],
			"to": [6, 4.5, 2],
			"rotation": {"angle": -22.5, "axis": "x", "origin": [8.75, 4.25, 2.5]},
			"faces": {
				"north": {"uv": [0, 0, 13, 13], "texture": "#3"},
				"east": {"uv": [0, 0, 0, 3.25], "texture": "#missing"},
				"south": {"uv": [0, 0, 13, 13], "texture": "#3"},
				"west": {"uv": [0, 0, 0, 3.25], "texture": "#missing"},
				"up": {"uv": [0, 0, 3.25, 0], "texture": "#missing"},
				"down": {"uv": [0, 0, 3.25, 0], "texture": "#missing"}
			}
		},
		{
			"from": [10.5, 0, 3],
			"to": [17, 6.5, 3],
			"rotation": {"angle": -22.5, "axis": "x", "origin": [8.75, 4.25, 2.5]},
			"faces": {
				"north": {"uv": [0, 0, 13, 13], "texture": "#4"},
				"east": {"uv": [0, 0, 0, 3.25], "texture": "#missing"},
				"south": {"uv": [0, 0, 13, 13], "texture": "#4"},
				"west": {"uv": [0, 0, 0, 3.25], "texture": "#missing"},
				"up": {"uv": [0, 0, 3.25, 0], "texture": "#missing"},
				"down": {"uv": [0, 0, 3.25, 0], "texture": "#missing"}
			}
		},
		{
			"from": [9.5, -4, 1],
			"to": [16, 2.5, 1],
			"rotation": {"angle": -22.5, "axis": "x", "origin": [8.75, 4.25, 2.5]},
			"faces": {
				"north": {"uv": [0, 0, 13, 13], "texture": "#6"},
				"east": {"uv": [0, 0, 0, 3.25], "texture": "#missing"},
				"south": {"uv": [0, 0, 13, 13], "texture": "#6"},
				"west": {"uv": [0, 0, 0, 3.25], "texture": "#missing"},
				"up": {"uv": [0, 0, 3.25, 0], "texture": "#missing"},
				"down": {"uv": [0, 0, 3.25, 0], "texture": "#missing"}
			}
		}
	],
	"gui_light": "front",
	"display": {
		"thirdperson_righthand": {
			"translation": [0, 3, 1],
			"scale": [0.55, 0.55, 0.55]
		},
		"thirdperson_lefthand": {
			"translation": [0, 3, 1],
			"scale": [0.55, 0.55, 0.55]
		},
		"firstperson_righthand": {
			"rotation": [-178.28, 64.97, 175.43],
			"translation": [6.63, 5.7, 1.13],
			"scale": [0.68, 0.68, 0.68]
		},
		"firstperson_lefthand": {
			"rotation": [-178.28, 64.97, 175.43],
			"translation": [6.63, 5.7, 1.13],
			"scale": [0.68, 0.68, 0.68]
		},
		"ground": {
			"translation": [0, 2, 0],
			"scale": [0.5, 0.5, 0.5]
		},
		"gui": {
			"rotation": [-151.25, -45, -180],
			"translation": [-0.5, 4.5, 0]
		},
		"head": {
			"rotation": [22.25, 0, 0],
			"translation": [0, 19, 7.75],
			"scale": [2, 2, 2]
		},
		"fixed": {
			"translation": [0, 5.75, 0],
			"scale": [1.25, 1.25, 1.25]
		}
	},
	"groups": [
		{
			"name": "group",
			"origin": [0, 0, 0],
			"color": 0,
			"children": [0, 1, 2, 3, 4, 5, 6, 7, 8, 9, 10, 11, 12, 13, 14]
		},
		{
			"name": "group",
			"origin": [0, 0, 0],
			"color": 0,
			"children": [15, 16, 17, 18, 19, 20, 21, 22, 23, 24, 25, 26, 27, 28, 29]
		},
		{
			"name": "group",
			"origin": [0, 0, 0],
			"color": 0,
			"children": [30, 31, 32, 33]
		},
		{
			"name": "group",
			"origin": [8.75, 4.25, 2.5],
			"color": 0,
			"children": [34, 35, 36, 37]
		}
	]
}