{
	"credit": "Made by samus2002",
	"texture_size": [64, 64],
	"textures": {
		"3": "valentines/rankup/archer_arrow",
		"4": "valentines/rankup/archer_bow_pulling_0",
		"5": "valentines/rankup/archer_bow",
		"particle": "valentines/rankup/archer_bow"
	},
	"elements": [
		{
			"from": [8, 25.69556, 10.22432],
			"to": [8, 30.19556, 19.22432],
			"rotation": {"angle": -22.5, "axis": "x", "origin": [8, 8, 8]},
			"faces": {
				"north": {"uv": [10.879, 4.379, 12.621, 5.629], "texture": "#5"},
				"east": {"uv": [4.629, 1.879, 5.746, 2.371], "texture": "#5"},
				"south": {"uv": [10.879, 4.379, 12.621, 5.629], "texture": "#5"},
				"west": {"uv": [4.629, 2.379, 5.746, 2.871], "texture": "#5"},
				"up": {"uv": [10.879, 4.379, 12.621, 5.629], "texture": "#5"},
				"down": {"uv": [10.879, 4.379, 12.621, 5.629], "texture": "#5"}
			}
		},
		{
			"from": [6.5, 16.19977, 3.28321],
			"to": [9.5, 25.19977, 6.28321],
			"rotation": {"angle": 0, "axis": "x", "origin": [8, 8, 8]},
			"faces": {
				"north": {"uv": [5.004, 0.004, 5.371, 1.121], "texture": "#5"},
				"east": {"uv": [5.129, 4.129, 5.496, 5.246], "texture": "#5"},
				"south": {"uv": [4.379, 5.129, 4.746, 6.246], "texture": "#5"},
				"west": {"uv": [4.754, 5.129, 5.121, 6.246], "texture": "#5"},
				"up": {"uv": [6.246, 5.121, 5.879, 4.754], "texture": "#5"},
				"down": {"uv": [6.371, 0.379, 6.004, 0.746], "texture": "#5"}
			}
		},
		{
			"from": [7.34375, 24.22513, -3.94531],
			"to": [8.71875, 31.72513, -2.44531],
			"rotation": {"angle": 45, "axis": "x", "origin": [7.96875, 8, 8]},
			"faces": {
				"north": {"uv": [5.629, 5.629, 5.871, 6.621], "texture": "#5"},
				"east": {"uv": [5.754, 1.629, 5.996, 2.621], "texture": "#5"},
				"south": {"uv": [5.879, 2.629, 6.121, 3.621], "texture": "#5"},
				"west": {"uv": [5.879, 5.629, 6.121, 6.621], "texture": "#5"},
				"up": {"uv": [4.246, 3.496, 4.004, 3.254], "texture": "#5"},
				"down": {"uv": [4.496, 3.254, 4.254, 3.496], "texture": "#5"}
			}
		},
		{
			"from": [7.96875, 22.72513, -2.44531],
			"to": [7.96875, 31.72513, 2.05469],
			"rotation": {"angle": 45, "axis": "x", "origin": [7.96875, 8, 8]},
			"faces": {
				"north": {"uv": [10.879, 4.379, 12.621, 5.629], "texture": "#5"},
				"east": {"uv": [0.004, 3.504, 0.621, 4.621], "texture": "#5"},
				"south": {"uv": [10.879, 4.379, 12.621, 5.629], "texture": "#5"},
				"west": {"uv": [0.629, 3.504, 1.246, 4.621], "texture": "#5"},
				"up": {"uv": [10.879, 4.379, 12.621, 5.629], "texture": "#5"},
				"down": {"uv": [10.879, 4.379, 12.621, 5.629], "texture": "#5"}
			}
		},
		{
			"from": [6.5, 2.75, -0.44291],
			"to": [9.5, 13.25, 2.55709],
			"rotation": {"angle": 0, "axis": "y", "origin": [8, 8, 8]},
			"faces": {
				"north": {"uv": [1.879, 4.629, 2.246, 5.996], "texture": "#5"},
				"east": {"uv": [2.254, 4.754, 2.621, 6.121], "texture": "#5"},
				"south": {"uv": [2.629, 4.754, 2.996, 6.121], "texture": "#5"},
				"west": {"uv": [3.004, 4.754, 3.371, 6.121], "texture": "#5"},
				"up": {"uv": [5.871, 5.121, 5.504, 4.754], "texture": "#5"},
				"down": {"uv": [6.246, 3.629, 5.879, 3.996], "texture": "#5"}
			}
		},
		{
			"from": [5.75, 13.08134, 2.20885],
			"to": [10.25, 17.58134, 9.70885],
			"rotation": {"angle": -22.5, "axis": "x", "origin": [8, 8, 8]},
			"faces": {
				"north": {"uv": [5.379, 0.379, 5.996, 0.996], "texture": "#5"},
				"east": {"uv": [4.004, 0.004, 4.996, 0.621], "texture": "#5"},
				"south": {"uv": [5.504, 4.129, 6.121, 4.746], "texture": "#5"},
				"west": {"uv": [4.004, 0.629, 4.996, 1.246], "texture": "#5"},
				"up": {"uv": [4.621, 2.246, 4.004, 1.254], "texture": "#5"},
				"down": {"uv": [4.621, 2.254, 4.004, 3.246], "texture": "#5"}
			}
		},
		{
			"from": [10.25, 15.33134, 2.20885],
			"to": [17.75, 15.33134, 15.70885],
			"rotation": {"angle": -22.5, "axis": "x", "origin": [8, 8, 8]},
			"faces": {
				"north": {"uv": [10.879, 4.379, 12.621, 5.629], "texture": "#5"},
				"east": {"uv": [10.879, 4.379, 12.621, 5.629], "texture": "#5"},
				"south": {"uv": [10.879, 4.379, 12.621, 5.629], "texture": "#5"},
				"west": {"uv": [10.879, 4.379, 12.621, 5.629], "texture": "#5"},
				"up": {"uv": [0.004, 1.746, 0.996, 0.004], "texture": "#5"},
				"down": {"uv": [0.004, 0.004, 0.996, 1.746], "texture": "#5"}
			}
		},
		{
			"from": [-1.75, 15.33134, 2.20885],
			"to": [5.75, 15.33134, 15.70885],
			"rotation": {"angle": -22.5, "axis": "x", "origin": [8, 8, 8]},
			"faces": {
				"north": {"uv": [10.879, 4.379, 12.621, 5.629], "texture": "#5"},
				"east": {"uv": [10.879, 4.379, 12.621, 5.629], "texture": "#5"},
				"south": {"uv": [10.879, 4.379, 12.621, 5.629], "texture": "#5"},
				"west": {"uv": [10.879, 4.379, 12.621, 5.629], "texture": "#5"},
				"up": {"uv": [0.996, 1.746, 0.004, 0.004], "texture": "#5"},
				"down": {"uv": [0.996, 0.004, 0.004, 1.746], "texture": "#5"}
			}
		},
		{
			"from": [8, 17.58134, 0.70885],
			"to": [8, 22.08134, 8.20885],
			"rotation": {"angle": -22.5, "axis": "x", "origin": [8, 8, 8]},
			"faces": {
				"north": {"uv": [0.004, 0.004, 0.004, 0.496], "texture": "#5"},
				"east": {"uv": [4.629, 2.879, 5.621, 3.371], "texture": "#5"},
				"south": {"uv": [0.004, 0.004, 0.004, 0.496], "texture": "#5"},
				"west": {"uv": [3.379, 4.754, 4.371, 5.246], "texture": "#5"},
				"up": {"uv": [0.004, 0.996, 0.004, 0.004], "texture": "#5"},
				"down": {"uv": [0.004, 0.004, 0.004, 0.996], "texture": "#5"}
			}
		},
		{
			"from": [7.25, 22.69556, 10.22432],
			"to": [8.75, 25.69556, 19.22432],
			"rotation": {"angle": -22.5, "axis": "x", "origin": [8, 8, 8]},
			"faces": {
				"north": {"uv": [5.629, 2.879, 5.871, 3.246], "texture": "#5"},
				"east": {"uv": [4.754, 3.379, 5.871, 3.746], "texture": "#5"},
				"south": {"uv": [3.004, 6.129, 3.246, 6.496], "texture": "#5"},
				"west": {"uv": [4.754, 3.754, 5.871, 4.121], "texture": "#5"},
				"up": {"uv": [1.621, 6.371, 1.379, 5.254], "texture": "#5"},
				"down": {"uv": [4.371, 5.254, 4.129, 6.371], "texture": "#5"}
			}
		},
		{
			"from": [7.96875, -15.72513, -2.44531],
			"to": [7.96875, -6.72513, 2.05469],
			"rotation": {"angle": -45, "axis": "x", "origin": [7.96875, 8, 8]},
			"faces": {
				"north": {"uv": [10.879, 5.629, 12.621, 4.379], "texture": "#5"},
				"east": {"uv": [0.004, 4.621, 0.621, 3.504], "texture": "#5"},
				"south": {"uv": [10.879, 5.629, 12.621, 4.379], "texture": "#5"},
				"west": {"uv": [0.629, 4.621, 1.246, 3.504], "texture": "#5"},
				"up": {"uv": [10.879, 5.629, 12.621, 4.379], "texture": "#5"},
				"down": {"uv": [10.879, 5.629, 12.621, 4.379], "texture": "#5"}
			}
		},
		{
			"from": [7.34375, -15.72513, -3.94531],
			"to": [8.71875, -8.22513, -2.44531],
			"rotation": {"angle": -45, "axis": "x", "origin": [7.96875, 8, 8]},
			"faces": {
				"north": {"uv": [5.629, 6.621, 5.871, 5.629], "texture": "#5"},
				"east": {"uv": [5.754, 2.621, 5.996, 1.629], "texture": "#5"},
				"south": {"uv": [5.879, 3.621, 6.121, 2.629], "texture": "#5"},
				"west": {"uv": [5.879, 6.621, 6.121, 5.629], "texture": "#5"},
				"up": {"uv": [4.496, 3.496, 4.254, 3.254], "texture": "#5"},
				"down": {"uv": [4.246, 3.254, 4.004, 3.496], "texture": "#5"}
			}
		},
		{
			"from": [7.25, -9.69556, 10.22432],
			"to": [8.75, -6.69556, 19.22432],
			"rotation": {"angle": 22.5, "axis": "x", "origin": [8, 8, 8]},
			"faces": {
				"north": {"uv": [5.629, 3.246, 5.871, 2.879], "texture": "#5"},
				"east": {"uv": [4.754, 3.746, 5.871, 3.379], "texture": "#5"},
				"south": {"uv": [3.004, 6.496, 3.246, 6.129], "texture": "#5"},
				"west": {"uv": [4.754, 4.121, 5.871, 3.754], "texture": "#5"},
				"up": {"uv": [4.371, 6.371, 4.129, 5.254], "texture": "#5"},
				"down": {"uv": [1.621, 5.254, 1.379, 6.371], "texture": "#5"}
			}
		},
		{
			"from": [8, -14.19556, 10.22432],
			"to": [8, -9.69556, 19.22432],
			"rotation": {"angle": 22.5, "axis": "x", "origin": [8, 8, 8]},
			"faces": {
				"north": {"uv": [10.879, 5.629, 12.621, 4.379], "texture": "#5"},
				"east": {"uv": [4.629, 2.371, 5.746, 1.879], "texture": "#5"},
				"south": {"uv": [10.879, 5.629, 12.621, 4.379], "texture": "#5"},
				"west": {"uv": [4.629, 2.871, 5.746, 2.379], "texture": "#5"},
				"up": {"uv": [10.879, 5.629, 12.621, 4.379], "texture": "#5"},
				"down": {"uv": [10.879, 5.629, 12.621, 4.379], "texture": "#5"}
			}
		},
		{
			"from": [6.5, -9.19976, 3.28321],
			"to": [9.5, -0.19976, 6.28321],
			"rotation": {"angle": 0, "axis": "x", "origin": [8, 8, 8]},
			"faces": {
				"north": {"uv": [5.004, 1.121, 5.371, 0.004], "texture": "#5"},
				"east": {"uv": [5.129, 5.246, 5.496, 4.129], "texture": "#5"},
				"south": {"uv": [4.379, 6.246, 4.746, 5.129], "texture": "#5"},
				"west": {"uv": [4.754, 6.246, 5.121, 5.129], "texture": "#5"},
				"up": {"uv": [6.371, 0.746, 6.004, 0.379], "texture": "#5"},
				"down": {"uv": [6.246, 4.754, 5.879, 5.121], "texture": "#5"}
			}
		},
		{
			"from": [5.75, -1.58134, 2.20885],
			"to": [10.25, 2.91866, 9.70885],
			"rotation": {"angle": 22.5, "axis": "x", "origin": [8, 8, 8]},
			"faces": {
				"north": {"uv": [5.379, 0.996, 5.996, 0.379], "texture": "#5"},
				"east": {"uv": [4.004, 0.621, 4.996, 0.004], "texture": "#5"},
				"south": {"uv": [5.504, 4.746, 6.121, 4.129], "texture": "#5"},
				"west": {"uv": [4.004, 1.246, 4.996, 0.629], "texture": "#5"},
				"up": {"uv": [4.621, 3.246, 4.004, 2.254], "texture": "#5"},
				"down": {"uv": [4.621, 1.254, 4.004, 2.246], "texture": "#5"}
			}
		},
		{
			"from": [-1.75, 0.66866, 2.20885],
			"to": [5.75, 0.66866, 15.70885],
			"rotation": {"angle": 22.5, "axis": "x", "origin": [8, 8, 8]},
			"faces": {
				"north": {"uv": [10.879, 5.629, 12.621, 4.379], "texture": "#5"},
				"east": {"uv": [10.879, 5.629, 12.621, 4.379], "texture": "#5"},
				"south": {"uv": [10.879, 5.629, 12.621, 4.379], "texture": "#5"},
				"west": {"uv": [10.879, 5.629, 12.621, 4.379], "texture": "#5"},
				"up": {"uv": [0.996, 1.746, 0.004, 0.004], "texture": "#5"},
				"down": {"uv": [0.996, 0.004, 0.004, 1.746], "texture": "#5"}
			}
		},
		{
			"from": [8, -6.08134, 0.70885],
			"to": [8, -1.58134, 8.20885],
			"rotation": {"angle": 22.5, "axis": "x", "origin": [8, 8, 8]},
			"faces": {
				"north": {"uv": [0.004, 0.496, 0.004, 0.004], "texture": "#5"},
				"east": {"uv": [4.629, 3.371, 5.621, 2.879], "texture": "#5"},
				"south": {"uv": [0.004, 0.496, 0.004, 0.004], "texture": "#5"},
				"west": {"uv": [3.379, 5.246, 4.371, 4.754], "texture": "#5"},
				"up": {"uv": [0.004, 0.996, 0.004, 0.004], "texture": "#5"},
				"down": {"uv": [0.004, 0.004, 0.004, 0.996], "texture": "#5"}
			}
		},
		{
			"from": [10.25, 0.66866, 2.20885],
			"to": [17.75, 0.66866, 15.70885],
			"rotation": {"angle": 22.5, "axis": "x", "origin": [8, 8, 8]},
			"faces": {
				"north": {"uv": [10.879, 5.629, 12.621, 4.379], "texture": "#5"},
				"east": {"uv": [10.879, 5.629, 12.621, 4.379], "texture": "#5"},
				"south": {"uv": [10.879, 5.629, 12.621, 4.379], "texture": "#5"},
				"west": {"uv": [10.879, 5.629, 12.621, 4.379], "texture": "#5"},
				"up": {"uv": [0.004, 1.746, 0.996, 0.004], "texture": "#5"},
				"down": {"uv": [0.004, 0.004, 0.996, 1.746], "texture": "#5"}
			}
		},
		{
			"from": [8.05, 8, 9],
			"to": [8.05, 28, 27],
			"rotation": {"angle": 0, "axis": "y", "origin": [6, 7, 7]},
			"faces": {
				"north": {"uv": [0, 5.25, 0, 10.25], "texture": "#4"},
				"east": {"uv": [9.25, 0, 4.75, 5], "texture": "#4"},
				"south": {"uv": [0.25, 5.25, 0.25, 10.25], "texture": "#4"},
				"west": {"uv": [4.75, 0, 9.25, 5], "texture": "#4"},
				"up": {"uv": [0.5, 9.75, 0.5, 5.25], "texture": "#4"},
				"down": {"uv": [0.75, 5.25, 0.75, 9.75], "texture": "#4"}
			}
		},
		{
			"from": [8.05, -12, 9],
			"to": [8.05, 8, 27],
			"rotation": {"angle": 0, "axis": "y", "origin": [6, 9, 7]},
			"faces": {
				"north": {"uv": [0, 10.25, 0, 5.25], "texture": "#4"},
				"east": {"uv": [9.25, 5, 4.75, 0], "texture": "#4"},
				"south": {"uv": [0.25, 10.25, 0.25, 5.25], "texture": "#4"},
				"west": {"uv": [4.75, 5, 9.25, 0], "texture": "#4"},
				"up": {"uv": [0.75, 9.75, 0.75, 5.25], "texture": "#4"},
				"down": {"uv": [0.5, 5.25, 0.5, 9.75], "texture": "#4"}
			}
		},
		{
			"from": [7.5, 7.5, -6],
			"to": [8.5, 8.5, 18],
			"rotation": {"angle": 0, "axis": "y", "origin": [7.5, 0, 0]},
			"faces": {
				"north": {"uv": [3.5, 0, 3.75, 0.25], "texture": "#3"},
				"east": {"uv": [0, 3, 6, 3.25], "texture": "#3"},
				"south": {"uv": [3.5, 0.5, 3.75, 0.75], "texture": "#3"},
				"west": {"uv": [0, 3.5, 6, 3.75], "texture": "#3"},
				"up": {"uv": [0.25, 10, 0, 4], "texture": "#3"},
				"down": {"uv": [0.75, 4, 0.5, 10], "texture": "#3"}
			}
		},
		{
			"from": [8, 5.5, 14],
			"to": [8, 10.5, 20],
			"rotation": {"angle": 0, "axis": "y", "origin": [8, 8, 19]},
			"faces": {
				"north": {"uv": [3.5, 1, 3.5, 2.25], "texture": "#3"},
				"east": {"uv": [0, 0, 1.5, 1.25], "texture": "#3"},
				"south": {"uv": [3.75, 1, 3.75, 2.25], "texture": "#3"},
				"west": {"uv": [0, 1.5, 1.5, 2.75], "texture": "#3"},
				"up": {"uv": [4, 1.5, 4, 0], "texture": "#3"},
				"down": {"uv": [1, 4, 1, 5.5], "texture": "#3"}
			}
		},
		{
			"from": [5.5, 8, 14],
			"to": [10.5, 8, 20],
			"rotation": {"angle": 0, "axis": "y", "origin": [8, 8, 19]},
			"faces": {
				"north": {"uv": [3.5, 1, 3.5, 2.25], "rotation": 90, "texture": "#3"},
				"east": {"uv": [1, 4, 1, 5.5], "rotation": 270, "texture": "#3"},
				"south": {"uv": [3.75, 1, 3.75, 2.25], "rotation": 270, "texture": "#3"},
				"west": {"uv": [4, 1.5, 4, 0], "rotation": 270, "texture": "#3"},
				"up": {"uv": [0, 0, 1.5, 1.25], "rotation": 270, "texture": "#3"},
				"down": {"uv": [0, 1.5, 1.5, 2.75], "rotation": 270, "texture": "#3"}
			}
		},
		{
			"from": [5.5, 8, -9],
			"to": [10.5, 8, -3],
			"rotation": {"angle": 0, "axis": "y", "origin": [8, 8, -4]},
			"faces": {
				"north": {"uv": [1.25, 4, 1.25, 5.25], "rotation": 90, "texture": "#3"},
				"east": {"uv": [2, 4, 2, 5.5], "rotation": 270, "texture": "#3"},
				"south": {"uv": [1.5, 4, 1.5, 5.25], "rotation": 270, "texture": "#3"},
				"west": {"uv": [1.75, 5.5, 1.75, 4], "rotation": 270, "texture": "#3"},
				"up": {"uv": [1.75, 0, 3.25, 1.25], "rotation": 270, "texture": "#3"},
				"down": {"uv": [1.75, 1.5, 3.25, 2.75], "rotation": 270, "texture": "#3"}
			}
		},
		{
			"from": [8, 5.5, -9],
			"to": [8, 10.5, -3],
			"rotation": {"angle": 0, "axis": "y", "origin": [8, 0, 0]},
			"faces": {
				"north": {"uv": [1.25, 4, 1.25, 5.25], "texture": "#3"},
				"east": {"uv": [1.75, 0, 3.25, 1.25], "texture": "#3"},
				"south": {"uv": [1.5, 4, 1.5, 5.25], "texture": "#3"},
				"west": {"uv": [1.75, 1.5, 3.25, 2.75], "texture": "#3"},
				"up": {"uv": [1.75, 5.5, 1.75, 4], "texture": "#3"},
				"down": {"uv": [2, 4, 2, 5.5], "texture": "#3"}
			}
		}
	],
	"gui_light": "front",
	"display": {
		"thirdperson_righthand": {
			"translation": [0, -2, 2.5],
			"scale": [0.45, 0.45, 0.45]
		},
		"thirdperson_lefthand": {
			"translation": [0, -2, 2.5],
			"scale": [0.45, 0.45, 0.45]
		},
		"firstperson_righthand": {
			"rotation": [0, -13, 0],
			"translation": [12, 0, -10],
			"scale": [0.8, 0.8, 0.8]
		},
		"firstperson_lefthand": {
			"rotation": [0, -13, 0],
			"translation": [12, 0, -10],
			"scale": [0.8, 0.8, 0.8]
		},
		"ground": {
			"rotation": [0, 0, 90],
			"scale": [0.9, 0.9, 0.9]
		},
		"gui": {
			"rotation": [90, -135, 90],
			"translation": [1.25, -1.25, -0.5],
			"scale": [0.35, 0.35, 0.35]
		},
		"fixed": {
			"rotation": [90, 135, 90],
			"translation": [-1.5, -1.75, -0.5],
			"scale": [0.45, 0.45, 0.45]
		}
	},
	"groups": [
		0,
		1,
		2,
		3,
		4,
		5,
		6,
		7,
		8,
		9,
		10,
		11,
		12,
		13,
		14,
		15,
		16,
		17,
		18,
		19,
		20,
		{
			"name": "group",
			"origin": [8, 0, 0],
			"color": 0,
			"children": [21, 22, 23, 24, 25]
		}
	]
}