{
	"credit": "Made by samus2002",
	"textures": {
		"1": "valentines/rankup/archer_arrow"
	},
	"elements": [
		{
			"from": [7.5, 7.5, -3.5],
			"to": [8.5, 8.5, 20.5],
			"rotation": {"angle": 0, "axis": "y", "origin": [8, 8, 8]},
			"faces": {
				"north": {"uv": [3.5, 0, 3.75, 0.25], "texture": "#1"},
				"east": {"uv": [0, 3, 6, 3.25], "texture": "#1"},
				"south": {"uv": [3.5, 0.5, 3.75, 0.75], "texture": "#1"},
				"west": {"uv": [0, 3.5, 6, 3.75], "texture": "#1"},
				"up": {"uv": [0.25, 10, 0, 4], "texture": "#1"},
				"down": {"uv": [0.75, 4, 0.5, 10], "texture": "#1"}
			}
		},
		{
			"from": [8, 5.5, -6.5],
			"to": [8, 10.5, -0.5],
			"rotation": {"angle": 0, "axis": "y", "origin": [8, 8, 8]},
			"faces": {
				"north": {"uv": [1.25, 4, 1.25, 5.25], "texture": "#1"},
				"east": {"uv": [1.75, 0, 3.25, 1.25], "texture": "#1"},
				"south": {"uv": [1.5, 4, 1.5, 5.25], "texture": "#1"},
				"west": {"uv": [1.75, 1.5, 3.25, 2.75], "texture": "#1"},
				"up": {"uv": [1.75, 5.5, 1.75, 4], "texture": "#1"},
				"down": {"uv": [2, 4, 2, 5.5], "texture": "#1"}
			}
		},
		{
			"from": [5.5, 8, -6.5],
			"to": [10.5, 8, -0.5],
			"rotation": {"angle": 0, "axis": "y", "origin": [8, 8, 8]},
			"faces": {
				"north": {"uv": [1.25, 4, 1.25, 5.25], "rotation": 90, "texture": "#1"},
				"east": {"uv": [2, 4, 2, 5.5], "rotation": 270, "texture": "#1"},
				"south": {"uv": [1.5, 4, 1.5, 5.25], "rotation": 270, "texture": "#1"},
				"west": {"uv": [1.75, 5.5, 1.75, 4], "rotation": 270, "texture": "#1"},
				"up": {"uv": [1.75, 0, 3.25, 1.25], "rotation": 270, "texture": "#1"},
				"down": {"uv": [1.75, 1.5, 3.25, 2.75], "rotation": 270, "texture": "#1"}
			}
		},
		{
			"from": [8, 5.5, 16.5],
			"to": [8, 10.5, 22.5],
			"rotation": {"angle": 0, "axis": "y", "origin": [8, 8, 8]},
			"faces": {
				"north": {"uv": [3.5, 1, 3.5, 2.25], "texture": "#1"},
				"east": {"uv": [0, 0, 1.5, 1.25], "texture": "#1"},
				"south": {"uv": [3.75, 1, 3.75, 2.25], "texture": "#1"},
				"west": {"uv": [0, 1.5, 1.5, 2.75], "texture": "#1"},
				"up": {"uv": [4, 1.5, 4, 0], "texture": "#1"},
				"down": {"uv": [1, 4, 1, 5.5], "texture": "#1"}
			}
		},
		{
			"from": [5.5, 8, 16.5],
			"to": [10.5, 8, 22.5],
			"rotation": {"angle": 0, "axis": "y", "origin": [8, 8, 8]},
			"faces": {
				"north": {"uv": [3.5, 1, 3.5, 2.25], "rotation": 90, "texture": "#1"},
				"east": {"uv": [1, 4, 1, 5.5], "rotation": 270, "texture": "#1"},
				"south": {"uv": [3.75, 1, 3.75, 2.25], "rotation": 270, "texture": "#1"},
				"west": {"uv": [4, 1.5, 4, 0], "rotation": 270, "texture": "#1"},
				"up": {"uv": [0, 0, 1.5, 1.25], "rotation": 270, "texture": "#1"},
				"down": {"uv": [0, 1.5, 1.5, 2.75], "rotation": 270, "texture": "#1"}
			}
		}
	],
	"gui_light": "front",
	"display": {
		"thirdperson_righthand": {
			"rotation": [90, 0, 0],
			"translation": [0, -2, 1],
			"scale": [0.7, 0.7, 0.7]
		},
		"thirdperson_lefthand": {
			"rotation": [90, 0, 0],
			"translation": [0, -2, 1],
			"scale": [0.7, 0.7, 0.7]
		},
		"firstperson_righthand": {
			"rotation": [66, 0, 0],
			"translation": [2.25, 0.75, 1],
			"scale": [0.7, 0.7, 0.7]
		},
		"firstperson_lefthand": {
			"rotation": [66, 0, 0],
			"translation": [2.25, 0.75, 1],
			"scale": [0.7, 0.7, 0.7]
		},
		"ground": {
			"scale": [0.7, 0.7, 0.7]
		},
		"gui": {
			"rotation": [90, -45, 90],
			"translation": [0.25, 0.25, 0],
			"scale": [0.6, 0.6, 0.6]
		},
		"fixed": {
			"rotation": [90, 45, 90],
			"translation": [-0.25, 0, 0],
			"scale": [0.7, 0.7, 0.7]
		}
	}
}