{
	"credit": "Made by samus2002",
	"texture_size": [64, 64],
	"textures": {
		"0": "valentines/rankup/assassin_blade",
		"particle": "valentines/rankup/assassin_blade"
	},
	"elements": [
		{
			"from": [7.25, 1.25, 7.25],
			"to": [8.75, 6.25, 8.75],
			"rotation": {"angle": 0, "axis": "y", "origin": [8, 8, 8]},
			"faces": {
				"north": {"uv": [3.758, 5.258, 4.125, 6.492], "texture": "#0"},
				"east": {"uv": [5.758, 5.008, 6.125, 6.242], "texture": "#0"},
				"south": {"uv": [0.008, 6.258, 0.375, 7.492], "texture": "#0"},
				"west": {"uv": [6.258, 0.008, 6.625, 1.242], "texture": "#0"},
				"up": {"uv": [5.375, 7.375, 5.008, 7.008], "texture": "#0"},
				"down": {"uv": [3.375, 7.258, 3.008, 7.625], "texture": "#0"}
			}
		},
		{
			"from": [8, -3.75, 6.25],
			"to": [8, 2.25, 9.75],
			"rotation": {"angle": 0, "axis": "y", "origin": [8, 8, 8]},
			"faces": {
				"north": {"uv": [1.258, 6.258, 1.242, 7.742], "texture": "#0"},
				"east": {"uv": [5.008, 0.008, 5.875, 1.492], "texture": "#0"},
				"south": {"uv": [7.258, 6.008, 7.242, 7.492], "texture": "#0"},
				"west": {"uv": [5.008, 1.758, 5.875, 3.242], "texture": "#0"},
				"up": {"uv": [6.258, 8.125, 6.242, 7.258], "texture": "#0"},
				"down": {"uv": [3.758, 7.508, 3.742, 8.375], "texture": "#0"}
			}
		},
		{
			"from": [7, 2.59315, 2.59315],
			"to": [9, 4.09315, 4.09315],
			"rotation": {"angle": -45, "axis": "x", "origin": [8, 8, 8]},
			"faces": {
				"north": {"uv": [7.008, 1.508, 7.492, 1.875], "texture": "#0"},
				"east": {"uv": [7.258, 4.508, 7.625, 4.875], "texture": "#0"},
				"south": {"uv": [7.008, 2.258, 7.492, 2.625], "texture": "#0"},
				"west": {"uv": [7.258, 5.258, 7.625, 5.625], "texture": "#0"},
				"up": {"uv": [7.492, 3.375, 7.008, 3.008], "texture": "#0"},
				"down": {"uv": [7.492, 3.758, 7.008, 4.125], "texture": "#0"}
			}
		},
		{
			"from": [7, 6.25, 6],
			"to": [9, 8.25, 10],
			"rotation": {"angle": 0, "axis": "y", "origin": [8, 8, 8]},
			"faces": {
				"north": {"uv": [6.258, 1.508, 6.742, 1.992], "texture": "#0"},
				"east": {"uv": [5.008, 3.508, 5.992, 3.992], "texture": "#0"},
				"south": {"uv": [6.258, 2.258, 6.742, 2.742], "texture": "#0"},
				"west": {"uv": [5.008, 4.258, 5.992, 4.742], "texture": "#0"},
				"up": {"uv": [5.492, 5.992, 5.008, 5.008], "texture": "#0"},
				"down": {"uv": [3.492, 5.258, 3.008, 6.242], "texture": "#0"}
			}
		},
		{
			"from": [8, 5.49432, 1.24232],
			"to": [8, 11.49432, 6.24232],
			"rotation": {"angle": -22.5, "axis": "x", "origin": [8, 8, 8]},
			"faces": {
				"north": {"uv": [6.758, 7.508, 6.742, 8.992], "texture": "#0"},
				"east": {"uv": [3.508, 3.508, 4.742, 4.992], "texture": "#0"},
				"south": {"uv": [7.008, 7.508, 6.992, 8.992], "texture": "#0"},
				"west": {"uv": [0.008, 4.508, 1.242, 5.992], "texture": "#0"},
				"up": {"uv": [7.508, 8.742, 7.492, 7.508], "texture": "#0"},
				"down": {"uv": [0.008, 7.758, -0.008, 8.992], "texture": "#0"}
			}
		},
		{
			"from": [8, 5.49432, 9.75768],
			"to": [8, 11.49432, 14.75768],
			"rotation": {"angle": 22.5, "axis": "x", "origin": [8, 8, 8]},
			"faces": {
				"north": {"uv": [7.008, 7.508, 6.992, 8.992], "texture": "#0"},
				"east": {"uv": [4.742, 3.508, 3.508, 4.992], "texture": "#0"},
				"south": {"uv": [6.758, 7.508, 6.742, 8.992], "texture": "#0"},
				"west": {"uv": [1.242, 4.508, 0.008, 5.992], "texture": "#0"},
				"up": {"uv": [7.508, 7.508, 7.492, 8.742], "texture": "#0"},
				"down": {"uv": [0.008, 8.992, -0.008, 7.758], "texture": "#0"}
			}
		},
		{
			"from": [6.975, 6.99634, 4.24791],
			"to": [9.025, 8.99634, 6.24791],
			"rotation": {"angle": -22.5, "axis": "x", "origin": [8, 8, 8]},
			"faces": {
				"north": {"uv": [6.258, 3.008, 6.742, 3.492], "texture": "#0"},
				"east": {"uv": [6.258, 3.758, 6.742, 4.242], "texture": "#0"},
				"south": {"uv": [5.008, 6.258, 5.492, 6.742], "texture": "#0"},
				"west": {"uv": [3.008, 6.508, 3.492, 6.992], "texture": "#0"},
				"up": {"uv": [6.992, 4.992, 6.508, 4.508], "texture": "#0"},
				"down": {"uv": [6.992, 5.258, 6.508, 5.742], "texture": "#0"}
			}
		},
		{
			"from": [6.975, 6.99634, 9.75209],
			"to": [9.025, 8.99634, 11.75209],
			"rotation": {"angle": 22.5, "axis": "x", "origin": [8, 8, 8]},
			"faces": {
				"north": {"uv": [5.758, 6.508, 6.242, 6.992], "texture": "#0"},
				"east": {"uv": [6.508, 6.008, 6.992, 6.492], "texture": "#0"},
				"south": {"uv": [3.758, 6.758, 4.242, 7.242], "texture": "#0"},
				"west": {"uv": [6.508, 6.758, 6.992, 7.242], "texture": "#0"},
				"up": {"uv": [7.492, 0.492, 7.008, 0.008], "texture": "#0"},
				"down": {"uv": [7.492, 0.758, 7.008, 1.242], "texture": "#0"}
			}
		},
		{
			"from": [7.75, 8.25, 7],
			"to": [8.25, 22.25, 9],
			"rotation": {"angle": 0, "axis": "y", "origin": [8, 8, 8]},
			"faces": {
				"north": {"uv": [4.508, 5.258, 4.625, 8.742], "texture": "#0"},
				"east": {"uv": [1.508, 4.508, 1.992, 7.992], "texture": "#0"},
				"south": {"uv": [0.758, 6.258, 0.875, 9.742], "texture": "#0"},
				"west": {"uv": [2.258, 4.508, 2.742, 7.992], "texture": "#0"},
				"up": {"uv": [3.125, 4.992, 3.008, 4.508], "texture": "#0"},
				"down": {"uv": [5.875, 7.258, 5.758, 7.742], "texture": "#0"}
			}
		},
		{
			"from": [8, 8.25, 5],
			"to": [8, 25.25, 11],
			"rotation": {"angle": 0, "axis": "y", "origin": [8, 8, 8]},
			"faces": {
				"north": {"uv": [7.758, 0.008, 7.742, 4.242], "texture": "#0"},
				"east": {"uv": [3.242, 0.008, 1.758, 4.242], "texture": "#0"},
				"south": {"uv": [0.258, 7.758, 0.242, 11.992], "texture": "#0"},
				"west": {"uv": [1.758, 0.008, 3.242, 4.242], "texture": "#0"},
				"up": {"uv": [0.508, 9.242, 0.492, 7.758], "texture": "#0"},
				"down": {"uv": [5.008, 7.758, 4.992, 9.242], "texture": "#0"}
			}
		}
	],
	"gui_light": "front",
	"display": {
		"thirdperson_righthand": {
			"translation": [0, 1.5, 1.25],
			"scale": [0.9, 0.9, 0.9]
		},
		"thirdperson_lefthand": {
			"translation": [0, 1.5, 1.25],
			"scale": [0.9, 0.9, 0.9]
		},
		"firstperson_righthand": {
			"translation": [0, 1.5, 1.25],
			"scale": [0.9, 0.9, 0.9]
		},
		"firstperson_lefthand": {
			"translation": [0, 1.5, 1.25],
			"scale": [0.9, 0.9, 0.9]
		},
		"ground": {
			"rotation": [0, 0, 90],
			"scale": [0.9, 0.9, 0.9]
		},
		"gui": {
			"rotation": [90, 45, -90],
			"translation": [-1, -1.25, -0.5],
			"scale": [0.6, 0.6, 0.6]
		},
		"fixed": {
			"rotation": [90, -45, 90],
			"translation": [1.75, -1.75, -0.5],
			"scale": [0.8, 0.8, 0.8]
		}
	}
}