{
	"texture_size": [64, 64],
	"textures": {
		"11": "season1/hats/winter/blossom_crown"
	},
	"elements": [
		{
			"from": [5.3897, 10.09, -0.05978],
			"to": [7.3497, 12.49, -0.03978],
			"rotation": {"angle": -22.5, "axis": "y", "origin": [6.3697, 11.29, -0.05978]},
			"faces": {
				"north": {"uv": [0, 8, 0.5, 8.625], "texture": "#11"},
				"east": {"uv": [0, 0, 0, 0.625], "texture": "#11"},
				"south": {"uv": [0.5, 8, 0, 8.625], "texture": "#11"},
				"west": {"uv": [0, 0, 0, 0.625], "texture": "#11"},
				"up": {"uv": [0.5, 0, 0, 0], "texture": "#11"},
				"down": {"uv": [0.5, 0, 0, 0], "texture": "#11"}
			}
		},
		{
			"from": [13.28074, 10.09, -0.05978],
			"to": [15.24074, 12.49, -0.03978],
			"rotation": {"angle": -22.5, "axis": "y", "origin": [14.26074, 11.29, -0.05978]},
			"faces": {
				"north": {"uv": [0.5, 8, 1, 8.625], "texture": "#11"},
				"east": {"uv": [0, 0, 0, 0.625], "texture": "#11"},
				"south": {"uv": [8.5, 4.5, 8, 5.125], "texture": "#11"},
				"west": {"uv": [0, 0, 0, 0.625], "texture": "#11"},
				"up": {"uv": [0.5, 0, 0, 0], "texture": "#11"},
				"down": {"uv": [0.5, 0, 0, 0], "texture": "#11"}
			}
		},
		{
			"from": [8.6503, 10.09, -0.05978],
			"to": [10.6103, 12.49, -0.03978],
			"rotation": {"angle": 22.5, "axis": "y", "origin": [9.6303, 11.29, -0.05978]},
			"faces": {
				"north": {"uv": [1, 8, 1.5, 8.625], "texture": "#11"},
				"east": {"uv": [0, 0, 0, 0.625], "texture": "#11"},
				"south": {"uv": [1.5, 8, 1, 8.625], "texture": "#11"},
				"west": {"uv": [0, 0, 0, 0.625], "texture": "#11"},
				"up": {"uv": [0.5, 0, 0, 0], "texture": "#11"},
				"down": {"uv": [0.5, 0, 0, 0], "texture": "#11"}
			}
		},
		{
			"from": [0.75926, 10.09, -0.05978],
			"to": [2.71926, 12.49, -0.03978],
			"rotation": {"angle": 22.5, "axis": "y", "origin": [1.73926, 11.29, -0.05978]},
			"faces": {
				"north": {"uv": [8, 1.5, 8.5, 2.125], "texture": "#11"},
				"east": {"uv": [0, 0, 0, 0.625], "texture": "#11"},
				"south": {"uv": [8.5, 1.5, 8, 2.125], "texture": "#11"},
				"west": {"uv": [0, 0, 0, 0.625], "texture": "#11"},
				"up": {"uv": [0.5, 0, 0, 0], "texture": "#11"},
				"down": {"uv": [0.5, 0, 0, 0], "texture": "#11"}
			}
		},
		{
			"from": [-0.51074, 9.59, 5.71022],
			"to": [-0.49074, 11.99, 7.67022],
			"rotation": {"angle": -45, "axis": "y", "origin": [-0.51074, 10.79, 6.69022]},
			"faces": {
				"north": {"uv": [0, 0, 0, 0.625], "texture": "#11"},
				"east": {"uv": [4, 8, 4.5, 8.625], "texture": "#11"},
				"south": {"uv": [0, 0, 0, 0.625], "texture": "#11"},
				"west": {"uv": [4.5, 8, 4, 8.625], "texture": "#11"},
				"up": {"uv": [0, 0.5, 0, 0], "texture": "#11"},
				"down": {"uv": [0, 0, 0, 0.5], "texture": "#11"}
			}
		},
		{
			"from": [-0.51074, 9.59, 14.71022],
			"to": [-0.49074, 11.99, 16.67022],
			"rotation": {"angle": -45, "axis": "y", "origin": [-0.51074, 10.79, 15.69022]},
			"faces": {
				"north": {"uv": [0, 0, 0, 0.625], "texture": "#11"},
				"east": {"uv": [8, 4.5, 8.5, 5.125], "texture": "#11"},
				"south": {"uv": [0, 0, 0, 0.625], "texture": "#11"},
				"west": {"uv": [8.5, 4.5, 8, 5.125], "texture": "#11"},
				"up": {"uv": [0, 0.5, 0, 0], "texture": "#11"},
				"down": {"uv": [0, 0, 0, 0.5], "texture": "#11"}
			}
		},
		{
			"from": [-0.51074, 10.09, 3.07978],
			"to": [-0.49074, 12.49, 5.03978],
			"rotation": {"angle": 45, "axis": "y", "origin": [-0.51074, 11.29, 4.05978]},
			"faces": {
				"north": {"uv": [0, 0, 0, 0.625], "texture": "#11"},
				"east": {"uv": [8, 5.25, 8.5, 5.875], "texture": "#11"},
				"south": {"uv": [0, 0, 0, 0.625], "texture": "#11"},
				"west": {"uv": [8.5, 5.25, 8, 5.875], "texture": "#11"},
				"up": {"uv": [0, 0.5, 0, 0], "texture": "#11"},
				"down": {"uv": [0, 0, 0, 0.5], "texture": "#11"}
			}
		},
		{
			"from": [-0.3437, 9.6679, 11.70528],
			"to": [-0.3237, 11.6119, 13.29288],
			"rotation": {"angle": -45, "axis": "y", "origin": [-0.3437, 10.6399, 12.49908]},
			"faces": {
				"north": {"uv": [0, 0, 0, 0.5], "texture": "#11"},
				"east": {"uv": [7, 8, 7.375, 8.5], "texture": "#11"},
				"south": {"uv": [0, 0, 0, 0.5], "texture": "#11"},
				"west": {"uv": [7.375, 8, 7, 8.5], "texture": "#11"},
				"up": {"uv": [0, 0.375, 0, 0], "texture": "#11"},
				"down": {"uv": [0, 0, 0, 0.375], "texture": "#11"}
			}
		},
		{
			"from": [-0.3437, 10.0729, 9.57462],
			"to": [-0.3237, 12.0169, 11.16222],
			"rotation": {"angle": 45, "axis": "y", "origin": [-0.3437, 11.0449, 10.36842]},
			"faces": {
				"north": {"uv": [0, 0, 0, 0.5], "texture": "#11"},
				"east": {"uv": [7.5, 8, 7.875, 8.5], "texture": "#11"},
				"south": {"uv": [0, 0, 0, 0.5], "texture": "#11"},
				"west": {"uv": [7.875, 8, 7.5, 8.5], "texture": "#11"},
				"up": {"uv": [0, 0.375, 0, 0], "texture": "#11"},
				"down": {"uv": [0, 0, 0, 0.375], "texture": "#11"}
			}
		},
		{
			"from": [16.49074, 9.59, 5.71022],
			"to": [16.51074, 11.99, 7.67022],
			"rotation": {"angle": 45, "axis": "y", "origin": [16.51074, 10.79, 6.69022]},
			"faces": {
				"north": {"uv": [0, 0, 0, 0.625], "texture": "#11"},
				"east": {"uv": [4, 8, 4.5, 8.625], "texture": "#11"},
				"south": {"uv": [0, 0, 0, 0.625], "texture": "#11"},
				"west": {"uv": [4.5, 8, 4, 8.625], "texture": "#11"},
				"up": {"uv": [0, 0.5, 0, 0], "texture": "#11"},
				"down": {"uv": [0, 0, 0, 0.5], "texture": "#11"}
			}
		},
		{
			"from": [16.49074, 9.59, 14.71022],
			"to": [16.51074, 11.99, 16.67022],
			"rotation": {"angle": 45, "axis": "y", "origin": [16.51074, 10.79, 15.69022]},
			"faces": {
				"north": {"uv": [0, 0, 0, 0.625], "texture": "#11"},
				"east": {"uv": [8, 4.5, 8.5, 5.125], "texture": "#11"},
				"south": {"uv": [0, 0, 0, 0.625], "texture": "#11"},
				"west": {"uv": [8.5, 4.5, 8, 5.125], "texture": "#11"},
				"up": {"uv": [0, 0.5, 0, 0], "texture": "#11"},
				"down": {"uv": [0, 0, 0, 0.5], "texture": "#11"}
			}
		},
		{
			"from": [16.49074, 10.09, 3.07978],
			"to": [16.51074, 12.49, 5.03978],
			"rotation": {"angle": -45, "axis": "y", "origin": [16.51074, 11.29, 4.05978]},
			"faces": {
				"north": {"uv": [0, 0, 0, 0.625], "texture": "#11"},
				"east": {"uv": [8, 5.25, 8.5, 5.875], "texture": "#11"},
				"south": {"uv": [0, 0, 0, 0.625], "texture": "#11"},
				"west": {"uv": [8.5, 5.25, 8, 5.875], "texture": "#11"},
				"up": {"uv": [0, 0.5, 0, 0], "texture": "#11"},
				"down": {"uv": [0, 0, 0, 0.5], "texture": "#11"}
			}
		},
		{
			"from": [16.3237, 9.6679, 11.70528],
			"to": [16.3437, 11.6119, 13.29288],
			"rotation": {"angle": 45, "axis": "y", "origin": [16.3437, 10.6399, 12.49908]},
			"faces": {
				"north": {"uv": [0, 0, 0, 0.5], "texture": "#11"},
				"east": {"uv": [7, 8, 7.375, 8.5], "texture": "#11"},
				"south": {"uv": [0, 0, 0, 0.5], "texture": "#11"},
				"west": {"uv": [7.375, 8, 7, 8.5], "texture": "#11"},
				"up": {"uv": [0, 0.375, 0, 0], "texture": "#11"},
				"down": {"uv": [0, 0, 0, 0.375], "texture": "#11"}
			}
		},
		{
			"from": [16.3237, 10.0729, 9.57462],
			"to": [16.3437, 12.0169, 11.16222],
			"rotation": {"angle": -45, "axis": "y", "origin": [16.3437, 11.0449, 10.36842]},
			"faces": {
				"north": {"uv": [0, 0, 0, 0.5], "texture": "#11"},
				"east": {"uv": [7.5, 8, 7.875, 8.5], "texture": "#11"},
				"south": {"uv": [0, 0, 0, 0.5], "texture": "#11"},
				"west": {"uv": [7.875, 8, 7.5, 8.5], "texture": "#11"},
				"up": {"uv": [0, 0.375, 0, 0], "texture": "#11"},
				"down": {"uv": [0, 0, 0, 0.375], "texture": "#11"}
			}
		},
		{
			"from": [16.4804, 8.7404, 9.7374],
			"to": [16.5004, 9.8744, 11.325],
			"rotation": {"angle": -22.5, "axis": "y", "origin": [16.4804, 9.3074, 10.5312]},
			"faces": {
				"north": {"uv": [0, 0, 0, 2.5], "texture": "#11"},
				"east": {"uv": [16, 0, 15.125, 0.625], "texture": "#11"},
				"south": {"uv": [0, 0, 0, 2.5], "texture": "#11"},
				"west": {"uv": [15.125, 0, 16, 0.625], "texture": "#11"},
				"up": {"uv": [3.5, 0, 0, 0], "rotation": 90, "texture": "#11"},
				"down": {"uv": [3.5, 0, 0, 0], "rotation": 270, "texture": "#11"}
			}
		},
		{
			"from": [16.4804, 8.7404, 11.0982],
			"to": [16.5004, 9.8744, 12.6858],
			"rotation": {"angle": 22.5, "axis": "y", "origin": [16.4804, 9.3074, 11.892]},
			"faces": {
				"north": {"uv": [0, 0, 0, 2.5], "texture": "#11"},
				"east": {"uv": [16, 0.625, 15.125, 1.25], "texture": "#11"},
				"south": {"uv": [0, 0, 0, 2.5], "texture": "#11"},
				"west": {"uv": [15.125, 0.625, 16, 1.25], "texture": "#11"},
				"up": {"uv": [3.5, 0, 0, 0], "rotation": 90, "texture": "#11"},
				"down": {"uv": [3.5, 0, 0, 0], "rotation": 270, "texture": "#11"}
			}
		},
		{
			"from": [16.4804, 7.8332, 10.6446],
			"to": [16.5004, 9.4208, 11.7786],
			"rotation": {"angle": 22.5, "axis": "z", "origin": [16.4804, 8.627, 11.2116]},
			"faces": {
				"north": {"uv": [0, 0, 0, 3.5], "texture": "#11"},
				"east": {"uv": [16, 1.625, 15.375, 2.5], "texture": "#11"},
				"south": {"uv": [0, 0, 0, 3.5], "texture": "#11"},
				"west": {"uv": [16, 1.625, 15.375, 2.5], "texture": "#11"},
				"up": {"uv": [2.5, 0, 0, 0], "rotation": 90, "texture": "#11"},
				"down": {"uv": [2.5, 0, 0, 0], "rotation": 270, "texture": "#11"}
			}
		},
		{
			"from": [16.4804, 9.194, 10.6446],
			"to": [16.5004, 10.7816, 11.7786],
			"rotation": {"angle": -22.5, "axis": "z", "origin": [16.4804, 9.9878, 11.2116]},
			"faces": {
				"north": {"uv": [0, 0, 0, 3.5], "texture": "#11"},
				"east": {"uv": [15.25, 1.625, 14.625, 2.5], "texture": "#11"},
				"south": {"uv": [0, 0, 0, 3.5], "texture": "#11"},
				"west": {"uv": [15.25, 1.625, 14.625, 2.5], "texture": "#11"},
				"up": {"uv": [2.5, 0, 0, 0], "rotation": 90, "texture": "#11"},
				"down": {"uv": [2.5, 0, 0, 0], "rotation": 270, "texture": "#11"}
			}
		},
		{
			"from": [16.40736, 9.69136, 12.55116],
			"to": [16.42736, 10.71196, 13.98],
			"rotation": {"angle": -22.5, "axis": "y", "origin": [16.40736, 10.20166, 13.26558]},
			"faces": {
				"north": {"uv": [0, 0, 0, 2.5], "texture": "#11"},
				"east": {"uv": [16, 0, 15.125, 0.625], "texture": "#11"},
				"south": {"uv": [0, 0, 0, 2.5], "texture": "#11"},
				"west": {"uv": [15.125, 0, 16, 0.625], "texture": "#11"},
				"up": {"uv": [3.5, 0, 0, 0], "rotation": 90, "texture": "#11"},
				"down": {"uv": [3.5, 0, 0, 0], "rotation": 270, "texture": "#11"}
			}
		},
		{
			"from": [16.40736, 9.69136, 13.77588],
			"to": [16.42736, 10.71196, 15.20472],
			"rotation": {"angle": 22.5, "axis": "y", "origin": [16.40736, 10.20166, 14.4903]},
			"faces": {
				"north": {"uv": [0, 0, 0, 2.5], "texture": "#11"},
				"east": {"uv": [16, 0.625, 15.125, 1.25], "texture": "#11"},
				"south": {"uv": [0, 0, 0, 2.5], "texture": "#11"},
				"west": {"uv": [15.125, 0.625, 16, 1.25], "texture": "#11"},
				"up": {"uv": [3.5, 0, 0, 0], "rotation": 90, "texture": "#11"},
				"down": {"uv": [3.5, 0, 0, 0], "rotation": 270, "texture": "#11"}
			}
		},
		{
			"from": [16.40736, 8.87488, 13.36764],
			"to": [16.42736, 10.30372, 14.38824],
			"rotation": {"angle": 22.5, "axis": "z", "origin": [16.40736, 9.5893, 13.87794]},
			"faces": {
				"north": {"uv": [0, 0, 0, 3.5], "texture": "#11"},
				"east": {"uv": [16, 1.625, 15.375, 2.5], "texture": "#11"},
				"south": {"uv": [0, 0, 0, 3.5], "texture": "#11"},
				"west": {"uv": [16, 1.625, 15.375, 2.5], "texture": "#11"},
				"up": {"uv": [2.5, 0, 0, 0], "rotation": 90, "texture": "#11"},
				"down": {"uv": [2.5, 0, 0, 0], "rotation": 270, "texture": "#11"}
			}
		},
		{
			"from": [16.40736, 10.0996, 13.36764],
			"to": [16.42736, 11.52844, 14.38824],
			"rotation": {"angle": -22.5, "axis": "z", "origin": [16.40736, 10.81402, 13.87794]},
			"faces": {
				"north": {"uv": [0, 0, 0, 3.5], "texture": "#11"},
				"east": {"uv": [15.25, 1.625, 14.625, 2.5], "texture": "#11"},
				"south": {"uv": [0, 0, 0, 3.5], "texture": "#11"},
				"west": {"uv": [15.25, 1.625, 14.625, 2.5], "texture": "#11"},
				"up": {"uv": [2.5, 0, 0, 0], "rotation": 90, "texture": "#11"},
				"down": {"uv": [2.5, 0, 0, 0], "rotation": 270, "texture": "#11"}
			}
		},
		{
			"from": [16.506, 9.656, 6.861],
			"to": [16.526, 10.916, 8.625],
			"rotation": {"angle": -22.5, "axis": "y", "origin": [16.506, 10.286, 7.743]},
			"faces": {
				"north": {"uv": [0, 0, 0, 2.5], "texture": "#11"},
				"east": {"uv": [16, 0, 15.125, 0.625], "texture": "#11"},
				"south": {"uv": [0, 0, 0, 2.5], "texture": "#11"},
				"west": {"uv": [15.125, 0, 16, 0.625], "texture": "#11"},
				"up": {"uv": [3.5, 0, 0, 0], "rotation": 90, "texture": "#11"},
				"down": {"uv": [3.5, 0, 0, 0], "rotation": 270, "texture": "#11"}
			}
		},
		{
			"from": [16.506, 9.656, 8.373],
			"to": [16.526, 10.916, 10.137],
			"rotation": {"angle": 22.5, "axis": "y", "origin": [16.506, 10.286, 9.255]},
			"faces": {
				"north": {"uv": [0, 0, 0, 2.5], "texture": "#11"},
				"east": {"uv": [16, 0.625, 15.125, 1.25], "texture": "#11"},
				"south": {"uv": [0, 0, 0, 2.5], "texture": "#11"},
				"west": {"uv": [15.125, 0.625, 16, 1.25], "texture": "#11"},
				"up": {"uv": [3.5, 0, 0, 0], "rotation": 90, "texture": "#11"},
				"down": {"uv": [3.5, 0, 0, 0], "rotation": 270, "texture": "#11"}
			}
		},
		{
			"from": [16.506, 8.648, 7.869],
			"to": [16.526, 10.412, 9.129],
			"rotation": {"angle": 22.5, "axis": "z", "origin": [16.506, 9.53, 8.499]},
			"faces": {
				"north": {"uv": [0, 0, 0, 3.5], "texture": "#11"},
				"east": {"uv": [16, 1.625, 15.375, 2.5], "texture": "#11"},
				"south": {"uv": [0, 0, 0, 3.5], "texture": "#11"},
				"west": {"uv": [16, 1.625, 15.375, 2.5], "texture": "#11"},
				"up": {"uv": [2.5, 0, 0, 0], "rotation": 90, "texture": "#11"},
				"down": {"uv": [2.5, 0, 0, 0], "rotation": 270, "texture": "#11"}
			}
		},
		{
			"from": [16.506, 10.16, 7.869],
			"to": [16.526, 11.924, 9.129],
			"rotation": {"angle": -22.5, "axis": "z", "origin": [16.506, 11.042, 8.499]},
			"faces": {
				"north": {"uv": [0, 0, 0, 3.5], "texture": "#11"},
				"east": {"uv": [15.25, 1.625, 14.625, 2.5], "texture": "#11"},
				"south": {"uv": [0, 0, 0, 3.5], "texture": "#11"},
				"west": {"uv": [15.25, 1.625, 14.625, 2.5], "texture": "#11"},
				"up": {"uv": [2.5, 0, 0, 0], "rotation": 90, "texture": "#11"},
				"down": {"uv": [2.5, 0, 0, 0], "rotation": 270, "texture": "#11"}
			}
		},
		{
			"from": [16.59, 8.59, 3.415],
			"to": [16.61, 9.99, 5.375],
			"rotation": {"angle": -22.5, "axis": "y", "origin": [16.59, 9.29, 4.395]},
			"faces": {
				"north": {"uv": [0, 0, 0, 2.5], "texture": "#11"},
				"east": {"uv": [16, 0, 15.125, 0.625], "texture": "#11"},
				"south": {"uv": [0, 0, 0, 2.5], "texture": "#11"},
				"west": {"uv": [15.125, 0, 16, 0.625], "texture": "#11"},
				"up": {"uv": [3.5, 0, 0, 0], "rotation": 90, "texture": "#11"},
				"down": {"uv": [3.5, 0, 0, 0], "rotation": 270, "texture": "#11"}
			}
		},
		{
			"from": [16.59, 8.59, 5.095],
			"to": [16.61, 9.99, 7.055],
			"rotation": {"angle": 22.5, "axis": "y", "origin": [16.59, 9.29, 6.075]},
			"faces": {
				"north": {"uv": [0, 0, 0, 2.5], "texture": "#11"},
				"east": {"uv": [16, 0.625, 15.125, 1.25], "texture": "#11"},
				"south": {"uv": [0, 0, 0, 2.5], "texture": "#11"},
				"west": {"uv": [15.125, 0.625, 16, 1.25], "texture": "#11"},
				"up": {"uv": [3.5, 0, 0, 0], "rotation": 90, "texture": "#11"},
				"down": {"uv": [3.5, 0, 0, 0], "rotation": 270, "texture": "#11"}
			}
		},
		{
			"from": [16.59, 7.47, 4.535],
			"to": [16.61, 9.43, 5.935],
			"rotation": {"angle": 22.5, "axis": "z", "origin": [16.59, 8.45, 5.235]},
			"faces": {
				"north": {"uv": [0, 0, 0, 3.5], "texture": "#11"},
				"east": {"uv": [16, 1.625, 15.375, 2.5], "texture": "#11"},
				"south": {"uv": [0, 0, 0, 3.5], "texture": "#11"},
				"west": {"uv": [16, 1.625, 15.375, 2.5], "texture": "#11"},
				"up": {"uv": [2.5, 0, 0, 0], "rotation": 90, "texture": "#11"},
				"down": {"uv": [2.5, 0, 0, 0], "rotation": 270, "texture": "#11"}
			}
		},
		{
			"from": [16.59, 9.15, 4.535],
			"to": [16.61, 11.11, 5.935],
			"rotation": {"angle": -22.5, "axis": "z", "origin": [16.59, 10.13, 5.235]},
			"faces": {
				"north": {"uv": [0, 0, 0, 3.5], "texture": "#11"},
				"east": {"uv": [15.25, 1.625, 14.625, 2.5], "texture": "#11"},
				"south": {"uv": [0, 0, 0, 3.5], "texture": "#11"},
				"west": {"uv": [15.25, 1.625, 14.625, 2.5], "texture": "#11"},
				"up": {"uv": [2.5, 0, 0, 0], "rotation": 90, "texture": "#11"},
				"down": {"uv": [2.5, 0, 0, 0], "rotation": 270, "texture": "#11"}
			}
		},
		{
			"from": [16.305, 9.92, -0.78],
			"to": [16.325, 11.72, 1.74],
			"rotation": {"angle": -22.5, "axis": "y", "origin": [16.305, 10.82, 0.48]},
			"faces": {
				"north": {"uv": [0, 0, 0, 2.5], "texture": "#11"},
				"east": {"uv": [16, 0, 15.125, 0.625], "texture": "#11"},
				"south": {"uv": [0, 0, 0, 2.5], "texture": "#11"},
				"west": {"uv": [15.125, 0, 16, 0.625], "texture": "#11"},
				"up": {"uv": [3.5, 0, 0, 0], "rotation": 90, "texture": "#11"},
				"down": {"uv": [3.5, 0, 0, 0], "rotation": 270, "texture": "#11"}
			}
		},
		{
			"from": [16.305, 9.92, 1.38],
			"to": [16.325, 11.72, 3.9],
			"rotation": {"angle": 22.5, "axis": "y", "origin": [16.305, 10.82, 2.64]},
			"faces": {
				"north": {"uv": [0, 0, 0, 2.5], "texture": "#11"},
				"east": {"uv": [16, 0.625, 15.125, 1.25], "texture": "#11"},
				"south": {"uv": [0, 0, 0, 2.5], "texture": "#11"},
				"west": {"uv": [15.125, 0.625, 16, 1.25], "texture": "#11"},
				"up": {"uv": [3.5, 0, 0, 0], "rotation": 90, "texture": "#11"},
				"down": {"uv": [3.5, 0, 0, 0], "rotation": 270, "texture": "#11"}
			}
		},
		{
			"from": [16.305, 8.48, 0.66],
			"to": [16.325, 11, 2.46],
			"rotation": {"angle": 22.5, "axis": "z", "origin": [16.305, 9.74, 1.56]},
			"faces": {
				"north": {"uv": [0, 0, 0, 3.5], "texture": "#11"},
				"east": {"uv": [16, 1.625, 15.375, 2.5], "texture": "#11"},
				"south": {"uv": [0, 0, 0, 3.5], "texture": "#11"},
				"west": {"uv": [16, 1.625, 15.375, 2.5], "texture": "#11"},
				"up": {"uv": [2.5, 0, 0, 0], "rotation": 90, "texture": "#11"},
				"down": {"uv": [2.5, 0, 0, 0], "rotation": 270, "texture": "#11"}
			}
		},
		{
			"from": [16.305, 10.64, 0.66],
			"to": [16.325, 13.16, 2.46],
			"rotation": {"angle": -22.5, "axis": "z", "origin": [16.305, 11.9, 1.56]},
			"faces": {
				"north": {"uv": [0, 0, 0, 3.5], "texture": "#11"},
				"east": {"uv": [15.25, 1.625, 14.625, 2.5], "texture": "#11"},
				"south": {"uv": [0, 0, 0, 3.5], "texture": "#11"},
				"west": {"uv": [15.25, 1.625, 14.625, 2.5], "texture": "#11"},
				"up": {"uv": [2.5, 0, 0, 0], "rotation": 90, "texture": "#11"},
				"down": {"uv": [2.5, 0, 0, 0], "rotation": 270, "texture": "#11"}
			}
		},
		{
			"from": [-0.4804, 8.7404, 9.7374],
			"to": [-0.4604, 9.8744, 11.325],
			"rotation": {"angle": 22.5, "axis": "y", "origin": [-0.4804, 9.3074, 10.5312]},
			"faces": {
				"north": {"uv": [0, 0, 0, 2.5], "texture": "#11"},
				"east": {"uv": [16, 0, 15.125, 0.625], "texture": "#11"},
				"south": {"uv": [0, 0, 0, 2.5], "texture": "#11"},
				"west": {"uv": [15.125, 0, 16, 0.625], "texture": "#11"},
				"up": {"uv": [3.5, 0, 0, 0], "rotation": 90, "texture": "#11"},
				"down": {"uv": [3.5, 0, 0, 0], "rotation": 270, "texture": "#11"}
			}
		},
		{
			"from": [-0.4804, 8.7404, 11.0982],
			"to": [-0.4604, 9.8744, 12.6858],
			"rotation": {"angle": -22.5, "axis": "y", "origin": [-0.4804, 9.3074, 11.892]},
			"faces": {
				"north": {"uv": [0, 0, 0, 2.5], "texture": "#11"},
				"east": {"uv": [16, 0.625, 15.125, 1.25], "texture": "#11"},
				"south": {"uv": [0, 0, 0, 2.5], "texture": "#11"},
				"west": {"uv": [15.125, 0.625, 16, 1.25], "texture": "#11"},
				"up": {"uv": [3.5, 0, 0, 0], "rotation": 90, "texture": "#11"},
				"down": {"uv": [3.5, 0, 0, 0], "rotation": 270, "texture": "#11"}
			}
		},
		{
			"from": [-0.4804, 7.8332, 10.6446],
			"to": [-0.4604, 9.4208, 11.7786],
			"rotation": {"angle": -22.5, "axis": "z", "origin": [-0.4804, 8.627, 11.2116]},
			"faces": {
				"north": {"uv": [0, 0, 0, 3.5], "texture": "#11"},
				"east": {"uv": [15.375, 1.625, 16, 2.5], "texture": "#11"},
				"south": {"uv": [0, 0, 0, 3.5], "texture": "#11"},
				"west": {"uv": [15.375, 1.625, 16, 2.5], "texture": "#11"},
				"up": {"uv": [2.5, 0, 0, 0], "rotation": 90, "texture": "#11"},
				"down": {"uv": [2.5, 0, 0, 0], "rotation": 270, "texture": "#11"}
			}
		},
		{
			"from": [-0.4804, 9.194, 10.6446],
			"to": [-0.4604, 10.7816, 11.7786],
			"rotation": {"angle": 22.5, "axis": "z", "origin": [-0.4804, 9.9878, 11.2116]},
			"faces": {
				"north": {"uv": [0, 0, 0, 3.5], "texture": "#11"},
				"east": {"uv": [14.625, 1.625, 15.25, 2.5], "texture": "#11"},
				"south": {"uv": [0, 0, 0, 3.5], "texture": "#11"},
				"west": {"uv": [14.625, 1.625, 15.25, 2.5], "texture": "#11"},
				"up": {"uv": [2.5, 0, 0, 0], "rotation": 90, "texture": "#11"},
				"down": {"uv": [2.5, 0, 0, 0], "rotation": 270, "texture": "#11"}
			}
		},
		{
			"from": [-0.40736, 9.69136, 12.55116],
			"to": [-0.38736, 10.71196, 13.98],
			"rotation": {"angle": 22.5, "axis": "y", "origin": [-0.40736, 10.20166, 13.26558]},
			"faces": {
				"north": {"uv": [0, 0, 0, 2.5], "texture": "#11"},
				"east": {"uv": [16, 0, 15.125, 0.625], "texture": "#11"},
				"south": {"uv": [0, 0, 0, 2.5], "texture": "#11"},
				"west": {"uv": [15.125, 0, 16, 0.625], "texture": "#11"},
				"up": {"uv": [3.5, 0, 0, 0], "rotation": 90, "texture": "#11"},
				"down": {"uv": [3.5, 0, 0, 0], "rotation": 270, "texture": "#11"}
			}
		},
		{
			"from": [-0.40736, 9.69136, 13.77588],
			"to": [-0.38736, 10.71196, 15.20472],
			"rotation": {"angle": -22.5, "axis": "y", "origin": [-0.40736, 10.20166, 14.4903]},
			"faces": {
				"north": {"uv": [0, 0, 0, 2.5], "texture": "#11"},
				"east": {"uv": [16, 0.625, 15.125, 1.25], "texture": "#11"},
				"south": {"uv": [0, 0, 0, 2.5], "texture": "#11"},
				"west": {"uv": [15.125, 0.625, 16, 1.25], "texture": "#11"},
				"up": {"uv": [3.5, 0, 0, 0], "rotation": 90, "texture": "#11"},
				"down": {"uv": [3.5, 0, 0, 0], "rotation": 270, "texture": "#11"}
			}
		},
		{
			"from": [-0.40736, 8.87488, 13.36764],
			"to": [-0.38736, 10.30372, 14.38824],
			"rotation": {"angle": -22.5, "axis": "z", "origin": [-0.40736, 9.5893, 13.87794]},
			"faces": {
				"north": {"uv": [0, 0, 0, 3.5], "texture": "#11"},
				"east": {"uv": [15.375, 1.625, 16, 2.5], "texture": "#11"},
				"south": {"uv": [0, 0, 0, 3.5], "texture": "#11"},
				"west": {"uv": [15.375, 1.625, 16, 2.5], "texture": "#11"},
				"up": {"uv": [2.5, 0, 0, 0], "rotation": 90, "texture": "#11"},
				"down": {"uv": [2.5, 0, 0, 0], "rotation": 270, "texture": "#11"}
			}
		},
		{
			"from": [-0.40736, 10.0996, 13.36764],
			"to": [-0.38736, 11.52844, 14.38824],
			"rotation": {"angle": 22.5, "axis": "z", "origin": [-0.40736, 10.81402, 13.87794]},
			"faces": {
				"north": {"uv": [0, 0, 0, 3.5], "texture": "#11"},
				"east": {"uv": [14.625, 1.625, 15.25, 2.5], "texture": "#11"},
				"south": {"uv": [0, 0, 0, 3.5], "texture": "#11"},
				"west": {"uv": [14.625, 1.625, 15.25, 2.5], "texture": "#11"},
				"up": {"uv": [2.5, 0, 0, 0], "rotation": 90, "texture": "#11"},
				"down": {"uv": [2.5, 0, 0, 0], "rotation": 270, "texture": "#11"}
			}
		},
		{
			"from": [-0.506, 9.656, 6.861],
			"to": [-0.486, 10.916, 8.625],
			"rotation": {"angle": 22.5, "axis": "y", "origin": [-0.506, 10.286, 7.743]},
			"faces": {
				"north": {"uv": [0, 0, 0, 2.5], "texture": "#11"},
				"east": {"uv": [16, 0, 15.125, 0.625], "texture": "#11"},
				"south": {"uv": [0, 0, 0, 2.5], "texture": "#11"},
				"west": {"uv": [15.125, 0, 16, 0.625], "texture": "#11"},
				"up": {"uv": [3.5, 0, 0, 0], "rotation": 90, "texture": "#11"},
				"down": {"uv": [3.5, 0, 0, 0], "rotation": 270, "texture": "#11"}
			}
		},
		{
			"from": [-0.506, 9.656, 8.373],
			"to": [-0.486, 10.916, 10.137],
			"rotation": {"angle": -22.5, "axis": "y", "origin": [-0.506, 10.286, 9.255]},
			"faces": {
				"north": {"uv": [0, 0, 0, 2.5], "texture": "#11"},
				"east": {"uv": [16, 0.625, 15.125, 1.25], "texture": "#11"},
				"south": {"uv": [0, 0, 0, 2.5], "texture": "#11"},
				"west": {"uv": [15.125, 0.625, 16, 1.25], "texture": "#11"},
				"up": {"uv": [3.5, 0, 0, 0], "rotation": 90, "texture": "#11"},
				"down": {"uv": [3.5, 0, 0, 0], "rotation": 270, "texture": "#11"}
			}
		},
		{
			"from": [-0.506, 8.648, 7.869],
			"to": [-0.486, 10.412, 9.129],
			"rotation": {"angle": -22.5, "axis": "z", "origin": [-0.506, 9.53, 8.499]},
			"faces": {
				"north": {"uv": [0, 0, 0, 3.5], "texture": "#11"},
				"east": {"uv": [15.375, 1.625, 16, 2.5], "texture": "#11"},
				"south": {"uv": [0, 0, 0, 3.5], "texture": "#11"},
				"west": {"uv": [15.375, 1.625, 16, 2.5], "texture": "#11"},
				"up": {"uv": [2.5, 0, 0, 0], "rotation": 90, "texture": "#11"},
				"down": {"uv": [2.5, 0, 0, 0], "rotation": 270, "texture": "#11"}
			}
		},
		{
			"from": [-0.506, 10.16, 7.869],
			"to": [-0.486, 11.924, 9.129],
			"rotation": {"angle": 22.5, "axis": "z", "origin": [-0.506, 11.042, 8.499]},
			"faces": {
				"north": {"uv": [0, 0, 0, 3.5], "texture": "#11"},
				"east": {"uv": [14.625, 1.625, 15.25, 2.5], "texture": "#11"},
				"south": {"uv": [0, 0, 0, 3.5], "texture": "#11"},
				"west": {"uv": [14.625, 1.625, 15.25, 2.5], "texture": "#11"},
				"up": {"uv": [2.5, 0, 0, 0], "rotation": 90, "texture": "#11"},
				"down": {"uv": [2.5, 0, 0, 0], "rotation": 270, "texture": "#11"}
			}
		},
		{
			"from": [-0.59, 8.59, 3.415],
			"to": [-0.57, 9.99, 5.375],
			"rotation": {"angle": 22.5, "axis": "y", "origin": [-0.59, 9.29, 4.395]},
			"faces": {
				"north": {"uv": [0, 0, 0, 2.5], "texture": "#11"},
				"east": {"uv": [16, 0, 15.125, 0.625], "texture": "#11"},
				"south": {"uv": [0, 0, 0, 2.5], "texture": "#11"},
				"west": {"uv": [15.125, 0, 16, 0.625], "texture": "#11"},
				"up": {"uv": [3.5, 0, 0, 0], "rotation": 90, "texture": "#11"},
				"down": {"uv": [3.5, 0, 0, 0], "rotation": 270, "texture": "#11"}
			}
		},
		{
			"from": [-0.59, 8.59, 5.095],
			"to": [-0.57, 9.99, 7.055],
			"rotation": {"angle": -22.5, "axis": "y", "origin": [-0.59, 9.29, 6.075]},
			"faces": {
				"north": {"uv": [0, 0, 0, 2.5], "texture": "#11"},
				"east": {"uv": [16, 0.625, 15.125, 1.25], "texture": "#11"},
				"south": {"uv": [0, 0, 0, 2.5], "texture": "#11"},
				"west": {"uv": [15.125, 0.625, 16, 1.25], "texture": "#11"},
				"up": {"uv": [3.5, 0, 0, 0], "rotation": 90, "texture": "#11"},
				"down": {"uv": [3.5, 0, 0, 0], "rotation": 270, "texture": "#11"}
			}
		},
		{
			"from": [-0.59, 7.47, 4.535],
			"to": [-0.57, 9.43, 5.935],
			"rotation": {"angle": -22.5, "axis": "z", "origin": [-0.59, 8.45, 5.235]},
			"faces": {
				"north": {"uv": [0, 0, 0, 3.5], "texture": "#11"},
				"east": {"uv": [15.375, 1.625, 16, 2.5], "texture": "#11"},
				"south": {"uv": [0, 0, 0, 3.5], "texture": "#11"},
				"west": {"uv": [15.375, 1.625, 16, 2.5], "texture": "#11"},
				"up": {"uv": [2.5, 0, 0, 0], "rotation": 90, "texture": "#11"},
				"down": {"uv": [2.5, 0, 0, 0], "rotation": 270, "texture": "#11"}
			}
		},
		{
			"from": [-0.59, 9.15, 4.535],
			"to": [-0.57, 11.11, 5.935],
			"rotation": {"angle": 22.5, "axis": "z", "origin": [-0.59, 10.13, 5.235]},
			"faces": {
				"north": {"uv": [0, 0, 0, 3.5], "texture": "#11"},
				"east": {"uv": [14.625, 1.625, 15.25, 2.5], "texture": "#11"},
				"south": {"uv": [0, 0, 0, 3.5], "texture": "#11"},
				"west": {"uv": [14.625, 1.625, 15.25, 2.5], "texture": "#11"},
				"up": {"uv": [2.5, 0, 0, 0], "rotation": 90, "texture": "#11"},
				"down": {"uv": [2.5, 0, 0, 0], "rotation": 270, "texture": "#11"}
			}
		},
		{
			"from": [-0.305, 9.92, -0.78],
			"to": [-0.285, 11.72, 1.74],
			"rotation": {"angle": 22.5, "axis": "y", "origin": [-0.305, 10.82, 0.48]},
			"faces": {
				"north": {"uv": [0, 0, 0, 2.5], "texture": "#11"},
				"east": {"uv": [16, 0, 15.125, 0.625], "texture": "#11"},
				"south": {"uv": [0, 0, 0, 2.5], "texture": "#11"},
				"west": {"uv": [15.125, 0, 16, 0.625], "texture": "#11"},
				"up": {"uv": [3.5, 0, 0, 0], "rotation": 90, "texture": "#11"},
				"down": {"uv": [3.5, 0, 0, 0], "rotation": 270, "texture": "#11"}
			}
		},
		{
			"from": [-0.305, 9.92, 1.38],
			"to": [-0.285, 11.72, 3.9],
			"rotation": {"angle": -22.5, "axis": "y", "origin": [-0.305, 10.82, 2.64]},
			"faces": {
				"north": {"uv": [0, 0, 0, 2.5], "texture": "#11"},
				"east": {"uv": [16, 0.625, 15.125, 1.25], "texture": "#11"},
				"south": {"uv": [0, 0, 0, 2.5], "texture": "#11"},
				"west": {"uv": [15.125, 0.625, 16, 1.25], "texture": "#11"},
				"up": {"uv": [3.5, 0, 0, 0], "rotation": 90, "texture": "#11"},
				"down": {"uv": [3.5, 0, 0, 0], "rotation": 270, "texture": "#11"}
			}
		},
		{
			"from": [-0.305, 8.48, 0.66],
			"to": [-0.285, 11, 2.46],
			"rotation": {"angle": -22.5, "axis": "z", "origin": [-0.305, 9.74, 1.56]},
			"faces": {
				"north": {"uv": [0, 0, 0, 3.5], "texture": "#11"},
				"east": {"uv": [15.375, 1.625, 16, 2.5], "texture": "#11"},
				"south": {"uv": [0, 0, 0, 3.5], "texture": "#11"},
				"west": {"uv": [15.375, 1.625, 16, 2.5], "texture": "#11"},
				"up": {"uv": [2.5, 0, 0, 0], "rotation": 90, "texture": "#11"},
				"down": {"uv": [2.5, 0, 0, 0], "rotation": 270, "texture": "#11"}
			}
		},
		{
			"from": [-0.305, 10.64, 0.66],
			"to": [-0.285, 13.16, 2.46],
			"rotation": {"angle": 22.5, "axis": "z", "origin": [-0.305, 11.9, 1.56]},
			"faces": {
				"north": {"uv": [0, 0, 0, 3.5], "texture": "#11"},
				"east": {"uv": [14.625, 1.625, 15.25, 2.5], "texture": "#11"},
				"south": {"uv": [0, 0, 0, 3.5], "texture": "#11"},
				"west": {"uv": [14.625, 1.625, 15.25, 2.5], "texture": "#11"},
				"up": {"uv": [2.5, 0, 0, 0], "rotation": 90, "texture": "#11"},
				"down": {"uv": [2.5, 0, 0, 0], "rotation": 270, "texture": "#11"}
			}
		},
		{
			"from": [-0.89, 8.59, -0.605],
			"to": [1.07, 9.99, -0.585],
			"rotation": {"angle": -22.5, "axis": "y", "origin": [0.09, 9.29, -0.605]},
			"faces": {
				"north": {"uv": [16, 0, 15.125, 0.625], "texture": "#11"},
				"east": {"uv": [0, 0, 0, 2.5], "texture": "#11"},
				"south": {"uv": [15.125, 0, 16, 0.625], "texture": "#11"},
				"west": {"uv": [0, 0, 0, 2.5], "texture": "#11"},
				"up": {"uv": [3.5, 0, 0, 0], "texture": "#11"},
				"down": {"uv": [3.5, 0, 0, 0], "texture": "#11"}
			}
		},
		{
			"from": [0.79, 8.59, -0.605],
			"to": [2.75, 9.99, -0.585],
			"rotation": {"angle": 22.5, "axis": "y", "origin": [1.77, 9.29, -0.605]},
			"faces": {
				"north": {"uv": [16, 0.625, 15.125, 1.25], "texture": "#11"},
				"east": {"uv": [0, 0, 0, 2.5], "texture": "#11"},
				"south": {"uv": [15.125, 0.625, 16, 1.25], "texture": "#11"},
				"west": {"uv": [0, 0, 0, 2.5], "texture": "#11"},
				"up": {"uv": [3.5, 0, 0, 0], "texture": "#11"},
				"down": {"uv": [3.5, 0, 0, 0], "texture": "#11"}
			}
		},
		{
			"from": [0.23, 7.47, -0.605],
			"to": [1.63, 9.43, -0.585],
			"rotation": {"angle": 22.5, "axis": "x", "origin": [0.93, 8.45, -0.605]},
			"faces": {
				"north": {"uv": [16, 1.625, 15.375, 2.5], "texture": "#11"},
				"east": {"uv": [0, 0, 0, 3.5], "texture": "#11"},
				"south": {"uv": [16, 1.625, 15.375, 2.5], "texture": "#11"},
				"west": {"uv": [0, 0, 0, 3.5], "texture": "#11"},
				"up": {"uv": [2.5, 0, 0, 0], "texture": "#11"},
				"down": {"uv": [2.5, 0, 0, 0], "texture": "#11"}
			}
		},
		{
			"from": [0.23, 9.15, -0.605],
			"to": [1.63, 11.11, -0.585],
			"rotation": {"angle": -22.5, "axis": "x", "origin": [0.93, 10.13, -0.605]},
			"faces": {
				"north": {"uv": [15.25, 1.625, 14.625, 2.5], "texture": "#11"},
				"east": {"uv": [0, 0, 0, 3.5], "texture": "#11"},
				"south": {"uv": [15.25, 1.625, 14.625, 2.5], "texture": "#11"},
				"west": {"uv": [0, 0, 0, 3.5], "texture": "#11"},
				"up": {"uv": [2.5, 0, 0, 0], "texture": "#11"},
				"down": {"uv": [2.5, 0, 0, 0], "texture": "#11"}
			}
		},
		{
			"from": [1.8, 9.55, -0.675],
			"to": [4.6, 11.55, -0.655],
			"rotation": {"angle": -22.5, "axis": "y", "origin": [3.2, 10.55, -0.675]},
			"faces": {
				"north": {"uv": [16, 0, 15.125, 0.625], "texture": "#11"},
				"east": {"uv": [0, 0, 0, 2.5], "texture": "#11"},
				"south": {"uv": [15.125, 0, 16, 0.625], "texture": "#11"},
				"west": {"uv": [0, 0, 0, 2.5], "texture": "#11"},
				"up": {"uv": [3.5, 0, 0, 0], "texture": "#11"},
				"down": {"uv": [3.5, 0, 0, 0], "texture": "#11"}
			}
		},
		{
			"from": [4.2, 9.55, -0.675],
			"to": [7, 11.55, -0.655],
			"rotation": {"angle": 22.5, "axis": "y", "origin": [5.6, 10.55, -0.675]},
			"faces": {
				"north": {"uv": [16, 0.625, 15.125, 1.25], "texture": "#11"},
				"east": {"uv": [0, 0, 0, 2.5], "texture": "#11"},
				"south": {"uv": [15.125, 0.625, 16, 1.25], "texture": "#11"},
				"west": {"uv": [0, 0, 0, 2.5], "texture": "#11"},
				"up": {"uv": [3.5, 0, 0, 0], "texture": "#11"},
				"down": {"uv": [3.5, 0, 0, 0], "texture": "#11"}
			}
		},
		{
			"from": [3.4, 7.95, -0.675],
			"to": [5.4, 10.75, -0.655],
			"rotation": {"angle": 22.5, "axis": "x", "origin": [4.4, 9.35, -0.675]},
			"faces": {
				"north": {"uv": [16, 1.625, 15.375, 2.5], "texture": "#11"},
				"east": {"uv": [0, 0, 0, 3.5], "texture": "#11"},
				"south": {"uv": [16, 1.625, 15.375, 2.5], "texture": "#11"},
				"west": {"uv": [0, 0, 0, 3.5], "texture": "#11"},
				"up": {"uv": [2.5, 0, 0, 0], "texture": "#11"},
				"down": {"uv": [2.5, 0, 0, 0], "texture": "#11"}
			}
		},
		{
			"from": [3.4, 10.35, -0.675],
			"to": [5.4, 13.15, -0.655],
			"rotation": {"angle": -22.5, "axis": "x", "origin": [4.4, 11.75, -0.675]},
			"faces": {
				"north": {"uv": [15.25, 1.625, 14.625, 2.5], "texture": "#11"},
				"east": {"uv": [0, 0, 0, 3.5], "texture": "#11"},
				"south": {"uv": [15.25, 1.625, 14.625, 2.5], "texture": "#11"},
				"west": {"uv": [0, 0, 0, 3.5], "texture": "#11"},
				"up": {"uv": [2.5, 0, 0, 0], "texture": "#11"},
				"down": {"uv": [2.5, 0, 0, 0], "texture": "#11"}
			}
		},
		{
			"from": [6.11, 8.59, -0.605],
			"to": [8.07, 9.99, -0.585],
			"rotation": {"angle": -22.5, "axis": "y", "origin": [7.09, 9.29, -0.605]},
			"faces": {
				"north": {"uv": [16, 0, 15.125, 0.625], "texture": "#11"},
				"east": {"uv": [0, 0, 0, 2.5], "texture": "#11"},
				"south": {"uv": [15.125, 0, 16, 0.625], "texture": "#11"},
				"west": {"uv": [0, 0, 0, 2.5], "texture": "#11"},
				"up": {"uv": [3.5, 0, 0, 0], "texture": "#11"},
				"down": {"uv": [3.5, 0, 0, 0], "texture": "#11"}
			}
		},
		{
			"from": [7.79, 8.59, -0.605],
			"to": [9.75, 9.99, -0.585],
			"rotation": {"angle": 22.5, "axis": "y", "origin": [8.77, 9.29, -0.605]},
			"faces": {
				"north": {"uv": [16, 0.625, 15.125, 1.25], "texture": "#11"},
				"east": {"uv": [0, 0, 0, 2.5], "texture": "#11"},
				"south": {"uv": [15.125, 0.625, 16, 1.25], "texture": "#11"},
				"west": {"uv": [0, 0, 0, 2.5], "texture": "#11"},
				"up": {"uv": [3.5, 0, 0, 0], "texture": "#11"},
				"down": {"uv": [3.5, 0, 0, 0], "texture": "#11"}
			}
		},
		{
			"from": [7.23, 7.47, -0.605],
			"to": [8.63, 9.43, -0.585],
			"rotation": {"angle": 22.5, "axis": "x", "origin": [7.93, 8.45, -0.605]},
			"faces": {
				"north": {"uv": [16, 1.625, 15.375, 2.5], "texture": "#11"},
				"east": {"uv": [0, 0, 0, 3.5], "texture": "#11"},
				"south": {"uv": [16, 1.625, 15.375, 2.5], "texture": "#11"},
				"west": {"uv": [0, 0, 0, 3.5], "texture": "#11"},
				"up": {"uv": [2.5, 0, 0, 0], "texture": "#11"},
				"down": {"uv": [2.5, 0, 0, 0], "texture": "#11"}
			}
		},
		{
			"from": [7.23, 9.15, -0.605],
			"to": [8.63, 11.11, -0.585],
			"rotation": {"angle": -22.5, "axis": "x", "origin": [7.93, 10.13, -0.605]},
			"faces": {
				"north": {"uv": [15.25, 1.625, 14.625, 2.5], "texture": "#11"},
				"east": {"uv": [0, 0, 0, 3.5], "texture": "#11"},
				"south": {"uv": [15.25, 1.625, 14.625, 2.5], "texture": "#11"},
				"west": {"uv": [0, 0, 0, 3.5], "texture": "#11"},
				"up": {"uv": [2.5, 0, 0, 0], "texture": "#11"},
				"down": {"uv": [2.5, 0, 0, 0], "texture": "#11"}
			}
		},
		{
			"from": [13.11, 8.59, -0.605],
			"to": [15.07, 9.99, -0.585],
			"rotation": {"angle": -22.5, "axis": "y", "origin": [14.09, 9.29, -0.605]},
			"faces": {
				"north": {"uv": [16, 0, 15.125, 0.625], "texture": "#11"},
				"east": {"uv": [0, 0, 0, 2.5], "texture": "#11"},
				"south": {"uv": [16, 0, 15.125, 0.625], "texture": "#11"},
				"west": {"uv": [0, 0, 0, 2.5], "texture": "#11"},
				"up": {"uv": [3.5, 0, 0, 0], "texture": "#11"},
				"down": {"uv": [3.5, 0, 0, 0], "texture": "#11"}
			}
		},
		{
			"from": [14.79, 8.59, -0.605],
			"to": [16.75, 9.99, -0.585],
			"rotation": {"angle": 22.5, "axis": "y", "origin": [15.77, 9.29, -0.605]},
			"faces": {
				"north": {"uv": [16, 0.625, 15.125, 1.25], "texture": "#11"},
				"east": {"uv": [0, 0, 0, 2.5], "texture": "#11"},
				"south": {"uv": [15.125, 0.625, 16, 1.25], "texture": "#11"},
				"west": {"uv": [0, 0, 0, 2.5], "texture": "#11"},
				"up": {"uv": [3.5, 0, 0, 0], "texture": "#11"},
				"down": {"uv": [3.5, 0, 0, 0], "texture": "#11"}
			}
		},
		{
			"from": [14.23, 7.47, -0.605],
			"to": [15.63, 9.43, -0.585],
			"rotation": {"angle": 22.5, "axis": "x", "origin": [14.93, 8.45, -0.605]},
			"faces": {
				"north": {"uv": [16, 1.625, 15.375, 2.5], "texture": "#11"},
				"east": {"uv": [0, 0, 0, 3.5], "texture": "#11"},
				"south": {"uv": [16, 1.625, 15.375, 2.5], "texture": "#11"},
				"west": {"uv": [0, 0, 0, 3.5], "texture": "#11"},
				"up": {"uv": [2.5, 0, 0, 0], "texture": "#11"},
				"down": {"uv": [2.5, 0, 0, 0], "texture": "#11"}
			}
		},
		{
			"from": [14.23, 9.15, -0.605],
			"to": [15.63, 11.11, -0.585],
			"rotation": {"angle": -22.5, "axis": "x", "origin": [14.93, 10.13, -0.605]},
			"faces": {
				"north": {"uv": [15.25, 1.625, 14.625, 2.5], "texture": "#11"},
				"east": {"uv": [0, 0, 0, 3.5], "texture": "#11"},
				"south": {"uv": [15.25, 1.625, 14.625, 2.5], "texture": "#11"},
				"west": {"uv": [0, 0, 0, 3.5], "texture": "#11"},
				"up": {"uv": [2.5, 0, 0, 0], "texture": "#11"},
				"down": {"uv": [2.5, 0, 0, 0], "texture": "#11"}
			}
		},
		{
			"from": [8.8, 9.55, -0.675],
			"to": [11.6, 11.55, -0.655],
			"rotation": {"angle": -22.5, "axis": "y", "origin": [10.2, 10.55, -0.675]},
			"faces": {
				"north": {"uv": [16, 0, 15.125, 0.625], "texture": "#11"},
				"east": {"uv": [0, 0, 0, 2.5], "texture": "#11"},
				"south": {"uv": [15.125, 0, 16, 0.625], "texture": "#11"},
				"west": {"uv": [0, 0, 0, 2.5], "texture": "#11"},
				"up": {"uv": [3.5, 0, 0, 0], "texture": "#11"},
				"down": {"uv": [3.5, 0, 0, 0], "texture": "#11"}
			}
		},
		{
			"from": [11.2, 9.55, -0.675],
			"to": [14, 11.55, -0.655],
			"rotation": {"angle": 22.5, "axis": "y", "origin": [12.6, 10.55, -0.675]},
			"faces": {
				"north": {"uv": [16, 0.625, 15.125, 1.25], "texture": "#11"},
				"east": {"uv": [0, 0, 0, 2.5], "texture": "#11"},
				"south": {"uv": [15.125, 0.625, 16, 1.25], "texture": "#11"},
				"west": {"uv": [0, 0, 0, 2.5], "texture": "#11"},
				"up": {"uv": [3.5, 0, 0, 0], "texture": "#11"},
				"down": {"uv": [3.5, 0, 0, 0], "texture": "#11"}
			}
		},
		{
			"from": [10.4, 7.95, -0.675],
			"to": [12.4, 10.75, -0.655],
			"rotation": {"angle": 22.5, "axis": "x", "origin": [11.4, 9.35, -0.675]},
			"faces": {
				"north": {"uv": [16, 1.625, 15.375, 2.5], "texture": "#11"},
				"east": {"uv": [0, 0, 0, 3.5], "texture": "#11"},
				"south": {"uv": [16, 1.625, 15.375, 2.5], "texture": "#11"},
				"west": {"uv": [0, 0, 0, 3.5], "texture": "#11"},
				"up": {"uv": [2.5, 0, 0, 0], "texture": "#11"},
				"down": {"uv": [2.5, 0, 0, 0], "texture": "#11"}
			}
		},
		{
			"from": [10.4, 10.35, -0.675],
			"to": [12.4, 13.15, -0.655],
			"rotation": {"angle": -22.5, "axis": "x", "origin": [11.4, 11.75, -0.675]},
			"faces": {
				"north": {"uv": [15.25, 1.625, 14.625, 2.5], "texture": "#11"},
				"east": {"uv": [0, 0, 0, 3.5], "texture": "#11"},
				"south": {"uv": [15.25, 1.625, 14.625, 2.5], "texture": "#11"},
				"west": {"uv": [0, 0, 0, 3.5], "texture": "#11"},
				"up": {"uv": [2.5, 0, 0, 0], "texture": "#11"},
				"down": {"uv": [2.5, 0, 0, 0], "texture": "#11"}
			}
		},
		{
			"from": [0, 4, 16.125],
			"to": [16, 12, 16.145],
			"rotation": {"angle": 0, "axis": "y", "origin": [1, 4, 12.125]},
			"faces": {
				"north": {"uv": [4, 2, 0, 4], "texture": "#11"},
				"east": {"uv": [0, 0, 0, 2], "texture": "#11"},
				"south": {"uv": [0, 2, 4, 4], "texture": "#11"},
				"west": {"uv": [0, 0, 0, 2], "texture": "#11"},
				"up": {"uv": [4, 0, 0, 0], "texture": "#11"},
				"down": {"uv": [4, 0, 0, 0], "texture": "#11"}
			}
		},
		{
			"from": [0, 4, 0.125],
			"to": [16, 12, 0.145],
			"rotation": {"angle": 0, "axis": "y", "origin": [1, 4, -3.875]},
			"faces": {
				"north": {"uv": [0, 4, 4, 6], "texture": "#11"},
				"east": {"uv": [0, 0, 0, 2], "texture": "#11"},
				"south": {"uv": [4, 4, 0, 6], "texture": "#11"},
				"west": {"uv": [0, 0, 0, 2], "texture": "#11"},
				"up": {"uv": [4, 0, 0, 0], "texture": "#11"},
				"down": {"uv": [4, 0, 0, 0], "texture": "#11"}
			}
		},
		{
			"from": [15.999, 4, 0.125],
			"to": [16.019, 12, 16.125],
			"rotation": {"angle": 0, "axis": "y", "origin": [11.999, 4, 15.125]},
			"faces": {
				"north": {"uv": [0, 0, 0, 2], "texture": "#11"},
				"east": {"uv": [4, 2, 8, 4], "texture": "#11"},
				"south": {"uv": [0, 0, 0, 2], "texture": "#11"},
				"west": {"uv": [8, 2, 4, 4], "texture": "#11"},
				"up": {"uv": [0, 4, 0, 0], "texture": "#11"},
				"down": {"uv": [0, 0, 0, 4], "texture": "#11"}
			}
		},
		{
			"from": [-0.001, 4, 0.125],
			"to": [0.019, 12, 16.125],
			"rotation": {"angle": 0, "axis": "y", "origin": [-4.001, 4, 15.125]},
			"faces": {
				"north": {"uv": [0, 0, 0, 2], "texture": "#11"},
				"east": {"uv": [8, 6, 4, 8], "texture": "#11"},
				"south": {"uv": [0, 0, 0, 2], "texture": "#11"},
				"west": {"uv": [4, 6, 8, 8], "texture": "#11"},
				"up": {"uv": [0, 4, 0, 0], "texture": "#11"},
				"down": {"uv": [0, 0, 0, 4], "texture": "#11"}
			}
		}
	],
	"gui_light": "front",
	"display": {
		"thirdperson_righthand": {
			"rotation": [90, 0, 0],
			"translation": [0, -2.25, 0],
			"scale": [0.35, 0.35, 0.35]
		},
		"thirdperson_lefthand": {
			"rotation": [90, 0, 0],
			"translation": [0, -2.25, 0],
			"scale": [0.35, 0.35, 0.35]
		},
		"firstperson_righthand": {
			"translation": [0, -80, 0],
			"scale": [0.01, 0.01, 0.01]
		},
		"firstperson_lefthand": {
			"translation": [0, -80, 0],
			"scale": [0.01, 0.01, 0.01]
		},
		"ground": {
			"rotation": [10, 0, 0],
			"translation": [0, 3, 0],
			"scale": [0.5, 0.5, 0.5]
		},
		"gui": {
			"rotation": [-162, 16, -180],
			"translation": [0.25, -1, 0],
			"scale": [0.6, 0.6, 0.6]
		},
		"head": {
			"translation": [0, 0.75, 0],
			"scale": [0.95, 0.95, 0.95]
		}
	},
	"groups": [
		{
			"name": "group",
			"origin": [8, 8, 8],
			"color": 0,
			"children": [
				{
					"name": "group",
					"origin": [8, 8, 8],
					"color": 0,
					"children": [
						{
							"name": "group",
							"origin": [1.73926, 11.79, -0.05978],
							"color": 0,
							"children": [0, 1, 2, 3]
						},
						{
							"name": "group",
							"origin": [16.3437, 11.0449, 10.36842],
							"color": 0,
							"children": [4, 5, 6, 7, 8]
						},
						{
							"name": "group",
							"origin": [16.3437, 11.0449, 10.36842],
							"color": 0,
							"children": [9, 10, 11, 12, 13]
						}
					]
				},
				{
					"name": "group",
					"origin": [8, 8, 8],
					"color": 0,
					"children": [
						{
							"name": "group",
							"origin": [8, 8, 8],
							"color": 0,
							"children": [
								{
									"name": "group",
									"origin": [10.75, 8.25, 15.875],
									"color": 0,
									"children": [14, 15, 16, 17]
								},
								{
									"name": "group",
									"origin": [10.75, 8.25, 15.875],
									"color": 0,
									"children": [18, 19, 20, 21]
								},
								{
									"name": "group",
									"origin": [10.75, 8.25, 15.875],
									"color": 0,
									"children": [22, 23, 24, 25]
								},
								{
									"name": "group",
									"origin": [10.75, 8.25, 15.875],
									"color": 0,
									"children": [26, 27, 28, 29]
								},
								{
									"name": "group",
									"origin": [10.75, 8.25, 15.875],
									"color": 0,
									"children": [30, 31, 32, 33]
								}
							]
						},
						{
							"name": "group",
							"origin": [8, 8, 8],
							"color": 0,
							"children": [
								{
									"name": "group",
									"origin": [10.75, 8.25, 15.875],
									"color": 0,
									"children": [34, 35, 36, 37]
								},
								{
									"name": "group",
									"origin": [10.75, 8.25, 15.875],
									"color": 0,
									"children": [38, 39, 40, 41]
								},
								{
									"name": "group",
									"origin": [10.75, 8.25, 15.875],
									"color": 0,
									"children": [42, 43, 44, 45]
								},
								{
									"name": "group",
									"origin": [10.75, 8.25, 15.875],
									"color": 0,
									"children": [46, 47, 48, 49]
								},
								{
									"name": "group",
									"origin": [10.75, 8.25, 15.875],
									"color": 0,
									"children": [50, 51, 52, 53]
								}
							]
						},
						{
							"name": "group",
							"origin": [8, 8, 8],
							"color": 0,
							"children": [
								{
									"name": "group",
									"origin": [10.75, 8.25, 15.875],
									"color": 0,
									"children": [54, 55, 56, 57]
								},
								{
									"name": "group",
									"origin": [10.75, 8.25, 15.875],
									"color": 0,
									"children": [58, 59, 60, 61]
								},
								{
									"name": "group",
									"origin": [10.75, 8.25, 15.875],
									"color": 0,
									"children": [62, 63, 64, 65]
								},
								{
									"name": "group",
									"origin": [10.75, 8.25, 15.875],
									"color": 0,
									"children": [66, 67, 68, 69]
								},
								{
									"name": "group",
									"origin": [10.75, 8.25, 15.875],
									"color": 0,
									"children": [70, 71, 72, 73]
								}
							]
						}
					]
				},
				{
					"name": "group",
					"origin": [15.37857, 7.73906, 6.63571],
					"color": 0,
					"children": [74, 75, 76, 77]
				}
			]
		}
	]
}