{
	"credit": "Made with Blockbench",
	"parent": "icey_wing",
	"textures": {
		"0": "season1/hats/winter/icey_wing",
		"particle": "season1/hats/winter/icey_wing"
	},
	"elements": [
		{
			"from": [7, 0, 0],
			"to": [23, 16, 0],
			"rotation": {"angle": -45, "axis": "y", "origin": [3, 4.25, 0]},
			"faces": {
				"north": {"uv": [0, 0, 16, 16], "texture": "#0"},
				"east": {"uv": [0, 0, 0, 16], "texture": "#0"},
				"south": {"uv": [16, 0, 0, 16], "texture": "#0"},
				"west": {"uv": [0, 0, 0, 16], "texture": "#0"},
				"up": {"uv": [0, 0, 16, 0], "texture": "#0"},
				"down": {"uv": [0, 0, 16, 0], "texture": "#0"}
			}
		},
		{
			"from": [-7, 0, 0],
			"to": [9, 16, 0],
			"rotation": {"angle": 45, "axis": "y", "origin": [13, 4.25, 0]},
			"faces": {
				"north": {"uv": [16, 0, 0, 16], "texture": "#0"},
				"east": {"uv": [0, 0, 0, 16], "texture": "#0"},
				"south": {"uv": [0, 0, 16, 16], "texture": "#0"},
				"west": {"uv": [0, 0, 0, 16], "texture": "#0"},
				"up": {"uv": [16, 0, 0, 0], "texture": "#0"},
				"down": {"uv": [16, 0, 0, 0], "texture": "#0"}
			}
		}
	],
	"display": {
		"thirdperson_righthand": {
			"scale": [0.63, 0.63, 0.63]
		},
		"thirdperson_lefthand": {
			"scale": [0.63, 0.63, 0.63]
		},
		"firstperson_righthand": {
			"translation": [3, 0, 0],
			"scale": [0.69, 0.69, 0.69]
		},
		"firstperson_lefthand": {
			"translation": [3, 0, 0],
			"scale": [0.69, 0.69, 0.69]
		},
		"ground": {
			"translation": [0, 4, 0],
			"scale": [0.68, 0.68, 0.68]
		},
		"gui": {
			"rotation": [0, 8.5, 0],
			"translation": [-0.5, -0.5, 0],
			"scale": [0.9, 0.9, 0.9]
		},
		"head": {
			"translation": [0, -8.5, 9.5],
			"scale": [2.19, 2.19, 2.19]
		},
		"fixed": {
			"rotation": [0, 180, 0],
			"translation": [0, 0, -1.5]
		}
	},
	"groups": [
		{
			"name": "wing1",
			"origin": [0, 0, 0],
			"color": 0,
			"children": [0]
		},
		{
			"name": "wing1",
			"origin": [0, 0, 0],
			"color": 0,
			"children": [1]
		}
	]
}