{
	"credit": "Made with Blockbench",
	"parent": "lotus_chain",
	"texture_size": [32, 32],
	"textures": {
		"0": "season1/hats/winter/lotus_chain",
		"1": "season1/hats/winter/gold_chain",
		"particle": "season1/hats/winter/lotus_chain"
	},
	"elements": [
		{
			"from": [6, 1.7, 11.2],
			"to": [11, 7.7, 11.2],
			"rotation": {"angle": -22.5, "axis": "x", "origin": [8.5, 8, 12]},
			"faces": {
				"north": {"uv": [9.5, 0, 7, 3], "rotation": 180, "texture": "#0"},
				"east": {"uv": [0, 0, 3, 0], "rotation": 270, "texture": "#0"},
				"south": {"uv": [9.5, 3, 7, 0], "texture": "#0"},
				"west": {"uv": [0, 0, 3, 0], "rotation": 90, "texture": "#0"},
				"up": {"uv": [0, 0, 2.5, 0], "rotation": 180, "texture": "#0"},
				"down": {"uv": [0, 0, 2.5, 0], "texture": "#0"}
			}
		},
		{
			"from": [8.6, 5.5, 11.2],
			"to": [14.6, 10.5, 11.2],
			"rotation": {"angle": -22.5, "axis": "y", "origin": [8.5, 8, 12]},
			"faces": {
				"north": {"uv": [9.5, 0, 7, 3], "rotation": 270, "texture": "#0"},
				"east": {"uv": [0, 0, 2.5, 0], "rotation": 270, "texture": "#0"},
				"south": {"uv": [9.5, 3, 7, 0], "rotation": 270, "texture": "#0"},
				"west": {"uv": [0, 0, 2.5, 0], "rotation": 90, "texture": "#0"},
				"up": {"uv": [0, 0, 3, 0], "rotation": 180, "texture": "#0"},
				"down": {"uv": [0, 0, 3, 0], "texture": "#0"}
			}
		},
		{
			"from": [2.2, 5.5, 11.6],
			"to": [8.2, 10.5, 11.6],
			"rotation": {"angle": 22.5, "axis": "y", "origin": [7.5, 8, 12]},
			"faces": {
				"north": {"uv": [9.5, 3, 7, 0], "rotation": 270, "texture": "#0"},
				"east": {"uv": [2.5, 0, 0, 0], "rotation": 270, "texture": "#0"},
				"south": {"uv": [9.5, 0, 7, 3], "rotation": 270, "texture": "#0"},
				"west": {"uv": [2.5, 0, 0, 0], "rotation": 90, "texture": "#0"},
				"up": {"uv": [3, 0, 0, 0], "rotation": 180, "texture": "#0"},
				"down": {"uv": [3, 0, 0, 0], "texture": "#0"}
			}
		},
		{
			"from": [6, 8.3, 11.2],
			"to": [11, 14.3, 11.2],
			"rotation": {"angle": 22.5, "axis": "x", "origin": [8.5, 8, 12]},
			"faces": {
				"north": {"uv": [9.5, 0, 7, 3], "texture": "#0"},
				"east": {"uv": [0, 0, 3, 0], "rotation": 270, "texture": "#0"},
				"south": {"uv": [9.5, 3, 7, 0], "rotation": 180, "texture": "#0"},
				"west": {"uv": [0, 0, 3, 0], "rotation": 90, "texture": "#0"},
				"up": {"uv": [0, 0, 2.5, 0], "rotation": 180, "texture": "#0"},
				"down": {"uv": [0, 0, 2.5, 0], "texture": "#0"}
			}
		},
		{
			"from": [6.5, 8, 11.5],
			"to": [8.5, 8, 15.5],
			"rotation": {"angle": 0, "axis": "y", "origin": [7, 4.5, 12]},
			"faces": {
				"north": {"uv": [1, 0, 0, 0], "rotation": 180, "texture": "#0"},
				"east": {"uv": [0, 0, 0, 2], "rotation": 270, "texture": "#0"},
				"south": {"uv": [1, 0, 0, 0], "texture": "#0"},
				"west": {"uv": [0, 0, 0, 2], "rotation": 90, "texture": "#0"},
				"up": {"uv": [7, 6, 8, 8], "rotation": 180, "texture": "#0"},
				"down": {"uv": [8, 6, 7, 8], "texture": "#0"}
			}
		},
		{
			"from": [8.5, 8, 11.5],
			"to": [10.5, 8, 15.5],
			"rotation": {"angle": 0, "axis": "y", "origin": [9, 4.5, 14.5]},
			"faces": {
				"north": {"uv": [1, 0, 0, 0], "texture": "#0"},
				"east": {"uv": [0, 0, 0, 2], "rotation": 270, "texture": "#0"},
				"south": {"uv": [1, 0, 0, 0], "rotation": 180, "texture": "#0"},
				"west": {"uv": [0, 0, 0, 2], "rotation": 90, "texture": "#0"},
				"up": {"uv": [8, 6, 7, 8], "rotation": 180, "texture": "#0"},
				"down": {"uv": [7, 6, 8, 8], "texture": "#0"}
			}
		},
		{
			"from": [8.5, 8, 11.5],
			"to": [8.5, 10, 15.5],
			"rotation": {"angle": 0, "axis": "y", "origin": [11, 4.5, 14.5]},
			"faces": {
				"north": {"uv": [1, 0, 0, 0], "rotation": 90, "texture": "#0"},
				"east": {"uv": [7, 6, 8, 8], "rotation": 270, "texture": "#0"},
				"south": {"uv": [1, 0, 0, 0], "rotation": 90, "texture": "#0"},
				"west": {"uv": [8, 6, 7, 8], "rotation": 90, "texture": "#0"},
				"up": {"uv": [0, 0, 0, 2], "rotation": 180, "texture": "#0"},
				"down": {"uv": [0, 0, 0, 2], "texture": "#0"}
			}
		},
		{
			"from": [8.5, 6, 11.5],
			"to": [8.5, 8, 15.5],
			"rotation": {"angle": 0, "axis": "y", "origin": [11, 4.5, 14.5]},
			"faces": {
				"north": {"uv": [1, 0, 0, 0], "rotation": 270, "texture": "#0"},
				"east": {"uv": [8, 6, 7, 8], "rotation": 270, "texture": "#0"},
				"south": {"uv": [1, 0, 0, 0], "rotation": 270, "texture": "#0"},
				"west": {"uv": [7, 6, 8, 8], "rotation": 90, "texture": "#0"},
				"up": {"uv": [0, 0, 0, 2], "rotation": 180, "texture": "#0"},
				"down": {"uv": [0, 0, 0, 2], "texture": "#0"}
			}
		},
		{
			"from": [-1.75, -2.4, 11.6],
			"to": [5.25, 7.6, 11.6],
			"rotation": {"angle": -45, "axis": "z", "origin": [6.5, -1, 13]},
			"faces": {
				"north": {"uv": [3.5, 5, 0, 10], "rotation": 180, "texture": "#0"},
				"east": {"uv": [0, 0, 5, 0], "rotation": 270, "texture": "#0"},
				"south": {"uv": [3.5, 10, 0, 5], "texture": "#0"},
				"west": {"uv": [0, 0, 5, 0], "rotation": 90, "texture": "#0"},
				"up": {"uv": [0, 0, 3.5, 0], "rotation": 180, "texture": "#0"},
				"down": {"uv": [0, 0, 3.5, 0], "texture": "#0"}
			}
		},
		{
			"from": [-0.67817, 4.30025, 11.7],
			"to": [9.32183, 11.30025, 11.7],
			"rotation": {"angle": -45, "axis": "z", "origin": [8.5, 8, 13]},
			"faces": {
				"north": {"uv": [3.5, 5, 0, 10], "rotation": 90, "texture": "#0"},
				"east": {"uv": [0, 0, 3.5, 0], "rotation": 270, "texture": "#0"},
				"south": {"uv": [3.5, 10, 0, 5], "rotation": 90, "texture": "#0"},
				"west": {"uv": [0, 0, 3.5, 0], "rotation": 90, "texture": "#0"},
				"up": {"uv": [0, 0, 5, 0], "rotation": 180, "texture": "#0"},
				"down": {"uv": [0, 0, 5, 0], "texture": "#0"}
			}
		},
		{
			"from": [4.80025, 7.17817, 11.5],
			"to": [11.80025, 17.17817, 11.5],
			"rotation": {"angle": -45, "axis": "z", "origin": [8.5, 8, 13]},
			"faces": {
				"north": {"uv": [3.5, 5, 0, 10], "texture": "#0"},
				"east": {"uv": [0, 0, 5, 0], "rotation": 270, "texture": "#0"},
				"south": {"uv": [3.5, 10, 0, 5], "rotation": 180, "texture": "#0"},
				"west": {"uv": [0, 0, 5, 0], "rotation": 90, "texture": "#0"},
				"up": {"uv": [0, 0, 3.5, 0], "rotation": 180, "texture": "#0"},
				"down": {"uv": [0, 0, 3.5, 0], "texture": "#0"}
			}
		},
		{
			"from": [8.09135, 3.28302, 11.4],
			"to": [18.09135, 10.28302, 11.4],
			"rotation": {"angle": -45, "axis": "z", "origin": [10.1416, 7.49013, 11.5]},
			"faces": {
				"north": {"uv": [0, 5, 3.5, 10], "rotation": 270, "texture": "#0"},
				"east": {"uv": [3.5, 0, 0, 0], "rotation": 270, "texture": "#0"},
				"south": {"uv": [0, 10, 3.5, 5], "rotation": 270, "texture": "#0"},
				"west": {"uv": [3.5, 0, 0, 0], "rotation": 90, "texture": "#0"},
				"up": {"uv": [5, 0, 0, 0], "rotation": 180, "texture": "#0"},
				"down": {"uv": [5, 0, 0, 0], "texture": "#0"}
			}
		},
		{
			"from": [7, 0, 11],
			"to": [10, 20, 11],
			"rotation": {"angle": 45, "axis": "z", "origin": [1, 6.5, 11]},
			"faces": {
				"north": {"uv": [0, 3, 1.5, 13], "texture": "#1"},
				"east": {"uv": [0, 0, 0, 10], "texture": "#1"},
				"south": {"uv": [1.5, 3, 3, 13], "texture": "#1"},
				"west": {"uv": [0, 0, 0, 10], "texture": "#1"},
				"up": {"uv": [1.5, 0, 0, 0], "texture": "#1"},
				"down": {"uv": [1.5, 0, 0, 0], "texture": "#1"}
			}
		},
		{
			"from": [6, 0, 11],
			"to": [9, 20, 11],
			"rotation": {"angle": -45, "axis": "z", "origin": [15, 6.5, 11]},
			"faces": {
				"north": {"uv": [3, 3, 4.5, 13], "texture": "#1"},
				"east": {"uv": [0, 0, 0, 10], "texture": "#1"},
				"south": {"uv": [4.5, 3, 6, 13], "texture": "#1"},
				"west": {"uv": [0, 0, 0, 10], "texture": "#1"},
				"up": {"uv": [1.5, 0, 0, 0], "texture": "#1"},
				"down": {"uv": [1.5, 0, 0, 0], "texture": "#1"}
			}
		},
		{
			"from": [7, 20, -5],
			"to": [10, 20, 11],
			"rotation": {"angle": 45, "axis": "z", "origin": [1, 6.5, 11]},
			"faces": {
				"north": {"uv": [0, 0, 1.5, 0], "texture": "#1"},
				"east": {"uv": [0, 0, 8, 0], "texture": "#1"},
				"south": {"uv": [0, 0, 1.5, 0], "texture": "#1"},
				"west": {"uv": [0, 0, 8, 0], "texture": "#1"},
				"up": {"uv": [7.5, 11, 6, 3], "texture": "#1"},
				"down": {"uv": [9, 3, 7.5, 11], "texture": "#1"}
			}
		},
		{
			"from": [-3.5, 17.7, -5.2],
			"to": [19.5, 20.7, -5.2],
			"rotation": {"angle": -22.5, "axis": "x", "origin": [8, 21, -9]},
			"faces": {
				"north": {"uv": [0, 0, 11.5, 1.5], "texture": "#1"},
				"east": {"uv": [0, 0, 0, 1.5], "texture": "#1"},
				"south": {"uv": [0, 1.5, 11.5, 3], "texture": "#1"},
				"west": {"uv": [0, 0, 0, 1.5], "texture": "#1"},
				"up": {"uv": [11.5, 0, 0, 0], "texture": "#1"},
				"down": {"uv": [11.5, 0, 0, 0], "texture": "#1"}
			}
		},
		{
			"from": [6, 20, -5],
			"to": [9, 20, 11],
			"rotation": {"angle": -45, "axis": "z", "origin": [15, 6.5, 11]},
			"faces": {
				"north": {"uv": [0, 0, 1.5, 0], "texture": "#1"},
				"east": {"uv": [0, 0, 8, 0], "texture": "#1"},
				"south": {"uv": [0, 0, 1.5, 0], "texture": "#1"},
				"west": {"uv": [0, 0, 8, 0], "texture": "#1"},
				"up": {"uv": [10.5, 11, 9, 3], "texture": "#1"},
				"down": {"uv": [12, 3, 10.5, 11], "texture": "#1"}
			}
		}
	],
	"display": {
		"thirdperson_righthand": {
			"rotation": [42, -180, 0],
			"translation": [0, -0.5, -1.5],
			"scale": [0.17, 0.17, 0.17]
		},
		"thirdperson_lefthand": {
			"rotation": [42, -180, 0],
			"translation": [0, -0.5, -1.5],
			"scale": [0.17, 0.17, 0.17]
		},
		"firstperson_righthand": {
			"rotation": [42, -180, 0],
			"translation": [0, -0.5, -1.5],
			"scale": [0.17, 0.17, 0.17]
		},
		"firstperson_lefthand": {
			"rotation": [42, -180, 0],
			"translation": [0, -0.5, -1.5],
			"scale": [0.17, 0.17, 0.17]
		},
		"ground": {
			"translation": [0, 0.75, 0],
			"scale": [0.5, 0.5, 0.5]
		},
		"gui": {
			"rotation": [1.25, -25.25, 0],
			"translation": [-0.5, -2.75, 0],
			"scale": [0.5, 0.5, 0.5]
		},
		"head": {
			"rotation": [0, 180, 0],
			"translation": [0.25, -13.5, -2.75],
			"scale": [0.53, 0.53, 0.53]
		},
		"fixed": {
			"rotation": [0, -180, 0],
			"translation": [0, -3.25, 0],
			"scale": [0.7, 0.7, 0.7]
		}
	},
	"groups": [
		{
			"name": "root",
			"origin": [8, 8, 8],
			"color": 0,
			"children": [
				{
					"name": "group",
					"origin": [8, 8, 8],
					"color": 0,
					"children": [0]
				},
				{
					"name": "group",
					"origin": [8, 8, 8],
					"color": 0,
					"children": [1]
				},
				{
					"name": "group",
					"origin": [8, 8, 8],
					"color": 0,
					"children": [2]
				},
				{
					"name": "group",
					"origin": [8, 8, 8],
					"color": 0,
					"children": [3]
				},
				{
					"name": "group",
					"origin": [0, 0, 0],
					"color": 0,
					"children": [4, 5, 6, 7]
				},
				{
					"name": "group",
					"origin": [8, 8, 8],
					"color": 0,
					"children": [8]
				},
				{
					"name": "group",
					"origin": [8, 8, 8],
					"color": 0,
					"children": [9]
				},
				{
					"name": "group",
					"origin": [8, 8, 8],
					"color": 0,
					"children": [10]
				},
				{
					"name": "group",
					"origin": [8, 8, 8],
					"color": 0,
					"children": [11]
				}
			]
		},
		{
			"name": "group",
			"origin": [8, 8, 8],
			"color": 0,
			"children": [12, 13, 14, 15, 16]
		}
	]
}