{
	"credit": "Made with Blockbench",
	"parent": "lotus_flower_hat",
	"texture_size": [32, 32],
	"textures": {
		"0": "season1/hats/winter/lotus_flower_hat",
		"particle": "season1/hats/winter/lotus_flower_hat"
	},
	"elements": [
		{
			"from": [6.1, 2.2, 10],
			"to": [11.1, 2.2, 24],
			"rotation": {"angle": -22.5, "axis": "x", "origin": [8.6, 1.2, 15]},
			"faces": {
				"north": {"uv": [0, 0, 0, 2.5], "rotation": 270, "texture": "#0"},
				"east": {"uv": [0, 7, 0, 0], "rotation": 90, "texture": "#0"},
				"south": {"uv": [0, 0, 0, 2.5], "rotation": 90, "texture": "#0"},
				"west": {"uv": [0, 0, 0, 7], "rotation": 90, "texture": "#0"},
				"up": {"uv": [0, 2.5, 7, 5], "rotation": 90, "texture": "#0"},
				"down": {"uv": [7, 2.5, 0, 5], "rotation": 90, "texture": "#0"}
			}
		},
		{
			"from": [6.1, 6.48743, 24.41882],
			"to": [11.1, 9.48743, 24.41882],
			"rotation": {"angle": 22.5, "axis": "x", "origin": [8.6, 10.18743, 21.01882]},
			"faces": {
				"north": {"uv": [0, 13.5, 4, 16], "rotation": 270, "texture": "#0"},
				"east": {"uv": [0, 7, 0, 0], "rotation": 180, "texture": "#0"},
				"south": {"uv": [4, 13.5, 0, 16], "rotation": 90, "texture": "#0"},
				"west": {"uv": [0, 0, 0, 7], "texture": "#0"},
				"up": {"uv": [0, 0, 0, 2.5], "rotation": 90, "texture": "#0"},
				"down": {"uv": [0, 0, 0, 2.5], "rotation": 90, "texture": "#0"}
			}
		},
		{
			"from": [6.1, 7.85377, 19.9181],
			"to": [11.1, 7.85377, 22.9181],
			"rotation": {"angle": 45, "axis": "x", "origin": [8.6, 6.85377, 23.3181]},
			"faces": {
				"north": {"uv": [0, 0, 0, 2.5], "rotation": 270, "texture": "#0"},
				"east": {"uv": [0, 7, 0, 0], "rotation": 270, "texture": "#0"},
				"south": {"uv": [0, 0, 0, 2.5], "rotation": 90, "texture": "#0"},
				"west": {"uv": [0, 0, 0, 7], "rotation": 270, "texture": "#0"},
				"up": {"uv": [4, 13.5, 0, 16], "rotation": 90, "texture": "#0"},
				"down": {"uv": [0, 13.5, 4, 16], "rotation": 90, "texture": "#0"}
			}
		},
		{
			"from": [6.1, 9.15083, 19.63526],
			"to": [11.1, 9.15083, 21.63526],
			"rotation": {"angle": 22.5, "axis": "x", "origin": [8.6, 8.55083, 23.03526]},
			"faces": {
				"north": {"uv": [0, 0, 0, 2.5], "rotation": 270, "texture": "#0"},
				"east": {"uv": [0, 7, 0, 0], "rotation": 270, "texture": "#0"},
				"south": {"uv": [0, 0, 0, 2.5], "rotation": 90, "texture": "#0"},
				"west": {"uv": [0, 0, 0, 7], "rotation": 270, "texture": "#0"},
				"up": {"uv": [4, 13.5, 0, 16], "rotation": 90, "texture": "#0"},
				"down": {"uv": [0, 13.5, 4, 16], "rotation": 90, "texture": "#0"}
			}
		},
		{
			"from": [6.1, 10.52359, 18.54756],
			"to": [11.1, 10.52359, 20.54756],
			"rotation": {"angle": -22.5, "axis": "x", "origin": [8.6, 10.02359, 21.04756]},
			"faces": {
				"north": {"uv": [0, 0, 0, 2.5], "rotation": 270, "texture": "#0"},
				"east": {"uv": [0, 7, 0, 0], "rotation": 270, "texture": "#0"},
				"south": {"uv": [0, 0, 0, 2.5], "rotation": 90, "texture": "#0"},
				"west": {"uv": [0, 0, 0, 7], "rotation": 270, "texture": "#0"},
				"up": {"uv": [9.5, 13.5, 5.5, 16], "rotation": 90, "texture": "#0"},
				"down": {"uv": [5.5, 13.5, 9.5, 16], "rotation": 90, "texture": "#0"}
			}
		},
		{
			"from": [6, 1.2, 8.3],
			"to": [11, 1.2, 14.3],
			"rotation": {"angle": -22.5, "axis": "x", "origin": [8.5, 2, 8]},
			"faces": {
				"north": {"uv": [0, 0, 2.5, 0], "texture": "#0"},
				"east": {"uv": [0, 0, 3, 0], "texture": "#0"},
				"south": {"uv": [0, 0, 2.5, 0], "texture": "#0"},
				"west": {"uv": [0, 0, 3, 0], "texture": "#0"},
				"up": {"uv": [9.5, 3, 7, 0], "texture": "#0"},
				"down": {"uv": [9.5, 0, 7, 3], "texture": "#0"}
			}
		},
		{
			"from": [8.6, 1.2, 5.5],
			"to": [14.6, 1.2, 10.5],
			"rotation": {"angle": 22.5, "axis": "z", "origin": [8.5, 2, 8]},
			"faces": {
				"north": {"uv": [0, 0, 3, 0], "texture": "#0"},
				"east": {"uv": [0, 0, 2.5, 0], "texture": "#0"},
				"south": {"uv": [0, 0, 3, 0], "texture": "#0"},
				"west": {"uv": [0, 0, 2.5, 0], "texture": "#0"},
				"up": {"uv": [9.5, 3, 7, 0], "rotation": 270, "texture": "#0"},
				"down": {"uv": [9.5, 0, 7, 3], "rotation": 90, "texture": "#0"}
			}
		},
		{
			"from": [2.2, 1.6, 5.5],
			"to": [8.2, 1.6, 10.5],
			"rotation": {"angle": -22.5, "axis": "z", "origin": [7.5, 2, 8]},
			"faces": {
				"north": {"uv": [3, 0, 0, 0], "texture": "#0"},
				"east": {"uv": [2.5, 0, 0, 0], "texture": "#0"},
				"south": {"uv": [3, 0, 0, 0], "texture": "#0"},
				"west": {"uv": [2.5, 0, 0, 0], "texture": "#0"},
				"up": {"uv": [9.5, 0, 7, 3], "rotation": 270, "texture": "#0"},
				"down": {"uv": [9.5, 3, 7, 0], "rotation": 90, "texture": "#0"}
			}
		},
		{
			"from": [6, 1.2, 1.7],
			"to": [11, 1.2, 7.7],
			"rotation": {"angle": 22.5, "axis": "x", "origin": [8.5, 2, 8]},
			"faces": {
				"north": {"uv": [0, 0, 2.5, 0], "texture": "#0"},
				"east": {"uv": [0, 0, 3, 0], "texture": "#0"},
				"south": {"uv": [0, 0, 2.5, 0], "texture": "#0"},
				"west": {"uv": [0, 0, 3, 0], "texture": "#0"},
				"up": {"uv": [9.5, 3, 7, 0], "rotation": 180, "texture": "#0"},
				"down": {"uv": [9.5, 0, 7, 3], "rotation": 180, "texture": "#0"}
			}
		},
		{
			"from": [6.5, 1.5, 8],
			"to": [8.5, 5.5, 8],
			"rotation": {"angle": 0, "axis": "y", "origin": [7, 2, 11.5]},
			"faces": {
				"north": {"uv": [7, 6, 8, 8], "texture": "#0"},
				"east": {"uv": [0, 0, 0, 2], "texture": "#0"},
				"south": {"uv": [8, 6, 7, 8], "texture": "#0"},
				"west": {"uv": [0, 0, 0, 2], "texture": "#0"},
				"up": {"uv": [1, 0, 0, 0], "texture": "#0"},
				"down": {"uv": [1, 0, 0, 0], "texture": "#0"}
			}
		},
		{
			"from": [8.5, 1.5, 8],
			"to": [10.5, 5.5, 8],
			"rotation": {"angle": 0, "axis": "y", "origin": [9, 4.5, 11.5]},
			"faces": {
				"north": {"uv": [8, 6, 7, 8], "texture": "#0"},
				"east": {"uv": [0, 0, 0, 2], "texture": "#0"},
				"south": {"uv": [7, 6, 8, 8], "texture": "#0"},
				"west": {"uv": [0, 0, 0, 2], "texture": "#0"},
				"up": {"uv": [1, 0, 0, 0], "rotation": 180, "texture": "#0"},
				"down": {"uv": [1, 0, 0, 0], "rotation": 180, "texture": "#0"}
			}
		},
		{
			"from": [8.5, 1.5, 6],
			"to": [8.5, 5.5, 8],
			"rotation": {"angle": 0, "axis": "y", "origin": [11, 4.5, 11.5]},
			"faces": {
				"north": {"uv": [0, 0, 0, 2], "texture": "#0"},
				"east": {"uv": [7, 6, 8, 8], "texture": "#0"},
				"south": {"uv": [0, 0, 0, 2], "texture": "#0"},
				"west": {"uv": [8, 6, 7, 8], "texture": "#0"},
				"up": {"uv": [1, 0, 0, 0], "rotation": 90, "texture": "#0"},
				"down": {"uv": [1, 0, 0, 0], "rotation": 270, "texture": "#0"}
			}
		},
		{
			"from": [8.5, 1.5, 8],
			"to": [8.5, 5.5, 10],
			"rotation": {"angle": 0, "axis": "y", "origin": [11, 4.5, 11.5]},
			"faces": {
				"north": {"uv": [0, 0, 0, 2], "texture": "#0"},
				"east": {"uv": [8, 6, 7, 8], "texture": "#0"},
				"south": {"uv": [0, 0, 0, 2], "texture": "#0"},
				"west": {"uv": [7, 6, 8, 8], "texture": "#0"},
				"up": {"uv": [1, 0, 0, 0], "rotation": 270, "texture": "#0"},
				"down": {"uv": [1, 0, 0, 0], "rotation": 90, "texture": "#0"}
			}
		},
		{
			"from": [-1.75, 1.6, 8.4],
			"to": [5.25, 1.6, 18.4],
			"rotation": {"angle": -45, "axis": "y", "origin": [6.5, 3, 17]},
			"faces": {
				"north": {"uv": [0, 0, 3.5, 0], "texture": "#0"},
				"east": {"uv": [0, 0, 5, 0], "texture": "#0"},
				"south": {"uv": [0, 0, 3.5, 0], "texture": "#0"},
				"west": {"uv": [0, 0, 5, 0], "texture": "#0"},
				"up": {"uv": [3.5, 10, 0, 5], "texture": "#0"},
				"down": {"uv": [3.5, 5, 0, 10], "texture": "#0"}
			}
		},
		{
			"from": [-0.67817, 1.7, 4.69975],
			"to": [9.32183, 1.7, 11.69975],
			"rotation": {"angle": -45, "axis": "y", "origin": [8.5, 3, 8]},
			"faces": {
				"north": {"uv": [0, 0, 5, 0], "texture": "#0"},
				"east": {"uv": [0, 0, 3.5, 0], "texture": "#0"},
				"south": {"uv": [0, 0, 5, 0], "texture": "#0"},
				"west": {"uv": [0, 0, 3.5, 0], "texture": "#0"},
				"up": {"uv": [3.5, 10, 0, 5], "rotation": 90, "texture": "#0"},
				"down": {"uv": [3.5, 5, 0, 10], "rotation": 270, "texture": "#0"}
			}
		},
		{
			"from": [4.80025, 1.5, -1.17817],
			"to": [11.80025, 1.5, 8.82183],
			"rotation": {"angle": -45, "axis": "y", "origin": [8.5, 3, 8]},
			"faces": {
				"north": {"uv": [0, 0, 3.5, 0], "texture": "#0"},
				"east": {"uv": [0, 0, 5, 0], "texture": "#0"},
				"south": {"uv": [0, 0, 3.5, 0], "texture": "#0"},
				"west": {"uv": [0, 0, 5, 0], "texture": "#0"},
				"up": {"uv": [3.5, 10, 0, 5], "rotation": 180, "texture": "#0"},
				"down": {"uv": [3.5, 5, 0, 10], "rotation": 180, "texture": "#0"}
			}
		},
		{
			"from": [8.09135, 1.4, 5.71698],
			"to": [18.09135, 1.4, 12.71698],
			"rotation": {"angle": -45, "axis": "y", "origin": [10.1416, 1.5, 8.50987]},
			"faces": {
				"north": {"uv": [5, 0, 0, 0], "texture": "#0"},
				"east": {"uv": [3.5, 0, 0, 0], "texture": "#0"},
				"south": {"uv": [5, 0, 0, 0], "texture": "#0"},
				"west": {"uv": [3.5, 0, 0, 0], "texture": "#0"},
				"up": {"uv": [0, 10, 3.5, 5], "rotation": 270, "texture": "#0"},
				"down": {"uv": [0, 5, 3.5, 10], "rotation": 90, "texture": "#0"}
			}
		}
	],
	"display": {
		"thirdperson_righthand": {
			"translation": [0, 2.5, 0],
			"scale": [0.32, 0.32, 0.32]
		},
		"thirdperson_lefthand": {
			"translation": [0, 2.5, 0],
			"scale": [0.32, 0.32, 0.32]
		},
		"firstperson_righthand": {
			"translation": [3, 5, 0]
		},
		"firstperson_lefthand": {
			"translation": [3, 5, 0]
		},
		"ground": {
			"translation": [0, 3.5, 0],
			"scale": [0.43, 0.43, 0.43]
		},
		"gui": {
			"rotation": [-142, 40, 175],
			"translation": [0, 0.5, 0],
			"scale": [0.75, 0.75, 0.75]
		},
		"head": {
			"translation": [0, 14, 0]
		},
		"fixed": {
			"rotation": [-90, 0, 0],
			"translation": [0, -1.25, -4.5],
			"scale": [0.75, 0.75, 0.75]
		}
	},
	"groups": [
		{
			"name": "root",
			"origin": [8, 8, 8],
			"color": 0,
			"children": [
				{
					"name": "group",
					"origin": [8, 8, 8],
					"color": 0,
					"children": [0, 1, 2, 3, 4]
				},
				{
					"name": "group",
					"origin": [8, 8, 8],
					"color": 0,
					"children": [5]
				},
				{
					"name": "group",
					"origin": [8, 8, 8],
					"color": 0,
					"children": [6]
				},
				{
					"name": "group",
					"origin": [8, 8, 8],
					"color": 0,
					"children": [7]
				},
				{
					"name": "group",
					"origin": [8, 8, 8],
					"color": 0,
					"children": [8]
				},
				{
					"name": "group",
					"origin": [0, 0, 0],
					"color": 0,
					"children": [9, 10, 11, 12]
				},
				{
					"name": "group",
					"origin": [8, 8, 8],
					"color": 0,
					"children": [13]
				},
				{
					"name": "group",
					"origin": [8, 8, 8],
					"color": 0,
					"children": [14]
				},
				{
					"name": "group",
					"origin": [8, 8, 8],
					"color": 0,
					"children": [15]
				},
				{
					"name": "group",
					"origin": [8, 8, 8],
					"color": 0,
					"children": [16]
				}
			]
		}
	]
}