{
	"credit": "Made with Blockbench",
	"parent": "penguin_hat",
	"texture_size": [64, 64],
	"textures": {
		"0": "season1/hats/winter/penguin_hat",
		"particle": "season1/hats/winter/penguin_hat"
	},
	"elements": [
		{
			"from": [2, 5, 2],
			"to": [14, 11, 14],
			"faces": {
				"north": {"uv": [3, 0, 6, 1.5], "texture": "#0"},
				"east": {"uv": [3, 1.5, 6, 3], "texture": "#0"},
				"south": {"uv": [3, 3, 6, 4.5], "texture": "#0"},
				"west": {"uv": [3, 4.5, 6, 6], "texture": "#0"},
				"up": {"uv": [3, 3, 0, 0], "texture": "#0"},
				"down": {"uv": [3, 3, 0, 6], "texture": "#0"}
			}
		},
		{
			"from": [2, 2, 11],
			"to": [14, 5, 14],
			"faces": {
				"north": {"uv": [6, 1, 9, 1.75], "texture": "#0"},
				"east": {"uv": [7.25, 3.25, 8, 4], "texture": "#0"},
				"south": {"uv": [6, 1.75, 9, 2.5], "texture": "#0"},
				"west": {"uv": [7.25, 4, 8, 4.75], "texture": "#0"},
				"up": {"uv": [5.5, 6.75, 2.5, 6], "texture": "#0"},
				"down": {"uv": [9, 2.5, 6, 3.25], "texture": "#0"}
			}
		},
		{
			"from": [2, 0, 6],
			"to": [4, 5, 11],
			"faces": {
				"north": {"uv": [3.75, 6.75, 4.25, 8], "texture": "#0"},
				"east": {"uv": [6, 3.25, 7.25, 4.5], "texture": "#0"},
				"south": {"uv": [4.25, 6.75, 4.75, 8], "texture": "#0"},
				"west": {"uv": [6, 4.5, 7.25, 5.75], "texture": "#0"},
				"up": {"uv": [5.25, 8, 4.75, 6.75], "texture": "#0"},
				"down": {"uv": [7.25, 6.75, 6.75, 8], "texture": "#0"}
			}
		},
		{
			"from": [12, 0, 6],
			"to": [14, 5, 11],
			"rotation": {"angle": 0, "axis": "y", "origin": [16, 0, 0]},
			"faces": {
				"north": {"uv": [0, 7, 0.5, 8.25], "texture": "#0"},
				"east": {"uv": [5.5, 6, 6.75, 7.25], "texture": "#0"},
				"south": {"uv": [0.5, 7, 1, 8.25], "texture": "#0"},
				"west": {"uv": [2.5, 6.75, 3.75, 8], "texture": "#0"},
				"up": {"uv": [1.5, 8.25, 1, 7], "texture": "#0"},
				"down": {"uv": [2, 7, 1.5, 8.25], "texture": "#0"}
			}
		},
		{
			"from": [3, 5, -2],
			"to": [13, 7, 2],
			"faces": {
				"north": {"uv": [6.75, 5.75, 9.25, 6.25], "texture": "#0"},
				"east": {"uv": [7.25, 4.75, 8.25, 5.25], "texture": "#0"},
				"south": {"uv": [6.75, 6.25, 9.25, 6.75], "texture": "#0"},
				"west": {"uv": [5.25, 7.25, 6.25, 7.75], "texture": "#0"},
				"up": {"uv": [2.5, 7, 0, 6], "texture": "#0"},
				"down": {"uv": [8.5, 0, 6, 1], "texture": "#0"}
			}
		}
	],
	"display": {
		"thirdperson_righthand": {
			"scale": [0.35, 0.35, 0.35]
		},
		"thirdperson_lefthand": {
			"scale": [0.35, 0.35, 0.35]
		},
		"firstperson_righthand": {
			"translation": [1.5, 2.25, 0],
			"scale": [0.35, 0.35, 0.35]
		},
		"firstperson_lefthand": {
			"translation": [1.5, 2.25, 0],
			"scale": [0.35, 0.35, 0.35]
		},
		"ground": {
			"scale": [0.34, 0.34, 0.34]
		},
		"gui": {
			"rotation": [-162.5, 44, -180],
			"translation": [0.5, 0.5, 0],
			"scale": [0.79, 0.79, 0.79]
		},
		"head": {
			"translation": [0, 5, -1],
			"scale": [1.29, 1.29, 1.29]
		}
	},
	"groups": [
		{
			"name": "group",
			"origin": [8, 8, 8],
			"color": 0,
			"children": [0, 1, 2, 3, 4]
		}
	]
}