{
	"credit": "Made with Blockbench",
	"parent": "scarf",
	"texture_size": [32, 32],
	"textures": {
		"0": "season1/hats/winter/scarf",
		"particle": "season1/hats/winter/scarf"
	},
	"elements": [
		{
			"from": [2.98, -0.02, 2.98],
			"to": [13.02, 3.02, 13.02],
			"rotation": {"angle": 0, "axis": "y", "origin": [8, 2.5, 8]},
			"faces": {
				"north": {"uv": [5, 0, 10, 2.5], "texture": "#0"},
				"east": {"uv": [5, 2.5, 10, 5], "texture": "#0"},
				"south": {"uv": [5, 5, 10, 7.5], "texture": "#0"},
				"west": {"uv": [5, 7.5, 10, 10], "texture": "#0"},
				"up": {"uv": [5, 5, 0, 0], "texture": "#0"},
				"down": {"uv": [5, 0, 0, 5], "texture": "#0"}
			}
		},
		{
			"from": [7, -5, 3],
			"to": [12, 0, 4],
			"rotation": {"angle": 0, "axis": "y", "origin": [3.5, 2.5, 16.5]},
			"faces": {
				"north": {"uv": [10, 0, 12.5, 2.5], "rotation": 90, "texture": "#0"},
				"east": {"uv": [4, 10, 3.5, 12.5], "rotation": 180, "texture": "#0"},
				"south": {"uv": [0, 10, 2.5, 12.5], "rotation": 270, "texture": "#0"},
				"west": {"uv": [3.5, 12.5, 3, 10], "texture": "#0"},
				"up": {"uv": [2.5, 10, 3, 12.5], "rotation": 270, "texture": "#0"},
				"down": {"uv": [10, 2.5, 10.5, 5], "rotation": 270, "texture": "#0"}
			}
		},
		{
			"from": [7, -7, 3],
			"to": [8, -5, 4],
			"rotation": {"angle": 0, "axis": "y", "origin": [3.5, 2.5, 16.5]},
			"faces": {
				"north": {"uv": [5, 10, 6, 10.5], "rotation": 90, "texture": "#0"},
				"east": {"uv": [6.5, 10, 6, 11], "rotation": 180, "texture": "#0"},
				"south": {"uv": [4, 10, 5, 10.5], "rotation": 270, "texture": "#0"},
				"west": {"uv": [10.5, 6, 10, 5], "texture": "#0"},
				"up": {"uv": [10, 9, 10.5, 9.5], "rotation": 270, "texture": "#0"},
				"down": {"uv": [9.5, 10, 10, 10.5], "rotation": 270, "texture": "#0"}
			}
		},
		{
			"from": [9, -7, 3],
			"to": [10, -5, 4],
			"rotation": {"angle": 0, "axis": "y", "origin": [3.5, 2.5, 16.5]},
			"faces": {
				"north": {"uv": [6.5, 10, 7.5, 10.5], "rotation": 90, "texture": "#0"},
				"east": {"uv": [8, 10, 7.5, 11], "rotation": 180, "texture": "#0"},
				"south": {"uv": [10, 6, 11, 6.5], "rotation": 270, "texture": "#0"},
				"west": {"uv": [10.5, 7.5, 10, 6.5], "texture": "#0"},
				"up": {"uv": [10, 9.5, 10.5, 10], "rotation": 270, "texture": "#0"},
				"down": {"uv": [10, 10, 10.5, 10.5], "rotation": 270, "texture": "#0"}
			}
		},
		{
			"from": [11, -7, 3],
			"to": [12, -5, 4],
			"rotation": {"angle": 0, "axis": "y", "origin": [3.5, 2.5, 16.5]},
			"faces": {
				"north": {"uv": [8, 10, 9, 10.5], "rotation": 90, "texture": "#0"},
				"east": {"uv": [9.5, 10, 9, 11], "rotation": 180, "texture": "#0"},
				"south": {"uv": [10, 7.5, 11, 8], "rotation": 270, "texture": "#0"},
				"west": {"uv": [10.5, 9, 10, 8], "texture": "#0"},
				"up": {"uv": [10.5, 2.5, 11, 3], "rotation": 270, "texture": "#0"},
				"down": {"uv": [10.5, 3, 11, 3.5], "rotation": 270, "texture": "#0"}
			}
		},
		{
			"from": [4, -5, 12],
			"to": [9, 0, 13],
			"rotation": {"angle": 0, "axis": "y", "origin": [3.5, 2.5, 16.5]},
			"faces": {
				"north": {"uv": [10, 0, 12.5, 2.5], "rotation": 90, "texture": "#0"},
				"east": {"uv": [4, 10, 3.5, 12.5], "rotation": 180, "texture": "#0"},
				"south": {"uv": [0, 10, 2.5, 12.5], "rotation": 270, "texture": "#0"},
				"west": {"uv": [3.5, 12.5, 3, 10], "texture": "#0"},
				"up": {"uv": [2.5, 10, 3, 12.5], "rotation": 270, "texture": "#0"},
				"down": {"uv": [10, 2.5, 10.5, 5], "rotation": 270, "texture": "#0"}
			}
		},
		{
			"from": [4, -7, 12],
			"to": [5, -5, 13],
			"rotation": {"angle": 0, "axis": "y", "origin": [3.5, 2.5, 16.5]},
			"faces": {
				"north": {"uv": [5, 10, 6, 10.5], "rotation": 90, "texture": "#0"},
				"east": {"uv": [6.5, 10, 6, 11], "rotation": 180, "texture": "#0"},
				"south": {"uv": [4, 10, 5, 10.5], "rotation": 270, "texture": "#0"},
				"west": {"uv": [10.5, 6, 10, 5], "texture": "#0"},
				"up": {"uv": [10, 9, 10.5, 9.5], "rotation": 270, "texture": "#0"},
				"down": {"uv": [9.5, 10, 10, 10.5], "rotation": 270, "texture": "#0"}
			}
		},
		{
			"from": [6, -7, 12],
			"to": [7, -5, 13],
			"rotation": {"angle": 0, "axis": "y", "origin": [3.5, 2.5, 16.5]},
			"faces": {
				"north": {"uv": [6.5, 10, 7.5, 10.5], "rotation": 90, "texture": "#0"},
				"east": {"uv": [8, 10, 7.5, 11], "rotation": 180, "texture": "#0"},
				"south": {"uv": [10, 6, 11, 6.5], "rotation": 270, "texture": "#0"},
				"west": {"uv": [10.5, 7.5, 10, 6.5], "texture": "#0"},
				"up": {"uv": [10, 9.5, 10.5, 10], "rotation": 270, "texture": "#0"},
				"down": {"uv": [10, 10, 10.5, 10.5], "rotation": 270, "texture": "#0"}
			}
		},
		{
			"from": [8, -7, 12],
			"to": [9, -5, 13],
			"rotation": {"angle": 0, "axis": "y", "origin": [3.5, 2.5, 16.5]},
			"faces": {
				"north": {"uv": [8, 10, 9, 10.5], "rotation": 90, "texture": "#0"},
				"east": {"uv": [9.5, 10, 9, 11], "rotation": 180, "texture": "#0"},
				"south": {"uv": [10, 7.5, 11, 8], "rotation": 270, "texture": "#0"},
				"west": {"uv": [10.5, 9, 10, 8], "texture": "#0"},
				"up": {"uv": [10.5, 2.5, 11, 3], "rotation": 270, "texture": "#0"},
				"down": {"uv": [10.5, 3, 11, 3.5], "rotation": 270, "texture": "#0"}
			}
		}
	],
	"display": {
		"thirdperson_righthand": {
			"translation": [0, 2.5, 0],
			"scale": [0.53, 0.53, 0.53]
		},
		"thirdperson_lefthand": {
			"translation": [0, 2.5, 0],
			"scale": [0.53, 0.53, 0.53]
		},
		"firstperson_righthand": {
			"translation": [1.75, 4.25, 0]
		},
		"firstperson_lefthand": {
			"translation": [1.75, 4.25, 0]
		},
		"ground": {
			"translation": [0, 3.75, 0],
			"scale": [0.45, 0.45, 0.45]
		},
		"gui": {
			"rotation": [13.5, -45.06, -0.32],
			"translation": [0, 8.75, 0]
		},
		"head": {
			"translation": [0, 3, 0],
			"scale": [1.53, 1.53, 1.53]
		},
		"fixed": {
			"translation": [0, 9.5, 0]
		}
	},
	"groups": [
		{
			"name": "group",
			"origin": [8, 8, 8],
			"color": 0,
			"children": [
				0,
				{
					"name": "group",
					"origin": [8, 2.5, 8],
					"color": 0,
					"children": [1, 2, 3, 4]
				},
				{
					"name": "group",
					"origin": [8, 2.5, 8],
					"color": 0,
					"children": [5, 6, 7, 8]
				}
			]
		}
	]
}