{
	"credit": "www.sebxter.pl",
	"texture_size": [32, 32],
	"textures": {
		"1": "season1/hats/winter/snowflake_hat",
		"particle": "season1/hats/winter/snowflake_hat"
	},
	"elements": [
		{
			"from": [3.5, 5.5, 7],
			"to": [12.5, 12.5, 9],
			"rotation": {"angle": 0, "axis": "y", "origin": [4, 4, 4]},
			"faces": {
				"north": {"uv": [0.016, 0.016, 4.484, 3.484], "texture": "#1"},
				"east": {"uv": [0.016, 8.016, 0.984, 11.484], "texture": "#1"},
				"south": {"uv": [0.016, 4.016, 4.484, 7.484], "texture": "#1"},
				"west": {"uv": [8.016, 0.016, 8.984, 3.484], "texture": "#1"},
				"up": {"uv": [9.484, 6.984, 5.016, 6.016], "texture": "#1"},
				"down": {"uv": [9.484, 7.516, 5.016, 8.484], "texture": "#1"}
			}
		},
		{
			"from": [11.25, 12.5, 7.5],
			"to": [12.25, 16.5, 8.5],
			"rotation": {"angle": -22.5, "axis": "z", "origin": [10, 16.25, 8]},
			"faces": {
				"north": {"uv": [1.516, 8.016, 1.984, 9.984], "texture": "#1"},
				"east": {"uv": [2.516, 8.016, 2.984, 9.984], "texture": "#1"},
				"south": {"uv": [3.516, 8.016, 3.984, 9.984], "texture": "#1"},
				"west": {"uv": [4.516, 9.016, 4.984, 10.984], "texture": "#1"},
				"up": {"uv": [8.484, 4.484, 8.016, 4.016], "texture": "#1"},
				"down": {"uv": [8.484, 5.016, 8.016, 5.484], "texture": "#1"}
			}
		},
		{
			"from": [9.25, 15.5, 8],
			"to": [14.25, 20.5, 8],
			"rotation": {"angle": -22.5, "axis": "z", "origin": [10, 16.25, 8]},
			"faces": {
				"north": {"uv": [5.016, 0.016, 7.484, 2.484], "texture": "#1"},
				"east": {"uv": [0, 0, 0, 0], "texture": "#1"},
				"south": {"uv": [5.016, 3.016, 7.484, 5.484], "texture": "#1"},
				"west": {"uv": [0, 0, 0, 0], "texture": "#1"},
				"up": {"uv": [0, 0, 0, 0], "texture": "#1"},
				"down": {"uv": [0, 0, 0, 0], "texture": "#1"}
			}
		},
		{
			"from": [3.75, 12.5, 7.5],
			"to": [4.75, 16.5, 8.5],
			"rotation": {"angle": 22.5, "axis": "z", "origin": [6, 16.25, 8]},
			"faces": {
				"north": {"uv": [1.984, 8.016, 1.516, 9.984], "texture": "#1"},
				"east": {"uv": [4.984, 9.016, 4.516, 10.984], "texture": "#1"},
				"south": {"uv": [3.984, 8.016, 3.516, 9.984], "texture": "#1"},
				"west": {"uv": [2.984, 8.016, 2.516, 9.984], "texture": "#1"},
				"up": {"uv": [8.016, 4.484, 8.484, 4.016], "texture": "#1"},
				"down": {"uv": [8.016, 5.016, 8.484, 5.484], "texture": "#1"}
			}
		},
		{
			"from": [1.75, 15.5, 8],
			"to": [6.75, 20.5, 8],
			"rotation": {"angle": 22.5, "axis": "z", "origin": [6, 16.25, 8]},
			"faces": {
				"north": {"uv": [7.484, 0.016, 5.016, 2.484], "texture": "#1"},
				"east": {"uv": [0, 0, 0, 0], "texture": "#1"},
				"south": {"uv": [7.484, 3.016, 5.016, 5.484], "texture": "#1"},
				"west": {"uv": [0, 0, 0, 0], "texture": "#1"},
				"up": {"uv": [0, 0, 0, 0], "texture": "#1"},
				"down": {"uv": [0, 0, 0, 0], "texture": "#1"}
			}
		}
	],
	"display": {
		"thirdperson_righthand": {
			"translation": [0, -1.5, 1.75],
			"scale": [0.5, 0.5, 0.5]
		},
		"thirdperson_lefthand": {
			"translation": [0, -1.5, 1.75],
			"scale": [0.5, 0.5, 0.5]
		},
		"firstperson_righthand": {
			"scale": [0.5, 0.5, 0.5]
		},
		"firstperson_lefthand": {
			"scale": [0.5, 0.5, 0.5]
		},
		"ground": {
			"translation": [0, 3, 0]
		},
		"gui": {
			"rotation": [30, 225, 0],
			"translation": [0, -3.75, 0],
			"scale": [0.9, 0.9, 0.9]
		},
		"head": {
			"scale": [1.7, 1.7, 1.7]
		},
		"fixed": {
			"translation": [0, -4, 0.75]
		}
	}
}