{
	"credit": "Made with Blockbench",
	"parent": "yeti_plushie",
	"texture_size": [64, 64],
	"textures": {
		"0": "season1/hats/winter/yeti_plushie",
		"particle": "season1/hats/winter/yeti_plushie"
	},
	"elements": [
		{
			"from": [2, 0, 5],
			"to": [14, 16, 12],
			"faces": {
				"north": {"uv": [0, 0, 3, 4], "texture": "#0"},
				"east": {"uv": [0, 4, 1.75, 8], "texture": "#0"},
				"south": {"uv": [3, 0, 6, 4], "texture": "#0"},
				"west": {"uv": [1.75, 4, 3.5, 8], "texture": "#0"},
				"up": {"uv": [6.5, 5.75, 3.5, 4], "texture": "#0"},
				"down": {"uv": [6.5, 5.75, 3.5, 7.5], "texture": "#0"}
			}
		},
		{
			"from": [2, 16, 8],
			"to": [4, 19, 9],
			"faces": {
				"north": {"uv": [7.25, 3, 7.75, 3.75], "texture": "#0"},
				"east": {"uv": [5.25, 9.5, 5.5, 10.25], "texture": "#0"},
				"south": {"uv": [3, 8, 3.5, 8.75], "texture": "#0"},
				"west": {"uv": [9.75, 0, 10, 0.75], "texture": "#0"},
				"up": {"uv": [6.5, 4, 6, 3.75], "texture": "#0"},
				"down": {"uv": [9.25, 6.75, 8.75, 7], "texture": "#0"}
			}
		},
		{
			"from": [4, 18, 8],
			"to": [5, 20, 9],
			"faces": {
				"north": {"uv": [6.25, 8.75, 6.5, 9.25], "texture": "#0"},
				"east": {"uv": [9.75, 0.75, 10, 1.25], "texture": "#0"},
				"south": {"uv": [1, 9.75, 1.25, 10.25], "texture": "#0"},
				"west": {"uv": [1.25, 9.75, 1.5, 10.25], "texture": "#0"},
				"up": {"uv": [10, 2, 9.75, 1.75], "texture": "#0"},
				"down": {"uv": [2.5, 9.75, 2.25, 10], "texture": "#0"}
			}
		},
		{
			"from": [12, 16, 8],
			"to": [14, 19, 9],
			"rotation": {"angle": 0, "axis": "y", "origin": [16, 0, 0]},
			"faces": {
				"north": {"uv": [3.75, 9.5, 4.25, 10.25], "texture": "#0"},
				"east": {"uv": [0.5, 9.75, 0.75, 10.5], "texture": "#0"},
				"south": {"uv": [4.25, 9.5, 4.75, 10.25], "texture": "#0"},
				"west": {"uv": [0.75, 9.75, 1, 10.5], "texture": "#0"},
				"up": {"uv": [3, 9.5, 2.5, 9.25], "texture": "#0"},
				"down": {"uv": [9.75, 6.75, 9.25, 7], "texture": "#0"}
			}
		},
		{
			"from": [11, 18, 8],
			"to": [12, 20, 9],
			"rotation": {"angle": 0, "axis": "y", "origin": [16, 0, 0]},
			"faces": {
				"north": {"uv": [9.75, 1.25, 10, 1.75], "texture": "#0"},
				"east": {"uv": [1.5, 9.75, 1.75, 10.25], "texture": "#0"},
				"south": {"uv": [1.75, 9.75, 2, 10.25], "texture": "#0"},
				"west": {"uv": [2, 9.75, 2.25, 10.25], "texture": "#0"},
				"up": {"uv": [5.75, 10, 5.5, 9.75], "texture": "#0"},
				"down": {"uv": [6, 9.75, 5.75, 10], "texture": "#0"}
			}
		},
		{
			"from": [9, 0, 1],
			"to": [14, 5, 5],
			"faces": {
				"north": {"uv": [6, 0, 7.25, 1.25], "texture": "#0"},
				"east": {"uv": [3.5, 7.5, 4.5, 8.75], "texture": "#0"},
				"south": {"uv": [6, 1.25, 7.25, 2.5], "texture": "#0"},
				"west": {"uv": [4.5, 7.5, 5.5, 8.75], "texture": "#0"},
				"up": {"uv": [8.75, 6, 7.5, 5], "texture": "#0"},
				"down": {"uv": [8.75, 6, 7.5, 7], "texture": "#0"}
			}
		},
		{
			"from": [2, 0, 1],
			"to": [7, 5, 5],
			"rotation": {"angle": 0, "axis": "y", "origin": [16, 0, 0]},
			"faces": {
				"north": {"uv": [6, 2.5, 7.25, 3.75], "texture": "#0"},
				"east": {"uv": [5.5, 7.5, 6.5, 8.75], "texture": "#0"},
				"south": {"uv": [6.5, 3.75, 7.75, 5], "texture": "#0"},
				"west": {"uv": [7.5, 7, 8.5, 8.25], "texture": "#0"},
				"up": {"uv": [9, 4, 7.75, 3], "texture": "#0"},
				"down": {"uv": [9, 4, 7.75, 5], "texture": "#0"}
			}
		},
		{
			"from": [2, 5, 1],
			"to": [7, 7, 3],
			"rotation": {"angle": 0, "axis": "y", "origin": [16, 0, 0]},
			"faces": {
				"north": {"uv": [8.5, 7.75, 9.75, 8.25], "texture": "#0"},
				"east": {"uv": [4.75, 9.5, 5.25, 10], "texture": "#0"},
				"south": {"uv": [9, 8.25, 10.25, 8.75], "texture": "#0"},
				"west": {"uv": [9.5, 5.75, 10, 6.25], "texture": "#0"},
				"up": {"uv": [10.25, 9.25, 9, 8.75], "texture": "#0"},
				"down": {"uv": [1.25, 9.25, 0, 9.75], "texture": "#0"}
			}
		},
		{
			"from": [9, 5, 1],
			"to": [14, 7, 3],
			"faces": {
				"north": {"uv": [1.25, 9.25, 2.5, 9.75], "texture": "#0"},
				"east": {"uv": [9.5, 6.25, 10, 6.75], "texture": "#0"},
				"south": {"uv": [6.25, 9.25, 7.5, 9.75], "texture": "#0"},
				"west": {"uv": [0, 9.75, 0.5, 10.25], "texture": "#0"},
				"up": {"uv": [10.25, 9.75, 9, 9.25], "texture": "#0"},
				"down": {"uv": [3.75, 9.5, 2.5, 10], "texture": "#0"}
			}
		},
		{
			"from": [-1, 4, 6.75],
			"to": [2, 10, 10.75],
			"faces": {
				"north": {"uv": [8.25, 0, 9, 1.5], "texture": "#0"},
				"east": {"uv": [6.5, 5, 7.5, 6.5], "texture": "#0"},
				"south": {"uv": [8.25, 1.5, 9, 3], "texture": "#0"},
				"west": {"uv": [6.5, 6.5, 7.5, 8], "texture": "#0"},
				"up": {"uv": [6.25, 9.75, 5.5, 8.75], "texture": "#0"},
				"down": {"uv": [9.5, 5.75, 8.75, 6.75], "texture": "#0"}
			}
		},
		{
			"from": [14, 4, 6.75],
			"to": [17, 10, 10.75],
			"rotation": {"angle": 0, "axis": "y", "origin": [16, 0, 0]},
			"faces": {
				"north": {"uv": [7.5, 8.25, 8.25, 9.75], "texture": "#0"},
				"east": {"uv": [7.25, 0, 8.25, 1.5], "texture": "#0"},
				"south": {"uv": [8.25, 8.25, 9, 9.75], "texture": "#0"},
				"west": {"uv": [7.25, 1.5, 8.25, 3], "texture": "#0"},
				"up": {"uv": [9.75, 1, 9, 0], "texture": "#0"},
				"down": {"uv": [9.75, 1, 9, 2], "texture": "#0"}
			}
		},
		{
			"from": [-2, 1, 6.25],
			"to": [2, 4, 11.25],
			"faces": {
				"north": {"uv": [9, 2, 10, 2.75], "texture": "#0"},
				"east": {"uv": [8.5, 7, 9.75, 7.75], "texture": "#0"},
				"south": {"uv": [9, 2.75, 10, 3.5], "texture": "#0"},
				"west": {"uv": [3, 8.75, 4.25, 9.5], "texture": "#0"},
				"up": {"uv": [1, 9.25, 0, 8], "texture": "#0"},
				"down": {"uv": [2, 8, 1, 9.25], "texture": "#0"}
			}
		},
		{
			"from": [14, 1, 6.25],
			"to": [18, 4, 11.25],
			"rotation": {"angle": 0, "axis": "y", "origin": [16, 0, 0]},
			"faces": {
				"north": {"uv": [9, 3.5, 10, 4.25], "texture": "#0"},
				"east": {"uv": [4.25, 8.75, 5.5, 9.5], "texture": "#0"},
				"south": {"uv": [9, 4.25, 10, 5], "texture": "#0"},
				"west": {"uv": [8.75, 5, 10, 5.75], "texture": "#0"},
				"up": {"uv": [3, 9.25, 2, 8], "texture": "#0"},
				"down": {"uv": [7.5, 8, 6.5, 9.25], "texture": "#0"}
			}
		},
		{
			"from": [7, 11, 4.3],
			"to": [9, 12.25, 6.3],
			"faces": {
				"north": {"uv": [1.9375, 10.8125, 2.4375, 11.125], "texture": "#0"},
				"east": {"uv": [1.9375, 10.75, 2.4375, 11.0625], "texture": "#0"},
				"south": {"uv": [1.9375, 10.75, 2.4375, 11.0625], "texture": "#0"},
				"west": {"uv": [1.9375, 10.75, 2.4375, 11.0625], "texture": "#0"},
				"up": {"uv": [1.9375, 10.75, 2.4375, 11.25], "texture": "#0"},
				"down": {"uv": [1.9375, 10.75, 2.4375, 11.25], "texture": "#0"}
			}
		}
	],
	"display": {
		"thirdperson_righthand": {
			"scale": [0.32, 0.32, 0.32]
		},
		"thirdperson_lefthand": {
			"scale": [0.32, 0.32, 0.32]
		},
		"firstperson_righthand": {
			"translation": [2.25, 0, 0],
			"scale": [0.35, 0.35, 0.35]
		},
		"firstperson_lefthand": {
			"translation": [2.25, 0, 0],
			"scale": [0.35, 0.35, 0.35]
		},
		"ground": {
			"translation": [0, 4.75, 0],
			"scale": [0.75, 0.75, 0.75]
		},
		"gui": {
			"rotation": [20, 149, 0],
			"translation": [0, -0.75, 0],
			"scale": [0.63, 0.63, 0.63]
		},
		"head": {
			"translation": [0, 13.5, 0]
		},
		"fixed": {
			"translation": [0, 0, -0.5]
		}
	},
	"groups": [
		{
			"name": "group",
			"origin": [8, 8, 8],
			"color": 0,
			"children": [0, 1, 2, 3, 4, 5, 6, 7, 8, 9, 10, 11, 12]
		},
		13
	]
}