{"textures":{"0":"modelengine:entity/demon"},"elements":[{"name":"cube","from":[5.5808,8.1344,6.6176],"to":[10.4192,10.8992,9.3824005],"rotation":{"angle":0.0,"axis":"x","origin":[8.6912,-4.48,8.0]},"faces":{"down":{"uv":[9.75,7.0,8.5,7.75],"rotation":0,"texture":"#0","tintindex":0},"east":{"uv":[6.5,7.75,7.25,8.5],"rotation":0,"texture":"#0","tintindex":0},"north":{"uv":[7.25,7.75,8.5,8.5],"rotation":0,"texture":"#0","tintindex":0},"south":{"uv":[9.25,7.75,10.5,8.5],"rotation":0,"texture":"#0","tintindex":0},"up":{"uv":[8.5,7.75,7.25,7.0],"rotation":0,"texture":"#0","tintindex":0},"west":{"uv":[8.5,7.75,9.25,8.5],"rotation":0,"texture":"#0","tintindex":0}}},{"name":"cube","from":[8.2808,8.5844,6.0176],"to":[10.7192,10.749201,6.9824],"rotation":{"angle":22.5,"axis":"z","origin":[9.2,9.8168,5.8999996]},"faces":{"down":{"uv":[9.75,7.0,8.5,7.75],"rotation":0,"texture":"#0","tintindex":0},"east":{"uv":[8.75,7.75,8.5,8.5],"rotation":0,"texture":"#0","tintindex":0},"north":{"uv":[7.25,7.75,8.0,8.25],"rotation":0,"texture":"#0","tintindex":0},"south":{"uv":[9.25,7.75,10.5,8.5],"rotation":0,"texture":"#0","tintindex":0},"up":{"uv":[8.5,7.75,7.25,7.0],"rotation":0,"texture":"#0","tintindex":0},"west":{"uv":[8.5,7.75,8.75,8.5],"rotation":0,"texture":"#0","tintindex":0}}},{"name":"cube","from":[5.2808,8.5844,6.0176],"to":[7.7192,10.749201,6.9824],"rotation":{"angle":-22.5,"axis":"z","origin":[6.8,9.8168,5.8999996]},"faces":{"down":{"uv":[8.5,7.0,9.75,7.75],"rotation":0,"texture":"#0","tintindex":0},"east":{"uv":[8.75,7.75,8.5,8.5],"rotation":0,"texture":"#0","tintindex":0},"north":{"uv":[8.0,7.75,7.25,8.25],"rotation":0,"texture":"#0","tintindex":0},"south":{"uv":[10.5,7.75,9.25,8.5],"rotation":0,"texture":"#0","tintindex":0},"up":{"uv":[7.25,7.75,8.5,7.0],"rotation":0,"texture":"#0","tintindex":0},"west":{"uv":[8.5,7.75,8.75,8.5],"rotation":0,"texture":"#0","tintindex":0}}},{"name":"cube","from":[7.3088,10.208,7.3088],"to":[8.6912,11.590401,8.6912],"rotation":{"angle":0.0,"axis":"x","origin":[5.5808,12.9728,5.5808]},"faces":{"down":{"uv":[0.75,3.0,0.5,3.25],"rotation":0,"texture":"#0","tintindex":0},"east":{"uv":[0.0,3.25,0.25,3.5],"rotation":0,"texture":"#0","tintindex":0},"north":{"uv":[0.25,3.25,0.5,3.5],"rotation":0,"texture":"#0","tintindex":0},"south":{"uv":[0.75,3.25,1.0,3.5],"rotation":0,"texture":"#0","tintindex":0},"up":{"uv":[0.5,3.25,0.25,3.0],"rotation":0,"texture":"#0","tintindex":0},"west":{"uv":[0.5,3.25,0.75,3.5],"rotation":0,"texture":"#0","tintindex":0}}}],"display":{"head":{"translation":[0.0,-6.4,0.0],"rotation":[0.0,0.0,0.0],"scale":[3.8095,3.8095,3.8095]}}}