{"textures":{"0":"modelengine:entity/demon"},"elements":[{"name":"cube","from":[6.20288,7.93088,7.23968],"to":[9.79712,9.451521,8.760321],"rotation":{"angle":0.0,"axis":"x","origin":[8.6912,-3.2319999,8.0]},"faces":{"down":{"uv":[1.75,0.0,1.0,0.25],"rotation":0,"texture":"#0","tintindex":0},"east":{"uv":[0.0,0.25,0.25,0.5],"rotation":0,"texture":"#0","tintindex":0},"north":{"uv":[0.25,0.25,1.0,0.5],"rotation":0,"texture":"#0","tintindex":0},"south":{"uv":[1.25,0.25,2.0,0.5],"rotation":0,"texture":"#0","tintindex":0},"up":{"uv":[1.0,0.25,0.25,0.0],"rotation":0,"texture":"#0","tintindex":0},"west":{"uv":[1.0,0.25,1.25,0.5],"rotation":0,"texture":"#0","tintindex":0}}},{"name":"cube","from":[5.9263997,6.4448,6.9631996],"to":[10.073601,8.1728,9.0368],"rotation":{"angle":0.0,"axis":"x","origin":[8.6912,-3.9232001,8.0]},"faces":{"down":{"uv":[8.25,4.5,7.25,5.0],"rotation":0,"texture":"#0","tintindex":0},"east":{"uv":[5.75,5.0,6.25,5.5],"rotation":0,"texture":"#0","tintindex":0},"north":{"uv":[6.25,5.0,7.25,5.5],"rotation":0,"texture":"#0","tintindex":0},"south":{"uv":[7.75,5.0,8.75,5.5],"rotation":0,"texture":"#0","tintindex":0},"up":{"uv":[7.25,5.0,6.25,4.5],"rotation":0,"texture":"#0","tintindex":0},"west":{"uv":[7.25,5.0,7.75,5.5],"rotation":0,"texture":"#0","tintindex":0}}}],"display":{"head":{"translation":[0.0,-6.4,0.0],"rotation":[0.0,0.0,0.0],"scale":[3.8095,3.8095,3.8095]}}}