{"textures":{"0":"modelengine:entity/demon"},"elements":[{"name":"cube","from":[7.4384,8.004801,7.7408],"to":[8.8208,8.523201,8.2592],"rotation":{"angle":-22.5,"axis":"z","origin":[8.0,8.912001,4.976]},"faces":{"down":{"uv":[0.875,1.125,0.375,1.375],"rotation":0,"texture":"#0","tintindex":0},"east":{"uv":[0.625,1.125,0.375,1.375],"rotation":0,"texture":"#0","tintindex":0},"north":{"uv":[0.875,1.125,0.375,1.375],"rotation":0,"texture":"#0","tintindex":0},"south":{"uv":[0.875,1.125,0.375,1.375],"rotation":0,"texture":"#0","tintindex":0},"up":{"uv":[0.875,1.125,0.375,1.375],"rotation":0,"texture":"#0","tintindex":0},"west":{"uv":[0.625,1.125,0.375,1.375],"rotation":0,"texture":"#0","tintindex":0}}}],"display":{"head":{"translation":[0.0,-6.4,0.0],"rotation":[0.0,0.0,0.0],"scale":[3.8095,3.8095,3.8095]}}}