{"textures":{"0":"modelengine:entity/demon"},"elements":[{"name":"cube","from":[7.5347605,7.824466,2.4503512],"to":[8.43332,8.723026,13.025712],"rotation":{"angle":0.0,"axis":"x","origin":[7.9840403,9.690263,8.2665205]},"faces":{"down":{"uv":[4.5,1.25,4.75,4.25],"rotation":0,"texture":"#0","tintindex":0},"east":{"uv":[7.5,4.25,4.5,4.5],"rotation":0,"texture":"#0","tintindex":0},"north":{"uv":[4.5,4.25,4.25,4.5],"rotation":0,"texture":"#0","tintindex":0},"south":{"uv":[7.75,4.25,7.5,4.5],"rotation":0,"texture":"#0","tintindex":0},"up":{"uv":[4.25,4.25,4.5,1.25],"rotation":0,"texture":"#0","tintindex":0},"west":{"uv":[4.25,4.25,1.25,4.5],"rotation":0,"texture":"#0","tintindex":0}}},{"name":"cube","from":[7.2237206,7.513427,2.528111],"to":[8.74436,9.034066,3.564911],"rotation":{"angle":-45.0,"axis":"z","origin":[7.9840403,8.2737465,2.5540311]},"faces":{"down":{"uv":[0.5,5.25,0.75,5.5],"rotation":0,"texture":"#0","tintindex":0},"east":{"uv":[0.75,5.5,0.5,5.75],"rotation":0,"texture":"#0","tintindex":0},"north":{"uv":[0.5,5.5,0.25,5.75],"rotation":0,"texture":"#0","tintindex":0},"south":{"uv":[1.0,5.5,0.75,5.75],"rotation":0,"texture":"#0","tintindex":0},"up":{"uv":[0.25,5.5,0.5,5.25],"rotation":0,"texture":"#0","tintindex":0},"west":{"uv":[0.25,5.5,0.0,5.75],"rotation":0,"texture":"#0","tintindex":0}}},{"name":"cube","from":[7.4310803,7.7207866,4.437551],"to":[8.537001,8.826706,4.955951],"rotation":{"angle":-45.0,"axis":"z","origin":[7.9840403,8.2737465,2.5540311]},"faces":{"down":{"uv":[0.5,4.5,0.75,4.75],"rotation":0,"texture":"#0","tintindex":0},"east":{"uv":[0.75,4.75,0.5,5.0],"rotation":0,"texture":"#0","tintindex":0},"north":{"uv":[0.5,4.75,0.25,5.0],"rotation":0,"texture":"#0","tintindex":0},"south":{"uv":[1.0,4.75,0.75,5.0],"rotation":0,"texture":"#0","tintindex":0},"up":{"uv":[0.25,4.75,0.5,4.5],"rotation":0,"texture":"#0","tintindex":0},"west":{"uv":[0.25,4.75,0.0,5.0],"rotation":0,"texture":"#0","tintindex":0}}},{"name":"cube","from":[7.6384406,7.582546,1.6900308],"to":[8.50244,8.964947,2.5540311],"rotation":{"angle":0.0,"axis":"x","origin":[7.9840403,8.2737465,2.5540311]},"faces":{"down":{"uv":[3.5,1.0,3.75,1.25],"rotation":0,"texture":"#0","tintindex":0},"east":{"uv":[3.75,1.25,3.5,1.5],"rotation":0,"texture":"#0","tintindex":0},"north":{"uv":[3.5,1.25,3.25,1.5],"rotation":0,"texture":"#0","tintindex":0},"south":{"uv":[4.0,1.25,3.75,1.5],"rotation":0,"texture":"#0","tintindex":0},"up":{"uv":[3.25,1.25,3.5,1.0],"rotation":0,"texture":"#0","tintindex":0},"west":{"uv":[3.25,1.25,3.0,1.5],"rotation":0,"texture":"#0","tintindex":0}}},{"name":"cube","from":[7.755711,8.005837,-1.231626],"to":[8.274111,8.524238,1.7543586],"rotation":{"angle":0.0,"axis":"x","origin":[8.004543,8.254669,2.7496862]},"faces":{"down":{"uv":[5.5,10.25,5.75,11.0],"rotation":0,"texture":"#0","tintindex":0},"east":{"uv":[6.25,11.0,5.5,11.25],"rotation":0,"texture":"#0","tintindex":0},"north":{"uv":[5.5,11.0,5.25,11.25],"rotation":0,"texture":"#0","tintindex":0},"south":{"uv":[6.5,11.0,6.25,11.25],"rotation":0,"texture":"#0","tintindex":0},"up":{"uv":[5.25,11.0,5.5,10.25],"rotation":0,"texture":"#0","tintindex":0},"west":{"uv":[5.25,11.0,4.5,11.25],"rotation":0,"texture":"#0","tintindex":0}}},{"name":"cube","from":[7.9840403,6.243346,-1.9387693],"to":[7.9840403,10.390547,2.208431],"rotation":{"angle":0.0,"axis":"x","origin":[7.9840403,8.2737465,2.3380308]},"faces":{"down":{"uv":[1.5,1.0,1.5,2.0],"rotation":0,"texture":"#0","tintindex":0},"east":{"uv":[2.5,2.0,1.5,3.0],"rotation":0,"texture":"#0","tintindex":0},"north":{"uv":[1.5,2.0,1.5,3.0],"rotation":0,"texture":"#0","tintindex":0},"south":{"uv":[2.5,2.0,2.5,3.0],"rotation":0,"texture":"#0","tintindex":0},"up":{"uv":[1.5,2.0,1.5,1.0],"rotation":0,"texture":"#0","tintindex":0},"west":{"uv":[1.5,2.0,0.5,3.0],"rotation":0,"texture":"#0","tintindex":0}}},{"name":"cube","from":[7.797183,7.0105095,0.13695025],"to":[8.229183,7.4425097,2.2969506],"rotation":{"angle":-22.5,"axis":"x","origin":[8.004543,7.4252295,1.2981662]},"faces":{"down":{"uv":[8.0,3.0,8.25,3.75],"rotation":0,"texture":"#0","tintindex":0},"east":{"uv":[8.75,3.75,8.0,4.0],"rotation":0,"texture":"#0","tintindex":0},"north":{"uv":[8.0,3.75,7.75,4.0],"rotation":0,"texture":"#0","tintindex":0},"south":{"uv":[9.0,3.75,8.75,4.0],"rotation":0,"texture":"#0","tintindex":0},"up":{"uv":[7.75,3.75,8.0,3.0],"rotation":0,"texture":"#0","tintindex":0},"west":{"uv":[7.75,3.75,7.0,4.0],"rotation":0,"texture":"#0","tintindex":0}}},{"name":"cube","from":[7.797183,7.999752,-4.615051],"to":[8.229183,8.431752,-2.4550505],"rotation":{"angle":22.5,"axis":"x","origin":[8.004543,-3.2149677,1.2981662]},"faces":{"down":{"uv":[8.0,3.0,8.25,3.75],"rotation":0,"texture":"#0","tintindex":0},"east":{"uv":[8.75,3.75,8.0,4.0],"rotation":0,"texture":"#0","tintindex":0},"north":{"uv":[8.0,3.75,7.75,4.0],"rotation":0,"texture":"#0","tintindex":0},"south":{"uv":[9.0,3.75,8.75,4.0],"rotation":0,"texture":"#0","tintindex":0},"up":{"uv":[7.75,3.75,8.0,3.0],"rotation":0,"texture":"#0","tintindex":0},"west":{"uv":[7.75,3.75,7.0,4.0],"rotation":0,"texture":"#0","tintindex":0}}},{"name":"cube","from":[7.6384406,7.9281464,14.218032],"to":[8.32964,8.619347,14.909231],"rotation":{"angle":0.0,"axis":"x","origin":[7.9840403,9.690263,8.2665205]},"faces":{"down":{"uv":[5.5,3.0,5.75,3.25],"rotation":0,"texture":"#0","tintindex":0},"east":{"uv":[5.75,3.25,5.5,3.5],"rotation":0,"texture":"#0","tintindex":0},"north":{"uv":[5.5,3.25,5.25,3.5],"rotation":0,"texture":"#0","tintindex":0},"south":{"uv":[6.0,3.25,5.75,3.5],"rotation":0,"texture":"#0","tintindex":0},"up":{"uv":[5.25,3.25,5.5,3.0],"rotation":0,"texture":"#0","tintindex":0},"west":{"uv":[5.25,3.25,5.0,3.5],"rotation":0,"texture":"#0","tintindex":0}}},{"name":"cube","from":[7.4656405,7.7553463,13.267631],"to":[8.50244,8.792147,14.304431],"rotation":{"angle":0.0,"axis":"x","origin":[7.9840403,9.690263,8.2665205]},"faces":{"down":{"uv":[5.5,3.0,5.75,3.25],"rotation":0,"texture":"#0","tintindex":0},"east":{"uv":[5.75,3.25,5.5,3.5],"rotation":0,"texture":"#0","tintindex":0},"north":{"uv":[5.5,3.25,5.25,3.5],"rotation":0,"texture":"#0","tintindex":0},"south":{"uv":[6.0,3.25,5.75,3.5],"rotation":0,"texture":"#0","tintindex":0},"up":{"uv":[5.25,3.25,5.5,3.0],"rotation":0,"texture":"#0","tintindex":0},"west":{"uv":[5.25,3.25,5.0,3.5],"rotation":0,"texture":"#0","tintindex":0}}},{"name":"cube","from":[7.2928405,7.582546,12.576431],"to":[8.6752405,8.964947,13.440433],"rotation":{"angle":0.0,"axis":"x","origin":[7.9840403,9.690263,8.2665205]},"faces":{"down":{"uv":[4.75,4.5,5.0,4.75],"rotation":0,"texture":"#0","tintindex":0},"east":{"uv":[5.0,4.75,4.75,5.0],"rotation":0,"texture":"#0","tintindex":0},"north":{"uv":[4.75,4.75,4.5,5.0],"rotation":0,"texture":"#0","tintindex":0},"south":{"uv":[5.25,4.75,5.0,5.0],"rotation":0,"texture":"#0","tintindex":0},"up":{"uv":[4.5,4.75,4.75,4.5],"rotation":0,"texture":"#0","tintindex":0},"west":{"uv":[4.5,4.75,4.25,5.0],"rotation":0,"texture":"#0","tintindex":0}}}],"display":{"head":{"translation":[0.0,-6.4,0.0],"rotation":[0.0,0.0,0.0],"scale":[3.8095,3.8095,3.8095]}}}