{"textures":{"0":"modelengine:entity/demon"},"elements":[{"name":"cube","from":[-0.98559046,5.8448005,8.009399],"to":[8.00001,14.1392,8.009399],"rotation":{"angle":0.0,"axis":"x","origin":[9.72801,5.1536,4.8989987]},"faces":{"down":{"uv":[11.25,0.75,8.75,0.75],"rotation":0,"texture":"#0","tintindex":0},"east":{"uv":[6.25,0.75,6.25,3.0],"rotation":0,"texture":"#0","tintindex":0},"north":{"uv":[6.25,0.75,8.75,3.0],"rotation":0,"texture":"#0","tintindex":0},"south":{"uv":[8.75,0.75,11.25,3.0],"rotation":0,"texture":"#0","tintindex":0},"up":{"uv":[8.75,0.75,6.25,0.75],"rotation":0,"texture":"#0","tintindex":0},"west":{"uv":[8.75,0.75,8.75,3.0],"rotation":0,"texture":"#0","tintindex":0}}}],"display":{"head":{"translation":[0.0,-6.4,0.0],"rotation":[0.0,0.0,0.0],"scale":[3.8095,3.8095,3.8095]}}}