{"textures":{"0":"modelengine:entity/demon"},"elements":[{"name":"cube","from":[5.37344,8.268836,5.5165095],"to":[10.62656,12.830757,10.07843],"rotation":{"angle":0.0,"axis":"x","origin":[5.2352,9.512997,5.7238693]},"faces":{"down":{"uv":[4.25,4.5,2.75,5.75],"rotation":0,"texture":"#0","tintindex":0},"east":{"uv":[0.0,5.75,1.25,7.0],"rotation":0,"texture":"#0","tintindex":0},"north":{"uv":[1.25,5.75,2.75,7.0],"rotation":0,"texture":"#0","tintindex":0},"south":{"uv":[4.0,5.75,5.5,7.0],"rotation":0,"texture":"#0","tintindex":0},"up":{"uv":[2.75,5.75,1.25,4.5],"rotation":0,"texture":"#0","tintindex":0},"west":{"uv":[1.25,5.75,0.0,7.0],"rotation":0,"texture":"#0","tintindex":0}}},{"name":"cube","from":[10.4192,8.648996,7.9702697],"to":[13.8752,12.104997,7.9702697],"rotation":{"angle":-45.0,"axis":"y","origin":[10.592,10.376997,7.9702697]},"faces":{"down":{"uv":[13.0,6.5,12.0,6.5],"rotation":0,"texture":"#0","tintindex":0},"east":{"uv":[11.0,6.5,11.0,7.5],"rotation":0,"texture":"#0","tintindex":0},"north":{"uv":[11.0,6.5,12.0,7.5],"rotation":0,"texture":"#0","tintindex":0},"south":{"uv":[12.0,6.5,13.0,7.5],"rotation":0,"texture":"#0","tintindex":0},"up":{"uv":[12.0,6.5,11.0,6.5],"rotation":0,"texture":"#0","tintindex":0},"west":{"uv":[12.0,6.5,12.0,7.5],"rotation":0,"texture":"#0","tintindex":0}}},{"name":"cube","from":[9.55518,11.70376,5.047578],"to":[11.0067005,13.15528,7.8814983],"rotation":{"angle":-22.5,"axis":"x","origin":[10.280939,12.42952,6.637338]},"faces":{"down":{"uv":[1.25,9.75,1.0,10.5],"rotation":0,"texture":"#0","tintindex":0},"east":{"uv":[0.0,10.5,0.75,10.75],"rotation":0,"texture":"#0","tintindex":0},"north":{"uv":[0.75,10.5,1.0,10.75],"rotation":0,"texture":"#0","tintindex":0},"south":{"uv":[1.75,10.5,2.0,10.75],"rotation":0,"texture":"#0","tintindex":0},"up":{"uv":[1.0,10.5,0.75,9.75],"rotation":0,"texture":"#0","tintindex":0},"west":{"uv":[1.0,10.5,1.75,10.75],"rotation":0,"texture":"#0","tintindex":0}}},{"name":"cube","from":[9.335194,11.671223,7.236443],"to":[10.786713,13.122745,8.6879635],"rotation":{"angle":22.5,"axis":"x","origin":[10.060953,12.396984,7.962203]},"faces":{"down":{"uv":[9.25,11.75,9.0,12.0],"rotation":0,"texture":"#0","tintindex":0},"east":{"uv":[8.5,12.0,8.75,12.25],"rotation":0,"texture":"#0","tintindex":0},"north":{"uv":[8.75,12.0,9.0,12.25],"rotation":0,"texture":"#0","tintindex":0},"south":{"uv":[9.25,12.0,9.5,12.25],"rotation":0,"texture":"#0","tintindex":0},"up":{"uv":[9.0,12.0,8.75,11.75],"rotation":0,"texture":"#0","tintindex":0},"west":{"uv":[9.0,12.0,9.25,12.25],"rotation":0,"texture":"#0","tintindex":0}}},{"name":"cube","from":[9.728001,11.240996,4.1686697],"to":[11.1104,12.623396,5.5510693],"rotation":{"angle":0.0,"axis":"y","origin":[10.058788,12.68889,3.6588798]},"faces":{"down":{"uv":[12.25,4.0,12.0,4.25],"rotation":0,"texture":"#0","tintindex":0},"east":{"uv":[11.5,4.25,11.75,4.5],"rotation":0,"texture":"#0","tintindex":0},"north":{"uv":[11.75,4.25,12.0,4.5],"rotation":0,"texture":"#0","tintindex":0},"south":{"uv":[12.25,4.25,12.5,4.5],"rotation":0,"texture":"#0","tintindex":0},"up":{"uv":[12.0,4.25,11.75,4.0],"rotation":0,"texture":"#0","tintindex":0},"west":{"uv":[12.0,4.25,12.25,4.5],"rotation":0,"texture":"#0","tintindex":0}}},{"name":"cube","from":[9.793842,11.8069315,3.3516142],"to":[11.107122,13.120211,4.664894],"rotation":{"angle":22.5,"axis":"x","origin":[10.450482,12.2907715,3.3170543]},"faces":{"down":{"uv":[4.75,11.5,4.5,11.75],"rotation":0,"texture":"#0","tintindex":0},"east":{"uv":[4.0,11.75,4.25,12.0],"rotation":0,"texture":"#0","tintindex":0},"north":{"uv":[4.25,11.75,4.5,12.0],"rotation":0,"texture":"#0","tintindex":0},"south":{"uv":[4.75,11.75,5.0,12.0],"rotation":0,"texture":"#0","tintindex":0},"up":{"uv":[4.5,11.75,4.25,11.5],"rotation":0,"texture":"#0","tintindex":0},"west":{"uv":[4.5,11.75,4.75,12.0],"rotation":0,"texture":"#0","tintindex":0}}},{"name":"cube","from":[9.909643,12.442613,2.368784],"to":[11.084682,13.617653,3.5438237],"rotation":{"angle":45.0,"axis":"x","origin":[10.497162,12.511733,2.783504]},"faces":{"down":{"uv":[12.25,1.0,12.0,1.25],"rotation":0,"texture":"#0","tintindex":0},"east":{"uv":[11.5,1.25,11.75,1.5],"rotation":0,"texture":"#0","tintindex":0},"north":{"uv":[11.75,1.25,12.0,1.5],"rotation":0,"texture":"#0","tintindex":0},"south":{"uv":[12.25,1.25,12.5,1.5],"rotation":0,"texture":"#0","tintindex":0},"up":{"uv":[12.0,1.25,11.75,1.0],"rotation":0,"texture":"#0","tintindex":0},"west":{"uv":[12.0,1.25,12.25,1.5],"rotation":0,"texture":"#0","tintindex":0}}},{"name":"cube","from":[10.061604,12.787836,2.4390152],"to":[11.029283,13.755515,3.4066947],"rotation":{"angle":0.0,"axis":"y","origin":[10.545443,14.3084755,2.922855]},"faces":{"down":{"uv":[12.25,0.0,12.0,0.25],"rotation":0,"texture":"#0","tintindex":0},"east":{"uv":[11.5,0.25,11.75,0.5],"rotation":0,"texture":"#0","tintindex":0},"north":{"uv":[11.75,0.25,12.0,0.5],"rotation":0,"texture":"#0","tintindex":0},"south":{"uv":[12.25,0.25,12.5,0.5],"rotation":0,"texture":"#0","tintindex":0},"up":{"uv":[12.0,0.25,11.75,0.0],"rotation":0,"texture":"#0","tintindex":0},"west":{"uv":[12.0,0.25,12.25,0.5],"rotation":0,"texture":"#0","tintindex":0}}},{"name":"cube","from":[10.168295,13.401833,1.3874758],"to":[10.997736,14.231273,2.9081166],"rotation":{"angle":-45.0,"axis":"x","origin":[10.583015,15.371752,2.4933963]},"faces":{"down":{"uv":[9.75,10.5,9.5,11.0],"rotation":0,"texture":"#0","tintindex":0},"east":{"uv":[8.75,11.0,9.25,11.25],"rotation":0,"texture":"#0","tintindex":0},"north":{"uv":[9.25,11.0,9.5,11.25],"rotation":0,"texture":"#0","tintindex":0},"south":{"uv":[10.0,11.0,10.25,11.25],"rotation":0,"texture":"#0","tintindex":0},"up":{"uv":[9.5,11.0,9.25,10.5],"rotation":0,"texture":"#0","tintindex":0},"west":{"uv":[9.5,11.0,10.0,11.25],"rotation":0,"texture":"#0","tintindex":0}}},{"name":"cube","from":[5.0022645,13.401833,1.3874758],"to":[5.831704,14.231273,2.9081166],"rotation":{"angle":-45.0,"axis":"x","origin":[5.4169846,15.371752,2.4933963]},"faces":{"down":{"uv":[9.5,10.5,9.75,11.0],"rotation":0,"texture":"#0","tintindex":0},"east":{"uv":[10.0,11.0,9.5,11.25],"rotation":0,"texture":"#0","tintindex":0},"north":{"uv":[9.5,11.0,9.25,11.25],"rotation":0,"texture":"#0","tintindex":0},"south":{"uv":[10.25,11.0,10.0,11.25],"rotation":0,"texture":"#0","tintindex":0},"up":{"uv":[9.25,11.0,9.5,10.5],"rotation":0,"texture":"#0","tintindex":0},"west":{"uv":[9.25,11.0,8.75,11.25],"rotation":0,"texture":"#0","tintindex":0}}},{"name":"cube","from":[4.9707174,12.787836,2.4390152],"to":[5.9383974,13.755515,3.4066947],"rotation":{"angle":0.0,"axis":"y","origin":[5.4545574,14.3084755,2.922855]},"faces":{"down":{"uv":[12.0,0.0,12.25,0.25],"rotation":0,"texture":"#0","tintindex":0},"east":{"uv":[12.25,0.25,12.0,0.5],"rotation":0,"texture":"#0","tintindex":0},"north":{"uv":[12.0,0.25,11.75,0.5],"rotation":0,"texture":"#0","tintindex":0},"south":{"uv":[12.5,0.25,12.25,0.5],"rotation":0,"texture":"#0","tintindex":0},"up":{"uv":[11.75,0.25,12.0,0.0],"rotation":0,"texture":"#0","tintindex":0},"west":{"uv":[11.75,0.25,11.5,0.5],"rotation":0,"texture":"#0","tintindex":0}}},{"name":"cube","from":[4.9153175,12.442613,2.368784],"to":[6.090358,13.617653,3.5438237],"rotation":{"angle":45.0,"axis":"x","origin":[5.502838,12.511733,2.783504]},"faces":{"down":{"uv":[12.0,1.0,12.25,1.25],"rotation":0,"texture":"#0","tintindex":0},"east":{"uv":[12.25,1.25,12.0,1.5],"rotation":0,"texture":"#0","tintindex":0},"north":{"uv":[12.0,1.25,11.75,1.5],"rotation":0,"texture":"#0","tintindex":0},"south":{"uv":[12.5,1.25,12.25,1.5],"rotation":0,"texture":"#0","tintindex":0},"up":{"uv":[11.75,1.25,12.0,1.0],"rotation":0,"texture":"#0","tintindex":0},"west":{"uv":[11.75,1.25,11.5,1.5],"rotation":0,"texture":"#0","tintindex":0}}},{"name":"cube","from":[4.8928776,11.8069315,3.3516142],"to":[6.2061577,13.120211,4.664894],"rotation":{"angle":22.5,"axis":"x","origin":[5.5495176,12.2907715,3.3170543]},"faces":{"down":{"uv":[4.5,11.5,4.75,11.75],"rotation":0,"texture":"#0","tintindex":0},"east":{"uv":[4.75,11.75,4.5,12.0],"rotation":0,"texture":"#0","tintindex":0},"north":{"uv":[4.5,11.75,4.25,12.0],"rotation":0,"texture":"#0","tintindex":0},"south":{"uv":[5.0,11.75,4.75,12.0],"rotation":0,"texture":"#0","tintindex":0},"up":{"uv":[4.25,11.75,4.5,11.5],"rotation":0,"texture":"#0","tintindex":0},"west":{"uv":[4.25,11.75,4.0,12.0],"rotation":0,"texture":"#0","tintindex":0}}},{"name":"cube","from":[4.8896,11.240996,4.1686697],"to":[6.272,12.623396,5.5510693],"rotation":{"angle":0.0,"axis":"y","origin":[5.941211,12.68889,3.6588798]},"faces":{"down":{"uv":[12.0,4.0,12.25,4.25],"rotation":0,"texture":"#0","tintindex":0},"east":{"uv":[12.25,4.25,12.0,4.5],"rotation":0,"texture":"#0","tintindex":0},"north":{"uv":[12.0,4.25,11.75,4.5],"rotation":0,"texture":"#0","tintindex":0},"south":{"uv":[12.5,4.25,12.25,4.5],"rotation":0,"texture":"#0","tintindex":0},"up":{"uv":[11.75,4.25,12.0,4.0],"rotation":0,"texture":"#0","tintindex":0},"west":{"uv":[11.75,4.25,11.5,4.5],"rotation":0,"texture":"#0","tintindex":0}}},{"name":"cube","from":[5.213287,11.671223,7.236443],"to":[6.664807,13.122745,8.6879635],"rotation":{"angle":22.5,"axis":"x","origin":[5.939047,12.396984,7.962203]},"faces":{"down":{"uv":[9.0,11.75,9.25,12.0],"rotation":0,"texture":"#0","tintindex":0},"east":{"uv":[9.25,12.0,9.0,12.25],"rotation":0,"texture":"#0","tintindex":0},"north":{"uv":[9.0,12.0,8.75,12.25],"rotation":0,"texture":"#0","tintindex":0},"south":{"uv":[9.5,12.0,9.25,12.25],"rotation":0,"texture":"#0","tintindex":0},"up":{"uv":[8.75,12.0,9.0,11.75],"rotation":0,"texture":"#0","tintindex":0},"west":{"uv":[8.75,12.0,8.5,12.25],"rotation":0,"texture":"#0","tintindex":0}}},{"name":"cube","from":[4.9933,11.70376,5.047578],"to":[6.4448204,13.15528,7.8814983],"rotation":{"angle":-22.5,"axis":"x","origin":[5.71906,12.42952,6.637338]},"faces":{"down":{"uv":[1.0,9.75,1.25,10.5],"rotation":0,"texture":"#0","tintindex":0},"east":{"uv":[1.75,10.5,1.0,10.75],"rotation":0,"texture":"#0","tintindex":0},"north":{"uv":[1.0,10.5,0.75,10.75],"rotation":0,"texture":"#0","tintindex":0},"south":{"uv":[2.0,10.5,1.75,10.75],"rotation":0,"texture":"#0","tintindex":0},"up":{"uv":[0.75,10.5,1.0,9.75],"rotation":0,"texture":"#0","tintindex":0},"west":{"uv":[0.75,10.5,0.0,10.75],"rotation":0,"texture":"#0","tintindex":0}}},{"name":"cube","from":[2.1247997,8.648996,7.9702697],"to":[5.5808,12.104997,7.9702697],"rotation":{"angle":45.0,"axis":"y","origin":[5.408,10.376997,7.9702697]},"faces":{"down":{"uv":[12.0,6.5,13.0,6.5],"rotation":0,"texture":"#0","tintindex":0},"east":{"uv":[12.0,6.5,12.0,7.5],"rotation":0,"texture":"#0","tintindex":0},"north":{"uv":[12.0,6.5,11.0,7.5],"rotation":0,"texture":"#0","tintindex":0},"south":{"uv":[13.0,6.5,12.0,7.5],"rotation":0,"texture":"#0","tintindex":0},"up":{"uv":[11.0,6.5,12.0,6.5],"rotation":0,"texture":"#0","tintindex":0},"west":{"uv":[11.0,6.5,11.0,7.5],"rotation":0,"texture":"#0","tintindex":0}}}],"display":{"head":{"translation":[0.0,-6.4,0.0],"rotation":[0.0,0.0,0.0],"scale":[3.8095,3.8095,3.8095]}}}