{"textures":{"0":"modelengine:entity/demon"},"elements":[{"name":"cube","from":[7.1359997,7.4,8.0864],"to":[8.864,9.128,10.5056],"rotation":{"angle":0.0,"axis":"x","origin":[8.0,9.8192005,7.3952003]},"faces":{"down":{"uv":[1.75,8.0,1.25,8.75],"rotation":0,"texture":"#0","tintindex":0},"east":{"uv":[0.0,8.75,0.75,9.25],"rotation":0,"texture":"#0","tintindex":0},"north":{"uv":[0.75,8.75,1.25,9.25],"rotation":0,"texture":"#0","tintindex":0},"south":{"uv":[2.0,8.75,2.5,9.25],"rotation":0,"texture":"#0","tintindex":0},"up":{"uv":[1.25,8.75,0.75,8.0],"rotation":0,"texture":"#0","tintindex":0},"west":{"uv":[1.25,8.75,2.0,9.25],"rotation":0,"texture":"#0","tintindex":0}}}],"display":{"head":{"translation":[0.0,-6.4,0.0],"rotation":[0.0,0.0,0.0],"scale":[3.8095,3.8095,3.8095]}}}