{"textures":{"0":"modelengine:entity/demon"},"elements":[{"name":"cube","from":[7.37792,7.6419196,7.98272],"to":[8.62208,8.88608,10.609281],"rotation":{"angle":0.0,"axis":"x","origin":[8.0,9.8192005,4.976]},"faces":{"down":{"uv":[10.25,3.0,10.0,3.75],"rotation":0,"texture":"#0","tintindex":0},"east":{"uv":[9.0,3.75,9.75,4.0],"rotation":0,"texture":"#0","tintindex":0},"north":{"uv":[9.75,3.75,10.0,4.0],"rotation":0,"texture":"#0","tintindex":0},"south":{"uv":[10.75,3.75,11.0,4.0],"rotation":0,"texture":"#0","tintindex":0},"up":{"uv":[10.0,3.75,9.75,3.0],"rotation":0,"texture":"#0","tintindex":0},"west":{"uv":[10.0,3.75,10.75,4.0],"rotation":0,"texture":"#0","tintindex":0}}}],"display":{"head":{"translation":[0.0,-6.4,0.0],"rotation":[0.0,0.0,0.0],"scale":[3.8095,3.8095,3.8095]}}}