{"textures":{"0":"modelengine:entity/demon"},"elements":[{"name":"cube","from":[7.568,7.832,7.9136004],"to":[8.432,8.696,10.6784],"rotation":{"angle":0.0,"axis":"x","origin":[8.0,9.8192005,2.5568001]},"faces":{"down":{"uv":[7.875,5.75,8.125,6.5],"rotation":0,"texture":"#0","tintindex":0},"east":{"uv":[7.375,6.5,8.125,6.75],"rotation":0,"texture":"#0","tintindex":0},"north":{"uv":[7.375,6.25,7.625,6.5],"rotation":0,"texture":"#0","tintindex":0},"south":{"uv":[7.375,5.75,7.625,6.0],"rotation":0,"texture":"#0","tintindex":0},"up":{"uv":[7.625,6.5,7.875,5.75],"rotation":0,"texture":"#0","tintindex":0},"west":{"uv":[7.375,5.5,8.125,5.75],"rotation":0,"texture":"#0","tintindex":0}}}],"display":{"head":{"translation":[0.0,-6.4,0.0],"rotation":[0.0,0.0,0.0],"scale":[3.8095,3.8095,3.8095]}}}