{"textures":{"0":"modelengine:entity/demon"},"elements":[{"name":"left leg","from":[6.9632,5.1893873,6.307788],"to":[9.0368,7.9541874,8.381388],"rotation":{"angle":45.0,"axis":"x","origin":[8.0,6.571788,8.208588]},"faces":{"down":{"uv":[5.0,8.0,4.5,8.5],"rotation":0,"texture":"#0","tintindex":0},"east":{"uv":[3.5,8.5,4.0,9.25],"rotation":0,"texture":"#0","tintindex":0},"north":{"uv":[4.0,8.5,4.5,9.25],"rotation":0,"texture":"#0","tintindex":0},"south":{"uv":[5.0,8.5,5.5,9.25],"rotation":0,"texture":"#0","tintindex":0},"up":{"uv":[4.5,8.5,4.0,8.0],"rotation":0,"texture":"#0","tintindex":0},"west":{"uv":[4.5,8.5,5.0,9.25],"rotation":0,"texture":"#0","tintindex":0}}},{"name":"left leg","from":[7.1014404,5.5004272,8.346828],"to":[8.89856,7.297548,9.452747],"rotation":{"angle":45.0,"axis":"x","origin":[8.0,6.744588,8.035788]},"faces":{"down":{"uv":[4.25,10.0,3.75,10.25],"rotation":0,"texture":"#0","tintindex":0},"east":{"uv":[3.0,10.25,3.25,10.75],"rotation":0,"texture":"#0","tintindex":0},"north":{"uv":[3.25,10.25,3.75,10.75],"rotation":0,"texture":"#0","tintindex":0},"south":{"uv":[4.0,10.25,4.5,10.75],"rotation":0,"texture":"#0","tintindex":0},"up":{"uv":[3.75,10.25,3.25,10.0],"rotation":0,"texture":"#0","tintindex":0},"west":{"uv":[3.75,10.25,4.0,10.75],"rotation":0,"texture":"#0","tintindex":0}}}],"display":{"head":{"translation":[0.0,-6.4,0.0],"rotation":[0.0,0.0,0.0],"scale":[3.8095,3.8095,3.8095]}}}