{"textures":{"0":"modelengine:entity/demon"},"elements":[{"name":"left leg","from":[7.4797425,5.3077035,8.454802],"to":[8.516542,7.0357037,9.491602],"rotation":{"angle":-22.5,"axis":"x","origin":[8.343742,5.9989033,8.2820015]},"faces":{"down":{"uv":[3.25,11.5,3.0,11.75],"rotation":0,"texture":"#0","tintindex":0},"east":{"uv":[2.5,11.75,2.75,12.25],"rotation":0,"texture":"#0","tintindex":0},"north":{"uv":[2.75,11.75,3.0,12.25],"rotation":0,"texture":"#0","tintindex":0},"south":{"uv":[3.25,11.75,3.5,12.25],"rotation":0,"texture":"#0","tintindex":0},"up":{"uv":[3.0,11.75,2.75,11.5],"rotation":0,"texture":"#0","tintindex":0},"west":{"uv":[3.0,11.75,3.25,12.25],"rotation":0,"texture":"#0","tintindex":0}}},{"name":"left leg","from":[8.159147,4.8945184,7.0207596],"to":[9.195947,7.313719,8.05756],"rotation":{"angle":22.5,"axis":"x","origin":[8.228267,6.2769184,7.0207596]},"faces":{"down":{"uv":[7.75,11.25,7.5,11.5],"rotation":0,"texture":"#0","tintindex":0},"east":{"uv":[7.0,11.5,7.25,12.25],"rotation":0,"texture":"#0","tintindex":0},"north":{"uv":[7.25,11.5,7.5,12.25],"rotation":0,"texture":"#0","tintindex":0},"south":{"uv":[7.75,11.5,8.0,12.25],"rotation":0,"texture":"#0","tintindex":0},"up":{"uv":[7.5,11.5,7.25,11.25],"rotation":0,"texture":"#0","tintindex":0},"west":{"uv":[7.5,11.5,7.75,12.25],"rotation":0,"texture":"#0","tintindex":0}}},{"name":"left leg","from":[6.811307,5.5857186,7.0207596],"to":[7.8481064,7.313719,8.05756],"rotation":{"angle":22.5,"axis":"x","origin":[8.608427,6.2769184,7.0207596]},"faces":{"down":{"uv":[1.25,11.5,1.0,11.75],"rotation":0,"texture":"#0","tintindex":0},"east":{"uv":[0.5,11.75,0.75,12.25],"rotation":0,"texture":"#0","tintindex":0},"north":{"uv":[0.75,11.75,1.0,12.25],"rotation":0,"texture":"#0","tintindex":0},"south":{"uv":[1.25,11.75,1.5,12.25],"rotation":0,"texture":"#0","tintindex":0},"up":{"uv":[1.0,11.75,0.75,11.5],"rotation":0,"texture":"#0","tintindex":0},"west":{"uv":[1.0,11.75,1.25,12.25],"rotation":0,"texture":"#0","tintindex":0}}},{"name":"left leg","from":[7.3034043,6.181468,7.4549427],"to":[8.685804,8.946268,8.837342],"rotation":{"angle":0.0,"axis":"x","origin":[8.51903,8.458328,7.6910887]},"faces":{"down":{"uv":[12.25,2.75,12.0,3.0],"rotation":0,"texture":"#0","tintindex":0},"east":{"uv":[11.5,3.0,11.75,3.75],"rotation":0,"texture":"#0","tintindex":0},"north":{"uv":[11.75,3.0,12.0,3.75],"rotation":0,"texture":"#0","tintindex":0},"south":{"uv":[12.25,3.0,12.5,3.75],"rotation":0,"texture":"#0","tintindex":0},"up":{"uv":[12.0,3.0,11.75,2.75],"rotation":0,"texture":"#0","tintindex":0},"west":{"uv":[12.0,3.0,12.25,3.75],"rotation":0,"texture":"#0","tintindex":0}}}],"display":{"head":{"translation":[0.0,-6.4,0.0],"rotation":[0.0,0.0,0.0],"scale":[3.8095,3.8095,3.8095]}}}