{"textures":{"0":"modelengine:entity/demon"},"elements":[{"name":"cube","from":[7.37792,5.184798,7.3344107],"to":[8.62208,6.428958,8.578571],"rotation":{"angle":0.0,"axis":"x","origin":[8.0,6.359394,8.1393795]},"faces":{"down":{"uv":[2.5,3.0,2.75,3.25],"rotation":0,"texture":"#0","tintindex":0},"east":{"uv":[2.75,3.25,2.5,3.5],"rotation":0,"texture":"#0","tintindex":0},"north":{"uv":[2.5,3.25,2.25,3.5],"rotation":0,"texture":"#0","tintindex":0},"south":{"uv":[3.0,3.25,2.75,3.5],"rotation":0,"texture":"#0","tintindex":0},"up":{"uv":[2.25,3.25,2.5,3.0],"rotation":0,"texture":"#0","tintindex":0},"west":{"uv":[2.25,3.25,2.0,3.5],"rotation":0,"texture":"#0","tintindex":0}}},{"name":"cube","from":[7.228396,6.294483,7.2474732],"to":[8.771116,8.528403,8.790193],"rotation":{"angle":0.0,"axis":"x","origin":[7.999756,7.7834435,8.018833]},"faces":{"down":{"uv":[7.5,9.0,8.0,9.5],"rotation":0,"texture":"#0","tintindex":0},"east":{"uv":[8.0,9.5,7.5,10.25],"rotation":0,"texture":"#0","tintindex":0},"north":{"uv":[7.5,9.5,7.0,10.25],"rotation":0,"texture":"#0","tintindex":0},"south":{"uv":[8.5,9.5,8.0,10.25],"rotation":0,"texture":"#0","tintindex":0},"up":{"uv":[7.0,9.5,7.5,9.0],"rotation":0,"texture":"#0","tintindex":0},"west":{"uv":[7.0,9.5,6.5,10.25],"rotation":0,"texture":"#0","tintindex":0}}}],"display":{"head":{"translation":[0.0,-6.4,0.0],"rotation":[0.0,0.0,0.0],"scale":[3.8095,3.8095,3.8095]}}}