{"textures":{"0":"modelengine:entity/demon"},"elements":[{"name":"cube","from":[7.136,6.5360003,7.1359997],"to":[8.864,8.264,8.864],"rotation":{"angle":0.0,"axis":"x","origin":[8.0,8.643717,8.182889]},"faces":{"down":{"uv":[10.5,9.0,11.0,9.5],"rotation":0,"texture":"#0","tintindex":0},"east":{"uv":[11.0,9.5,10.5,10.0],"rotation":0,"texture":"#0","tintindex":0},"north":{"uv":[10.5,9.5,10.0,10.0],"rotation":0,"texture":"#0","tintindex":0},"south":{"uv":[11.5,9.5,11.0,10.0],"rotation":0,"texture":"#0","tintindex":0},"up":{"uv":[10.0,9.5,10.5,9.0],"rotation":0,"texture":"#0","tintindex":0},"west":{"uv":[10.0,9.5,9.5,10.0],"rotation":0,"texture":"#0","tintindex":0}}}],"display":{"head":{"translation":[0.0,-6.4,0.0],"rotation":[0.0,0.0,0.0],"scale":[3.8095,3.8095,3.8095]}}}