{"textures":{"0":"modelengine:entity/demon"},"elements":[{"name":"cube","from":[7.9371243,3.4105592,7.781556],"to":[10.223364,5.6967993,10.067797],"rotation":{"angle":-45.0,"axis":"x","origin":[9.080244,5.153679,4.424676]},"faces":{"down":{"uv":[10.5,5.0,11.0,5.5],"rotation":0,"texture":"#0","tintindex":0},"east":{"uv":[11.0,5.5,10.5,6.0],"rotation":0,"texture":"#0","tintindex":0},"north":{"uv":[10.5,5.5,10.0,6.0],"rotation":0,"texture":"#0","tintindex":0},"south":{"uv":[11.5,5.5,11.0,6.0],"rotation":0,"texture":"#0","tintindex":0},"up":{"uv":[10.0,5.5,10.5,5.0],"rotation":0,"texture":"#0","tintindex":0},"west":{"uv":[10.0,5.5,9.5,6.0],"rotation":0,"texture":"#0","tintindex":0}}},{"name":"cube","from":[8.00864,5.23304,6.9286404],"to":[10.15136,7.46696,9.07136],"rotation":{"angle":0.0,"axis":"x","origin":[9.08,5.672,8.0]},"faces":{"down":{"uv":[7.5,9.0,8.0,9.5],"rotation":0,"texture":"#0","tintindex":0},"east":{"uv":[8.0,9.5,7.5,10.0],"rotation":0,"texture":"#0","tintindex":0},"north":{"uv":[7.5,9.5,7.0,10.0],"rotation":0,"texture":"#0","tintindex":0},"south":{"uv":[8.5,9.5,8.0,10.0],"rotation":0,"texture":"#0","tintindex":0},"up":{"uv":[7.0,9.5,7.5,9.0],"rotation":0,"texture":"#0","tintindex":0},"west":{"uv":[7.0,9.5,6.5,10.0],"rotation":0,"texture":"#0","tintindex":0}}}],"display":{"head":{"translation":[0.0,-6.4,0.0],"rotation":[0.0,0.0,0.0],"scale":[3.8095,3.8095,3.8095]}}}