{"textures":{"0":"modelengine:entity/demon"},"elements":[{"name":"left leg","from":[7.4834576,5.091703,8.238801],"to":[8.520258,6.819703,9.275601],"rotation":{"angle":-22.5,"axis":"x","origin":[7.6562576,5.7829037,8.066001]},"faces":{"down":{"uv":[3.0,11.5,3.25,11.75],"rotation":0,"texture":"#0","tintindex":0},"east":{"uv":[3.25,11.75,3.0,12.25],"rotation":0,"texture":"#0","tintindex":0},"north":{"uv":[3.0,11.75,2.75,12.25],"rotation":0,"texture":"#0","tintindex":0},"south":{"uv":[3.5,11.75,3.25,12.25],"rotation":0,"texture":"#0","tintindex":0},"up":{"uv":[2.75,11.75,3.0,11.5],"rotation":0,"texture":"#0","tintindex":0},"west":{"uv":[2.75,11.75,2.5,12.25],"rotation":0,"texture":"#0","tintindex":0}}},{"name":"left leg","from":[6.8040533,4.6785183,6.80476],"to":[7.840853,7.0977182,7.84156],"rotation":{"angle":22.5,"axis":"x","origin":[7.7717333,6.0609183,6.80476]},"faces":{"down":{"uv":[7.5,11.25,7.75,11.5],"rotation":0,"texture":"#0","tintindex":0},"east":{"uv":[7.75,11.5,7.5,12.25],"rotation":0,"texture":"#0","tintindex":0},"north":{"uv":[7.5,11.5,7.25,12.25],"rotation":0,"texture":"#0","tintindex":0},"south":{"uv":[8.0,11.5,7.75,12.25],"rotation":0,"texture":"#0","tintindex":0},"up":{"uv":[7.25,11.5,7.5,11.25],"rotation":0,"texture":"#0","tintindex":0},"west":{"uv":[7.25,11.5,7.0,12.25],"rotation":0,"texture":"#0","tintindex":0}}},{"name":"left leg","from":[8.151894,5.3697186,6.80476],"to":[9.188693,7.0977182,7.84156],"rotation":{"angle":22.5,"axis":"x","origin":[7.3915734,6.0609183,6.80476]},"faces":{"down":{"uv":[1.0,11.5,1.25,11.75],"rotation":0,"texture":"#0","tintindex":0},"east":{"uv":[1.25,11.75,1.0,12.25],"rotation":0,"texture":"#0","tintindex":0},"north":{"uv":[1.0,11.75,0.75,12.25],"rotation":0,"texture":"#0","tintindex":0},"south":{"uv":[1.5,11.75,1.25,12.25],"rotation":0,"texture":"#0","tintindex":0},"up":{"uv":[0.75,11.75,1.0,11.5],"rotation":0,"texture":"#0","tintindex":0},"west":{"uv":[0.75,11.75,0.5,12.25],"rotation":0,"texture":"#0","tintindex":0}}},{"name":"left leg","from":[7.314196,5.965468,7.2389426],"to":[8.696596,8.7302685,8.621343],"rotation":{"angle":0.0,"axis":"x","origin":[7.4809704,8.242328,7.4750886]},"faces":{"down":{"uv":[12.0,2.75,12.25,3.0],"rotation":0,"texture":"#0","tintindex":0},"east":{"uv":[12.25,3.0,12.0,3.75],"rotation":0,"texture":"#0","tintindex":0},"north":{"uv":[12.0,3.0,11.75,3.75],"rotation":0,"texture":"#0","tintindex":0},"south":{"uv":[12.5,3.0,12.25,3.75],"rotation":0,"texture":"#0","tintindex":0},"up":{"uv":[11.75,3.0,12.0,2.75],"rotation":0,"texture":"#0","tintindex":0},"west":{"uv":[11.75,3.0,11.5,3.75],"rotation":0,"texture":"#0","tintindex":0}}}],"display":{"head":{"translation":[0.0,-6.4,0.0],"rotation":[0.0,0.0,0.0],"scale":[3.8095,3.8095,3.8095]}}}