{
	"credit": "Made with Blockbench",
	"texture_size": [64, 64],
	"textures": {
		"4": "valentines/tools/chocolate_pickaxe",
		"particle": "valentines/tools/chocolate_pickaxe"
	},
	"elements": [
		{
			"from": [7.5125, -4.10448, -3.9904],
			"to": [11.5125, -0.10448, 0.0096],
			"rotation": {"angle": -45, "axis": "x", "origin": [8.75625, 7.88591, 8]},
			"faces": {
				"north": {"uv": [8.25, 2, 9.25, 3], "texture": "#4"},
				"east": {"uv": [8.25, 3.25, 9.25, 4.25], "texture": "#4"},
				"south": {"uv": [7.25, 6, 8.25, 7], "texture": "#4"},
				"west": {"uv": [7.25, 7.25, 8.25, 8.25], "texture": "#4"},
				"up": {"uv": [9.25, 5.5, 8.25, 4.5], "rotation": 180, "texture": "#4"},
				"down": {"uv": [9.5, 5.75, 8.5, 6.75], "rotation": 180, "texture": "#4"}
			}
		},
		{
			"from": [8.0125, -5.03553, 6.5],
			"to": [11.0125, 17.96447, 9.5],
			"rotation": {"angle": 0, "axis": "y", "origin": [8.75625, 7.88591, 8]},
			"faces": {
				"north": {"uv": [2, 3.25, 2.75, 9], "texture": "#4"},
				"east": {"uv": [3, 3.25, 3.75, 9], "texture": "#4"},
				"south": {"uv": [0, 3.25, 0.75, 9], "texture": "#4"},
				"west": {"uv": [1, 3.25, 1.75, 9], "texture": "#4"},
				"up": {"uv": [10.25, 2, 9.5, 1.25], "rotation": 180, "texture": "#4"},
				"down": {"uv": [10.25, 2.25, 9.5, 3], "rotation": 180, "texture": "#4"}
			}
		},
		{
			"from": [8.5135, 15.40261, 7.03142],
			"to": [10.5115, 18.40061, 13.02942],
			"rotation": {"angle": -45, "axis": "x", "origin": [8.75625, 7.88591, 8]},
			"faces": {
				"north": {"uv": [10, 0, 10.5, 0.75], "texture": "#4"},
				"east": {"uv": [6.5, 3, 8, 3.75], "texture": "#4"},
				"south": {"uv": [9.75, 9.25, 10.25, 10], "texture": "#4"},
				"west": {"uv": [6.25, 2, 7.75, 2.75], "texture": "#4"},
				"up": {"uv": [2, 10.75, 1.5, 9.25], "rotation": 180, "texture": "#4"},
				"down": {"uv": [2.75, 9.25, 2.25, 10.75], "rotation": 180, "texture": "#4"}
			}
		},
		{
			"from": [8.5135, 15.40261, 2.97058],
			"to": [10.5115, 18.40061, 8.96858],
			"rotation": {"angle": 45, "axis": "x", "origin": [8.75625, 7.88591, 8]},
			"faces": {
				"north": {"uv": [4.5, 10, 5, 10.75], "texture": "#4"},
				"east": {"uv": [6.5, 5, 8, 5.75], "texture": "#4"},
				"south": {"uv": [3.75, 10, 4.25, 10.75], "texture": "#4"},
				"west": {"uv": [6.5, 4, 8, 4.75], "texture": "#4"},
				"up": {"uv": [3.5, 10.75, 3, 9.25], "rotation": 180, "texture": "#4"},
				"down": {"uv": [9.5, 9.25, 9, 10.75], "rotation": 180, "texture": "#4"}
			}
		},
		{
			"from": [8.5125, 15.96447, 3.5],
			"to": [10.5125, 18.96447, 12.5],
			"rotation": {"angle": 0, "axis": "y", "origin": [8.75625, 7.88591, 8]},
			"faces": {
				"north": {"uv": [0.75, 10.25, 1.25, 11], "texture": "#4"},
				"east": {"uv": [6.25, 1, 8.5, 1.75], "texture": "#4"},
				"south": {"uv": [0, 10.25, 0.5, 11], "texture": "#4"},
				"west": {"uv": [6.25, 0, 8.5, 0.75], "texture": "#4"},
				"up": {"uv": [4.5, 8.5, 4, 6.25], "rotation": 180, "texture": "#4"},
				"down": {"uv": [7, 6, 6.5, 8.25], "rotation": 180, "texture": "#4"}
			}
		},
		{
			"from": [7.9875, 15.96447, 3.475],
			"to": [7.9875, 28.06447, 12.475],
			"rotation": {"angle": 0, "axis": "y", "origin": [8.75625, 7.88591, 8]},
			"faces": {
				"north": {"uv": [5.75, 10.25, 5.875, 13.25], "texture": "#4"},
				"east": {"uv": [2.25, 0, 0, 3], "texture": "#4"},
				"south": {"uv": [5.25, 10.25, 5.375, 13.25], "texture": "#4"},
				"west": {"uv": [0, 0, 2.25, 3], "texture": "#4"},
				"up": {"uv": [6.375, 12.75, 6.25, 10.5], "rotation": 180, "texture": "#4"},
				"down": {"uv": [6.875, 10.5, 6.75, 12.75], "rotation": 180, "texture": "#4"}
			}
		},
		{
			"from": [7.7625, 14.18029, 14.26938],
			"to": [8.7625, 17.18029, 19.26938],
			"rotation": {"angle": -45, "axis": "x", "origin": [8.75625, 7.88591, 8]},
			"faces": {
				"north": {"uv": [7.25, 10.5, 7.5, 11.25], "texture": "#4"},
				"east": {"uv": [0, 9.25, 1.25, 10], "texture": "#4"},
				"south": {"uv": [4.75, 7.75, 5, 8.5], "texture": "#4"},
				"west": {"uv": [9, 8.25, 10.25, 9], "texture": "#4"},
				"up": {"uv": [5, 7.5, 4.75, 6.25], "rotation": 180, "texture": "#4"},
				"down": {"uv": [10.75, 1.75, 10.5, 3], "rotation": 180, "texture": "#4"}
			}
		},
		{
			"from": [7.7625, 17.15529, 14.26938],
			"to": [8.7625, 19.15529, 17.26938],
			"rotation": {"angle": -45, "axis": "x", "origin": [8.75625, 7.88591, 8]},
			"faces": {
				"north": {"uv": [8.25, 10.5, 8.5, 11], "texture": "#4"},
				"east": {"uv": [10.5, 1, 11.25, 1.5], "texture": "#4"},
				"south": {"uv": [8.75, 1.25, 9, 1.75], "texture": "#4"},
				"west": {"uv": [9.75, 10.25, 10.5, 10.75], "texture": "#4"},
				"up": {"uv": [8, 11.25, 7.75, 10.5], "rotation": 180, "texture": "#4"},
				"down": {"uv": [10.75, 7.75, 10.5, 8.5], "rotation": 180, "texture": "#4"}
			}
		},
		{
			"from": [7.5125, -3.03553, 6],
			"to": [11.5125, -1.03553, 10],
			"rotation": {"angle": 0, "axis": "y", "origin": [8.75625, 7.88591, 8]},
			"faces": {
				"north": {"uv": [9.5, 4.75, 10.5, 5.25], "texture": "#4"},
				"east": {"uv": [9.75, 5.5, 10.75, 6], "texture": "#4"},
				"south": {"uv": [9.5, 3.25, 10.5, 3.75], "texture": "#4"},
				"west": {"uv": [9.5, 4, 10.5, 4.5], "texture": "#4"},
				"up": {"uv": [7.5, 9.5, 6.5, 8.5], "rotation": 180, "texture": "#4"},
				"down": {"uv": [9.5, 7, 8.5, 8], "rotation": 180, "texture": "#4"}
			}
		},
		{
			"from": [7.5125, -0.03553, 6],
			"to": [11.5125, 10.96447, 10],
			"rotation": {"angle": 0, "axis": "y", "origin": [8.75625, 7.88591, 8]},
			"faces": {
				"north": {"uv": [5.25, 3, 6.25, 5.75], "texture": "#4"},
				"east": {"uv": [5.25, 6, 6.25, 8.75], "texture": "#4"},
				"south": {"uv": [4, 3.25, 5, 6], "texture": "#4"},
				"west": {"uv": [5, 0, 6, 2.75], "texture": "#4"},
				"up": {"uv": [8.75, 9.5, 7.75, 8.5], "rotation": 180, "texture": "#4"},
				"down": {"uv": [9.75, 0, 8.75, 1], "rotation": 180, "texture": "#4"}
			}
		},
		{
			"from": [7.5125, 11.96447, 6],
			"to": [11.5125, 13.96447, 10],
			"rotation": {"angle": 0, "axis": "y", "origin": [8.75625, 7.88591, 8]},
			"faces": {
				"north": {"uv": [9.75, 7, 10.75, 7.5], "texture": "#4"},
				"east": {"uv": [7.75, 9.75, 8.75, 10.25], "texture": "#4"},
				"south": {"uv": [9.75, 6.25, 10.75, 6.75], "texture": "#4"},
				"west": {"uv": [6.5, 9.75, 7.5, 10.25], "texture": "#4"},
				"up": {"uv": [5, 9.75, 4, 8.75], "rotation": 180, "texture": "#4"},
				"down": {"uv": [6.25, 9, 5.25, 10], "rotation": 180, "texture": "#4"}
			}
		},
		{
			"from": [9, 0, 1],
			"to": [9, 16, 15],
			"faces": {
				"north": {"uv": [0, 0, 0, 4], "texture": "#4"},
				"east": {"uv": [15.125, 0.75, 11.625, 4.75], "texture": "#4"},
				"south": {"uv": [0, 0, 0, 4], "texture": "#4"},
				"west": {"uv": [11.625, 0.75, 15.125, 4.75], "texture": "#4"},
				"up": {"uv": [0, 0, 0, 3.5], "texture": "#4"},
				"down": {"uv": [0, 0, 0, 3.5], "texture": "#4"}
			}
		}
	],
	"gui_light": "front",
	"display": {
		"thirdperson_righthand": {
			"translation": [-0.75, 0, 0.5],
			"scale": [0.6, 0.6, 0.6]
		},
		"thirdperson_lefthand": {
			"rotation": [0, -180, 0],
			"translation": [-0.75, 0, 0.5],
			"scale": [0.6, 0.6, 0.6]
		},
		"firstperson_righthand": {
			"translation": [0.5, 1.75, 0],
			"scale": [0.62, 0.62, 0.62]
		},
		"firstperson_lefthand": {
			"rotation": [0, -180, 0],
			"translation": [0.5, 1.75, 0],
			"scale": [0.62, 0.62, 0.62]
		},
		"ground": {
			"rotation": [-45, 0, 0],
			"translation": [0, 7, 0],
			"scale": [0.71, 0.71, 0.71]
		},
		"gui": {
			"rotation": [-90, 135, 90],
			"translation": [-0.5, -0.75, -0.25],
			"scale": [0.56, 0.56, 0.56]
		},
		"head": {
			"rotation": [90, -38, -90],
			"translation": [0.75, -14.25, 4.25],
			"scale": [0.88, 0.88, 0.88]
		},
		"fixed": {
			"rotation": [90, -45, 90],
			"translation": [0.5, -1, -0.25],
			"scale": [0.67, 0.67, 0.67]
		}
	},
	"groups": [
		{
			"name": "group",
			"origin": [8, -5.53553, 8.5],
			"color": 0,
			"children": [0, 1, 2, 3, 4, 5, 6, 7, 8, 9, 10, 11]
		}
	]
}