{
	"credit": "Made with Blockbench",
	"texture_size": [64, 64],
	"textures": {
		"2": "valentines/tools/cupid_rod"
	},
	"elements": [
		{
			"from": [7.49, -3.135, 19.91893],
			"to": [8.51, -0.115, 22.93893],
			"rotation": {"angle": 45, "axis": "x", "origin": [8.5, 8.875, 0.92893]},
			"faces": {
				"north": {"uv": [2.5, 7, 2.75, 7.75], "texture": "#2"},
				"east": {"uv": [5, 0.75, 5.75, 1.5], "texture": "#2"},
				"south": {"uv": [6.75, 7, 7, 7.75], "texture": "#2"},
				"west": {"uv": [1.5, 5, 2.25, 5.75], "texture": "#2"},
				"up": {"uv": [7.5, 4.5, 7.25, 3.75], "texture": "#2"},
				"down": {"uv": [7.5, 4.75, 7.25, 5.5], "texture": "#2"}
			}
		},
		{
			"from": [6.99, -10.97961, 6.99],
			"to": [9.01, 0.04039, 9.01],
			"rotation": {"angle": 0, "axis": "y", "origin": [8.5, 1.53039, 7.5]},
			"faces": {
				"north": {"uv": [0, 2, 0.5, 4.75], "texture": "#2"},
				"east": {"uv": [0.75, 2, 1.25, 4.75], "texture": "#2"},
				"south": {"uv": [1.5, 2, 2, 4.75], "texture": "#2"},
				"west": {"uv": [2.25, 2, 2.75, 4.75], "texture": "#2"},
				"up": {"uv": [7, 0.5, 6.5, 0], "texture": "#2"},
				"down": {"uv": [7, 3.75, 6.5, 4.25], "texture": "#2"}
			}
		},
		{
			"from": [6.49, -4.97961, 6.49],
			"to": [9.49, -3.97961, 9.49],
			"rotation": {"angle": 0, "axis": "y", "origin": [8, 1.53039, 7]},
			"faces": {
				"north": {"uv": [7, 2.25, 7.75, 2.5], "texture": "#2"},
				"east": {"uv": [7.25, 0, 8, 0.25], "texture": "#2"},
				"south": {"uv": [7.25, 7, 8, 7.25], "texture": "#2"},
				"west": {"uv": [3, 7.5, 3.75, 7.75], "texture": "#2"},
				"up": {"uv": [5.75, 2.5, 5, 1.75], "texture": "#2"},
				"down": {"uv": [5.75, 2.75, 5, 3.5], "texture": "#2"}
			}
		},
		{
			"from": [6.49, -0.97961, 6.49],
			"to": [9.49, 0.02039, 9.49],
			"rotation": {"angle": 0, "axis": "y", "origin": [8, 1.53039, 7]},
			"faces": {
				"north": {"uv": [4, 7.5, 4.75, 7.75], "texture": "#2"},
				"east": {"uv": [5, 7.5, 5.75, 7.75], "texture": "#2"},
				"south": {"uv": [7.25, 7.5, 8, 7.75], "texture": "#2"},
				"west": {"uv": [7.75, 0.5, 8.5, 0.75], "texture": "#2"},
				"up": {"uv": [5.75, 4.5, 5, 3.75], "texture": "#2"},
				"down": {"uv": [5.75, 4.75, 5, 5.5], "texture": "#2"}
			}
		},
		{
			"from": [6.49, 6.14539, 3.84],
			"to": [9.49, 7.14539, 6.84],
			"rotation": {"angle": -22.5, "axis": "x", "origin": [8, 6.53039, 8]},
			"faces": {
				"north": {"uv": [1, 7.75, 1.75, 8], "texture": "#2"},
				"east": {"uv": [7.75, 1, 8.5, 1.25], "texture": "#2"},
				"south": {"uv": [7.75, 1.5, 8.5, 1.75], "texture": "#2"},
				"west": {"uv": [7.75, 2.75, 8.5, 3], "texture": "#2"},
				"up": {"uv": [0.75, 6.5, 0, 5.75], "texture": "#2"},
				"down": {"uv": [5.25, 5.75, 4.5, 6.5], "texture": "#2"}
			}
		},
		{
			"from": [6.49, 3.42039, 0.89],
			"to": [9.49, 6.42039, 1.89],
			"rotation": {"angle": 22.5, "axis": "x", "origin": [8, 6.53039, 8]},
			"faces": {
				"north": {"uv": [5.5, 5.75, 6.25, 6.5], "texture": "#2"},
				"east": {"uv": [7.75, 3.25, 8, 4], "texture": "#2"},
				"south": {"uv": [6, 0.75, 6.75, 1.5], "texture": "#2"},
				"west": {"uv": [7.75, 4.25, 8, 5], "texture": "#2"},
				"up": {"uv": [8.5, 5.5, 7.75, 5.25], "texture": "#2"},
				"down": {"uv": [8.5, 5.75, 7.75, 6], "texture": "#2"}
			}
		},
		{
			"from": [6.49, -11.97961, 6.49],
			"to": [9.49, -10.97961, 9.49],
			"rotation": {"angle": 0, "axis": "y", "origin": [8, 1.53039, 7]},
			"faces": {
				"north": {"uv": [7.75, 6.25, 8.5, 6.5], "texture": "#2"},
				"east": {"uv": [0, 8, 0.75, 8.25], "texture": "#2"},
				"south": {"uv": [2, 8, 2.75, 8.25], "texture": "#2"},
				"west": {"uv": [8, 2, 8.75, 2.25], "texture": "#2"},
				"up": {"uv": [1.75, 6.75, 1, 6], "texture": "#2"},
				"down": {"uv": [6.75, 1.75, 6, 2.5], "texture": "#2"}
			}
		},
		{
			"from": [6.99, 1.50374, 7.11675],
			"to": [8.99, 8.50374, 9.11675],
			"rotation": {"angle": -22.5, "axis": "x", "origin": [7.49, 0.50374, 12.74175]},
			"faces": {
				"north": {"uv": [3, 2, 3.5, 3.75], "texture": "#2"},
				"east": {"uv": [3.75, 2, 4.25, 3.75], "texture": "#2"},
				"south": {"uv": [3, 4, 3.5, 5.75], "texture": "#2"},
				"west": {"uv": [3.75, 4, 4.25, 5.75], "texture": "#2"},
				"up": {"uv": [7, 5, 6.5, 4.5], "texture": "#2"},
				"down": {"uv": [7, 5.25, 6.5, 5.75], "texture": "#2"}
			}
		},
		{
			"from": [7.5775, 3.70374, 5.36675],
			"to": [8.5775, 3.70374, 7.36675],
			"rotation": {"angle": -22.5, "axis": "x", "origin": [7.3525, 0.50374, 12.74175]},
			"faces": {
				"north": {"uv": [4.5, 5.5, 4.75, 5.5], "texture": "#2"},
				"east": {"uv": [6, 7.75, 6.5, 7.75], "texture": "#2"},
				"south": {"uv": [1, 5.75, 1.25, 5.75], "texture": "#2"},
				"west": {"uv": [8, 2.5, 8.5, 2.5], "texture": "#2"},
				"up": {"uv": [8.25, 8.5, 8, 8], "texture": "#2"},
				"down": {"uv": [1.25, 8.25, 1, 8.75], "texture": "#2"}
			}
		},
		{
			"from": [7.5775, 6.70374, 5.36675],
			"to": [8.5775, 6.70374, 7.36675],
			"rotation": {"angle": -22.5, "axis": "x", "origin": [7.3525, 0.50374, 12.74175]},
			"faces": {
				"north": {"uv": [6, 6.75, 6.25, 6.75], "texture": "#2"},
				"east": {"uv": [8.5, 8, 9, 8], "texture": "#2"},
				"south": {"uv": [7.25, 0.5, 7.5, 0.5], "texture": "#2"},
				"west": {"uv": [8.5, 8.25, 9, 8.25], "texture": "#2"},
				"up": {"uv": [1.75, 8.75, 1.5, 8.25], "texture": "#2"},
				"down": {"uv": [8.5, 3.25, 8.25, 3.75], "texture": "#2"}
			}
		},
		{
			"from": [7.5775, 4.28994, 1.73901],
			"to": [8.5775, 6.28994, 1.73901],
			"rotation": {"angle": 22.5, "axis": "x", "origin": [8.0775, 5.63994, 3.71401]},
			"faces": {
				"north": {"uv": [8.25, 4, 8.5, 4.5], "texture": "#2"},
				"east": {"uv": [1.75, 7, 1.75, 7.5], "texture": "#2"},
				"south": {"uv": [8.25, 6.75, 8.5, 7.25], "texture": "#2"},
				"west": {"uv": [6.75, 8.5, 6.75, 9], "texture": "#2"},
				"up": {"uv": [7.5, 5.75, 7.25, 5.75], "texture": "#2"},
				"down": {"uv": [8, 6.75, 7.75, 6.75], "texture": "#2"}
			}
		},
		{
			"from": [7.5775, 5.84544, -0.61623],
			"to": [8.5775, 7.84544, -0.61623],
			"rotation": {"angle": 0, "axis": "y", "origin": [8.0775, 7.22044, -1.01623]},
			"faces": {
				"north": {"uv": [0, 8.5, 0.25, 9], "texture": "#2"},
				"east": {"uv": [8.5, 8.5, 8.5, 9], "texture": "#2"},
				"south": {"uv": [0.5, 8.5, 0.75, 9], "texture": "#2"},
				"west": {"uv": [8.75, 0.5, 8.75, 1], "texture": "#2"},
				"up": {"uv": [9, 1.25, 8.75, 1.25], "texture": "#2"},
				"down": {"uv": [9, 1.5, 8.75, 1.5], "texture": "#2"}
			}
		},
		{
			"from": [7.5, 7.23843, -2.6328],
			"to": [8.5, 8.23843, 1.3672],
			"rotation": {"angle": 22.5, "axis": "x", "origin": [8, 7.68843, 0.8672]},
			"faces": {
				"north": {"uv": [6, 5.25, 6.25, 5.5], "texture": "#2"},
				"east": {"uv": [6.5, 6, 7.5, 6.25], "texture": "#2"},
				"south": {"uv": [5.25, 8.5, 5.5, 8.75], "texture": "#2"},
				"west": {"uv": [6.5, 6.5, 7.5, 6.75], "texture": "#2"},
				"up": {"uv": [0.25, 7.75, 0, 6.75], "texture": "#2"},
				"down": {"uv": [0.75, 6.75, 0.5, 7.75], "texture": "#2"}
			}
		},
		{
			"from": [8.1125, 5.2773, -1.84917],
			"to": [8.1125, 6.2773, 4.15083],
			"rotation": {"angle": 22.5, "axis": "x", "origin": [8.1125, 5.7773, 1.77583]},
			"faces": {
				"north": {"uv": [8.75, 2.5, 8.75, 2.75], "texture": "#2"},
				"east": {"uv": [6, 2.75, 7.5, 3], "texture": "#2"},
				"south": {"uv": [8.75, 3, 8.75, 3.25], "texture": "#2"},
				"west": {"uv": [6, 3.25, 7.5, 3.5], "texture": "#2"},
				"up": {"uv": [8.75, 6.75, 8.75, 5.25], "texture": "#2"},
				"down": {"uv": [8, 8.75, 8, 10.25], "texture": "#2"}
			}
		},
		{
			"from": [8.1875, -0.29846, -1.75934],
			"to": [8.1875, 6.70154, -0.75934],
			"rotation": {"angle": 0, "axis": "y", "origin": [8.1125, 4.20154, -2.25934]},
			"faces": {
				"north": {"uv": [8.25, 8.75, 8.25, 10.5], "texture": "#2"},
				"east": {"uv": [2.5, 5, 2.75, 6.75], "texture": "#2"},
				"south": {"uv": [8.75, 8.5, 8.75, 10.25], "texture": "#2"},
				"west": {"uv": [2, 6, 2.25, 7.75], "texture": "#2"},
				"up": {"uv": [8.75, 3.75, 8.75, 3.5], "texture": "#2"},
				"down": {"uv": [8.75, 4, 8.75, 4.25], "texture": "#2"}
			}
		},
		{
			"from": [7.2, -0.79846, -2.75934],
			"to": [7.2, 0.20154, 0.24066],
			"rotation": {"angle": 0, "axis": "y", "origin": [8.5, 4.20154, -2.25934]},
			"faces": {
				"north": {"uv": [8.75, 7, 8.75, 7.25], "texture": "#2"},
				"east": {"uv": [3, 8, 3.75, 8.25], "texture": "#2"},
				"south": {"uv": [9, 0, 9, 0.25], "texture": "#2"},
				"west": {"uv": [4, 8, 4.75, 8.25], "texture": "#2"},
				"up": {"uv": [1, 9.75, 1, 9], "texture": "#2"},
				"down": {"uv": [1.25, 9, 1.25, 9.75], "texture": "#2"}
			}
		},
		{
			"from": [9.2, -0.79846, -2.75934],
			"to": [9.2, 0.20154, 0.24066],
			"rotation": {"angle": 0, "axis": "y", "origin": [8.5, 4.20154, -2.25934]},
			"faces": {
				"north": {"uv": [9, 0.5, 9, 0.75], "texture": "#2"},
				"east": {"uv": [5, 8, 5.75, 8.25], "texture": "#2"},
				"south": {"uv": [1.5, 9, 1.5, 9.25], "texture": "#2"},
				"west": {"uv": [6, 8, 6.75, 8.25], "texture": "#2"},
				"up": {"uv": [1.75, 9.75, 1.75, 9], "texture": "#2"},
				"down": {"uv": [9, 1.75, 9, 2.5], "texture": "#2"}
			}
		},
		{
			"from": [7.2, -0.79846, -2.75934],
			"to": [9.2, 0.20154, -2.75934],
			"rotation": {"angle": 0, "axis": "y", "origin": [8.5, 4.20154, -2.25934]},
			"faces": {
				"north": {"uv": [8.25, 0, 8.75, 0.25], "texture": "#2"},
				"east": {"uv": [2, 9, 2, 9.25], "texture": "#2"},
				"south": {"uv": [8.25, 4.75, 8.75, 5], "texture": "#2"},
				"west": {"uv": [2.25, 9, 2.25, 9.25], "texture": "#2"},
				"up": {"uv": [9.25, 4.5, 8.75, 4.5], "texture": "#2"},
				"down": {"uv": [9.5, 1, 9, 1], "texture": "#2"}
			}
		},
		{
			"from": [7.2, -0.79846, 0.24066],
			"to": [9.2, 0.20154, 0.24066],
			"rotation": {"angle": 0, "axis": "y", "origin": [8.5, 4.20154, -2.25934]},
			"faces": {
				"north": {"uv": [8.25, 7.5, 8.75, 7.75], "texture": "#2"},
				"east": {"uv": [2.5, 9, 2.5, 9.25], "texture": "#2"},
				"south": {"uv": [2, 8.5, 2.5, 8.75], "texture": "#2"},
				"west": {"uv": [9, 2.75, 9, 3], "texture": "#2"},
				"up": {"uv": [9.5, 3.25, 9, 3.25], "texture": "#2"},
				"down": {"uv": [9.5, 3.5, 9, 3.5], "texture": "#2"}
			}
		},
		{
			"from": [8.1375, -2.12126, 6.3428],
			"to": [8.1375, 7.87874, 7.3428],
			"rotation": {"angle": -22.5, "axis": "x", "origin": [6.6125, -1.12126, 11.9678]},
			"faces": {
				"north": {"uv": [3.75, 9, 3.75, 11.5], "texture": "#2"},
				"east": {"uv": [4.5, 0, 4.75, 2.5], "texture": "#2"},
				"south": {"uv": [4, 9, 4, 11.5], "texture": "#2"},
				"west": {"uv": [4.5, 2.75, 4.75, 5.25], "texture": "#2"},
				"up": {"uv": [9, 4, 9, 3.75], "texture": "#2"},
				"down": {"uv": [4.25, 9, 4.25, 9.25], "texture": "#2"}
			}
		},
		{
			"from": [7.5, 4.93001, 2.85736],
			"to": [8.5, 6.93001, 7.85736],
			"rotation": {"angle": 22.5, "axis": "x", "origin": [8, 10.55501, 6.03236]},
			"faces": {
				"north": {"uv": [2.75, 8.5, 3, 9], "texture": "#2"},
				"east": {"uv": [0, 5, 1.25, 5.5], "texture": "#2"},
				"south": {"uv": [3.25, 8.5, 3.5, 9], "texture": "#2"},
				"west": {"uv": [5, 0, 6.25, 0.5], "texture": "#2"},
				"up": {"uv": [3.25, 7.25, 3, 6], "texture": "#2"},
				"down": {"uv": [3.75, 6, 3.5, 7.25], "texture": "#2"}
			}
		},
		{
			"from": [7.5, -5.6, 9],
			"to": [7.5, 1.4, 14],
			"rotation": {"angle": -22.5, "axis": "x", "origin": [7.5, 1.5, 9.5]},
			"faces": {
				"north": {"uv": [4.5, 9, 4.5, 10.75], "texture": "#2"},
				"east": {"uv": [0, 0, 1.25, 1.75], "texture": "#2"},
				"south": {"uv": [4.75, 9, 4.75, 10.75], "texture": "#2"},
				"west": {"uv": [1.5, 0, 2.75, 1.75], "texture": "#2"},
				"up": {"uv": [9, 6, 9, 4.75], "texture": "#2"},
				"down": {"uv": [5, 9, 5, 10.25], "texture": "#2"}
			}
		},
		{
			"from": [7, -1, 7],
			"to": [8, 2, 12],
			"rotation": {"angle": -22.5, "axis": "x", "origin": [7.5, 1.5, 9.5]},
			"faces": {
				"north": {"uv": [7, 8, 7.25, 8.75], "texture": "#2"},
				"east": {"uv": [3, 0, 4.25, 0.75], "texture": "#2"},
				"south": {"uv": [7.5, 8, 7.75, 8.75], "texture": "#2"},
				"west": {"uv": [3, 1, 4.25, 1.75], "texture": "#2"},
				"up": {"uv": [6.25, 5, 6, 3.75], "texture": "#2"},
				"down": {"uv": [4.25, 6, 4, 7.25], "texture": "#2"}
			}
		},
		{
			"from": [6.5, -2.2, 2.9],
			"to": [7.5, -1.2, 2.9],
			"rotation": {"angle": -22.5, "axis": "x", "origin": [7.5, 1.5, 9.5]},
			"faces": {
				"north": {"uv": [5.75, 8.5, 6, 8.75], "texture": "#2"},
				"east": {"uv": [5.25, 9, 5.25, 9.25], "texture": "#2"},
				"south": {"uv": [6.25, 8.5, 6.5, 8.75], "texture": "#2"},
				"west": {"uv": [5.5, 9, 5.5, 9.25], "texture": "#2"},
				"up": {"uv": [9.25, 4.25, 9, 4.25], "texture": "#2"},
				"down": {"uv": [6, 9, 5.75, 9], "texture": "#2"}
			}
		},
		{
			"from": [6.5, -2.2, 2.9],
			"to": [6.5, -1.2, 4.9],
			"rotation": {"angle": -22.5, "axis": "x", "origin": [7.5, 1.5, 9.5]},
			"faces": {
				"north": {"uv": [6.25, 9, 6.25, 9.25], "texture": "#2"},
				"east": {"uv": [3.75, 8.5, 4.25, 8.75], "texture": "#2"},
				"south": {"uv": [9, 6.25, 9, 6.5], "texture": "#2"},
				"west": {"uv": [4.5, 8.5, 5, 8.75], "texture": "#2"},
				"up": {"uv": [6.5, 9.5, 6.5, 9], "texture": "#2"},
				"down": {"uv": [9, 6.75, 9, 7.25], "texture": "#2"}
			}
		},
		{
			"from": [6.5, -2.2, 4.9],
			"to": [8.5, -0.2, 6.9],
			"rotation": {"angle": -22.5, "axis": "x", "origin": [7.5, 1.5, 9.5]},
			"faces": {
				"north": {"uv": [4.5, 6.75, 5, 7.25], "texture": "#2"},
				"east": {"uv": [5.25, 6.75, 5.75, 7.25], "texture": "#2"},
				"south": {"uv": [7, 0.75, 7.5, 1.25], "texture": "#2"},
				"west": {"uv": [1, 7, 1.5, 7.5], "texture": "#2"},
				"up": {"uv": [7.5, 2, 7, 1.5], "texture": "#2"},
				"down": {"uv": [6.5, 7, 6, 7.5], "texture": "#2"}
			}
		}
	],
	"gui_light": "front",
	"display": {
		"thirdperson_righthand": {
			"rotation": [31, 0, 0],
			"translation": [0, 9, 6.25],
			"scale": [0.64, 0.64, 0.64]
		},
		"thirdperson_lefthand": {
			"rotation": [31, 0, 0],
			"translation": [0, 9, 6.25],
			"scale": [0.64, 0.64, 0.64]
		},
		"firstperson_righthand": {
			"rotation": [18, 12, 1],
			"translation": [2.75, 8.25, 1.75],
			"scale": [0.8, 0.8, 0.8]
		},
		"firstperson_lefthand": {
			"rotation": [18, 12, 1],
			"translation": [2.75, 8.25, 1.75],
			"scale": [0.8, 0.8, 0.8]
		},
		"ground": {
			"rotation": [-14, 0, 0],
			"translation": [0, 8.5, 0],
			"scale": [0.5, 0.5, 0.5]
		},
		"gui": {
			"rotation": [90, -108, 90],
			"translation": [0.25, 6.5, -0.25],
			"scale": [0.62, 0.62, 0.62]
		},
		"head": {
			"rotation": [-90, -55, -88],
			"translation": [9.5, -2.25, 4.25],
			"scale": [1.3, 1.3, 1.3]
		},
		"fixed": {
			"rotation": [-90, 72, 90],
			"translation": [0.25, 8.25, -0.25],
			"scale": [0.75, 0.75, 0.75]
		}
	},
	"groups": [
		{
			"name": "group",
			"origin": [8, 3, 8.5],
			"color": 0,
			"children": [0, 1, 2, 3, 4, 5, 6, 7, 8, 9, 10, 11, 12, 13, 14, 15, 16, 17, 18, 19, 20, 21, 22, 23, 24, 25]
		}
	]
}