{
	"credit": "Made with Blockbench",
	"texture_size": [64, 64],
	"textures": {
		"3": "valentines/tools/heart_sword"
	},
	"elements": [
		{
			"from": [6.5, -4, 6.5],
			"to": [9.5, 6, 9.5],
			"rotation": {"angle": 0, "axis": "y", "origin": [7.5, 7, 6.5]},
			"faces": {
				"north": {"uv": [1.5, 4.75, 2.25, 7.25], "texture": "#3"},
				"east": {"uv": [2.5, 4.75, 3.25, 7.25], "texture": "#3"},
				"south": {"uv": [5, 0, 5.75, 2.5], "texture": "#3"},
				"west": {"uv": [5, 2.75, 5.75, 5.25], "texture": "#3"},
				"up": {"uv": [2.25, 9.5, 1.5, 8.75], "texture": "#3"},
				"down": {"uv": [8.25, 8.75, 7.5, 9.5], "texture": "#3"}
			}
		},
		{
			"from": [6.5, 6, 3.5],
			"to": [9.5, 8, 12.5],
			"rotation": {"angle": 0, "axis": "y", "origin": [7.5, 7, 6.5]},
			"faces": {
				"north": {"uv": [3.75, 9.5, 4.5, 10], "texture": "#3"},
				"east": {"uv": [5.5, 5.5, 7.75, 6], "texture": "#3"},
				"south": {"uv": [9.5, 5.75, 10.25, 6.25], "texture": "#3"},
				"west": {"uv": [6, 0, 8.25, 0.5], "texture": "#3"},
				"up": {"uv": [4.25, 7.75, 3.5, 5.5], "texture": "#3"},
				"down": {"uv": [5.25, 5.5, 4.5, 7.75], "texture": "#3"}
			}
		},
		{
			"from": [7.5, 8, 5],
			"to": [8.5, 26, 11],
			"rotation": {"angle": 0, "axis": "y", "origin": [6.5, 7, 7]},
			"faces": {
				"north": {"uv": [6, 0.75, 6.25, 5.25], "texture": "#3"},
				"east": {"uv": [0, 0, 1.5, 4.5], "texture": "#3"},
				"south": {"uv": [5.5, 6.25, 5.75, 10.75], "texture": "#3"},
				"west": {"uv": [1.75, 0, 3.25, 4.5], "texture": "#3"},
				"up": {"uv": [5, 9.5, 4.75, 8], "texture": "#3"},
				"down": {"uv": [6.25, 9.5, 6, 11], "texture": "#3"}
			}
		},
		{
			"from": [8, 8, 5.5],
			"to": [8, 29, 10.5],
			"rotation": {"angle": 0, "axis": "y", "origin": [6.5, 7, 6.5]},
			"faces": {
				"north": {"uv": [5.25, 8, 5.25, 13.25], "texture": "#3"},
				"east": {"uv": [3.5, 0, 4.75, 5.25], "texture": "#3"},
				"south": {"uv": [2.5, 10.25, 2.5, 15.5], "texture": "#3"},
				"west": {"uv": [0, 4.75, 1.25, 10], "texture": "#3"},
				"up": {"uv": [2.75, 11.5, 2.75, 10.25], "texture": "#3"},
				"down": {"uv": [3, 10.25, 3, 11.5], "texture": "#3"}
			}
		},
		{
			"from": [9.5, 4.5, 6.24454],
			"to": [10.5, 7.5, 11.24454],
			"rotation": {"angle": 45, "axis": "x", "origin": [10, 6.5, 9.94454]},
			"faces": {
				"north": {"uv": [0, 10.25, 0.25, 11], "texture": "#3"},
				"east": {"uv": [6.5, 4.5, 7.75, 5.25], "texture": "#3"},
				"south": {"uv": [10.25, 0, 10.5, 0.75], "texture": "#3"},
				"west": {"uv": [7.75, 3.25, 9, 4], "texture": "#3"},
				"up": {"uv": [5, 11, 4.75, 9.75], "texture": "#3"},
				"down": {"uv": [10.25, 7.25, 10, 8.5], "texture": "#3"}
			}
		},
		{
			"from": [9.5, 2.5, 6.24454],
			"to": [10.5, 4.5, 9.24454],
			"rotation": {"angle": 45, "axis": "x", "origin": [10, 6.5, 9.94454]},
			"faces": {
				"north": {"uv": [9.75, 8.75, 10, 9.25], "texture": "#3"},
				"east": {"uv": [6.5, 9.5, 7.25, 10], "texture": "#3"},
				"south": {"uv": [10.25, 1, 10.5, 1.5], "texture": "#3"},
				"west": {"uv": [9.5, 6.5, 10.25, 7], "texture": "#3"},
				"up": {"uv": [0.75, 11, 0.5, 10.25], "texture": "#3"},
				"down": {"uv": [1.25, 10.25, 1, 11], "texture": "#3"}
			}
		},
		{
			"from": [6.501, 4.52613, 11.06166],
			"to": [9.499, 6.52413, 16.05966],
			"rotation": {"angle": 45, "axis": "x", "origin": [8, 5.52513, 13.56066]},
			"faces": {
				"north": {"uv": [8.5, 9.5, 9.25, 10], "texture": "#3"},
				"east": {"uv": [8.5, 0, 9.75, 0.5], "texture": "#3"},
				"south": {"uv": [9.5, 9.5, 10.25, 10], "texture": "#3"},
				"west": {"uv": [8.5, 7.25, 9.75, 7.75], "texture": "#3"},
				"up": {"uv": [3.5, 9.25, 2.75, 8], "texture": "#3"},
				"down": {"uv": [4.5, 8, 3.75, 9.25], "texture": "#3"}
			}
		},
		{
			"from": [6.501, 4.52613, -0.05966],
			"to": [9.499, 6.52413, 4.93834],
			"rotation": {"angle": -45, "axis": "x", "origin": [8, 5.52513, 2.43934]},
			"faces": {
				"north": {"uv": [1.5, 9.75, 2.25, 10.25], "texture": "#3"},
				"east": {"uv": [8.5, 8, 9.75, 8.5], "texture": "#3"},
				"south": {"uv": [7.5, 9.75, 8.25, 10.25], "texture": "#3"},
				"west": {"uv": [6, 8.75, 7.25, 9.25], "texture": "#3"},
				"up": {"uv": [8.75, 5.5, 8, 4.25], "texture": "#3"},
				"down": {"uv": [9.25, 5.75, 8.5, 7], "texture": "#3"}
			}
		},
		{
			"from": [6, 3, 6],
			"to": [10, 5, 10],
			"rotation": {"angle": 0, "axis": "y", "origin": [8, 7, 6]},
			"faces": {
				"north": {"uv": [8.5, 8.75, 9.5, 9.25], "texture": "#3"},
				"east": {"uv": [9, 0.75, 10, 1.25], "texture": "#3"},
				"south": {"uv": [9, 1.5, 10, 2], "texture": "#3"},
				"west": {"uv": [9, 2.25, 10, 2.75], "texture": "#3"},
				"up": {"uv": [7, 7.25, 6, 6.25], "texture": "#3"},
				"down": {"uv": [7.5, 0.75, 6.5, 1.75], "texture": "#3"}
			}
		},
		{
			"from": [6, -1, 6],
			"to": [10, 1, 10],
			"rotation": {"angle": 0, "axis": "y", "origin": [8, 7, 6]},
			"faces": {
				"north": {"uv": [9, 4.25, 10, 4.75], "texture": "#3"},
				"east": {"uv": [9, 5, 10, 5.5], "texture": "#3"},
				"south": {"uv": [9.25, 3, 10.25, 3.5], "texture": "#3"},
				"west": {"uv": [2.5, 9.5, 3.5, 10], "texture": "#3"},
				"up": {"uv": [7.5, 3, 6.5, 2], "texture": "#3"},
				"down": {"uv": [7.5, 3.25, 6.5, 4.25], "texture": "#3"}
			}
		},
		{
			"from": [6, -6.1, 6.66569],
			"to": [10, -2.1, 10.66569],
			"rotation": {"angle": -45, "axis": "x", "origin": [7.6, -5, 8.56569]},
			"faces": {
				"north": {"uv": [7.25, 6.25, 8.25, 7.25], "texture": "#3"},
				"east": {"uv": [1.5, 7.5, 2.5, 8.5], "texture": "#3"},
				"south": {"uv": [6, 7.5, 7, 8.5], "texture": "#3"},
				"west": {"uv": [7.25, 7.5, 8.25, 8.5], "texture": "#3"},
				"up": {"uv": [8.75, 1.75, 7.75, 0.75], "texture": "#3"},
				"down": {"uv": [8.75, 2, 7.75, 3], "texture": "#3"}
			}
		},
		{
			"from": [9, 7, 4],
			"to": [9, 26, 12],
			"faces": {
				"north": {"uv": [0, 0, 0, 4.75], "texture": "#3"},
				"east": {"uv": [2.25, 10, 4.25, 14.75], "texture": "#3"},
				"south": {"uv": [0, 0, 0, 4.75], "texture": "#3"},
				"west": {"uv": [4.25, 10, 2.25, 14.75], "texture": "#3"},
				"up": {"uv": [0, 2, 0, 0], "texture": "#3"},
				"down": {"uv": [0, 0, 0, 2], "texture": "#3"}
			}
		}
	],
	"gui_light": "front",
	"display": {
		"thirdperson_righthand": {
			"rotation": [0, -180, 0],
			"translation": [0, 2.75, 0.75],
			"scale": [0.67, 0.67, 0.67]
		},
		"thirdperson_lefthand": {
			"translation": [0, 2.75, 0.75],
			"scale": [0.67, 0.67, 0.67]
		},
		"firstperson_righthand": {
			"rotation": [0, 180, 0],
			"translation": [8.75, -0.5, -5.25],
			"scale": [0.75, 0.75, 0.75]
		},
		"firstperson_lefthand": {
			"translation": [8.75, -0.5, -5.25],
			"scale": [0.75, 0.75, 0.75]
		},
		"ground": {
			"rotation": [-45, 0, 0],
			"translation": [0, 7, 0],
			"scale": [0.7, 0.7, 0.7]
		},
		"gui": {
			"rotation": [90, -135, 90],
			"translation": [-1, -1.5, 1.5],
			"scale": [0.54, 0.54, 0.54]
		},
		"head": {
			"rotation": [90, -38, -90],
			"translation": [-1.75, -13.25, 4.25],
			"scale": [0.88, 0.88, 0.88]
		},
		"fixed": {
			"rotation": [-90, 45, 90],
			"translation": [1.5, -1.5, -0.25],
			"scale": [0.69, 0.69, 0.69]
		}
	},
	"groups": [
		{
			"name": "group",
			"origin": [7.6, -5, 8.56569],
			"color": 0,
			"children": [0, 1, 2, 3, 4, 5, 6, 7, 8, 9, 10, 11]
		}
	]
}