{
	"credit": "Made with Blockbench",
	"texture_size": [64, 64],
	"textures": {
		"2": "valentines/tools/rose_hoe"
	},
	"elements": [
		{
			"from": [6.5, 17.96447, 6],
			"to": [9.5, 21.96447, 10],
			"rotation": {"angle": 0, "axis": "y", "origin": [8.7, -5.53553, 8.5]},
			"faces": {
				"north": {"uv": [10.5, 3, 11.25, 4], "texture": "#2"},
				"east": {"uv": [8.25, 0, 9.25, 1], "texture": "#2"},
				"south": {"uv": [10.5, 9.5, 11.25, 10.5], "texture": "#2"},
				"west": {"uv": [8.25, 1.25, 9.25, 2.25], "texture": "#2"},
				"up": {"uv": [11.25, 11.75, 10.5, 10.75], "texture": "#2"},
				"down": {"uv": [2.75, 11.25, 2, 12.25], "texture": "#2"}
			}
		},
		{
			"from": [5.7, 17.96447, 5],
			"to": [5.7, 22.96447, 11],
			"rotation": {"angle": 22.5, "axis": "z", "origin": [5, 19.96447, 8]},
			"faces": {
				"north": {"uv": [9.75, 11.25, 9.75, 12.5], "texture": "#2"},
				"east": {"uv": [2, 5.5, 3.5, 6.75], "texture": "#2"},
				"south": {"uv": [10, 11.25, 10, 12.5], "texture": "#2"},
				"west": {"uv": [5.5, 6, 7, 7.25], "texture": "#2"},
				"up": {"uv": [10.25, 12.75, 10.25, 11.25], "texture": "#2"},
				"down": {"uv": [0, 11.5, 0, 13], "texture": "#2"}
			}
		},
		{
			"from": [10.3, 17.96447, 5],
			"to": [10.3, 22.96447, 11],
			"rotation": {"angle": -22.5, "axis": "z", "origin": [11, 19.96447, 8]},
			"faces": {
				"north": {"uv": [11.5, 0, 11.5, 1.25], "texture": "#2"},
				"east": {"uv": [6.5, 0, 8, 1.25], "texture": "#2"},
				"south": {"uv": [0.25, 11.5, 0.25, 12.75], "texture": "#2"},
				"west": {"uv": [6.5, 1.5, 8, 2.75], "texture": "#2"},
				"up": {"uv": [0.5, 13, 0.5, 11.5], "texture": "#2"},
				"down": {"uv": [0.75, 11.5, 0.75, 13], "texture": "#2"}
			}
		},
		{
			"from": [5, 18.19428, 10.8],
			"to": [11, 23.19428, 10.8],
			"rotation": {"angle": 22.5, "axis": "x", "origin": [8, 20.69428, 11]},
			"faces": {
				"north": {"uv": [6.5, 3, 8, 4.25], "texture": "#2"},
				"east": {"uv": [1, 11.5, 1, 12.75], "texture": "#2"},
				"south": {"uv": [6.5, 4.5, 8, 5.75], "texture": "#2"},
				"west": {"uv": [1.25, 11.5, 1.25, 12.75], "texture": "#2"},
				"up": {"uv": [13, 1.5, 11.5, 1.5], "texture": "#2"},
				"down": {"uv": [13, 1.75, 11.5, 1.75], "texture": "#2"}
			}
		},
		{
			"from": [5, 18.19428, 5.2],
			"to": [11, 23.19428, 5.2],
			"rotation": {"angle": -22.5, "axis": "x", "origin": [8, 20.69428, 5]},
			"faces": {
				"north": {"uv": [2, 7, 3.5, 8.25], "texture": "#2"},
				"east": {"uv": [1.5, 11.5, 1.5, 12.75], "texture": "#2"},
				"south": {"uv": [7.25, 6, 8.75, 7.25], "texture": "#2"},
				"west": {"uv": [1.75, 11.5, 1.75, 12.75], "texture": "#2"},
				"up": {"uv": [13, 2, 11.5, 2], "texture": "#2"},
				"down": {"uv": [13, 2.25, 11.5, 2.25], "texture": "#2"}
			}
		},
		{
			"from": [6.4, 19.19428, 6.2],
			"to": [9.4, 24.19428, 6.2],
			"rotation": {"angle": -22.5, "axis": "x", "origin": [8, 20.69428, 5]},
			"faces": {
				"north": {"uv": [4.5, 8.75, 5.25, 10], "texture": "#2"},
				"east": {"uv": [11.5, 2.5, 11.5, 3.75], "texture": "#2"},
				"south": {"uv": [9.5, 0, 10.25, 1.25], "texture": "#2"},
				"west": {"uv": [11.5, 9.5, 11.5, 10.75], "texture": "#2"},
				"up": {"uv": [12.25, 4, 11.5, 4], "texture": "#2"},
				"down": {"uv": [12.25, 11, 11.5, 11], "texture": "#2"}
			}
		},
		{
			"from": [6.5, 19.19428, 9.8],
			"to": [9.5, 24.19428, 9.8],
			"rotation": {"angle": 22.5, "axis": "x", "origin": [8.1, 20.69428, 11]},
			"faces": {
				"north": {"uv": [9.5, 1.5, 10.25, 2.75], "texture": "#2"},
				"east": {"uv": [11.5, 11.25, 11.5, 12.5], "texture": "#2"},
				"south": {"uv": [9.5, 3, 10.25, 4.25], "texture": "#2"},
				"west": {"uv": [11.75, 0, 11.75, 1.25], "texture": "#2"},
				"up": {"uv": [12.5, 2.5, 11.75, 2.5], "texture": "#2"},
				"down": {"uv": [12.5, 2.75, 11.75, 2.75], "texture": "#2"}
			}
		},
		{
			"from": [7.3, 20.19428, 6.4],
			"to": [7.3, 25.19428, 9.4],
			"rotation": {"angle": 22.5, "axis": "z", "origin": [8.1, 20.69428, 11]},
			"faces": {
				"north": {"uv": [4, 11.75, 4, 13], "texture": "#2"},
				"east": {"uv": [2, 9.75, 2.75, 11], "texture": "#2"},
				"south": {"uv": [4.25, 11.75, 4.25, 13], "texture": "#2"},
				"west": {"uv": [3, 9.75, 3.75, 11], "texture": "#2"},
				"up": {"uv": [11.75, 3.75, 11.75, 3], "texture": "#2"},
				"down": {"uv": [4.5, 11.75, 4.5, 12.5], "texture": "#2"}
			}
		},
		{
			"from": [8.7, 20.19428, 6.4],
			"to": [8.7, 25.19428, 9.4],
			"rotation": {"angle": -22.5, "axis": "z", "origin": [7.9, 20.69428, 11]},
			"faces": {
				"north": {"uv": [4.75, 11.75, 4.75, 13], "texture": "#2"},
				"east": {"uv": [5.5, 9.75, 6.25, 11], "texture": "#2"},
				"south": {"uv": [11.75, 9.5, 11.75, 10.75], "texture": "#2"},
				"west": {"uv": [6.5, 9.75, 7.25, 11], "texture": "#2"},
				"up": {"uv": [11.75, 12, 11.75, 11.25], "texture": "#2"},
				"down": {"uv": [12, 0, 12, 0.75], "texture": "#2"}
			}
		},
		{
			"from": [8.4, 20.19428, 8.2],
			"to": [8.4, 25.19428, 11.2],
			"rotation": {"angle": 45, "axis": "y", "origin": [7.9, 20.69428, 11]},
			"faces": {
				"north": {"uv": [5, 12, 5, 13.25], "texture": "#2"},
				"east": {"uv": [7.5, 9.75, 8.25, 11], "texture": "#2"},
				"south": {"uv": [5.25, 12, 5.25, 13.25], "texture": "#2"},
				"west": {"uv": [8.5, 9.75, 9.25, 11], "texture": "#2"},
				"up": {"uv": [12, 3.75, 12, 3], "texture": "#2"},
				"down": {"uv": [5.5, 12, 5.5, 12.75], "texture": "#2"}
			}
		},
		{
			"from": [8.4, 20.19428, 4.8],
			"to": [8.4, 25.19428, 7.8],
			"rotation": {"angle": -45, "axis": "y", "origin": [7.9, 20.69428, 5]},
			"faces": {
				"north": {"uv": [5.75, 12, 5.75, 13.25], "texture": "#2"},
				"east": {"uv": [9.5, 9.75, 10.25, 11], "texture": "#2"},
				"south": {"uv": [6, 12, 6, 13.25], "texture": "#2"},
				"west": {"uv": [4, 10.25, 4.75, 11.5], "texture": "#2"},
				"up": {"uv": [6.25, 12.75, 6.25, 12], "texture": "#2"},
				"down": {"uv": [6.5, 12, 6.5, 12.75], "texture": "#2"}
			}
		},
		{
			"from": [7.6, 20.19428, 4.8],
			"to": [7.6, 25.19428, 7.8],
			"rotation": {"angle": 45, "axis": "y", "origin": [8.1, 20.69428, 5]},
			"faces": {
				"north": {"uv": [6.75, 12, 6.75, 13.25], "texture": "#2"},
				"east": {"uv": [10.25, 4.5, 11, 5.75], "texture": "#2"},
				"south": {"uv": [7, 12, 7, 13.25], "texture": "#2"},
				"west": {"uv": [10.25, 6, 11, 7.25], "texture": "#2"},
				"up": {"uv": [7.25, 12.75, 7.25, 12], "texture": "#2"},
				"down": {"uv": [7.5, 12, 7.5, 12.75], "texture": "#2"}
			}
		},
		{
			"from": [7.6, 20.19428, 8.2],
			"to": [7.6, 25.19428, 11.2],
			"rotation": {"angle": -45, "axis": "y", "origin": [8.1, 20.69428, 11]},
			"faces": {
				"north": {"uv": [7.75, 12, 7.75, 13.25], "texture": "#2"},
				"east": {"uv": [10.5, 0, 11.25, 1.25], "texture": "#2"},
				"south": {"uv": [8, 12, 8, 13.25], "texture": "#2"},
				"west": {"uv": [10.5, 1.5, 11.25, 2.75], "texture": "#2"},
				"up": {"uv": [8.25, 12.75, 8.25, 12], "texture": "#2"},
				"down": {"uv": [8.5, 12, 8.5, 12.75], "texture": "#2"}
			}
		},
		{
			"from": [6, -3.03553, 6],
			"to": [10, -1.03553, 10],
			"rotation": {"angle": 0, "axis": "y", "origin": [8, -5.53553, 8.5]},
			"faces": {
				"north": {"uv": [11.25, 5, 12.25, 5.5], "texture": "#2"},
				"east": {"uv": [11.25, 5.75, 12.25, 6.25], "texture": "#2"},
				"south": {"uv": [11.25, 6.5, 12.25, 7], "texture": "#2"},
				"west": {"uv": [6.75, 11.25, 7.75, 11.75], "texture": "#2"},
				"up": {"uv": [9.25, 3.5, 8.25, 2.5], "texture": "#2"},
				"down": {"uv": [9.25, 3.75, 8.25, 4.75], "texture": "#2"}
			}
		},
		{
			"from": [6, 14.96447, 6],
			"to": [10, 16.96447, 10],
			"rotation": {"angle": 0, "axis": "y", "origin": [8, -5.53553, 8.5]},
			"faces": {
				"north": {"uv": [11.25, 7.25, 12.25, 7.75], "texture": "#2"},
				"east": {"uv": [8, 11.25, 9, 11.75], "texture": "#2"},
				"south": {"uv": [11.25, 8, 12.25, 8.5], "texture": "#2"},
				"west": {"uv": [11.25, 8.75, 12.25, 9.25], "texture": "#2"},
				"up": {"uv": [3, 9.5, 2, 8.5], "texture": "#2"},
				"down": {"uv": [4.25, 8.5, 3.25, 9.5], "texture": "#2"}
			}
		},
		{
			"from": [6.7, 16.86447, -0.5],
			"to": [8.7, 19.86447, 6.5],
			"rotation": {"angle": 22.5, "axis": "x", "origin": [7.9, 16.46447, 4]},
			"faces": {
				"north": {"uv": [3.75, 7.5, 4.25, 8.25], "texture": "#2"},
				"east": {"uv": [5.5, 7.5, 7.25, 8.25], "texture": "#2"},
				"south": {"uv": [8.25, 5, 8.75, 5.75], "texture": "#2"},
				"west": {"uv": [7.5, 7.5, 9.25, 8.25], "texture": "#2"},
				"up": {"uv": [4.25, 7.25, 3.75, 5.5], "texture": "#2"},
				"down": {"uv": [11, 7.5, 10.5, 9.25], "texture": "#2"}
			}
		},
		{
			"from": [7.2, 18.01594, -4.31618],
			"to": [8.2, 20.01594, 1.68382],
			"rotation": {"angle": -22.5, "axis": "x", "origin": [7.4, 20.51594, -0.81618]},
			"faces": {
				"north": {"uv": [5, 1.75, 5.25, 2.25], "texture": "#2"},
				"east": {"uv": [11.25, 4.25, 12.75, 4.75], "texture": "#2"},
				"south": {"uv": [5, 10.25, 5.25, 10.75], "texture": "#2"},
				"west": {"uv": [5, 11.25, 6.5, 11.75], "texture": "#2"},
				"up": {"uv": [5.25, 1.5, 5, 0], "texture": "#2"},
				"down": {"uv": [9.5, 11.25, 9.25, 12.75], "texture": "#2"}
			}
		},
		{
			"from": [6.5, -5.03553, 6.5],
			"to": [9.5, 17.96447, 9.5],
			"rotation": {"angle": 0, "axis": "y", "origin": [8.5, -5.53553, 8]},
			"faces": {
				"north": {"uv": [4.5, 2.75, 5.25, 8.5], "texture": "#2"},
				"east": {"uv": [0, 5.5, 0.75, 11.25], "texture": "#2"},
				"south": {"uv": [5.5, 0, 6.25, 5.75], "texture": "#2"},
				"west": {"uv": [1, 5.5, 1.75, 11.25], "texture": "#2"},
				"up": {"uv": [10.25, 8.25, 9.5, 7.5], "texture": "#2"},
				"down": {"uv": [3.75, 11.25, 3, 12], "texture": "#2"}
			}
		},
		{
			"from": [6.2, -0.03553, 5.4],
			"to": [6.2, 9.96447, 13.4],
			"rotation": {"angle": -22.5, "axis": "y", "origin": [2.5, 9.96447, 7.9]},
			"faces": {
				"north": {"uv": [8.75, 12, 8.75, 14.5], "texture": "#2"},
				"east": {"uv": [0, 2.75, 2, 5.25], "texture": "#2"},
				"south": {"uv": [9, 12, 9, 14.5], "texture": "#2"},
				"west": {"uv": [2.25, 2.75, 4.25, 5.25], "texture": "#2"},
				"up": {"uv": [10.5, 14, 10.5, 12], "texture": "#2"},
				"down": {"uv": [10.75, 12, 10.75, 14], "texture": "#2"}
			}
		},
		{
			"from": [9.37868, 3.96447, 6.93553],
			"to": [18.37868, 13.96447, 6.93553],
			"rotation": {"angle": 45, "axis": "y", "origin": [11.87868, 12.96447, 9.93553]},
			"faces": {
				"north": {"uv": [0, 0, 2.25, 2.5], "texture": "#2"},
				"east": {"uv": [11, 12, 11, 14.5], "texture": "#2"},
				"south": {"uv": [2.5, 0, 4.75, 2.5], "texture": "#2"},
				"west": {"uv": [11.25, 12, 11.25, 14.5], "texture": "#2"},
				"up": {"uv": [14.25, 1, 12, 1], "texture": "#2"},
				"down": {"uv": [14.25, 1.25, 12, 1.25], "texture": "#2"}
			}
		},
		{
			"from": [6, -7, 9],
			"to": [10, -3, 13],
			"rotation": {"angle": 45, "axis": "x", "origin": [8, -2, 8]},
			"faces": {
				"north": {"uv": [5.5, 8.5, 6.5, 9.5], "texture": "#2"},
				"east": {"uv": [6.75, 8.5, 7.75, 9.5], "texture": "#2"},
				"south": {"uv": [8, 8.5, 9, 9.5], "texture": "#2"},
				"west": {"uv": [9, 5, 10, 6], "texture": "#2"},
				"up": {"uv": [10, 7.25, 9, 6.25], "texture": "#2"},
				"down": {"uv": [10.25, 8.5, 9.25, 9.5], "texture": "#2"}
			}
		},
		{
			"from": [5.5, 0, 1.9],
			"to": [5.5, 19, 13.9],
			"faces": {
				"north": {"uv": [0, 0, 0, 4.75], "texture": "#2"},
				"east": {"uv": [12.25, 10, 15.25, 14.75], "texture": "#2"},
				"south": {"uv": [0, 0, 0, 4.75], "texture": "#2"},
				"west": {"uv": [15.25, 10, 12.25, 14.75], "texture": "#2"},
				"up": {"uv": [0, 0, 0, 3], "texture": "#2"},
				"down": {"uv": [0, 0, 0, 3], "texture": "#2"}
			}
		}
	],
	"gui_light": "front",
	"display": {
		"thirdperson_righthand": {
			"translation": [0.25, 1.75, 0.25],
			"scale": [0.6, 0.6, 0.6]
		},
		"thirdperson_lefthand": {
			"translation": [0.25, 1.75, 0.25],
			"scale": [0.6, 0.6, 0.6]
		},
		"firstperson_righthand": {
			"translation": [7, -0.5, -3.75],
			"scale": [0.71, 0.71, 0.71]
		},
		"firstperson_lefthand": {
			"translation": [7, -0.5, -3.75],
			"scale": [0.71, 0.71, 0.71]
		},
		"ground": {
			"rotation": [-45, 0, 0],
			"translation": [0, 7, 0],
			"scale": [0.7, 0.7, 0.7]
		},
		"gui": {
			"rotation": [90, -135, 90],
			"translation": [-0.75, -0.5, 1.5],
			"scale": [0.53, 0.53, 0.53]
		},
		"head": {
			"rotation": [90, -38, -90],
			"translation": [-1, -15.75, 4.25],
			"scale": [0.88, 0.88, 0.88]
		},
		"fixed": {
			"rotation": [-90, 45, 90],
			"translation": [0.75, 0, -0.25],
			"scale": [0.67, 0.67, 0.67]
		}
	},
	"groups": [
		{
			"name": "group",
			"origin": [8.1, 20.69428, 11],
			"color": 0,
			"children": [
				{
					"name": "group",
					"origin": [8.1, 20.69428, 11],
					"color": 3,
					"children": [0, 1, 2, 3, 4, 5, 6, 7, 8, 9, 10, 11, 12]
				},
				13,
				14,
				15,
				16,
				17,
				18,
				19,
				20,
				21
			]
		}
	]
}