{
	"credit": "Made with Blockbench",
	"texture_size": [32, 32],
	"textures": {
		"1": "valentines/tools/332",
		"5": "valentines/tools/valentines_bow_black"
	},
	"elements": [
		{
			"from": [6.002, 8.48975, 5.16993],
			"to": [7.998, 16.48575, 7.16593],
			"rotation": {"angle": 0, "axis": "y", "origin": [10.15541, 11.4387, 4.59484]},
			"faces": {
				"north": {"uv": [3, 1, 4, 5], "texture": "#5"},
				"east": {"uv": [4, 1, 5, 5], "texture": "#5"},
				"south": {"uv": [5, 1, 6, 5], "texture": "#5"},
				"west": {"uv": [3, 5, 4, 9], "texture": "#5"},
				"up": {"uv": [8.5, 3.5, 7.5, 2.5], "texture": "#5"},
				"down": {"uv": [12, 7.5, 11, 8.5], "texture": "#5"}
			}
		},
		{
			"from": [7, 4.37073, 14.07382],
			"to": [7, 29.92073, 14.32382],
			"rotation": {"angle": -45, "axis": "x", "origin": [7, 29.92073, 14.19882]},
			"faces": {
				"north": {"uv": [0, 0, 0, 9.5], "texture": "#5"},
				"east": {"uv": [2, 1, 2.5, 10.5], "texture": "#5"},
				"south": {"uv": [0, 0, 0, 9.5], "texture": "#5"},
				"west": {"uv": [2.5, 1, 3, 10.5], "texture": "#5"},
				"up": {"uv": [0, 0.5, 0, 0], "texture": "#5"},
				"down": {"uv": [0, 0, 0, 0.5], "texture": "#5"}
			}
		},
		{
			"from": [7, -6.13938, 14.07382],
			"to": [7, 19.41062, 14.32382],
			"rotation": {"angle": 45, "axis": "x", "origin": [7, -6.13938, 14.19882]},
			"faces": {
				"north": {"uv": [0, 0, 0, 10], "texture": "#5"},
				"east": {"uv": [1, 1, 1.5, 11], "texture": "#5"},
				"south": {"uv": [0, 0, 0, 10], "texture": "#5"},
				"west": {"uv": [1.5, 1, 2, 11], "texture": "#5"},
				"up": {"uv": [0, 0.5, 0, 0], "texture": "#5"},
				"down": {"uv": [0, 0, 0, 0.5], "texture": "#5"}
			}
		},
		{
			"from": [7.075, 23.63938, 11.06269],
			"to": [7.075, 28.63938, 17.06269],
			"rotation": {"angle": -45, "axis": "x", "origin": [10.15541, 11.4387, 21.84484]},
			"faces": {
				"north": {"uv": [0, 0, 0, 5], "texture": "#1"},
				"east": {"uv": [4, 5, 10, 10], "texture": "#1"},
				"south": {"uv": [0, 0, 0, 5], "texture": "#1"},
				"west": {"uv": [10, 5, 4, 10], "texture": "#1"},
				"up": {"uv": [0, 0, 0, 12], "texture": "#1"},
				"down": {"uv": [0, 12, 0, 0], "texture": "#1"}
			}
		},
		{
			"from": [7.075, 8.53261, 25.02741],
			"to": [7.075, 9.53261, 28.02741],
			"rotation": {"angle": -45, "axis": "x", "origin": [10.15541, 11.4387, 21.84484]},
			"faces": {
				"north": {"uv": [0, 0, 0, 0.5], "texture": "#5"},
				"east": {"uv": [12, 11, 13.5, 11.5], "texture": "#5"},
				"south": {"uv": [0, 0, 0, 0.5], "texture": "#5"},
				"west": {"uv": [12.5, 5, 14, 5.5], "texture": "#5"},
				"up": {"uv": [0, 1.5, 0, 0], "texture": "#5"},
				"down": {"uv": [0, 0, 0, 1.5], "texture": "#5"}
			}
		},
		{
			"from": [6.575, 11.48775, 7.41793],
			"to": [7.575, 12.48775, 31.41793],
			"rotation": {"angle": 0, "axis": "y", "origin": [10.15541, 11.4387, 21.84484]},
			"faces": {
				"north": {"uv": [11.5, 7, 12, 7.5], "texture": "#5"},
				"east": {"uv": [0, 0.5, 12, 1], "rotation": 180, "texture": "#5"},
				"south": {"uv": [6.5, 13.5, 7, 14], "texture": "#5"},
				"west": {"uv": [0, 0.5, 12, 1], "texture": "#5"},
				"up": {"uv": [0, 0.5, 12, 1], "rotation": 90, "texture": "#5"},
				"down": {"uv": [1, 1, 0.5, 13], "texture": "#5"}
			}
		},
		{
			"from": [7.075, 14.12127, 24.25092],
			"to": [7.075, 15.12127, 27.25092],
			"rotation": {"angle": 45, "axis": "x", "origin": [10.15541, 11.4387, 21.84484]},
			"faces": {
				"north": {"uv": [0, 0, 0, 0.5], "texture": "#5"},
				"east": {"uv": [12.5, 5.5, 14, 6], "texture": "#5"},
				"south": {"uv": [0, 0, 0, 0.5], "texture": "#5"},
				"west": {"uv": [12.5, 6, 14, 6.5], "texture": "#5"},
				"up": {"uv": [0, 1.5, 0, 0], "texture": "#5"},
				"down": {"uv": [0, 0, 0, 1.5], "texture": "#5"}
			}
		},
		{
			"from": [7.075, 7.1184, 26.44162],
			"to": [7.075, 8.1184, 29.44162],
			"rotation": {"angle": -45, "axis": "x", "origin": [10.15541, 11.4387, 21.84484]},
			"faces": {
				"north": {"uv": [0, 0, 0, 0.5], "texture": "#5"},
				"east": {"uv": [12.5, 6.5, 14, 7], "texture": "#5"},
				"south": {"uv": [0, 0, 0, 0.5], "texture": "#5"},
				"west": {"uv": [12.5, 7, 14, 7.5], "texture": "#5"},
				"up": {"uv": [0, 1.5, 0, 0], "texture": "#5"},
				"down": {"uv": [0, 0, 0, 1.5], "texture": "#5"}
			}
		},
		{
			"from": [7.075, 15.53548, 25.66514],
			"to": [7.075, 16.53548, 28.66514],
			"rotation": {"angle": 45, "axis": "x", "origin": [10.15541, 11.4387, 21.84484]},
			"faces": {
				"north": {"uv": [0, 0, 0, 0.5], "texture": "#5"},
				"east": {"uv": [12.5, 7.5, 14, 8], "texture": "#5"},
				"south": {"uv": [0, 0, 0, 0.5], "texture": "#5"},
				"west": {"uv": [12.5, 8, 14, 8.5], "texture": "#5"},
				"up": {"uv": [0, 1.5, 0, 0], "texture": "#5"},
				"down": {"uv": [0, 0, 0, 1.5], "texture": "#5"}
			}
		},
		{
			"from": [7.075, 5.70419, 27.85583],
			"to": [7.075, 6.70419, 30.85583],
			"rotation": {"angle": -45, "axis": "x", "origin": [10.15541, 11.4387, 21.84484]},
			"faces": {
				"north": {"uv": [0, 0, 0, 0.5], "texture": "#5"},
				"east": {"uv": [12.5, 8.5, 14, 9], "texture": "#5"},
				"south": {"uv": [0, 0, 0, 0.5], "texture": "#5"},
				"west": {"uv": [12.5, 9, 14, 9.5], "texture": "#5"},
				"up": {"uv": [0, 1.5, 0, 0], "texture": "#5"},
				"down": {"uv": [0, 0, 0, 1.5], "texture": "#5"}
			}
		},
		{
			"from": [7.075, 16.94969, 27.07935],
			"to": [7.075, 17.94969, 30.07935],
			"rotation": {"angle": 45, "axis": "x", "origin": [10.15541, 11.4387, 21.84484]},
			"faces": {
				"north": {"uv": [0, 0, 0, 0.5], "texture": "#5"},
				"east": {"uv": [12.5, 9.5, 14, 10], "texture": "#5"},
				"south": {"uv": [0, 0, 0, 0.5], "texture": "#5"},
				"west": {"uv": [12.5, 10, 14, 10.5], "texture": "#5"},
				"up": {"uv": [0, 1.5, 0, 0], "texture": "#5"},
				"down": {"uv": [0, 0, 0, 1.5], "texture": "#5"}
			}
		},
		{
			"from": [6.574, -0.37542, 9.25424],
			"to": [7.576, 1.62658, 13.25624],
			"rotation": {"angle": 45, "axis": "x", "origin": [10.15541, 11.4387, 21.84484]},
			"faces": {
				"north": {"uv": [12, 12.5, 12.5, 13.5], "texture": "#5"},
				"east": {"uv": [9, 8, 11, 9], "texture": "#5"},
				"south": {"uv": [0, 13, 0.5, 14], "texture": "#5"},
				"west": {"uv": [9, 9, 11, 10], "texture": "#5"},
				"up": {"uv": [7.5, 13, 7, 11], "texture": "#5"},
				"down": {"uv": [11.5, 8.5, 11, 10.5], "texture": "#5"}
			}
		},
		{
			"from": [6.574, 1.62458, 9.25424],
			"to": [7.576, 3.62658, 11.25624],
			"rotation": {"angle": 45, "axis": "x", "origin": [10.15541, 11.4387, 21.84484]},
			"faces": {
				"north": {"uv": [0.5, 13, 1, 14], "texture": "#5"},
				"east": {"uv": [11, 10.5, 12, 11.5], "texture": "#5"},
				"south": {"uv": [13, 0.5, 13.5, 1.5], "texture": "#5"},
				"west": {"uv": [3.5, 11.5, 4.5, 12.5], "texture": "#5"},
				"up": {"uv": [13.5, 2.5, 13, 1.5], "texture": "#5"},
				"down": {"uv": [2.5, 13, 2, 14], "texture": "#5"}
			}
		},
		{
			"from": [6.5, 17.72741, 20],
			"to": [6.5, 22.72741, 32],
			"rotation": {"angle": -45, "axis": "x", "origin": [10.15541, 11.4387, 4.59484]},
			"faces": {
				"north": {"uv": [0, 0, 0, 5], "texture": "#1"},
				"east": {"uv": [0, 5, 12, 10], "texture": "#1"},
				"south": {"uv": [0, 0, 0, 5], "texture": "#1"},
				"west": {"uv": [12, 5, 0, 10], "texture": "#1"},
				"up": {"uv": [0, 0, 0, 12], "texture": "#1"},
				"down": {"uv": [0, 12, 0, 0], "texture": "#1"}
			}
		},
		{
			"from": [7, 0.84912, 20],
			"to": [7, 5.84912, 32],
			"rotation": {"angle": 45, "axis": "x", "origin": [10.15541, 11.4387, 4.59484]},
			"faces": {
				"north": {"uv": [0, 5, 0, 0], "texture": "#1"},
				"east": {"uv": [0, 10, 12, 5], "texture": "#1"},
				"south": {"uv": [0, 5, 0, 0], "texture": "#1"},
				"west": {"uv": [12, 10, 0, 5], "texture": "#1"},
				"up": {"uv": [0, 0, 0, 12], "texture": "#1"},
				"down": {"uv": [0, 12, 0, 0], "texture": "#1"}
			}
		},
		{
			"from": [6, 6.74091, 5.03899],
			"to": [8, 9.74091, 9.03899],
			"rotation": {"angle": 22.5, "axis": "x", "origin": [10.15541, 11.4387, 4.59484]},
			"faces": {
				"north": {"uv": [4.5, 10, 5.5, 11.5], "texture": "#5"},
				"east": {"uv": [4, 7.5, 6, 9], "texture": "#5"},
				"south": {"uv": [10, 6, 11, 7.5], "texture": "#5"},
				"west": {"uv": [6, 7.5, 4, 9], "texture": "#5"},
				"up": {"uv": [7.5, 11, 6.5, 9], "texture": "#5"},
				"down": {"uv": [10.5, 1, 9.5, 3], "texture": "#5"}
			}
		},
		{
			"from": [6.501, 3.09669, 2.29517],
			"to": [7.499, 8.09469, 5.29317],
			"rotation": {"angle": -22.5, "axis": "x", "origin": [10.15541, 11.4387, 4.59484]},
			"faces": {
				"north": {"uv": [2, 10.5, 2.5, 13], "texture": "#5"},
				"east": {"uv": [4, 5, 5.5, 7.5], "texture": "#5"},
				"south": {"uv": [2.5, 10.5, 3, 13], "texture": "#5"},
				"west": {"uv": [5.5, 5, 4, 7.5], "texture": "#5"},
				"up": {"uv": [5, 14, 4.5, 12.5], "texture": "#5"},
				"down": {"uv": [5.5, 12.5, 5, 14], "texture": "#5"}
			}
		},
		{
			"from": [7, 4.12969, 4.04469],
			"to": [7, 7.12969, 5.04469],
			"rotation": {"angle": -45, "axis": "x", "origin": [10.15541, 11.4387, 4.59484]},
			"faces": {
				"north": {"uv": [0, 0, 0, 1.5], "texture": "#5"},
				"east": {"uv": [10.5, 12.5, 11, 14], "texture": "#5"},
				"south": {"uv": [0, 0, 0, 1.5], "texture": "#5"},
				"west": {"uv": [11, 12.5, 11.5, 14], "texture": "#5"},
				"up": {"uv": [0, 0.5, 0, 0], "texture": "#5"},
				"down": {"uv": [0, 0, 0, 0.5], "texture": "#5"}
			}
		},
		{
			"from": [7, 0.12969, 3.04469],
			"to": [7, 6.12969, 4.04469],
			"rotation": {"angle": -45, "axis": "x", "origin": [10.15541, 11.4387, 4.59484]},
			"faces": {
				"north": {"uv": [0, 0, 0, 3], "texture": "#5"},
				"east": {"uv": [8, 10, 8.5, 13], "texture": "#5"},
				"south": {"uv": [0, 0, 0, 3], "texture": "#5"},
				"west": {"uv": [8.5, 10, 9, 13], "texture": "#5"},
				"up": {"uv": [0, 0.5, 0, 0], "texture": "#5"},
				"down": {"uv": [0, 0, 0, 0.5], "texture": "#5"}
			}
		},
		{
			"from": [7, 6.12969, 3.04469],
			"to": [7, 7.12969, 4.04469],
			"rotation": {"angle": -45, "axis": "x", "origin": [10.15541, 11.4387, 4.59484]},
			"faces": {
				"north": {"uv": [0, 0, 0, 0.5], "texture": "#5"},
				"east": {"uv": [13.5, 11.5, 14, 12], "texture": "#5"},
				"south": {"uv": [0, 0, 0, 0.5], "texture": "#5"},
				"west": {"uv": [12, 13.5, 12.5, 14], "texture": "#5"},
				"up": {"uv": [0, 0.5, 0, 0], "texture": "#5"},
				"down": {"uv": [0, 0, 0, 0.5], "texture": "#5"}
			}
		},
		{
			"from": [7, -1.87031, 2.04469],
			"to": [7, 6.12969, 3.04469],
			"rotation": {"angle": -45, "axis": "x", "origin": [10.15541, 11.4387, 4.59484]},
			"faces": {
				"north": {"uv": [0, 0, 0, 4], "texture": "#5"},
				"east": {"uv": [7.5, 9, 8, 13], "texture": "#5"},
				"south": {"uv": [0, 0, 0, 4], "texture": "#5"},
				"west": {"uv": [3, 10, 3.5, 14], "texture": "#5"},
				"up": {"uv": [0, 0.5, 0, 0], "texture": "#5"},
				"down": {"uv": [0, 0, 0, 0.5], "texture": "#5"}
			}
		},
		{
			"from": [6.502, -0.53486, 0.0502],
			"to": [7.498, 4.46114, 2.0462],
			"rotation": {"angle": -45, "axis": "x", "origin": [10.15541, 11.4387, 4.59484]},
			"faces": {
				"north": {"uv": [1, 11, 1.5, 13.5], "texture": "#5"},
				"east": {"uv": [8, 7.5, 9, 10], "texture": "#5"},
				"south": {"uv": [1.5, 11, 2, 13.5], "texture": "#5"},
				"west": {"uv": [8.5, 2.5, 9.5, 5], "texture": "#5"},
				"up": {"uv": [3, 14, 2.5, 13], "texture": "#5"},
				"down": {"uv": [7.5, 13, 7, 14], "texture": "#5"}
			}
		},
		{
			"from": [7, -2.87031, 0.04469],
			"to": [7, 0.12969, 2.04469],
			"rotation": {"angle": -45, "axis": "x", "origin": [10.15541, 11.4387, 4.59484]},
			"faces": {
				"north": {"uv": [0, 0, 0, 1.5], "texture": "#5"},
				"east": {"uv": [9, 10, 10, 11.5], "texture": "#5"},
				"south": {"uv": [0, 0, 0, 1.5], "texture": "#5"},
				"west": {"uv": [10, 10, 11, 11.5], "texture": "#5"},
				"up": {"uv": [0, 1, 0, 0], "texture": "#5"},
				"down": {"uv": [0, 0, 0, 1], "texture": "#5"}
			}
		},
		{
			"from": [6.504, -2.59274, 4.82829],
			"to": [7.498, -0.59874, 6.82229],
			"rotation": {"angle": -22.5, "axis": "x", "origin": [10.15541, 11.4387, 4.59484]},
			"faces": {
				"north": {"uv": [7.5, 13, 8, 14], "texture": "#5"},
				"east": {"uv": [4.5, 11.5, 5.5, 12.5], "texture": "#5"},
				"south": {"uv": [8, 13, 8.5, 14], "texture": "#5"},
				"west": {"uv": [11.5, 5, 12.5, 6], "texture": "#5"},
				"up": {"uv": [9, 14, 8.5, 13], "texture": "#5"},
				"down": {"uv": [13.5, 11.5, 13, 12.5], "texture": "#5"}
			}
		},
		{
			"from": [6.504, -6.59274, 4.82829],
			"to": [7.498, -2.59874, 5.82229],
			"rotation": {"angle": -22.5, "axis": "x", "origin": [10.15541, 11.4387, 4.59484]},
			"faces": {
				"north": {"uv": [11.5, 8.5, 12, 10.5], "texture": "#5"},
				"east": {"uv": [9, 11.5, 9.5, 13.5], "texture": "#5"},
				"south": {"uv": [9.5, 11.5, 10, 13.5], "texture": "#5"},
				"west": {"uv": [10, 11.5, 10.5, 13.5], "texture": "#5"},
				"up": {"uv": [10.5, 14, 10, 13.5], "texture": "#5"},
				"down": {"uv": [14, 11, 13.5, 11.5], "texture": "#5"}
			}
		},
		{
			"from": [7, -4.87031, -0.95531],
			"to": [7, -2.87031, 1.04469],
			"rotation": {"angle": -45, "axis": "x", "origin": [10.15541, 11.4387, 4.59484]},
			"faces": {
				"north": {"uv": [0, 0, 0, 1], "texture": "#5"},
				"east": {"uv": [11.5, 6, 12.5, 7], "texture": "#5"},
				"south": {"uv": [0, 0, 0, 1], "texture": "#5"},
				"west": {"uv": [10.5, 11.5, 11.5, 12.5], "texture": "#5"},
				"up": {"uv": [0, 1, 0, 0], "texture": "#5"},
				"down": {"uv": [0, 0, 0, 1], "texture": "#5"}
			}
		},
		{
			"from": [7, -5.87031, -1.95531],
			"to": [7, -4.87031, 0.04469],
			"rotation": {"angle": -45, "axis": "x", "origin": [10.15541, 11.4387, 4.59484]},
			"faces": {
				"north": {"uv": [0, 0, 0, 0.5], "texture": "#5"},
				"east": {"uv": [10, 7.5, 11, 8], "texture": "#5"},
				"south": {"uv": [0, 0, 0, 0.5], "texture": "#5"},
				"west": {"uv": [13, 2.5, 14, 3], "texture": "#5"},
				"up": {"uv": [0, 1, 0, 0], "texture": "#5"},
				"down": {"uv": [0, 0, 0, 1], "texture": "#5"}
			}
		},
		{
			"from": [7, -7.87031, -1.95531],
			"to": [7, -5.87031, -0.95531],
			"rotation": {"angle": -45, "axis": "x", "origin": [10.15541, 11.4387, 4.59484]},
			"faces": {
				"north": {"uv": [0, 0, 0, 1], "texture": "#5"},
				"east": {"uv": [12.5, 13, 13, 14], "texture": "#5"},
				"south": {"uv": [0, 0, 0, 1], "texture": "#5"},
				"west": {"uv": [13, 12.5, 13.5, 13.5], "texture": "#5"},
				"up": {"uv": [0, 0.5, 0, 0], "texture": "#5"},
				"down": {"uv": [0, 0, 0, 0.5], "texture": "#5"}
			}
		},
		{
			"from": [6, 13.97163, 5.38492],
			"to": [8, 16.97163, 9.38492],
			"rotation": {"angle": -22.5, "axis": "x", "origin": [10.15541, 11.4387, 4.59484]},
			"faces": {
				"north": {"uv": [4.5, 11.5, 5.5, 10], "texture": "#5"},
				"east": {"uv": [4, 9, 6, 7.5], "texture": "#5"},
				"south": {"uv": [10, 7.5, 11, 6], "texture": "#5"},
				"west": {"uv": [6, 9, 4, 7.5], "texture": "#5"},
				"up": {"uv": [10.5, 3, 9.5, 1], "texture": "#5"},
				"down": {"uv": [7.5, 9, 6.5, 11], "texture": "#5"}
			}
		},
		{
			"from": [6.501, 15.61785, 1.94924],
			"to": [7.499, 20.61585, 4.94724],
			"rotation": {"angle": 22.5, "axis": "x", "origin": [10.15541, 11.4387, 4.59484]},
			"faces": {
				"north": {"uv": [2, 13, 2.5, 10.5], "texture": "#5"},
				"east": {"uv": [4, 7.5, 5.5, 5], "texture": "#5"},
				"south": {"uv": [2.5, 13, 3, 10.5], "texture": "#5"},
				"west": {"uv": [5.5, 7.5, 4, 5], "texture": "#5"},
				"up": {"uv": [5.5, 14, 5, 12.5], "texture": "#5"},
				"down": {"uv": [5, 12.5, 4.5, 14], "texture": "#5"}
			}
		},
		{
			"from": [6.502, 19.05544, -0.58898],
			"to": [7.498, 24.05144, 1.40702],
			"rotation": {"angle": 45, "axis": "x", "origin": [10.15541, 11.4387, 4.59484]},
			"faces": {
				"north": {"uv": [1, 13.5, 1.5, 11], "texture": "#5"},
				"east": {"uv": [8, 10, 9, 7.5], "texture": "#5"},
				"south": {"uv": [1.5, 13.5, 2, 11], "texture": "#5"},
				"west": {"uv": [8.5, 5, 9.5, 2.5], "texture": "#5"},
				"up": {"uv": [7.5, 14, 7, 13], "texture": "#5"},
				"down": {"uv": [3, 13, 2.5, 14], "texture": "#5"}
			}
		},
		{
			"from": [6.504, 24.31128, 4.48236],
			"to": [7.498, 26.30528, 6.47636],
			"rotation": {"angle": 22.5, "axis": "x", "origin": [10.15541, 11.4387, 4.59484]},
			"faces": {
				"north": {"uv": [7.5, 14, 8, 13], "texture": "#5"},
				"east": {"uv": [4.5, 12.5, 5.5, 11.5], "texture": "#5"},
				"south": {"uv": [8, 14, 8.5, 13], "texture": "#5"},
				"west": {"uv": [11.5, 6, 12.5, 5], "texture": "#5"},
				"up": {"uv": [13.5, 12.5, 13, 11.5], "texture": "#5"},
				"down": {"uv": [9, 13, 8.5, 14], "texture": "#5"}
			}
		},
		{
			"from": [6.504, 26.31128, 4.48236],
			"to": [7.498, 30.30528, 5.47636],
			"rotation": {"angle": 22.5, "axis": "x", "origin": [10.15541, 11.4387, 4.59484]},
			"faces": {
				"north": {"uv": [11.5, 10.5, 12, 8.5], "texture": "#5"},
				"east": {"uv": [9, 13.5, 9.5, 11.5], "texture": "#5"},
				"south": {"uv": [9.5, 13.5, 10, 11.5], "texture": "#5"},
				"west": {"uv": [10, 13.5, 10.5, 11.5], "texture": "#5"},
				"up": {"uv": [14, 11.5, 13.5, 11], "texture": "#5"},
				"down": {"uv": [10.5, 13.5, 10, 14], "texture": "#5"}
			}
		},
		{
			"from": [7, 17.3869, 2.4055],
			"to": [7, 23.3869, 3.4055],
			"rotation": {"angle": 45, "axis": "x", "origin": [10.15541, 11.4387, 4.59484]},
			"faces": {
				"north": {"uv": [0, 3, 0, 0], "texture": "#5"},
				"east": {"uv": [8, 13, 8.5, 10], "texture": "#5"},
				"south": {"uv": [0, 3, 0, 0], "texture": "#5"},
				"west": {"uv": [8.5, 13, 9, 10], "texture": "#5"},
				"up": {"uv": [0, 0.5, 0, 0], "texture": "#5"},
				"down": {"uv": [0, 0, 0, 0.5], "texture": "#5"}
			}
		},
		{
			"from": [7, 17.3869, 1.4055],
			"to": [7, 25.3869, 2.4055],
			"rotation": {"angle": 45, "axis": "x", "origin": [10.15541, 11.4387, 4.59484]},
			"faces": {
				"north": {"uv": [0, 4, 0, 0], "texture": "#5"},
				"east": {"uv": [7.5, 13, 8, 9], "texture": "#5"},
				"south": {"uv": [0, 4, 0, 0], "texture": "#5"},
				"west": {"uv": [3, 14, 3.5, 10], "texture": "#5"},
				"up": {"uv": [0, 0.5, 0, 0], "texture": "#5"},
				"down": {"uv": [0, 0, 0, 0.5], "texture": "#5"}
			}
		},
		{
			"from": [7, 23.3869, -0.5945],
			"to": [7, 26.3869, 1.4055],
			"rotation": {"angle": 45, "axis": "x", "origin": [10.15541, 11.4387, 4.59484]},
			"faces": {
				"north": {"uv": [0, 1.5, 0, 0], "texture": "#5"},
				"east": {"uv": [9, 11.5, 10, 10], "texture": "#5"},
				"south": {"uv": [0, 1.5, 0, 0], "texture": "#5"},
				"west": {"uv": [10, 11.5, 11, 10], "texture": "#5"},
				"up": {"uv": [0, 1, 0, 0], "texture": "#5"},
				"down": {"uv": [0, 0, 0, 1], "texture": "#5"}
			}
		},
		{
			"from": [7, 26.3869, -1.5945],
			"to": [7, 28.3869, 0.4055],
			"rotation": {"angle": 45, "axis": "x", "origin": [10.15541, 11.4387, 4.59484]},
			"faces": {
				"north": {"uv": [0, 1, 0, 0], "texture": "#5"},
				"east": {"uv": [11.5, 7, 12.5, 6], "texture": "#5"},
				"south": {"uv": [0, 1, 0, 0], "texture": "#5"},
				"west": {"uv": [10.5, 12.5, 11.5, 11.5], "texture": "#5"},
				"up": {"uv": [0, 1, 0, 0], "texture": "#5"},
				"down": {"uv": [0, 0, 0, 1], "texture": "#5"}
			}
		},
		{
			"from": [7, 16.3869, 3.4055],
			"to": [7, 19.3869, 4.4055],
			"rotation": {"angle": 45, "axis": "x", "origin": [10.15541, 11.4387, 4.59484]},
			"faces": {
				"north": {"uv": [0, 1.5, 0, 0], "texture": "#5"},
				"east": {"uv": [10.5, 14, 11, 12.5], "texture": "#5"},
				"south": {"uv": [0, 1.5, 0, 0], "texture": "#5"},
				"west": {"uv": [11, 14, 11.5, 12.5], "texture": "#5"},
				"up": {"uv": [0, 0.5, 0, 0], "texture": "#5"},
				"down": {"uv": [0, 0, 0, 0.5], "texture": "#5"}
			}
		},
		{
			"from": [7, 16.3869, 2.4055],
			"to": [7, 17.3869, 3.4055],
			"rotation": {"angle": 45, "axis": "x", "origin": [10.15541, 11.4387, 4.59484]},
			"faces": {
				"north": {"uv": [0, 0.5, 0, 0], "texture": "#5"},
				"east": {"uv": [13.5, 12, 14, 11.5], "texture": "#5"},
				"south": {"uv": [0, 0.5, 0, 0], "texture": "#5"},
				"west": {"uv": [12, 14, 12.5, 13.5], "texture": "#5"},
				"up": {"uv": [0, 0.5, 0, 0], "texture": "#5"},
				"down": {"uv": [0, 0, 0, 0.5], "texture": "#5"}
			}
		},
		{
			"from": [7, 28.3869, -2.5945],
			"to": [7, 29.3869, -0.5945],
			"rotation": {"angle": 45, "axis": "x", "origin": [10.15541, 11.4387, 4.59484]},
			"faces": {
				"north": {"uv": [0, 0.5, 0, 0], "texture": "#5"},
				"east": {"uv": [10, 8, 11, 7.5], "texture": "#5"},
				"south": {"uv": [0, 0.5, 0, 0], "texture": "#5"},
				"west": {"uv": [13, 3, 14, 2.5], "texture": "#5"},
				"up": {"uv": [0, 1, 0, 0], "texture": "#5"},
				"down": {"uv": [0, 0, 0, 1], "texture": "#5"}
			}
		},
		{
			"from": [7, 29.3869, -2.5945],
			"to": [7, 31.3869, -1.5945],
			"rotation": {"angle": 45, "axis": "x", "origin": [10.15541, 11.4387, 4.59484]},
			"faces": {
				"north": {"uv": [0, 1, 0, 0], "texture": "#5"},
				"east": {"uv": [12.5, 14, 13, 13], "texture": "#5"},
				"south": {"uv": [0, 1, 0, 0], "texture": "#5"},
				"west": {"uv": [13, 13.5, 13.5, 12.5], "texture": "#5"},
				"up": {"uv": [0, 0.5, 0, 0], "texture": "#5"},
				"down": {"uv": [0, 0, 0, 0.5], "texture": "#5"}
			}
		},
		{
			"from": [7, 12.62804, 9.54304],
			"to": [7, 13.62804, 10.54304],
			"rotation": {"angle": -45, "axis": "x", "origin": [10.15541, 11.4387, 4.59484]},
			"faces": {
				"north": {"uv": [0, 0, 0, 0.5], "texture": "#5"},
				"east": {"uv": [13.5, 12, 14, 12.5], "texture": "#5"},
				"south": {"uv": [0, 0, 0, 0.5], "texture": "#5"},
				"west": {"uv": [13.5, 12.5, 14, 13], "texture": "#5"},
				"up": {"uv": [0, 0.5, 0, 0], "texture": "#5"},
				"down": {"uv": [0, 0, 0, 0.5], "texture": "#5"}
			}
		}
	],
	"display": {
		"thirdperson_righthand": {
			"translation": [-0.25, -4.25, 2.25],
			"scale": [0.75, 0.75, 0.7]
		},
		"thirdperson_lefthand": {
			"translation": [-1.75, -4.25, 2.25],
			"scale": [0.75, 0.75, 0.7]
		},
		"firstperson_righthand": {
			"rotation": [17.34, -12.65, 4.85],
			"translation": [5.5, 3.75, -3.75],
			"scale": [0.5, 0.5, 0.5]
		},
		"firstperson_lefthand": {
			"rotation": [17.34, -12.65, 4.85],
			"translation": [4.25, 3.75, -3.75],
			"scale": [0.5, 0.5, 0.5]
		},
		"ground": {
			"rotation": [-45, 0, 0],
			"translation": [0, 3.75, 0],
			"scale": [0.5, 0.5, 0.5]
		},
		"gui": {
			"rotation": [-90, -45, -90],
			"translation": [0.5, -3.25, -2.25],
			"scale": [0.5, 0.5, 0.5]
		},
		"fixed": {
			"rotation": [-90, 90, 90],
			"translation": [-1, -3.75, -2.25],
			"scale": [2, 2, 2]
		}
	},
	"groups": [
		0,
		1,
		2,
		{
			"name": "arrow",
			"origin": [9.00127, 8.73846, 16.02547],
			"color": 0,
			"children": [3, 4, 5, 6, 7, 8, 9, 10, 11, 12]
		},
		13,
		14,
		{
			"name": "group",
			"origin": [1, 15.24264, 15.07107],
			"color": 0,
			"children": []
		},
		{
			"name": "group",
			"origin": [1, 15.24264, 0.92893],
			"color": 0,
			"children": [15, 16, 17, 18, 19, 20, 21, 22, 23, 24, 25, 26, 27, 28, 29, 30, 31, 32, 33, 34, 35, 36, 37, 38, 39, 40]
		},
		{
			"name": "group",
			"origin": [1, 15.24264, 0.92893],
			"color": 0,
			"children": [41]
		}
	]
}