{
	"texture_size": [32, 32],
	"textures": {
		"0": "season1/tools/blossom_bow",
		"particle": "season1/tools/blossom_bow"
	},
	"elements": [
		{
			"from": [6.5, 10.29811, 5.51247],
			"to": [9.5, 13.29811, 8.51247],
			"rotation": {"angle": -45, "axis": "x", "origin": [8, 10, 8]},
			"faces": {
				"north": {"uv": [4.75, 1.5, 3.25, 0], "rotation": 180, "texture": "#0"},
				"east": {"uv": [6.25, 0, 7.75, 1.5], "texture": "#0"},
				"south": {"uv": [4.75, 0, 6.25, 1.5], "rotation": 270, "texture": "#0"},
				"west": {"uv": [7.75, 0, 6.25, 1.5], "texture": "#0"},
				"up": {"uv": [3.25, 1.5, 4.75, 0], "rotation": 180, "texture": "#0"},
				"down": {"uv": [4.75, 0, 6.25, 1.5], "rotation": 90, "texture": "#0"}
			}
		},
		{
			"from": [7.25, 16.13189, 3.12896],
			"to": [8.75, 18.13189, 5.12896],
			"rotation": {"angle": 22.5, "axis": "x", "origin": [8, 10, 8]},
			"faces": {
				"north": {"uv": [1, 1, 1.75, 0], "texture": "#0"},
				"east": {"uv": [0, 0, 1, 1], "rotation": 90, "texture": "#0"},
				"south": {"uv": [1, 0, 1.75, 1], "texture": "#0"},
				"west": {"uv": [0, 1, 1, 0], "rotation": 90, "texture": "#0"},
				"up": {"uv": [1, 1, 1.75, 0], "texture": "#0"},
				"down": {"uv": [1, 1, 1.75, 0], "texture": "#0"}
			}
		},
		{
			"from": [7.5, 12.248, 3.3638],
			"to": [8.5, 16.248, 4.8638],
			"rotation": {"angle": 22.5, "axis": "x", "origin": [8, 10, 8]},
			"faces": {
				"north": {"uv": [2.75, 8, 3.25, 10], "texture": "#0"},
				"east": {"uv": [2, 8, 2.75, 10], "texture": "#0"},
				"south": {"uv": [3.75, 8, 3.25, 10], "texture": "#0"},
				"west": {"uv": [2.75, 8, 2, 10], "texture": "#0"},
				"up": {"uv": [2.25, 8.5, 2, 9], "rotation": 90, "texture": "#0"},
				"down": {"uv": [2.25, 8.5, 2, 9], "rotation": 90, "texture": "#0"}
			}
		},
		{
			"from": [7, 10.87423, 6.18738],
			"to": [9, 14.87423, 8.18738],
			"rotation": {"angle": -22.5, "axis": "x", "origin": [8, 10, 8]},
			"faces": {
				"north": {"uv": [1, 9, 2, 11], "texture": "#0"},
				"east": {"uv": [0, 8, 1, 10], "texture": "#0"},
				"south": {"uv": [0, 10, 1, 12], "texture": "#0"},
				"west": {"uv": [1, 8, 0, 10], "texture": "#0"},
				"up": {"uv": [1, 8, 2, 9], "rotation": 90, "texture": "#0"},
				"down": {"uv": [2, 8, 1, 9], "rotation": 90, "texture": "#0"}
			}
		},
		{
			"from": [7.25, 2.99494, 3.59571],
			"to": [8.75, 4.99494, 5.59571],
			"rotation": {"angle": -22.5, "axis": "x", "origin": [8, 10, 8]},
			"faces": {
				"north": {"uv": [1, 0, 1.75, 1], "texture": "#0"},
				"east": {"uv": [1, 0, 0, 1], "rotation": 90, "texture": "#0"},
				"south": {"uv": [1, 1, 1.75, 0], "texture": "#0"},
				"west": {"uv": [1, 1, 0, 0], "rotation": 90, "texture": "#0"},
				"up": {"uv": [1, 0, 1.75, 1], "texture": "#0"},
				"down": {"uv": [1, 0, 1.75, 1], "texture": "#0"}
			}
		},
		{
			"from": [7.5, 4.87883, 3.83055],
			"to": [8.5, 8.87883, 5.33055],
			"rotation": {"angle": -22.5, "axis": "x", "origin": [8, 10, 8]},
			"faces": {
				"north": {"uv": [2.75, 10, 3.25, 8], "texture": "#0"},
				"east": {"uv": [2, 10, 2.75, 8], "texture": "#0"},
				"south": {"uv": [3.75, 10, 3.25, 8], "texture": "#0"},
				"west": {"uv": [2.75, 10, 2, 8], "texture": "#0"},
				"up": {"uv": [2.25, 8.5, 2, 9], "rotation": 90, "texture": "#0"},
				"down": {"uv": [2.25, 8.5, 2, 9], "rotation": 90, "texture": "#0"}
			}
		},
		{
			"from": [7, 6.2526, 5.72063],
			"to": [9, 10.2526, 7.72063],
			"rotation": {"angle": 22.5, "axis": "x", "origin": [8, 10, 8]},
			"faces": {
				"north": {"uv": [1, 11, 2, 9], "texture": "#0"},
				"east": {"uv": [0, 10, 1, 8], "texture": "#0"},
				"south": {"uv": [0, 12, 1, 10], "texture": "#0"},
				"west": {"uv": [1, 10, 0, 8], "texture": "#0"},
				"up": {"uv": [2, 8, 1, 9], "rotation": 90, "texture": "#0"},
				"down": {"uv": [2, 8, 1, 9], "rotation": 90, "texture": "#0"}
			}
		},
		{
			"from": [7.5, 2.79773, 9.90821],
			"to": [8.5, 3.79773, 13.90821],
			"rotation": {"angle": 22.5, "axis": "x", "origin": [8, 10, 8]},
			"faces": {
				"north": {"uv": [4.25, 8.25, 4.75, 8.75], "texture": "#0"},
				"east": {"uv": [3.75, 8, 4.25, 10], "rotation": 90, "texture": "#0"},
				"south": {"uv": [4.25, 8.25, 4.75, 8.75], "texture": "#0"},
				"west": {"uv": [3.75, 10, 4.25, 8], "rotation": 90, "texture": "#0"},
				"up": {"uv": [4.25, 8, 4.75, 10], "texture": "#0"},
				"down": {"uv": [4.25, 10, 4.75, 8], "texture": "#0"}
			}
		},
		{
			"from": [7.5, 18.62904, 7.00781],
			"to": [8.5, 19.62904, 11.00781],
			"rotation": {"angle": -22.5, "axis": "x", "origin": [8, 19.12904, 9.50781]},
			"faces": {
				"north": {"uv": [4.25, 8.75, 4.75, 8.25], "texture": "#0"},
				"east": {"uv": [4.25, 8, 3.75, 10], "rotation": 90, "texture": "#0"},
				"south": {"uv": [4.25, 8.75, 4.75, 8.25], "texture": "#0"},
				"west": {"uv": [4.25, 10, 3.75, 8], "rotation": 90, "texture": "#0"},
				"up": {"uv": [4.25, 8, 4.75, 10], "texture": "#0"},
				"down": {"uv": [4.25, 10, 4.75, 8], "texture": "#0"}
			}
		},
		{
			"from": [7.25, 2.54773, 12.40821],
			"to": [8.75, 4.04773, 13.40821],
			"rotation": {"angle": 22.5, "axis": "x", "origin": [8, 10, 8]},
			"faces": {
				"north": {"uv": [0, 15.5, 0.5, 16], "rotation": 90, "texture": "#0"},
				"east": {"uv": [0.75, 1, 0, 1.5], "rotation": 90, "texture": "#0"},
				"south": {"uv": [0, 15.5, 0.5, 16], "rotation": 90, "texture": "#0"},
				"west": {"uv": [0, 1.5, 0.75, 1], "rotation": 90, "texture": "#0"},
				"up": {"uv": [0, 1, 0.75, 1.5], "texture": "#0"},
				"down": {"uv": [0.75, 1.5, 0, 1], "texture": "#0"}
			}
		},
		{
			"from": [7.25, 18.37904, 9.50781],
			"to": [8.75, 19.87904, 10.50781],
			"rotation": {"angle": -22.5, "axis": "x", "origin": [8, 19.12904, 9.50781]},
			"faces": {
				"north": {"uv": [0.5, 15.5, 0, 16], "rotation": 90, "texture": "#0"},
				"east": {"uv": [0, 1, 0.75, 1.5], "rotation": 90, "texture": "#0"},
				"south": {"uv": [0.5, 15.5, 0, 16], "rotation": 90, "texture": "#0"},
				"west": {"uv": [0.75, 1.5, 0, 1], "rotation": 90, "texture": "#0"},
				"up": {"uv": [0.75, 1, 0, 1.5], "texture": "#0"},
				"down": {"uv": [0, 1.5, 0.75, 1], "texture": "#0"}
			}
		},
		{
			"from": [7.99, 10.375, 10],
			"to": [8.01, 19.375, 10.5],
			"rotation": {"angle": 0, "axis": "y", "origin": [7.49, 0.375, 10]},
			"faces": {
				"north": {"uv": [0, 15.5, 0.5, 16], "rotation": 90, "texture": "#0"},
				"east": {"uv": [7.75, 0, 8, 4.5], "texture": "#0"},
				"south": {"uv": [0, 15.5, 0.5, 16], "rotation": 90, "texture": "#0"},
				"west": {"uv": [7.75, 0, 8, 4.5], "texture": "#0"},
				"up": {"uv": [0, 15.5, 0.5, 16], "rotation": 90, "texture": "#0"},
				"down": {"uv": [0, 15.5, 0.5, 16], "rotation": 90, "texture": "#0"}
			}
		},
		{
			"from": [7.99, 1.375, 10],
			"to": [8.01, 10.375, 10.5],
			"rotation": {"angle": 0, "axis": "y", "origin": [7.49, 0.375, 10]},
			"faces": {
				"north": {"uv": [0, 15.5, 0.5, 16], "rotation": 90, "texture": "#0"},
				"east": {"uv": [7.75, 4.5, 8, 9], "texture": "#0"},
				"south": {"uv": [0, 15.5, 0.5, 16], "rotation": 90, "texture": "#0"},
				"west": {"uv": [7.75, 4.5, 8, 9], "texture": "#0"},
				"up": {"uv": [0, 15.5, 0.5, 16], "rotation": 90, "texture": "#0"},
				"down": {"uv": [0, 15.5, 0.5, 16], "rotation": 90, "texture": "#0"}
			}
		},
		{
			"from": [7.99, 4.75, 5.75],
			"to": [8.01, 6.25, 10.25],
			"rotation": {"angle": 22.5, "axis": "x", "origin": [8, 5.5, 8]},
			"faces": {
				"north": {"uv": [0.125, 16, 0, 15.875], "texture": "#0"},
				"east": {"uv": [1, 2.5, 3.25, 3.25], "texture": "#0"},
				"south": {"uv": [0.125, 16, 0, 15.875], "texture": "#0"},
				"west": {"uv": [3.25, 2.5, 1, 3.25], "texture": "#0"},
				"up": {"uv": [0.125, 16, 0, 15.875], "rotation": 90, "texture": "#0"},
				"down": {"uv": [0.125, 16, 0, 15.875], "rotation": 270, "texture": "#0"}
			}
		},
		{
			"from": [7.99, -2.5, 4.75],
			"to": [8.01, 6.5, 7.25],
			"rotation": {"angle": -22.5, "axis": "x", "origin": [8, 2, 6]},
			"faces": {
				"north": {"uv": [0.125, 16, 0, 15.875], "texture": "#0"},
				"east": {"uv": [2.75, 3.25, 1.5, 7.75], "texture": "#0"},
				"south": {"uv": [0.125, 16, 0, 15.875], "texture": "#0"},
				"west": {"uv": [1.5, 3.25, 2.75, 7.75], "texture": "#0"},
				"up": {"uv": [0, 15.875, 0.125, 16], "rotation": 90, "texture": "#0"},
				"down": {"uv": [0, 15.875, 0.125, 16], "rotation": 270, "texture": "#0"}
			}
		},
		{
			"from": [7.99, 13.65904, 5.26537],
			"to": [8.01, 22.65904, 7.76537],
			"rotation": {"angle": 22.5, "axis": "x", "origin": [8, 20, 9]},
			"faces": {
				"north": {"uv": [0.125, 15.875, 0, 16], "texture": "#0"},
				"east": {"uv": [2.75, 7.75, 1.5, 3.25], "texture": "#0"},
				"south": {"uv": [0.125, 15.875, 0, 16], "texture": "#0"},
				"west": {"uv": [1.5, 7.75, 2.75, 3.25], "texture": "#0"},
				"up": {"uv": [0.125, 15.875, 0, 16], "rotation": 270, "texture": "#0"},
				"down": {"uv": [0.125, 15.875, 0, 16], "rotation": 90, "texture": "#0"}
			}
		},
		{
			"from": [7.99, 13.79486, 5.80865],
			"to": [8.01, 15.29486, 10.30865],
			"rotation": {"angle": -22.5, "axis": "x", "origin": [8, 15, 5]},
			"faces": {
				"north": {"uv": [0.125, 15.875, 0, 16], "texture": "#0"},
				"east": {"uv": [1, 3.25, 3.25, 2.5], "texture": "#0"},
				"south": {"uv": [0.125, 15.875, 0, 16], "texture": "#0"},
				"west": {"uv": [3.25, 3.25, 1, 2.5], "texture": "#0"},
				"up": {"uv": [0, 16, 0.125, 15.875], "rotation": 270, "texture": "#0"},
				"down": {"uv": [0, 16, 0.125, 15.875], "rotation": 90, "texture": "#0"}
			}
		},
		{
			"from": [6.32984, 9.25, 2.826],
			"to": [6.34984, 11.75, 6.326],
			"rotation": {"angle": 22.5, "axis": "y", "origin": [5.75, 10.5, 6]},
			"faces": {
				"north": {"uv": [0, 16, 0.125, 15.875], "texture": "#0"},
				"east": {"uv": [3.25, 1.5, 4.5, 3.25], "rotation": 90, "texture": "#0"},
				"south": {"uv": [0, 16, 0.125, 15.875], "texture": "#0"},
				"west": {"uv": [3.25, 3.25, 4.5, 1.5], "rotation": 90, "texture": "#0"},
				"up": {"uv": [0.125, 15.875, 0, 16], "rotation": 90, "texture": "#0"},
				"down": {"uv": [0.125, 15.875, 0, 16], "rotation": 270, "texture": "#0"}
			}
		},
		{
			"from": [6.32984, 10.174, 4.75],
			"to": [6.34984, 13.674, 7.25],
			"rotation": {"angle": 22.5, "axis": "z", "origin": [5.75, 10.5, 6]},
			"faces": {
				"north": {"uv": [0, 16, 0.125, 15.875], "texture": "#0"},
				"east": {"uv": [4.5, 1.5, 3.25, 3.25], "texture": "#0"},
				"south": {"uv": [0, 16, 0.125, 15.875], "texture": "#0"},
				"west": {"uv": [3.25, 1.5, 4.5, 3.25], "texture": "#0"},
				"up": {"uv": [0.125, 15.875, 0, 16], "rotation": 90, "texture": "#0"},
				"down": {"uv": [0.125, 15.875, 0, 16], "rotation": 270, "texture": "#0"}
			}
		},
		{
			"from": [6.32984, 7.326, 4.75],
			"to": [6.34984, 10.826, 7.25],
			"rotation": {"angle": -22.5, "axis": "z", "origin": [5.75, 10.5, 6]},
			"faces": {
				"north": {"uv": [0, 16, 0.125, 15.875], "texture": "#0"},
				"east": {"uv": [5.75, 3.25, 4.5, 1.5], "texture": "#0"},
				"south": {"uv": [0, 16, 0.125, 15.875], "texture": "#0"},
				"west": {"uv": [4.5, 3.25, 5.75, 1.5], "texture": "#0"},
				"up": {"uv": [0.125, 15.875, 0, 16], "rotation": 90, "texture": "#0"},
				"down": {"uv": [0.125, 15.875, 0, 16], "rotation": 270, "texture": "#0"}
			}
		},
		{
			"from": [6.32984, 9.25, 5.674],
			"to": [6.34984, 11.75, 9.174],
			"rotation": {"angle": -22.5, "axis": "y", "origin": [5.75, 10.5, 6]},
			"faces": {
				"north": {"uv": [0, 16, 0.125, 15.875], "texture": "#0"},
				"east": {"uv": [4.5, 3.25, 5.75, 1.5], "rotation": 90, "texture": "#0"},
				"south": {"uv": [0, 16, 0.125, 15.875], "texture": "#0"},
				"west": {"uv": [4.5, 1.5, 5.75, 3.25], "rotation": 90, "texture": "#0"},
				"up": {"uv": [0.125, 15.875, 0, 16], "rotation": 90, "texture": "#0"},
				"down": {"uv": [0.125, 15.875, 0, 16], "rotation": 270, "texture": "#0"}
			}
		},
		{
			"from": [9.65016, 9.25, 2.826],
			"to": [9.67016, 11.75, 6.326],
			"rotation": {"angle": -22.5, "axis": "y", "origin": [10.25, 10.5, 6]},
			"faces": {
				"north": {"uv": [0.125, 16, 0, 15.875], "texture": "#0"},
				"east": {"uv": [3.25, 1.5, 4.5, 3.25], "rotation": 90, "texture": "#0"},
				"south": {"uv": [0.125, 16, 0, 15.875], "texture": "#0"},
				"west": {"uv": [3.25, 3.25, 4.5, 1.5], "rotation": 90, "texture": "#0"},
				"up": {"uv": [0.125, 16, 0, 15.875], "rotation": 90, "texture": "#0"},
				"down": {"uv": [0.125, 16, 0, 15.875], "rotation": 270, "texture": "#0"}
			}
		},
		{
			"from": [9.65016, 10.174, 4.75],
			"to": [9.67016, 13.674, 7.25],
			"rotation": {"angle": -22.5, "axis": "z", "origin": [10.25, 10.5, 6]},
			"faces": {
				"north": {"uv": [0.125, 16, 0, 15.875], "texture": "#0"},
				"east": {"uv": [4.5, 1.5, 3.25, 3.25], "texture": "#0"},
				"south": {"uv": [0.125, 16, 0, 15.875], "texture": "#0"},
				"west": {"uv": [3.25, 1.5, 4.5, 3.25], "texture": "#0"},
				"up": {"uv": [0.125, 16, 0, 15.875], "rotation": 90, "texture": "#0"},
				"down": {"uv": [0.125, 16, 0, 15.875], "rotation": 270, "texture": "#0"}
			}
		},
		{
			"from": [9.65016, 7.326, 4.75],
			"to": [9.67016, 10.826, 7.25],
			"rotation": {"angle": 22.5, "axis": "z", "origin": [10.25, 10.5, 6]},
			"faces": {
				"north": {"uv": [0.125, 16, 0, 15.875], "texture": "#0"},
				"east": {"uv": [5.75, 3.25, 4.5, 1.5], "texture": "#0"},
				"south": {"uv": [0.125, 16, 0, 15.875], "texture": "#0"},
				"west": {"uv": [4.5, 3.25, 5.75, 1.5], "texture": "#0"},
				"up": {"uv": [0.125, 16, 0, 15.875], "rotation": 90, "texture": "#0"},
				"down": {"uv": [0.125, 16, 0, 15.875], "rotation": 270, "texture": "#0"}
			}
		},
		{
			"from": [9.65016, 9.25, 5.674],
			"to": [9.67016, 11.75, 9.174],
			"rotation": {"angle": 22.5, "axis": "y", "origin": [10.25, 10.5, 6]},
			"faces": {
				"north": {"uv": [0.125, 16, 0, 15.875], "texture": "#0"},
				"east": {"uv": [4.5, 3.25, 5.75, 1.5], "rotation": 90, "texture": "#0"},
				"south": {"uv": [0.125, 16, 0, 15.875], "texture": "#0"},
				"west": {"uv": [4.5, 1.5, 5.75, 3.25], "rotation": 90, "texture": "#0"},
				"up": {"uv": [0.125, 16, 0, 15.875], "rotation": 90, "texture": "#0"},
				"down": {"uv": [0.125, 16, 0, 15.875], "rotation": 270, "texture": "#0"}
			}
		},
		{
			"from": [8, 9, -5],
			"to": [8, 12, 11],
			"rotation": {"angle": 0, "axis": "y", "origin": [8, 9, -6]},
			"faces": {
				"north": {"uv": [0.125, 16, 0, 15.875], "texture": "#0"},
				"east": {"uv": [8, 0, 16, 1.5], "texture": "#0"},
				"south": {"uv": [0.125, 16, 0, 15.875], "texture": "#0"},
				"west": {"uv": [16, 0, 8, 1.5], "texture": "#0"},
				"up": {"uv": [0.125, 16, 0, 15.875], "texture": "#0"},
				"down": {"uv": [0.125, 16, 0, 15.875], "texture": "#0"}
			}
		}
	],
	"gui_light": "front",
	"display": {
		"thirdperson_righthand": {
			"translation": [0.25, -4.5, 0]
		},
		"thirdperson_lefthand": {
			"translation": [0.25, -4.5, 0]
		},
		"ground": {
			"rotation": [45, 0, 0],
			"translation": [0, 4, 0],
			"scale": [0.7, 0.7, 0.7]
		},
		"gui": {
			"rotation": [108.63, 49.52, -113.88],
			"translation": [-1, -1.5, 0],
			"scale": [0.7, 0.7, 0.7]
		},
		"fixed": {
			"rotation": [0, -90, 0],
			"translation": [0, -2.5, -2.5]
		}
	},
	"groups": [
		{
			"name": "group",
			"origin": [8, 19.12904, 9.50781],
			"color": 0,
			"children": [0, 1, 2, 3, 4, 5, 6, 7, 8]
		},
		{
			"name": "group",
			"origin": [8, 19.12904, 9.50781],
			"color": 0,
			"children": [9, 10, 11, 12]
		},
		{
			"name": "group",
			"origin": [4.07612, 8.61732, 8],
			"color": 0,
			"children": [13, 14, 15, 16]
		},
		{
			"name": "group",
			"origin": [8, 8, 8],
			"color": 0,
			"children": [
				{
					"name": "group",
					"origin": [6, 8, 8.50924],
					"color": 0,
					"children": [17, 18, 19, 20]
				},
				{
					"name": "group",
					"origin": [6, 8, 8.50924],
					"color": 0,
					"children": [21, 22, 23, 24]
				}
			]
		},
		25
	]
}