{
	"texture_size": [64, 64],
	"textures": {
		"2": "season1/tools/blossom_shovel"
	},
	"elements": [
		{
			"from": [7.5, 0.625, 7.5],
			"to": [8.5, 16.625, 8.5],
			"rotation": {"angle": 0, "axis": "y", "origin": [8, 8, 8]},
			"faces": {
				"north": {"uv": [2.25, 1.25, 2.5, 5.25], "texture": "#2"},
				"east": {"uv": [2, 2.25, 2.25, 6.25], "texture": "#2"},
				"south": {"uv": [2.5, 1.25, 2.75, 5.25], "texture": "#2"},
				"west": {"uv": [2.75, 1.25, 3, 5.25], "texture": "#2"},
				"up": {"uv": [8.25, 0.25, 8, 0], "texture": "#2"},
				"down": {"uv": [8.25, 0.25, 8, 0.5], "texture": "#2"}
			}
		},
		{
			"from": [7.375, 1.125, 7.375],
			"to": [8.625, 3.625, 8.625],
			"rotation": {"angle": 0, "axis": "y", "origin": [8, 9, 8.125]},
			"faces": {
				"north": {"uv": [6.25, 0, 6.625, 0.625], "texture": "#2"},
				"east": {"uv": [3, 6.25, 3.375, 6.875], "texture": "#2"},
				"south": {"uv": [3.5, 6.25, 3.875, 6.875], "texture": "#2"},
				"west": {"uv": [6.25, 3.75, 6.625, 4.375], "texture": "#2"},
				"up": {"uv": [5.125, 7.125, 4.75, 6.75], "texture": "#2"},
				"down": {"uv": [7.125, 5.5, 6.75, 5.875], "texture": "#2"}
			}
		},
		{
			"from": [7.375, 4.125, 7.375],
			"to": [8.625, 14.625, 8.625],
			"rotation": {"angle": 0, "axis": "y", "origin": [8, 15, 8.125]},
			"faces": {
				"north": {"uv": [3, 1.25, 3.375, 3.875], "texture": "#2"},
				"east": {"uv": [3.5, 0, 3.875, 2.625], "texture": "#2"},
				"south": {"uv": [0.75, 3.5, 1.125, 6.125], "texture": "#2"},
				"west": {"uv": [1.25, 3.5, 1.625, 6.125], "texture": "#2"},
				"up": {"uv": [7.125, 6.625, 6.75, 6.25], "texture": "#2"},
				"down": {"uv": [7.125, 6.75, 6.75, 7.125], "texture": "#2"}
			}
		},
		{
			"from": [6.60355, -0.14645, 7.25],
			"to": [8.60355, 1.85355, 8.75],
			"rotation": {"angle": 45, "axis": "z", "origin": [8.35355, 1.10355, 8]},
			"faces": {
				"north": {"uv": [4, 2.25, 4.5, 2.75], "texture": "#2"},
				"east": {"uv": [4.75, 1.75, 5.125, 2.25], "texture": "#2"},
				"south": {"uv": [3, 4, 3.5, 4.5], "texture": "#2"},
				"west": {"uv": [6.25, 6.5, 6.625, 7], "texture": "#2"},
				"up": {"uv": [7.25, 0.375, 6.75, 0], "texture": "#2"},
				"down": {"uv": [7.25, 0.5, 6.75, 0.875], "texture": "#2"}
			}
		},
		{
			"from": [6.5, 15.625, 6.5],
			"to": [9.5, 18.625, 9.5],
			"rotation": {"angle": 45, "axis": "z", "origin": [8, 17.125, 8]},
			"faces": {
				"north": {"uv": [4, 0, 4.75, 0.75], "texture": "#2"},
				"east": {"uv": [4, 0.75, 4.75, 1.5], "texture": "#2"},
				"south": {"uv": [4, 1.5, 4.75, 2.25], "texture": "#2"},
				"west": {"uv": [0, 4.5, 0.75, 5.25], "texture": "#2"},
				"up": {"uv": [5.25, 3, 4.5, 2.25], "texture": "#2"},
				"down": {"uv": [5.25, 3, 4.5, 3.75], "texture": "#2"}
			}
		},
		{
			"from": [6.66667, 16.7848, 10.169],
			"to": [9.16667, 20.0848, 10.189],
			"rotation": {"angle": 22.5, "axis": "x", "origin": [7.91667, 18.4348, 10.179]},
			"faces": {
				"north": {"uv": [2.25, 5.25, 2.875, 6.125], "texture": "#2"},
				"east": {"uv": [3.25, 7.25, 3.375, 8.125], "texture": "#2"},
				"south": {"uv": [5.25, 2.75, 5.875, 3.625], "texture": "#2"},
				"west": {"uv": [3.5, 7.25, 3.625, 8.125], "texture": "#2"},
				"up": {"uv": [8.375, 4.875, 7.75, 4.75], "texture": "#2"},
				"down": {"uv": [8.375, 5, 7.75, 5.125], "texture": "#2"}
			}
		},
		{
			"from": [6.66667, 13.93002, 9.23648],
			"to": [9.16667, 17.23002, 9.25648],
			"rotation": {"angle": -22.5, "axis": "x", "origin": [7.91667, 17.91667, 9.75]},
			"faces": {
				"north": {"uv": [5.25, 3.75, 5.875, 4.625], "texture": "#2"},
				"east": {"uv": [3.75, 7.25, 3.875, 8.125], "texture": "#2"},
				"south": {"uv": [5.5, 0, 6.125, 0.875], "texture": "#2"},
				"west": {"uv": [4, 7.25, 4.125, 8.125], "texture": "#2"},
				"up": {"uv": [6.125, 7.875, 5.5, 7.75], "texture": "#2"},
				"down": {"uv": [7.125, 7.75, 6.5, 7.875], "texture": "#2"}
			}
		},
		{
			"from": [4.94109, 15.75, 9.61993],
			"to": [8.24109, 18.25, 9.63993],
			"rotation": {"angle": 22.5, "axis": "y", "origin": [7.91667, 17, 10.179]},
			"faces": {
				"north": {"uv": [3, 5.5, 3.875, 6.125], "texture": "#2"},
				"east": {"uv": [2.75, 7.75, 2.875, 8.375], "texture": "#2"},
				"south": {"uv": [4, 5.5, 4.875, 6.125], "texture": "#2"},
				"west": {"uv": [7.25, 7.75, 7.375, 8.375], "texture": "#2"},
				"up": {"uv": [8.125, 3.625, 7.25, 3.5], "texture": "#2"},
				"down": {"uv": [8.125, 5.5, 7.25, 5.625], "texture": "#2"}
			}
		},
		{
			"from": [7.59225, 15.75, 9.61993],
			"to": [10.89225, 18.25, 9.63993],
			"rotation": {"angle": -22.5, "axis": "y", "origin": [7.91667, 17, 10.179]},
			"faces": {
				"north": {"uv": [5, 5.5, 5.875, 6.125], "texture": "#2"},
				"east": {"uv": [7.75, 7.25, 7.875, 7.875], "texture": "#2"},
				"south": {"uv": [5.75, 1, 6.625, 1.625], "texture": "#2"},
				"west": {"uv": [7.5, 7.75, 7.625, 8.375], "texture": "#2"},
				"up": {"uv": [8.125, 5.875, 7.25, 5.75], "texture": "#2"},
				"down": {"uv": [8.125, 6.25, 7.25, 6.375], "texture": "#2"}
			}
		},
		{
			"from": [6.66667, 16.7848, 5.811],
			"to": [9.16667, 20.0848, 5.831],
			"rotation": {"angle": -22.5, "axis": "x", "origin": [7.91667, 18.4348, 5.821]},
			"faces": {
				"north": {"uv": [0, 5.25, 0.625, 6.125], "texture": "#2"},
				"east": {"uv": [7.25, 2.5, 7.375, 3.375], "texture": "#2"},
				"south": {"uv": [5.25, 1.75, 5.875, 2.625], "texture": "#2"},
				"west": {"uv": [3, 7.25, 3.125, 8.125], "texture": "#2"},
				"up": {"uv": [8.125, 7.125, 7.5, 7], "texture": "#2"},
				"down": {"uv": [8.375, 0.75, 7.75, 0.875], "texture": "#2"}
			}
		},
		{
			"from": [6.66667, 13.93002, 6.74352],
			"to": [9.16667, 17.23002, 6.76352],
			"rotation": {"angle": 22.5, "axis": "x", "origin": [7.91667, 17.91667, 6.25]},
			"faces": {
				"north": {"uv": [4.5, 3.75, 5.125, 4.625], "texture": "#2"},
				"east": {"uv": [4.5, 7, 4.625, 7.875], "texture": "#2"},
				"south": {"uv": [4.75, 0, 5.375, 0.875], "texture": "#2"},
				"west": {"uv": [1.75, 7.25, 1.875, 8.125], "texture": "#2"},
				"up": {"uv": [8.125, 6.875, 7.5, 6.75], "texture": "#2"},
				"down": {"uv": [7.625, 7.5, 7, 7.625], "texture": "#2"}
			}
		},
		{
			"from": [4.94109, 15.75, 6.36007],
			"to": [8.24109, 18.25, 6.38007],
			"rotation": {"angle": -22.5, "axis": "y", "origin": [7.91667, 17, 5.821]},
			"faces": {
				"north": {"uv": [4, 4.75, 4.875, 5.375], "texture": "#2"},
				"east": {"uv": [1, 7.75, 1.125, 8.375], "texture": "#2"},
				"south": {"uv": [5, 4.75, 5.875, 5.375], "texture": "#2"},
				"west": {"uv": [2.5, 7.75, 2.625, 8.375], "texture": "#2"},
				"up": {"uv": [8.125, 2.125, 7.25, 2], "texture": "#2"},
				"down": {"uv": [8.125, 2.25, 7.25, 2.375], "texture": "#2"}
			}
		},
		{
			"from": [7.59225, 15.75, 6.36007],
			"to": [10.89225, 18.25, 6.38007],
			"rotation": {"angle": 22.5, "axis": "y", "origin": [7.91667, 17, 5.821]},
			"faces": {
				"north": {"uv": [4.75, 1, 5.625, 1.625], "texture": "#2"},
				"east": {"uv": [7.75, 0, 7.875, 0.625], "texture": "#2"},
				"south": {"uv": [3, 4.75, 3.875, 5.375], "texture": "#2"},
				"west": {"uv": [0.75, 7.75, 0.875, 8.375], "texture": "#2"},
				"up": {"uv": [7.875, 5.375, 7, 5.25], "texture": "#2"},
				"down": {"uv": [8.125, 1.75, 7.25, 1.875], "texture": "#2"}
			}
		},
		{
			"from": [9.72792, 15.0964, 6.53374],
			"to": [10.92792, 16.6804, 6.54334],
			"rotation": {"angle": -22.5, "axis": "x", "origin": [10.32792, 15.8884, 6.53854]},
			"faces": {
				"north": {"uv": [0, 5.25, 0.625, 6.125], "texture": "#2"},
				"east": {"uv": [7.25, 2.5, 7.375, 3.375], "texture": "#2"},
				"south": {"uv": [5.25, 1.75, 5.875, 2.625], "texture": "#2"},
				"west": {"uv": [3, 7.25, 3.125, 8.125], "texture": "#2"},
				"up": {"uv": [8.125, 7.125, 7.5, 7], "texture": "#2"},
				"down": {"uv": [8.375, 0.75, 7.75, 0.875], "texture": "#2"}
			}
		},
		{
			"from": [9.72792, 13.72611, 6.98135],
			"to": [10.92792, 15.31011, 6.99095],
			"rotation": {"angle": 22.5, "axis": "x", "origin": [10.32792, 15.6397, 6.74446]},
			"faces": {
				"north": {"uv": [4.5, 3.75, 5.125, 4.625], "texture": "#2"},
				"east": {"uv": [4.5, 7, 4.625, 7.875], "texture": "#2"},
				"south": {"uv": [4.75, 0, 5.375, 0.875], "texture": "#2"},
				"west": {"uv": [1.75, 7.25, 1.875, 8.125], "texture": "#2"},
				"up": {"uv": [8.125, 6.875, 7.5, 6.75], "texture": "#2"},
				"down": {"uv": [7.625, 7.5, 7, 7.625], "texture": "#2"}
			}
		},
		{
			"from": [8.89965, 14.5997, 6.79729],
			"to": [10.48365, 15.7997, 6.80689],
			"rotation": {"angle": -22.5, "axis": "y", "origin": [10.32792, 15.1997, 6.53854]},
			"faces": {
				"north": {"uv": [4, 4.75, 4.875, 5.375], "texture": "#2"},
				"east": {"uv": [1, 7.75, 1.125, 8.375], "texture": "#2"},
				"south": {"uv": [5, 4.75, 5.875, 5.375], "texture": "#2"},
				"west": {"uv": [2.5, 7.75, 2.625, 8.375], "texture": "#2"},
				"up": {"uv": [8.125, 2.125, 7.25, 2], "texture": "#2"},
				"down": {"uv": [8.125, 2.25, 7.25, 2.375], "texture": "#2"}
			}
		},
		{
			"from": [10.1722, 14.5997, 6.79729],
			"to": [11.7562, 15.7997, 6.80689],
			"rotation": {"angle": 22.5, "axis": "y", "origin": [10.32792, 15.1997, 6.53854]},
			"faces": {
				"north": {"uv": [4.75, 1, 5.625, 1.625], "texture": "#2"},
				"east": {"uv": [7.75, 0, 7.875, 0.625], "texture": "#2"},
				"south": {"uv": [3, 4.75, 3.875, 5.375], "texture": "#2"},
				"west": {"uv": [0.75, 7.75, 0.875, 8.375], "texture": "#2"},
				"up": {"uv": [7.875, 5.375, 7, 5.25], "texture": "#2"},
				"down": {"uv": [8.125, 1.75, 7.25, 1.875], "texture": "#2"}
			}
		},
		{
			"from": [4.94708, 15.0964, 6.53374],
			"to": [6.14708, 16.6804, 6.54334],
			"rotation": {"angle": -22.5, "axis": "x", "origin": [5.54708, 15.8884, 6.53854]},
			"faces": {
				"north": {"uv": [0.625, 5.25, 0, 6.125], "texture": "#2"},
				"east": {"uv": [3.125, 7.25, 3, 8.125], "texture": "#2"},
				"south": {"uv": [5.875, 1.75, 5.25, 2.625], "texture": "#2"},
				"west": {"uv": [7.375, 2.5, 7.25, 3.375], "texture": "#2"},
				"up": {"uv": [7.5, 7.125, 8.125, 7], "texture": "#2"},
				"down": {"uv": [7.75, 0.75, 8.375, 0.875], "texture": "#2"}
			}
		},
		{
			"from": [4.94708, 13.72611, 6.98135],
			"to": [6.14708, 15.31011, 6.99095],
			"rotation": {"angle": 22.5, "axis": "x", "origin": [5.54708, 15.6397, 6.74446]},
			"faces": {
				"north": {"uv": [5.125, 3.75, 4.5, 4.625], "texture": "#2"},
				"east": {"uv": [1.875, 7.25, 1.75, 8.125], "texture": "#2"},
				"south": {"uv": [5.375, 0, 4.75, 0.875], "texture": "#2"},
				"west": {"uv": [4.625, 7, 4.5, 7.875], "texture": "#2"},
				"up": {"uv": [7.5, 6.875, 8.125, 6.75], "texture": "#2"},
				"down": {"uv": [7, 7.5, 7.625, 7.625], "texture": "#2"}
			}
		},
		{
			"from": [5.39135, 14.5997, 6.79729],
			"to": [6.97535, 15.7997, 6.80689],
			"rotation": {"angle": 22.5, "axis": "y", "origin": [5.54708, 15.1997, 6.53854]},
			"faces": {
				"north": {"uv": [4.875, 4.75, 4, 5.375], "texture": "#2"},
				"east": {"uv": [2.625, 7.75, 2.5, 8.375], "texture": "#2"},
				"south": {"uv": [5.875, 4.75, 5, 5.375], "texture": "#2"},
				"west": {"uv": [1.125, 7.75, 1, 8.375], "texture": "#2"},
				"up": {"uv": [7.25, 2.125, 8.125, 2], "texture": "#2"},
				"down": {"uv": [7.25, 2.25, 8.125, 2.375], "texture": "#2"}
			}
		},
		{
			"from": [4.1188, 14.5997, 6.79729],
			"to": [5.7028, 15.7997, 6.80689],
			"rotation": {"angle": -22.5, "axis": "y", "origin": [5.54708, 15.1997, 6.53854]},
			"faces": {
				"north": {"uv": [5.625, 1, 4.75, 1.625], "texture": "#2"},
				"east": {"uv": [0.875, 7.75, 0.75, 8.375], "texture": "#2"},
				"south": {"uv": [3.875, 4.75, 3, 5.375], "texture": "#2"},
				"west": {"uv": [7.875, 0, 7.75, 0.625], "texture": "#2"},
				"up": {"uv": [7, 5.375, 7.875, 5.25], "texture": "#2"},
				"down": {"uv": [7.25, 1.75, 8.125, 1.875], "texture": "#2"}
			}
		},
		{
			"from": [4.25, 7.5, 7.99],
			"to": [6.75, 16.5, 8.01],
			"rotation": {"angle": -22.5, "axis": "z", "origin": [5.5, 12, 8]},
			"faces": {
				"north": {"uv": [1.5, 0, 2.125, 2.25], "texture": "#2"},
				"east": {"uv": [0.25, 6.25, 0.375, 8.5], "texture": "#2"},
				"south": {"uv": [0, 2.25, 0.625, 4.5], "texture": "#2"},
				"west": {"uv": [0.5, 6.25, 0.625, 8.5], "texture": "#2"},
				"up": {"uv": [8.375, 3.125, 7.75, 3], "texture": "#2"},
				"down": {"uv": [8.375, 3.25, 7.75, 3.375], "texture": "#2"}
			}
		},
		{
			"from": [9.25, 7.5, 7.99],
			"to": [11.75, 16.5, 8.01],
			"rotation": {"angle": 22.5, "axis": "z", "origin": [10.5, 12, 8]},
			"faces": {
				"north": {"uv": [0, 0, 0.625, 2.25], "texture": "#2"},
				"east": {"uv": [6, 5, 6.125, 7.25], "texture": "#2"},
				"south": {"uv": [0.75, 0, 1.375, 2.25], "texture": "#2"},
				"west": {"uv": [0, 6.25, 0.125, 8.5], "texture": "#2"},
				"up": {"uv": [8.375, 2.625, 7.75, 2.5], "texture": "#2"},
				"down": {"uv": [8.375, 2.75, 7.75, 2.875], "texture": "#2"}
			}
		},
		{
			"from": [9.75, 14.25, 7.99],
			"to": [14.25, 15.75, 8.01],
			"rotation": {"angle": -22.5, "axis": "z", "origin": [12, 15, 8]},
			"faces": {
				"north": {"uv": [6, 1.75, 7.125, 2.125], "texture": "#2"},
				"east": {"uv": [8, 3.75, 8.125, 4.125], "texture": "#2"},
				"south": {"uv": [6, 2.25, 7.125, 2.625], "texture": "#2"},
				"west": {"uv": [4.5, 8, 4.625, 8.375], "texture": "#2"},
				"up": {"uv": [7.875, 4.375, 6.75, 4.25], "texture": "#2"},
				"down": {"uv": [7.875, 6, 6.75, 6.125], "texture": "#2"}
			}
		},
		{
			"from": [1.75, 14.25, 7.99],
			"to": [6.25, 15.75, 8.01],
			"rotation": {"angle": 22.5, "axis": "z", "origin": [4, 15, 8]},
			"faces": {
				"north": {"uv": [6, 2.75, 7.125, 3.125], "texture": "#2"},
				"east": {"uv": [5.25, 8, 5.375, 8.375], "texture": "#2"},
				"south": {"uv": [6, 3.25, 7.125, 3.625], "texture": "#2"},
				"west": {"uv": [5.5, 8, 5.625, 8.375], "texture": "#2"},
				"up": {"uv": [4.125, 7.125, 3, 7], "texture": "#2"},
				"down": {"uv": [8.125, 4.5, 7, 4.625], "texture": "#2"}
			}
		},
		{
			"from": [9.12761, 17.61971, 7.50451],
			"to": [11.43161, 19.34771, 8.66551],
			"rotation": {"angle": 0, "axis": "y", "origin": [7.9767, 15.71553, 8.08951]},
			"faces": {
				"north": {"uv": [4, 6.25, 4.625, 6.625], "texture": "#2"},
				"east": {"uv": [1.25, 7.5, 1.5, 7.875], "texture": "#2"},
				"south": {"uv": [6.25, 4.5, 6.875, 4.875], "texture": "#2"},
				"west": {"uv": [1.5, 7.5, 1.75, 7.875], "texture": "#2"},
				"up": {"uv": [7.375, 1.25, 6.75, 1], "texture": "#2"},
				"down": {"uv": [7.375, 1.25, 6.75, 1.5], "texture": "#2"}
			}
		},
		{
			"from": [10.27961, 19.34771, 7.50451],
			"to": [11.43161, 23.95571, 8.66551],
			"rotation": {"angle": 0, "axis": "y", "origin": [7.9767, 17.44353, 8.08951]},
			"faces": {
				"north": {"uv": [0.75, 6.25, 1, 7.375], "texture": "#2"},
				"east": {"uv": [1, 6.25, 1.25, 7.375], "texture": "#2"},
				"south": {"uv": [1.25, 6.25, 1.5, 7.375], "texture": "#2"},
				"west": {"uv": [1.5, 6.25, 1.75, 7.375], "texture": "#2"},
				"up": {"uv": [8.25, 0.75, 8, 0.5], "texture": "#2"},
				"down": {"uv": [8.25, 1, 8, 1.25], "texture": "#2"}
			}
		},
		{
			"from": [4.51961, 19.34771, 7.50451],
			"to": [5.67161, 23.95571, 8.66551],
			"rotation": {"angle": 0, "axis": "y", "origin": [7.97452, 17.44353, 8.08951]},
			"faces": {
				"north": {"uv": [2, 6.25, 2.25, 7.375], "texture": "#2"},
				"east": {"uv": [2.25, 6.25, 2.5, 7.375], "texture": "#2"},
				"south": {"uv": [2.5, 6.25, 2.75, 7.375], "texture": "#2"},
				"west": {"uv": [2.75, 6.25, 3, 7.375], "texture": "#2"},
				"up": {"uv": [1.5, 8.25, 1.25, 8], "texture": "#2"},
				"down": {"uv": [8.25, 1.25, 8, 1.5], "texture": "#2"}
			}
		},
		{
			"from": [2.16124, 22.07044, 7.51351],
			"to": [3.30476, 26.95796, 8.65651],
			"rotation": {"angle": -45, "axis": "z", "origin": [5.61615, 20.16626, 8.08951]},
			"faces": {
				"north": {"uv": [1.75, 3.5, 2, 4.75], "texture": "#2"},
				"east": {"uv": [1.75, 4.75, 2, 6], "texture": "#2"},
				"south": {"uv": [1.75, 6, 2, 7.25], "texture": "#2"},
				"west": {"uv": [6, 3.75, 6.25, 5], "texture": "#2"},
				"up": {"uv": [1.75, 8.25, 1.5, 8], "texture": "#2"},
				"down": {"uv": [8.25, 1.5, 8, 1.75], "texture": "#2"}
			}
		},
		{
			"from": [5.47221, 18.75124, 7.79251],
			"to": [10.55138, 23.14712, 8.36851],
			"rotation": {"angle": 0, "axis": "y", "origin": [4.91169, 19.89585, 8.08951]},
			"faces": {
				"north": {"uv": [2.25, 0, 3.5, 1.125], "texture": "#2"},
				"east": {"uv": [5.25, 6.75, 5.375, 7.875], "texture": "#2"},
				"south": {"uv": [0.75, 2.25, 2, 3.375], "texture": "#2"},
				"west": {"uv": [4.25, 7, 4.375, 8.125], "texture": "#2"},
				"up": {"uv": [8, 1.625, 6.75, 1.5], "texture": "#2"},
				"down": {"uv": [8, 3.75, 6.75, 3.875], "texture": "#2"}
			}
		},
		{
			"from": [2.96983, 21.26185, 7.80151],
			"to": [6.56135, 24.99737, 8.35951],
			"rotation": {"angle": -45, "axis": "z", "origin": [6.42474, 19.35767, 8.08951]},
			"faces": {
				"north": {"uv": [3.5, 2.75, 4.375, 3.625], "texture": "#2"},
				"east": {"uv": [4.75, 7.25, 4.875, 8.125], "texture": "#2"},
				"south": {"uv": [3.5, 3.75, 4.375, 4.625], "texture": "#2"},
				"west": {"uv": [5, 7.25, 5.125, 8.125], "texture": "#2"},
				"up": {"uv": [8.125, 6.625, 7.25, 6.5], "texture": "#2"},
				"down": {"uv": [7.625, 7.25, 6.75, 7.375], "texture": "#2"}
			}
		},
		{
			"from": [8.41185, 22.70488, 7.51351],
			"to": [9.56385, 26.44888, 8.65651],
			"rotation": {"angle": 45, "axis": "z", "origin": [8.98785, 25.58488, 8.08501]},
			"faces": {
				"north": {"uv": [5.5, 6.25, 5.75, 7.125], "texture": "#2"},
				"east": {"uv": [6.25, 5.5, 6.5, 6.375], "texture": "#2"},
				"south": {"uv": [5.75, 6.25, 6, 7.125], "texture": "#2"},
				"west": {"uv": [6.5, 5.5, 6.75, 6.375], "texture": "#2"},
				"up": {"uv": [2.25, 8.25, 2, 8], "texture": "#2"},
				"down": {"uv": [2.5, 8, 2.25, 8.25], "texture": "#2"}
			}
		},
		{
			"from": [9.63086, 15.74205, 7.51351],
			"to": [11.35886, 17.47005, 8.65651],
			"rotation": {"angle": 45, "axis": "z", "origin": [7.9767, 15.71553, 8.08951]},
			"faces": {
				"north": {"uv": [7, 4.75, 7.375, 5.125], "texture": "#2"},
				"east": {"uv": [2, 7.5, 2.25, 7.875], "texture": "#2"},
				"south": {"uv": [6.25, 7, 6.625, 7.375], "texture": "#2"},
				"west": {"uv": [2.25, 7.5, 2.5, 7.875], "texture": "#2"},
				"up": {"uv": [7.875, 1.5, 7.5, 1.25], "texture": "#2"},
				"down": {"uv": [2.875, 7.5, 2.5, 7.75], "texture": "#2"}
			}
		},
		{
			"from": [4.51961, 17.61971, 7.50451],
			"to": [6.82361, 19.34771, 8.66551],
			"rotation": {"angle": 0, "axis": "y", "origin": [7.9767, 15.71553, 8.08951]},
			"faces": {
				"north": {"uv": [4.75, 6.25, 5.375, 6.625], "texture": "#2"},
				"east": {"uv": [7.5, 2.5, 7.75, 2.875], "texture": "#2"},
				"south": {"uv": [6.25, 5, 6.875, 5.375], "texture": "#2"},
				"west": {"uv": [7.5, 3, 7.75, 3.375], "texture": "#2"},
				"up": {"uv": [4.625, 7, 4, 6.75], "texture": "#2"},
				"down": {"uv": [7.375, 4, 6.75, 4.25], "texture": "#2"}
			}
		},
		{
			"from": [4.59301, 15.74051, 7.51351],
			"to": [6.32101, 17.46851, 8.65651],
			"rotation": {"angle": -45, "axis": "z", "origin": [7.9767, 15.71553, 8.08951]},
			"faces": {
				"north": {"uv": [7.25, 0, 7.625, 0.375], "texture": "#2"},
				"east": {"uv": [7.5, 4.75, 7.75, 5.125], "texture": "#2"},
				"south": {"uv": [7.25, 0.5, 7.625, 0.875], "texture": "#2"},
				"west": {"uv": [6.25, 7.5, 6.5, 7.875], "texture": "#2"},
				"up": {"uv": [7.875, 4.25, 7.5, 4], "texture": "#2"},
				"down": {"uv": [6.875, 7.5, 6.5, 7.75], "texture": "#2"}
			}
		}
	],
	"gui_light": "front",
	"display": {
		"thirdperson_righthand": {
			"rotation": [0, -90, 0],
			"translation": [0.25, -1.25, 1.5],
			"scale": [0.9, 0.9, 0.9]
		},
		"thirdperson_lefthand": {
			"rotation": [0, -90, 0],
			"translation": [0.25, -1.25, 1.5],
			"scale": [0.9, 0.9, 0.9]
		},
		"firstperson_righthand": {
			"rotation": [0, -90, 0],
			"translation": [-0.25, -1, 2],
			"scale": [0.8, 0.8, 0.8]
		},
		"firstperson_lefthand": {
			"rotation": [0, -90, 0],
			"translation": [-0.25, -1, 2],
			"scale": [0.8, 0.8, 0.8]
		},
		"ground": {
			"rotation": [-45, 0, 0],
			"translation": [0, 4, 0],
			"scale": [0.7, 0.7, 0.7]
		},
		"gui": {
			"rotation": [-180, 0, -136],
			"translation": [-1.75, -2.25, 0],
			"scale": [0.6, 0.6, 0.6]
		},
		"fixed": {
			"translation": [0, -1.5, -1.5]
		}
	},
	"groups": [
		{
			"name": "group",
			"origin": [8, 8, 8],
			"color": 0,
			"children": [
				{
					"name": "group",
					"origin": [8, 8, 8],
					"color": 0,
					"children": [0, 1, 2, 3, 4]
				},
				{
					"name": "group",
					"origin": [8, 8, 8],
					"color": 0,
					"children": [
						{
							"name": "group",
							"origin": [10.75, 8.25, 15.875],
							"color": 0,
							"children": [5, 6, 7, 8]
						},
						{
							"name": "group",
							"origin": [10.75, 8.25, 15.875],
							"color": 0,
							"children": [9, 10, 11, 12]
						},
						{
							"name": "group",
							"origin": [10.75, 8.25, 15.875],
							"color": 0,
							"children": [13, 14, 15, 16]
						},
						{
							"name": "group",
							"origin": [10.75, 8.25, 15.875],
							"color": 0,
							"children": [17, 18, 19, 20]
						}
					]
				},
				{
					"name": "group",
					"origin": [10.5, 12, 8],
					"color": 0,
					"children": [21, 22, 23, 24]
				},
				{
					"name": "group",
					"origin": [8, 24.41421, 13.53553],
					"color": 0,
					"children": [25, 26, 27, 28, 29, 30, 31, 32, 33, 34]
				}
			]
		}
	]
}