{
	"credit": "Made with Blockbench",
	"texture_size": [64, 64],
	"textures": {
		"2": "season1/tools/fire_pickaxe"
	},
	"elements": [
		{
			"from": [6, -2.75, 6],
			"to": [10, 13.25, 10],
			"rotation": {"angle": 0, "axis": "y", "origin": [8, 0, 8]},
			"faces": {
				"north": {"uv": [4, 0, 5, 4], "texture": "#2"},
				"east": {"uv": [4, 4.25, 5, 8.25], "texture": "#2"},
				"south": {"uv": [5.25, 0, 6.25, 4], "texture": "#2"},
				"west": {"uv": [5.25, 4.25, 6.25, 8.25], "texture": "#2"},
				"up": {"uv": [8.5, 2, 7.5, 1], "texture": "#2"},
				"down": {"uv": [8.5, 2.25, 7.5, 3.25], "texture": "#2"}
			}
		},
		{
			"from": [8, 7.62151, -4.56985],
			"to": [8, 15.62151, 5.43015],
			"rotation": {"angle": 0, "axis": "y", "origin": [8, -0.37849, 1.43015]},
			"faces": {
				"north": {"uv": [4.25, 10.25, 4.25, 12.25], "texture": "#2"},
				"east": {"uv": [16, 12.5, 11.6875, 15.9375], "texture": "#2"},
				"south": {"uv": [4.5, 10.25, 4.5, 12.25], "texture": "#2"},
				"west": {"uv": [11.6875, 12.5, 16, 15.9375], "texture": "#2"},
				"up": {"uv": [4.75, 12.75, 4.75, 10.25], "texture": "#2"},
				"down": {"uv": [5, 10.25, 5, 12.75], "texture": "#2"}
			}
		},
		{
			"from": [8, 7.62151, 10.56985],
			"to": [8, 15.62151, 20.56985],
			"rotation": {"angle": 0, "axis": "y", "origin": [8, -0.37849, 14.56985]},
			"faces": {
				"north": {"uv": [4.5, 10.25, 4.5, 12.25], "texture": "#2"},
				"east": {"uv": [11.6875, 12.5, 16, 15.9375], "texture": "#2"},
				"south": {"uv": [4.25, 10.25, 4.25, 12.25], "texture": "#2"},
				"west": {"uv": [16, 12.5, 11.6875, 15.9375], "texture": "#2"},
				"up": {"uv": [4.75, 10.25, 4.75, 12.75], "texture": "#2"},
				"down": {"uv": [5, 12.75, 5, 10.25], "texture": "#2"}
			}
		},
		{
			"from": [9.625, 16, 4.25],
			"to": [9.625, 23, 11.25],
			"rotation": {"angle": 0, "axis": "y", "origin": [6, 0, 7.5]},
			"faces": {
				"north": {"uv": [2.25, 10.25, 2.25, 12], "texture": "#2"},
				"east": {"uv": [15, 3.75, 11.875, 7.125], "texture": "#2"},
				"south": {"uv": [2.5, 10.25, 2.5, 12], "texture": "#2"},
				"west": {"uv": [11.875, 3.75, 15, 7.125], "texture": "#2"},
				"up": {"uv": [2.75, 12, 2.75, 10.25], "texture": "#2"},
				"down": {"uv": [3, 10.25, 3, 12], "texture": "#2"}
			}
		},
		{
			"from": [6.325, 16, 4.25],
			"to": [6.325, 23, 11.25],
			"rotation": {"angle": 0, "axis": "y", "origin": [6, 0, 7.5]},
			"faces": {
				"north": {"uv": [2.25, 10.25, 2.25, 12], "texture": "#2"},
				"east": {"uv": [15, 3.75, 11.875, 7.125], "texture": "#2"},
				"south": {"uv": [2.5, 10.25, 2.5, 12], "texture": "#2"},
				"west": {"uv": [11.875, 3.75, 15, 7.125], "texture": "#2"},
				"up": {"uv": [2.75, 12, 2.75, 10.25], "texture": "#2"},
				"down": {"uv": [3, 10.25, 3, 12], "texture": "#2"}
			}
		},
		{
			"from": [6, 14.25, 6],
			"to": [10, 16.25, 10],
			"rotation": {"angle": 0, "axis": "y", "origin": [8, 0, 8]},
			"faces": {
				"north": {"uv": [7.25, 9.25, 8.25, 9.75], "texture": "#2"},
				"east": {"uv": [9.5, 0, 10.5, 0.5], "texture": "#2"},
				"south": {"uv": [3.75, 9.5, 4.75, 10], "texture": "#2"},
				"west": {"uv": [5, 9.5, 6, 10], "texture": "#2"},
				"up": {"uv": [8.5, 4.5, 7.5, 3.5], "texture": "#2"},
				"down": {"uv": [8.5, 4.75, 7.5, 5.75], "texture": "#2"}
			}
		},
		{
			"from": [6, -5.75, 6],
			"to": [10, -3.75, 10],
			"rotation": {"angle": 0, "axis": "y", "origin": [8, 0, 8]},
			"faces": {
				"north": {"uv": [9.5, 5, 10.5, 5.5], "texture": "#2"},
				"east": {"uv": [9.5, 5.75, 10.5, 6.25], "texture": "#2"},
				"south": {"uv": [8.5, 9.75, 9.5, 10.25], "texture": "#2"},
				"west": {"uv": [9.75, 9.75, 10.75, 10.25], "texture": "#2"},
				"up": {"uv": [8.5, 7, 7.5, 6], "texture": "#2"},
				"down": {"uv": [7.5, 7.5, 6.5, 8.5], "texture": "#2"}
			}
		},
		{
			"from": [5.999, -9.001, 6.499],
			"to": [10.001, -5.999, 9.501],
			"rotation": {"angle": 45, "axis": "x", "origin": [8.5, -7.5, 8]},
			"faces": {
				"north": {"uv": [7.75, 7.25, 8.75, 8], "texture": "#2"},
				"east": {"uv": [0.75, 9, 1.5, 9.75], "texture": "#2"},
				"south": {"uv": [7.75, 8.25, 8.75, 9], "texture": "#2"},
				"west": {"uv": [1.75, 9, 2.5, 9.75], "texture": "#2"},
				"up": {"uv": [5, 9.25, 4, 8.5], "texture": "#2"},
				"down": {"uv": [6.25, 8.5, 5.25, 9.25], "texture": "#2"}
			}
		},
		{
			"from": [7.5, 15.5, -3.5],
			"to": [8.5, 18.5, 0.5],
			"rotation": {"angle": -45, "axis": "x", "origin": [7.5, 18.5, 1]},
			"faces": {
				"north": {"uv": [10, 4, 10.25, 4.75], "texture": "#2"},
				"east": {"uv": [8.75, 1, 9.75, 1.75], "texture": "#2"},
				"south": {"uv": [7.75, 10, 8, 10.75], "texture": "#2"},
				"west": {"uv": [8.75, 2, 9.75, 2.75], "texture": "#2"},
				"up": {"uv": [2.5, 11, 2.25, 10], "texture": "#2"},
				"down": {"uv": [10.25, 2.75, 10, 3.75], "texture": "#2"}
			}
		},
		{
			"from": [7.5, 15.5, 15.5],
			"to": [8.5, 18.5, 19.5],
			"rotation": {"angle": 45, "axis": "x", "origin": [7.5, 18.5, 15]},
			"faces": {
				"north": {"uv": [10, 7.75, 10.25, 8.5], "texture": "#2"},
				"east": {"uv": [8.75, 3, 9.75, 3.75], "texture": "#2"},
				"south": {"uv": [10, 8.75, 10.25, 9.5], "texture": "#2"},
				"west": {"uv": [8.75, 4, 9.75, 4.75], "texture": "#2"},
				"up": {"uv": [10.25, 7.5, 10, 6.5], "texture": "#2"},
				"down": {"uv": [7.5, 10, 7.25, 11], "texture": "#2"}
			}
		},
		{
			"from": [7, 14.5, 0.5],
			"to": [9, 20.5, 3.5],
			"rotation": {"angle": -22.5, "axis": "x", "origin": [8, 18.5, 1]},
			"faces": {
				"north": {"uv": [2, 7.25, 2.5, 8.75], "texture": "#2"},
				"east": {"uv": [6.5, 4, 7.25, 5.5], "texture": "#2"},
				"south": {"uv": [8.75, 5, 9.25, 6.5], "texture": "#2"},
				"west": {"uv": [6.5, 5.75, 7.25, 7.25], "texture": "#2"},
				"up": {"uv": [1.25, 10.75, 0.75, 10], "texture": "#2"},
				"down": {"uv": [10.5, 0.75, 10, 1.5], "texture": "#2"}
			}
		},
		{
			"from": [7, 14.5, 12.5],
			"to": [9, 20.5, 15.5],
			"rotation": {"angle": 22.5, "axis": "x", "origin": [8, 18.5, 15]},
			"faces": {
				"north": {"uv": [6.5, 8.75, 7, 10.25], "texture": "#2"},
				"east": {"uv": [0, 7.25, 0.75, 8.75], "texture": "#2"},
				"south": {"uv": [0, 9, 0.5, 10.5], "texture": "#2"},
				"west": {"uv": [1, 7.25, 1.75, 8.75], "texture": "#2"},
				"up": {"uv": [2, 10.75, 1.5, 10], "texture": "#2"},
				"down": {"uv": [10.5, 1.75, 10, 2.5], "texture": "#2"}
			}
		},
		{
			"from": [6.5, -7, 6.5],
			"to": [9.5, 17, 9.5],
			"rotation": {"angle": 0, "axis": "y", "origin": [7.5, 0, 7.5]},
			"faces": {
				"north": {"uv": [0, 0, 0.75, 6], "texture": "#2"},
				"east": {"uv": [1, 0, 1.75, 6], "texture": "#2"},
				"south": {"uv": [2, 0, 2.75, 6], "texture": "#2"},
				"west": {"uv": [3, 0, 3.75, 6], "texture": "#2"},
				"up": {"uv": [9.75, 7.5, 9, 6.75], "texture": "#2"},
				"down": {"uv": [9.75, 7.75, 9, 8.5], "texture": "#2"}
			}
		},
		{
			"from": [6.5, 17, 2.5],
			"to": [9.5, 20, 13.5],
			"rotation": {"angle": 0, "axis": "y", "origin": [7.5, 0, 7.5]},
			"faces": {
				"north": {"uv": [9, 8.75, 9.75, 9.5], "texture": "#2"},
				"east": {"uv": [0, 6.25, 2.75, 7], "texture": "#2"},
				"south": {"uv": [2.75, 9.25, 3.5, 10], "texture": "#2"},
				"west": {"uv": [6.5, 0, 9.25, 0.75], "texture": "#2"},
				"up": {"uv": [3.75, 9, 3, 6.25], "texture": "#2"},
				"down": {"uv": [7.25, 1, 6.5, 3.75], "texture": "#2"}
			}
		}
	],
	"gui_light": "front",
	"display": {
		"thirdperson_righthand": {
			"translation": [0, 1.5, 0.75],
			"scale": [0.57, 0.57, 0.57]
		},
		"thirdperson_lefthand": {
			"translation": [0, 1.5, 0.75],
			"scale": [0.57, 0.57, 0.57]
		},
		"firstperson_righthand": {
			"translation": [5.75, -2.25, -5]
		},
		"firstperson_lefthand": {
			"translation": [5.75, -2.25, -5]
		},
		"ground": {
			"rotation": [-45, 0, 0],
			"translation": [0, 7, 0],
			"scale": [0.5, 0.5, 0.5]
		},
		"gui": {
			"rotation": [90, -135, 90],
			"translation": [0.25, -0.75, 1.5],
			"scale": [0.54, 0.54, 0.54]
		},
		"head": {
			"rotation": [90, -38, -90],
			"translation": [0.75, -14.75, 4.25],
			"scale": [0.7, 0.7, 0.7]
		},
		"fixed": {
			"rotation": [-90, 45, 90],
			"translation": [-0.25, -0.25, -0.25],
			"scale": [0.66, 0.66, 0.66]
		}
	},
	"groups": [
		{
			"name": "group",
			"origin": [7, 0, 8],
			"color": 0,
			"children": [0, 1, 2, 3, 4, 5, 6, 7, 8, 9, 10, 11, 12, 13]
		}
	]
}