{
	"credit": "Made with Blockbench",
	"texture_size": [128, 128],
	"textures": {
		"1": "season1/tools/fire_sword"
	},
	"elements": [
		{
			"from": [6, 1, 4.5],
			"to": [6, 8, 11.5],
			"rotation": {"angle": 0, "axis": "y", "origin": [6, 0, 7.5]},
			"faces": {
				"north": {"uv": [1.125, 5.125, 1.125, 6], "texture": "#1"},
				"east": {"uv": [4.25, 1, 3.375, 1.875], "texture": "#1"},
				"south": {"uv": [1.25, 5.125, 1.25, 6], "texture": "#1"},
				"west": {"uv": [3.375, 1, 4.25, 1.875], "texture": "#1"},
				"up": {"uv": [1.375, 6, 1.375, 5.125], "texture": "#1"},
				"down": {"uv": [1.5, 5.125, 1.5, 6], "texture": "#1"}
			}
		},
		{
			"from": [9.7, 1, 4.5],
			"to": [9.7, 8, 11.5],
			"rotation": {"angle": 0, "axis": "y", "origin": [6, 0, 7.5]},
			"faces": {
				"north": {"uv": [1.125, 5.125, 1.125, 6], "texture": "#1"},
				"east": {"uv": [4.25, 1, 3.375, 1.875], "texture": "#1"},
				"south": {"uv": [1.25, 5.125, 1.25, 6], "texture": "#1"},
				"west": {"uv": [3.375, 1, 4.25, 1.875], "texture": "#1"},
				"up": {"uv": [1.375, 6, 1.375, 5.125], "texture": "#1"},
				"down": {"uv": [1.5, 5.125, 1.5, 6], "texture": "#1"}
			}
		},
		{
			"from": [8, -4.37849, -1.56985],
			"to": [8, 3.62151, 8.43015],
			"rotation": {"angle": 0, "axis": "y", "origin": [8, -0.37849, 1.43015]},
			"faces": {
				"north": {"uv": [2.125, 5.125, 2.125, 6.125], "texture": "#1"},
				"east": {"uv": [1.25, 3.125, 0, 4.125], "texture": "#1"},
				"south": {"uv": [2.25, 5.125, 2.25, 6.125], "texture": "#1"},
				"west": {"uv": [0, 3.125, 1.25, 4.125], "texture": "#1"},
				"up": {"uv": [2.375, 6.375, 2.375, 5.125], "texture": "#1"},
				"down": {"uv": [2.5, 5.125, 2.5, 6.375], "texture": "#1"}
			}
		},
		{
			"from": [8, -4.37849, 7.56985],
			"to": [8, 3.62151, 17.56985],
			"rotation": {"angle": 0, "axis": "y", "origin": [8, -0.37849, 14.56985]},
			"faces": {
				"north": {"uv": [2.25, 5.125, 2.25, 6.125], "texture": "#1"},
				"east": {"uv": [0, 3.125, 1.25, 4.125], "texture": "#1"},
				"south": {"uv": [2.125, 5.125, 2.125, 6.125], "texture": "#1"},
				"west": {"uv": [1.25, 3.125, 0, 4.125], "texture": "#1"},
				"up": {"uv": [2.375, 5.125, 2.375, 6.375], "texture": "#1"},
				"down": {"uv": [2.5, 6.375, 2.5, 5.125], "texture": "#1"}
			}
		},
		{
			"from": [6, -5, 6],
			"to": [10, 1, 10],
			"rotation": {"angle": 0, "axis": "y", "origin": [8, 0, 8]},
			"faces": {
				"north": {"uv": [0.75, 4.25, 1.25, 5], "texture": "#1"},
				"east": {"uv": [4.375, 0, 4.875, 0.75], "texture": "#1"},
				"south": {"uv": [4.375, 0.875, 4.875, 1.625], "texture": "#1"},
				"west": {"uv": [4.375, 2.5, 4.875, 3.25], "texture": "#1"},
				"up": {"uv": [3.875, 5, 3.375, 4.5], "texture": "#1"},
				"down": {"uv": [4.5, 4.5, 4, 5], "texture": "#1"}
			}
		},
		{
			"from": [6, -9, 6.5],
			"to": [10, -6, 9.5],
			"rotation": {"angle": 45, "axis": "x", "origin": [8.5, -7.5, 8]},
			"faces": {
				"north": {"uv": [4.625, 4.5, 5.125, 4.875], "texture": "#1"},
				"east": {"uv": [2.875, 4.875, 3.25, 5.25], "texture": "#1"},
				"south": {"uv": [4.875, 1.75, 5.375, 2.125], "texture": "#1"},
				"west": {"uv": [5, 1, 5.375, 1.375], "texture": "#1"},
				"up": {"uv": [5.5, 0.375, 5, 0], "texture": "#1"},
				"down": {"uv": [5.5, 0.5, 5, 0.875], "texture": "#1"}
			}
		},
		{
			"from": [7, 2.5, 1.5],
			"to": [9, 4.5, 14.5],
			"rotation": {"angle": 0, "axis": "y", "origin": [7, 0, 7.5]},
			"faces": {
				"north": {"uv": [4.375, 3.375, 4.625, 3.625], "texture": "#1"},
				"east": {"uv": [3.875, 3.75, 5.5, 4], "texture": "#1"},
				"south": {"uv": [0.75, 5.125, 1, 5.375], "texture": "#1"},
				"west": {"uv": [3.375, 4.125, 5, 4.375], "texture": "#1"},
				"up": {"uv": [0.25, 5.875, 0, 4.25], "texture": "#1"},
				"down": {"uv": [0.625, 4.25, 0.375, 5.875], "texture": "#1"}
			}
		},
		{
			"from": [6.5, -7, 6.5],
			"to": [9.5, 2, 9.5],
			"rotation": {"angle": 0, "axis": "y", "origin": [7.5, 0, 7.5]},
			"faces": {
				"north": {"uv": [1.375, 3.875, 1.75, 5], "texture": "#1"},
				"east": {"uv": [1.875, 3.875, 2.25, 5], "texture": "#1"},
				"south": {"uv": [2.375, 3.875, 2.75, 5], "texture": "#1"},
				"west": {"uv": [3.875, 2.5, 4.25, 3.625], "texture": "#1"},
				"up": {"uv": [5.375, 2.625, 5, 2.25], "texture": "#1"},
				"down": {"uv": [5.375, 2.75, 5, 3.125], "texture": "#1"}
			}
		},
		{
			"from": [6.5, 2, 2.5],
			"to": [9.5, 5, 13.5],
			"rotation": {"angle": 0, "axis": "y", "origin": [7.5, 0, 7.5]},
			"faces": {
				"north": {"uv": [5, 3.25, 5.375, 3.625], "texture": "#1"},
				"east": {"uv": [1.375, 3.375, 2.75, 3.75], "texture": "#1"},
				"south": {"uv": [4.625, 5, 5, 5.375], "texture": "#1"},
				"west": {"uv": [3.375, 2, 4.75, 2.375], "texture": "#1"},
				"up": {"uv": [3.75, 3.875, 3.375, 2.5], "texture": "#1"},
				"down": {"uv": [3.25, 3.375, 2.875, 4.75], "texture": "#1"}
			}
		},
		{
			"from": [8, 4, 4.5],
			"to": [8, 28, 11.5],
			"rotation": {"angle": 0, "axis": "y", "origin": [7, 0, 7.5]},
			"faces": {
				"north": {"uv": [2.625, 5.125, 2.625, 8.125], "texture": "#1"},
				"east": {"uv": [0, 0, 0.875, 3], "texture": "#1"},
				"south": {"uv": [2.75, 5.125, 2.75, 8.125], "texture": "#1"},
				"west": {"uv": [1, 0, 1.875, 3], "texture": "#1"},
				"up": {"uv": [3.375, 6, 3.375, 5.125], "texture": "#1"},
				"down": {"uv": [3.5, 5.125, 3.5, 6], "texture": "#1"}
			}
		}
	],
	"gui_light": "front",
	"display": {
		"thirdperson_righthand": {
			"translation": [0, 5.25, 0.75],
			"scale": [0.57, 0.57, 0.57]
		},
		"thirdperson_lefthand": {
			"translation": [0, 5.25, 0.75],
			"scale": [0.57, 0.57, 0.57]
		},
		"firstperson_righthand": {
			"translation": [8, 2.5, -6],
			"scale": [1.01563, 1, 1]
		},
		"firstperson_lefthand": {
			"translation": [8, 2.5, -6],
			"scale": [1.01563, 1, 1]
		},
		"ground": {
			"rotation": [-45, 0, 0],
			"translation": [0, 7, 0],
			"scale": [0.5, 0.5, 0.5]
		},
		"gui": {
			"rotation": [90, -135, 90],
			"translation": [-0.25, -0.25, 1.5],
			"scale": [0.54, 0.54, 0.54]
		},
		"head": {
			"rotation": [90, -38, -90],
			"translation": [-1, -15.25, 4.25],
			"scale": [0.88, 0.88, 0.88]
		},
		"fixed": {
			"rotation": [-90, 45, 90],
			"translation": [0, -0.5, -0.25],
			"scale": [0.6, 0.6, 0.6]
		}
	},
	"groups": [
		{
			"name": "group",
			"origin": [8, 8, 8],
			"color": 0,
			"children": [
				0,
				1,
				2,
				3,
				{
					"name": "group",
					"origin": [7, 0, 8],
					"color": 0,
					"children": [4, 5, 6, 7, 8, 9]
				}
			]
		}
	]
}