{"credit":"Made with Blockbench","texture_size":[128,128],"textures":{"1":"season1/hats/release/blood_wing"},"elements":[{"from":[-5.86017,12.82,11.08237],"to":[10.63983,31.3,11.08237],"rotation":{"angle":45,"axis":"y","origin":[2.38983,22.06,10.88237]},"faces":{"north":{"uv":[0.25,0.125,3.375,3.625],"texture":"#1"},"east":{"uv":[0.25,0.125,0.25,3.625],"texture":"#1"},"south":{"uv":[3.375,0.125,0.25,3.625],"texture":"#1"},"west":{"uv":[3.375,0.125,3.375,3.625],"texture":"#1"},"up":{"uv":[3.375,0.125,0.25,0.125],"texture":"#1"},"down":{"uv":[6.5,0.125,3.375,0.125],"texture":"#1"}}},{"from":[-5.86017,12.82,10.68237],"to":[10.63983,31.3,10.68237],"rotation":{"angle":45,"axis":"y","origin":[2.38983,22.06,10.88237]},"faces":{"north":{"uv":[0.25,0.125,3.375,3.625],"texture":"#1"},"east":{"uv":[0.25,0.125,0.25,3.625],"texture":"#1"},"south":{"uv":[3.375,0.125,0.25,3.625],"texture":"#1"},"west":{"uv":[3.375,0.125,3.375,3.625],"texture":"#1"},"up":{"uv":[3.375,0.125,0.25,0.125],"texture":"#1"},"down":{"uv":[6.5,0.125,3.375,0.125],"texture":"#1"}}},{"from":[5.36017,12.82,11.08237],"to":[21.86017,31.3,11.08237],"rotation":{"angle":-45,"axis":"y","origin":[13.61017,22.06,10.88237]},"faces":{"north":{"uv":[3.375,0.125,0.25,3.625],"texture":"#1"},"east":{"uv":[3.375,0.125,3.375,3.625],"texture":"#1"},"south":{"uv":[0.25,0.125,3.375,3.625],"texture":"#1"},"west":{"uv":[0.25,0.125,0.25,3.625],"texture":"#1"},"up":{"uv":[0.25,0.125,3.375,0.125],"texture":"#1"},"down":{"uv":[3.375,0.125,6.5,0.125],"texture":"#1"}}},{"from":[5.36017,12.82,10.68237],"to":[21.86017,31.3,10.68237],"rotation":{"angle":-45,"axis":"y","origin":[13.61017,22.06,10.88237]},"faces":{"north":{"uv":[3.375,0.125,0.25,3.625],"texture":"#1"},"east":{"uv":[3.375,0.125,3.375,3.625],"texture":"#1"},"south":{"uv":[0.25,0.125,3.375,3.625],"texture":"#1"},"west":{"uv":[0.25,0.125,0.25,3.625],"texture":"#1"},"up":{"uv":[0.25,0.125,3.375,0.125],"texture":"#1"},"down":{"uv":[3.375,0.125,6.5,0.125],"texture":"#1"}}}],"display":{"thirdperson_righthand":{"translation":[0,-2.75,0],"scale":[0.28,0.28,0.28]},"thirdperson_lefthand":{"translation":[0,-2.75,0],"scale":[0.28,0.28,0.28]},"firstperson_righthand":{"translation":[0,-2.75,0],"scale":[0.28,0.28,0.28]},"firstperson_lefthand":{"translation":[0,-2.75,0],"scale":[0.28,0.28,0.28]},"ground":{"scale":[0.35,0.35,0.35]},"gui":{"rotation":[-18,-180,0],"translation":[0,-8.25,0],"scale":[0.66,0.66,0.66]},"head":{"translation":[0,-38.75,8],"scale":[1.65,1.65,1.65]},"fixed":{"translation":[0,-14.75,-5.25]}},"groups":[{"name":"aile1","origin":[11,28,0],"color":0,"children":[0,1]},{"name":"aile1","origin":[11,28,0],"color":0,"children":[2,3]}]}