{
	"credit": "Made with Blockbench",
	"textures": {
		"1": "season1/hats/release/demonhorns",
		"particle": "season1/hats/release/demonhorns"
	},
	"elements": [
		{
			"from": [12.64334, 14.24615, 7.6915],
			"to": [13.64334, 17.24615, 8.6915],
			"rotation": {"angle": 22.5, "axis": "z", "origin": [14.14334, 15.74615, 8.1915]},
			"faces": {
				"north": {"uv": [12.032, 0.032, 12.968, 2.968], "texture": "#1"},
				"east": {"uv": [3.032, 12.032, 3.968, 14.968], "texture": "#1"},
				"south": {"uv": [5.032, 12.032, 5.968, 14.968], "texture": "#1"},
				"west": {"uv": [7.032, 12.032, 7.968, 14.968], "texture": "#1"},
				"up": {"uv": [9.968, 12.968, 9.032, 12.032], "texture": "#1"},
				"down": {"uv": [11.968, 12.032, 11.032, 12.968], "texture": "#1"}
			}
		},
		{
			"from": [10.825, 13.09492, 6.6915],
			"to": [13.825, 16.09492, 9.6915],
			"rotation": {"angle": -45, "axis": "z", "origin": [8, 13.85326, 8.1915]},
			"faces": {
				"north": {"uv": [0.032, 0.032, 2.968, 2.968], "texture": "#1"},
				"east": {"uv": [0.032, 4.032, 2.968, 6.968], "texture": "#1"},
				"south": {"uv": [4.032, 0.032, 6.968, 2.968], "texture": "#1"},
				"west": {"uv": [4.032, 4.032, 6.968, 6.968], "texture": "#1"},
				"up": {"uv": [2.968, 10.968, 0.032, 8.032], "texture": "#1"},
				"down": {"uv": [10.968, 0.032, 8.032, 2.968], "texture": "#1"}
			}
		},
		{
			"from": [12.97176, 10.85854, 7.1915],
			"to": [14.97176, 13.85854, 9.1915],
			"rotation": {"angle": -22.5, "axis": "z", "origin": [15.47176, 15.20854, 8.1915]},
			"faces": {
				"north": {"uv": [4.032, 8.032, 5.968, 10.968], "texture": "#1"},
				"east": {"uv": [8.032, 4.032, 9.968, 6.968], "texture": "#1"},
				"south": {"uv": [7.032, 8.032, 8.968, 10.968], "texture": "#1"},
				"west": {"uv": [10.032, 8.032, 11.968, 10.968], "texture": "#1"},
				"up": {"uv": [12.968, 5.968, 11.032, 4.032], "texture": "#1"},
				"down": {"uv": [1.968, 12.032, 0.032, 13.968], "texture": "#1"}
			}
		},
		{
			"from": [2.175, 13.09492, 6.6915],
			"to": [5.175, 16.09492, 9.6915],
			"rotation": {"angle": 45, "axis": "z", "origin": [8, 13.85326, 8.1915]},
			"faces": {
				"north": {"uv": [2.968, 0.032, 0.032, 2.968], "texture": "#1"},
				"east": {"uv": [6.968, 4.032, 4.032, 6.968], "texture": "#1"},
				"south": {"uv": [6.968, 0.032, 4.032, 2.968], "texture": "#1"},
				"west": {"uv": [2.968, 4.032, 0.032, 6.968], "texture": "#1"},
				"up": {"uv": [0.032, 10.968, 2.968, 8.032], "texture": "#1"},
				"down": {"uv": [8.032, 0.032, 10.968, 2.968], "texture": "#1"}
			}
		},
		{
			"from": [2.35666, 14.24615, 7.6915],
			"to": [3.35666, 17.24615, 8.6915],
			"rotation": {"angle": -22.5, "axis": "z", "origin": [1.85666, 15.74615, 8.1915]},
			"faces": {
				"north": {"uv": [12.968, 0.032, 12.032, 2.968], "texture": "#1"},
				"east": {"uv": [7.968, 12.032, 7.032, 14.968], "texture": "#1"},
				"south": {"uv": [5.968, 12.032, 5.032, 14.968], "texture": "#1"},
				"west": {"uv": [3.968, 12.032, 3.032, 14.968], "texture": "#1"},
				"up": {"uv": [9.032, 12.968, 9.968, 12.032], "texture": "#1"},
				"down": {"uv": [11.032, 12.032, 11.968, 12.968], "texture": "#1"}
			}
		},
		{
			"from": [1.02824, 10.85854, 7.1915],
			"to": [3.02824, 13.85854, 9.1915],
			"rotation": {"angle": 22.5, "axis": "z", "origin": [0.52824, 15.20854, 8.1915]},
			"faces": {
				"north": {"uv": [5.968, 8.032, 4.032, 10.968], "texture": "#1"},
				"east": {"uv": [11.968, 8.032, 10.032, 10.968], "texture": "#1"},
				"south": {"uv": [8.968, 8.032, 7.032, 10.968], "texture": "#1"},
				"west": {"uv": [9.968, 4.032, 8.032, 6.968], "texture": "#1"},
				"up": {"uv": [11.032, 5.968, 12.968, 4.032], "texture": "#1"},
				"down": {"uv": [0.032, 12.032, 1.968, 13.968], "texture": "#1"}
			}
		}
	],
	"display": {
		"thirdperson_righthand": {
			"translation": [0, -1.5, 1.75],
			"scale": [0.5, 0.5, 0.5]
		},
		"thirdperson_lefthand": {
			"translation": [0, -1.5, 1.75],
			"scale": [0.5, 0.5, 0.5]
		},
		"firstperson_righthand": {
			"scale": [0.5, 0.5, 0.5]
		},
		"firstperson_lefthand": {
			"scale": [0.5, 0.5, 0.5]
		},
		"ground": {
			"translation": [0, 3, 0],
			"scale": [0.25, 0.25, 0.25]
		},
		"gui": {
			"rotation": [30, 225, 0],
			"translation": [0, -5.75, 0],
			"scale": [1.25, 1.25, 1.25]
		},
		"head": {
			"scale": [1.7, 1.7, 1.7]
		},
		"fixed": {
			"translation": [0, -6.5, -2],
			"scale": [1.45, 1.45, 1.45]
		}
	}
}