{"credit":"Made with Blockbench","texture_size":[64,32],"textures":{"0":"season1/hats/release/devil_crown"},"elements":[{"from":[4,3,4],"to":[12,5,5],"rotation":{"angle":0,"axis":"y","origin":[8,-28,9]},"faces":{"north":{"uv":[0.25,9,2.25,10],"texture":"#0"},"east":{"uv":[0,9,0.25,10],"texture":"#0"},"south":{"uv":[2.5,9,4.5,10],"texture":"#0"},"west":{"uv":[2.25,9,2.5,10],"texture":"#0"},"up":{"uv":[2.25,9,0.25,8.5],"texture":"#0"},"down":{"uv":[4.25,8.5,2.25,9],"texture":"#0"}}},{"from":[4.5,5,4],"to":[11.5,6,5],"rotation":{"angle":0,"axis":"y","origin":[8,-28,9]},"faces":{"north":{"uv":[0.25,8,2,8.5],"texture":"#0"},"east":{"uv":[0,8,0.25,8.5],"texture":"#0"},"south":{"uv":[2.25,8,4,8.5],"texture":"#0"},"west":{"uv":[2,8,2.25,8.5],"texture":"#0"},"up":{"uv":[2,8,0.25,7.5],"texture":"#0"},"down":{"uv":[3.75,7.5,2,8],"texture":"#0"}}},{"from":[7.5,6,4],"to":[8.5,8,5],"rotation":{"angle":0,"axis":"y","origin":[8,-28,9]},"faces":{"north":{"uv":[0.5,0.5,0.75,1.5],"texture":"#0"},"east":{"uv":[0.25,0.5,0.5,1.5],"texture":"#0"},"south":{"uv":[1,0.5,1.25,1.5],"texture":"#0"},"west":{"uv":[0.75,0.5,1,1.5],"texture":"#0"},"up":{"uv":[0.75,0.5,0.5,0],"texture":"#0"},"down":{"uv":[1,0,0.75,0.5],"texture":"#0"}}},{"from":[8.2,7,4],"to":[10.2,9,5],"rotation":{"angle":45,"axis":"z","origin":[7.5,7,4.5]},"faces":{"north":{"uv":[0.25,5.5,0.75,6.5],"texture":"#0"},"east":{"uv":[0,5.5,0.25,6.5],"texture":"#0"},"south":{"uv":[1,5.5,1.5,6.5],"texture":"#0"},"west":{"uv":[0.75,5.5,1,6.5],"texture":"#0"},"up":{"uv":[0.75,5.5,0.25,5],"texture":"#0"},"down":{"uv":[1.25,5,0.75,5.5],"texture":"#0"}}},{"from":[4,6,4],"to":[5,8,5],"rotation":{"angle":0,"axis":"y","origin":[8,-28,9]},"faces":{"north":{"uv":[0.25,12.5,0.5,13.5],"texture":"#0"},"east":{"uv":[0,12.5,0.25,13.5],"texture":"#0"},"south":{"uv":[0.75,12.5,1,13.5],"texture":"#0"},"west":{"uv":[0.5,12.5,0.75,13.5],"texture":"#0"},"up":{"uv":[0.5,12.5,0.25,12],"texture":"#0"},"down":{"uv":[0.75,12,0.5,12.5],"texture":"#0"}}},{"from":[11,6,4],"to":[12,8,5],"shade":false,"rotation":{"angle":0,"axis":"y","origin":[8,-28,9]},"faces":{"north":{"uv":[0.5,12.5,0.25,13.5],"texture":"#0"},"east":{"uv":[0.75,12.5,0.5,13.5],"texture":"#0"},"south":{"uv":[1,12.5,0.75,13.5],"texture":"#0"},"west":{"uv":[0.25,12.5,0,13.5],"texture":"#0"},"up":{"uv":[0.25,12.5,0.5,12],"texture":"#0"},"down":{"uv":[0.5,12,0.75,12.5],"texture":"#0"}}},{"from":[10,7,4],"to":[11,8,5],"shade":false,"rotation":{"angle":0,"axis":"y","origin":[8,-28,9]},"faces":{"north":{"uv":[2.75,0.5,2.5,1],"texture":"#0"},"east":{"uv":[3,0.5,2.75,1],"texture":"#0"},"south":{"uv":[3.25,0.5,3,1],"texture":"#0"},"west":{"uv":[2.5,0.5,2.25,1],"texture":"#0"},"up":{"uv":[2.5,0.5,2.75,0],"texture":"#0"},"down":{"uv":[2.75,0,3,0.5],"texture":"#0"}}},{"from":[5,7,4],"to":[6,8,5],"rotation":{"angle":0,"axis":"y","origin":[8,-28,9]},"faces":{"north":{"uv":[2.5,0.5,2.75,1],"texture":"#0"},"east":{"uv":[2.25,0.5,2.5,1],"texture":"#0"},"south":{"uv":[3,0.5,3.25,1],"texture":"#0"},"west":{"uv":[2.75,0.5,3,1],"texture":"#0"},"up":{"uv":[2.75,0.5,2.5,0],"texture":"#0"},"down":{"uv":[3,0,2.75,0.5],"texture":"#0"}}},{"from":[3,3,4],"to":[4,5,12],"rotation":{"angle":0,"axis":"y","origin":[8,-28,9]},"faces":{"north":{"uv":[2,14,2.25,15],"texture":"#0"},"east":{"uv":[0,14,2,15],"texture":"#0"},"south":{"uv":[4.25,14,4.5,15],"texture":"#0"},"west":{"uv":[2.25,14,4.25,15],"texture":"#0"},"up":{"uv":[2.25,14,2,10],"texture":"#0"},"down":{"uv":[2.5,10,2.25,14],"texture":"#0"}}},{"from":[2.92388,4.36732,8],"to":[3.92388,6.36732,10],"rotation":{"angle":0,"axis":"y","origin":[0,-25.25,0]},"faces":{"north":{"uv":[3,4.5,3.25,5.5],"texture":"#0"},"east":{"uv":[2.5,4.5,3,5.5],"texture":"#0"},"south":{"uv":[3.75,4.5,4,5.5],"texture":"#0"},"west":{"uv":[3.25,4.5,3.75,5.5],"texture":"#0"},"up":{"uv":[3.25,4.5,3,3.5],"texture":"#0"},"down":{"uv":[3.5,3.5,3.25,4.5],"texture":"#0"}}},{"from":[3.12495,12.64111,7.98],"to":[4.16495,16.68111,10.02],"rotation":{"angle":-45,"axis":"z","origin":[-4.5,9.75,0]},"faces":{"north":{"uv":[4.75,4,5,6],"texture":"#0"},"east":{"uv":[4.25,4,4.75,6],"texture":"#0"},"south":{"uv":[5.5,4,5.75,6],"texture":"#0"},"west":{"uv":[5,4,5.5,6],"texture":"#0"},"up":{"uv":[5,4,4.75,3],"texture":"#0"},"down":{"uv":[5.25,3,5,4],"texture":"#0"}}},{"from":[5.22521,12.31715,7.96],"to":[6.30521,14.39715,10.04],"rotation":{"angle":-22.5,"axis":"z","origin":[-4.5,9.75,0]},"faces":{"north":{"uv":[0.5,3,0.75,4],"texture":"#0"},"east":{"uv":[0,3,0.5,4],"texture":"#0"},"south":{"uv":[1.25,3,1.5,4],"texture":"#0"},"west":{"uv":[0.75,3,1.25,4],"texture":"#0"},"up":{"uv":[0.75,3,0.5,2],"texture":"#0"},"down":{"uv":[1,2,0.75,3],"texture":"#0"}}},{"from":[11.92388,5.13268,8],"to":[12.92388,7.13268,10],"shade":false,"rotation":{"angle":0,"axis":"y","origin":[0,-25.25,0]},"faces":{"north":{"uv":[3.25,4.5,3,5.5],"texture":"#0"},"east":{"uv":[3.75,4.5,3.25,5.5],"texture":"#0"},"south":{"uv":[4,4.5,3.75,5.5],"texture":"#0"},"west":{"uv":[3,4.5,2.5,5.5],"texture":"#0"},"up":{"uv":[3,4.5,3.25,3.5],"texture":"#0"},"down":{"uv":[3.25,3.5,3.5,4.5],"texture":"#0"}}},{"from":[7.58231,1.97625,7.98],"to":[8.62231,6.01625,10.02],"shade":false,"rotation":{"angle":45,"axis":"z","origin":[4.5,9.75,0]},"faces":{"north":{"uv":[5,4,4.75,6],"texture":"#0"},"east":{"uv":[5.5,4,5,6],"texture":"#0"},"south":{"uv":[5.75,4,5.5,6],"texture":"#0"},"west":{"uv":[4.75,4,4.25,6],"texture":"#0"},"up":{"uv":[4.75,4,5,3],"texture":"#0"},"down":{"uv":[5,3,5.25,4],"texture":"#0"}}},{"from":[8.62911,6.95958,7.96],"to":[9.70911,9.03958,10.04],"shade":false,"rotation":{"angle":22.5,"axis":"z","origin":[4.5,9.75,0]},"faces":{"north":{"uv":[0.75,3,0.5,4],"texture":"#0"},"east":{"uv":[1.25,3,0.75,4],"texture":"#0"},"south":{"uv":[1.5,3,1.25,4],"texture":"#0"},"west":{"uv":[0.5,3,0,4],"texture":"#0"},"up":{"uv":[0.5,3,0.75,2],"texture":"#0"},"down":{"uv":[0.75,2,1,3],"texture":"#0"}}},{"from":[12,3,4],"to":[13,5,12],"shade":false,"rotation":{"angle":0,"axis":"y","origin":[8,-28,9]},"faces":{"north":{"uv":[2.25,14,2,15],"texture":"#0"},"east":{"uv":[4.25,14,2.25,15],"texture":"#0"},"south":{"uv":[4.5,14,4.25,15],"texture":"#0"},"west":{"uv":[2,14,0,15],"texture":"#0"},"up":{"uv":[2,14,2.25,10],"texture":"#0"},"down":{"uv":[2.25,10,2.5,14],"texture":"#0"}}},{"from":[12,5,5],"to":[13,6,7],"shade":false,"rotation":{"angle":0,"axis":"y","origin":[8,-28,9]},"faces":{"north":{"uv":[5.25,11.5,5,12],"texture":"#0"},"east":{"uv":[5.75,11.5,5.25,12],"texture":"#0"},"south":{"uv":[6,11.5,5.75,12],"texture":"#0"},"west":{"uv":[5,11.5,4.5,12],"texture":"#0"},"up":{"uv":[5,11.5,5.25,10.5],"texture":"#0"},"down":{"uv":[5.25,10.5,5.5,11.5],"texture":"#0"}}},{"from":[3,5,5],"to":[4,6,7],"rotation":{"angle":0,"axis":"y","origin":[8,-28,9]},"faces":{"north":{"uv":[5,11.5,5.25,12],"texture":"#0"},"east":{"uv":[4.5,11.5,5,12],"texture":"#0"},"south":{"uv":[5.75,11.5,6,12],"texture":"#0"},"west":{"uv":[5.25,11.5,5.75,12],"texture":"#0"},"up":{"uv":[5.25,11.5,5,10.5],"texture":"#0"},"down":{"uv":[5.5,10.5,5.25,11.5],"texture":"#0"}}}],"display":{"thirdperson_righthand":{"translation":[0,0,-1],"scale":[0.46,0.46,0.46]},"thirdperson_lefthand":{"translation":[0,0,-1],"scale":[0.46,0.46,0.46]},"ground":{"scale":[0.44,0.44,0.44]},"gui":{"rotation":[36,153,0],"translation":[0,3,0]},"head":{"translation":[0,11.5,-1.25],"scale":[1.57,1.57,1.57]},"fixed":{"translation":[0,2.5,0]}},"groups":[{"name":"bipedHead","origin":[-0.00042,9.11743,-3.66667],"color":0,"children":[0,1,2,3,4,5,6,7,8,{"name":"bone","origin":[-4.5,7.75,0],"rotation":[0,0,22.5],"color":0,"children":[9,10,11]},{"name":"bone2","origin":[4.5,7.75,0],"rotation":[0,0,-22.5],"color":0,"children":[12,13,14]},15,16,17]}]}