{
	"credit": "Made with Blockbench",
	"texture_size": [64, 64],
	"textures": {
		"0": "season1/hats/release/dragonplushie",
		"particle": "season1/hats/release/dragonplushie"
	},
	"elements": [
		{
			"from": [11, 0.1, 1.1],
			"to": [15, 2.1, 9.1],
			"rotation": {"angle": 0, "axis": "y", "origin": [-13, 0.1, -14.9]},
			"faces": {
				"north": {"uv": [11.25, 3, 12.25, 3.5], "texture": "#0"},
				"east": {"uv": [10.5, 3.75, 12.5, 4.25], "texture": "#0"},
				"south": {"uv": [11.25, 7.25, 12.25, 7.75], "texture": "#0"},
				"west": {"uv": [10.5, 4.25, 12.5, 4.75], "texture": "#0"},
				"up": {"uv": [10.5, 5, 9.5, 3], "texture": "#0"},
				"down": {"uv": [10.5, 5, 9.5, 7], "texture": "#0"}
			}
		},
		{
			"from": [1.975, 2.1, 5.1],
			"to": [4.975, 8.1, 11.1],
			"rotation": {"angle": 22.5, "axis": "x", "origin": [5, 5.1, 8.1]},
			"faces": {
				"north": {"uv": [3, 10, 3.75, 11.5], "texture": "#0"},
				"east": {"uv": [5, 8.5, 6.5, 10], "texture": "#0"},
				"south": {"uv": [3.75, 10, 4.5, 11.5], "texture": "#0"},
				"west": {"uv": [6.5, 8.5, 8, 10], "texture": "#0"},
				"up": {"uv": [5.25, 11.5, 4.5, 10], "texture": "#0"},
				"down": {"uv": [6, 10, 5.25, 11.5], "texture": "#0"}
			}
		},
		{
			"from": [11.025, 2.1, 5.1],
			"to": [14.025, 8.1, 11.1],
			"rotation": {"angle": 22.5, "axis": "x", "origin": [10.8, 5.1, 8.1]},
			"faces": {
				"north": {"uv": [6, 10, 6.75, 11.5], "texture": "#0"},
				"east": {"uv": [9, 0, 10.5, 1.5], "texture": "#0"},
				"south": {"uv": [6.75, 10, 7.5, 11.5], "texture": "#0"},
				"west": {"uv": [9, 1.5, 10.5, 3], "texture": "#0"},
				"up": {"uv": [10.75, 8.5, 10, 7], "texture": "#0"},
				"down": {"uv": [10.75, 8.5, 10, 10], "texture": "#0"}
			}
		},
		{
			"from": [3.325, 3.36088, 2.75797],
			"to": [5.675, 8.36088, 4.75797],
			"rotation": {"angle": 22.5, "axis": "x", "origin": [8, 5.36088, 7.68297]},
			"faces": {
				"north": {"uv": [7.5, 10, 8, 11.25], "texture": "#0"},
				"east": {"uv": [10.75, 7.25, 11.25, 8.5], "texture": "#0"},
				"south": {"uv": [10.75, 8.5, 11.25, 9.75], "texture": "#0"},
				"west": {"uv": [10, 10.75, 10.5, 12], "texture": "#0"},
				"up": {"uv": [11.75, 10, 11.25, 9.5], "texture": "#0"},
				"down": {"uv": [5.5, 11.5, 5, 12], "texture": "#0"}
			}
		},
		{
			"from": [10.325, 3.36088, 2.75797],
			"to": [12.675, 8.36088, 4.75797],
			"rotation": {"angle": 22.5, "axis": "x", "origin": [8, 5.36088, 7.68297]},
			"faces": {
				"north": {"uv": [8, 10, 7.5, 11.25], "texture": "#0"},
				"east": {"uv": [10.5, 10.75, 10, 12], "texture": "#0"},
				"south": {"uv": [11.25, 8.5, 10.75, 9.75], "texture": "#0"},
				"west": {"uv": [11.25, 7.25, 10.75, 8.5], "texture": "#0"},
				"up": {"uv": [11.25, 10, 11.75, 9.5], "texture": "#0"},
				"down": {"uv": [5, 11.5, 5.5, 12], "texture": "#0"}
			}
		},
		{
			"from": [3.95, 0.78267, 5.06252],
			"to": [12.05, 10.78267, 12.61252],
			"rotation": {"angle": 0, "axis": "y", "origin": [8, 7.78267, 7.06252]},
			"faces": {
				"north": {"uv": [0, 5, 2, 7.5], "texture": "#0"},
				"east": {"uv": [5, 0, 7, 2.5], "texture": "#0"},
				"south": {"uv": [2, 5, 4, 7.5], "texture": "#0"},
				"west": {"uv": [5, 2.5, 7, 5], "texture": "#0"},
				"up": {"uv": [6, 7, 4, 5], "texture": "#0"},
				"down": {"uv": [8, 5, 6, 7], "texture": "#0"}
			}
		},
		{
			"from": [6.95, 2.28267, 13.66252],
			"to": [9.95, 5.28267, 19.66252],
			"rotation": {"angle": 0, "axis": "y", "origin": [8, 7.78267, 6.91252]},
			"faces": {
				"north": {"uv": [1.5, 11, 2.25, 11.75], "texture": "#0"},
				"east": {"uv": [10, 10, 11.5, 10.75], "texture": "#0"},
				"south": {"uv": [2.25, 11, 3, 11.75], "texture": "#0"},
				"west": {"uv": [10.5, 0, 12, 0.75], "texture": "#0"},
				"up": {"uv": [11.25, 2.25, 10.5, 0.75], "texture": "#0"},
				"down": {"uv": [11.25, 2.25, 10.5, 3.75], "texture": "#0"}
			}
		},
		{
			"from": [7.2, 3.60767, 19.28752],
			"to": [9.7, 6.10767, 22.28752],
			"rotation": {"angle": -22.5, "axis": "x", "origin": [8.45, 3.78267, 21.16252]},
			"faces": {
				"north": {"uv": [9, 3, 9.5, 3.75], "texture": "#0"},
				"east": {"uv": [11, 10.75, 11.75, 11.5], "texture": "#0"},
				"south": {"uv": [9.5, 7, 10, 7.75], "texture": "#0"},
				"west": {"uv": [11.25, 0.75, 12, 1.5], "texture": "#0"},
				"up": {"uv": [8, 12, 7.5, 11.25], "texture": "#0"},
				"down": {"uv": [11.75, 8.75, 11.25, 9.5], "texture": "#0"}
			}
		},
		{
			"from": [9.85, 5.78267, 14.16252],
			"to": [19.95, 15.78267, 14.16252],
			"rotation": {"angle": -22.5, "axis": "y", "origin": [12.15, 10.78267, 14.16252]},
			"faces": {
				"north": {"uv": [0, 0, 2.5, 2.5], "texture": "#0"},
				"east": {"uv": [0, 0, 0, 2.5], "texture": "#0"},
				"south": {"uv": [0, 2.5, 2.5, 5], "texture": "#0"},
				"west": {"uv": [0, 0, 0, 2.5], "texture": "#0"},
				"up": {"uv": [2.5, 0, 0, 0], "texture": "#0"},
				"down": {"uv": [2.5, 0, 0, 0], "texture": "#0"}
			}
		},
		{
			"from": [-3.95, 5.78267, 14.16252],
			"to": [6.15, 15.78267, 14.16252],
			"rotation": {"angle": 22.5, "axis": "y", "origin": [3.85, 10.78267, 14.16252]},
			"faces": {
				"north": {"uv": [2.5, 0, 0, 2.5], "texture": "#0"},
				"east": {"uv": [0, 0, 0, 2.5], "texture": "#0"},
				"south": {"uv": [2.5, 2.5, 0, 5], "texture": "#0"},
				"west": {"uv": [0, 0, 0, 2.5], "texture": "#0"},
				"up": {"uv": [0, 0, 2.5, 0], "texture": "#0"},
				"down": {"uv": [0, 0, 2.5, 0], "texture": "#0"}
			}
		},
		{
			"from": [4.95, 10.78267, 4.81252],
			"to": [11.05, 16.78267, 11.36252],
			"rotation": {"angle": 0, "axis": "y", "origin": [8, 7.78267, 7.06252]},
			"faces": {
				"north": {"uv": [0, 9.5, 1.5, 11], "texture": "#0"},
				"east": {"uv": [4.25, 7, 6, 8.5], "texture": "#0"},
				"south": {"uv": [1.5, 9.5, 3, 11], "texture": "#0"},
				"west": {"uv": [6, 7, 7.75, 8.5], "texture": "#0"},
				"up": {"uv": [1.5, 9.5, 0, 7.75], "texture": "#0"},
				"down": {"uv": [3, 7.75, 1.5, 9.5], "texture": "#0"}
			}
		},
		{
			"from": [7.45, 12.78267, 11.31252],
			"to": [8.55, 15.78267, 12.86252],
			"rotation": {"angle": 0, "axis": "y", "origin": [8, 7.78267, 7.06252]},
			"faces": {
				"north": {"uv": [6, 11.5, 6.25, 12.25], "texture": "#0"},
				"east": {"uv": [3, 11.5, 3.5, 12.25], "texture": "#0"},
				"south": {"uv": [6.25, 11.5, 6.5, 12.25], "texture": "#0"},
				"west": {"uv": [3.5, 11.5, 4, 12.25], "texture": "#0"},
				"up": {"uv": [10.75, 7, 10.5, 6.5], "texture": "#0"},
				"down": {"uv": [7.25, 11.5, 7, 12], "texture": "#0"}
			}
		},
		{
			"from": [7.45, 6.78267, 13.41252],
			"to": [8.55, 9.78267, 14.96252],
			"rotation": {"angle": -22.5, "axis": "x", "origin": [8, 8.28267, 13.18752]},
			"faces": {
				"north": {"uv": [6.5, 11.5, 6.75, 12.25], "texture": "#0"},
				"east": {"uv": [4, 11.5, 4.5, 12.25], "texture": "#0"},
				"south": {"uv": [6.75, 11.5, 7, 12.25], "texture": "#0"},
				"west": {"uv": [4.5, 11.5, 5, 12.25], "texture": "#0"},
				"up": {"uv": [7.5, 12, 7.25, 11.5], "texture": "#0"},
				"down": {"uv": [8.25, 11.5, 8, 12], "texture": "#0"}
			}
		},
		{
			"from": [5.45, 16.78267, 5.56252],
			"to": [6.45, 17.78267, 7.56252],
			"rotation": {"angle": 0, "axis": "y", "origin": [8, 7.78267, 7.06252]},
			"faces": {
				"north": {"uv": [9, 3.75, 9.25, 4], "texture": "#0"},
				"east": {"uv": [7, 4.75, 7.5, 5], "texture": "#0"},
				"south": {"uv": [9.25, 3.75, 9.5, 4], "texture": "#0"},
				"west": {"uv": [7.5, 4.75, 8, 5], "texture": "#0"},
				"up": {"uv": [8.5, 12, 8.25, 11.5], "texture": "#0"},
				"down": {"uv": [8.75, 11.5, 8.5, 12], "texture": "#0"}
			}
		},
		{
			"from": [1, 0.1, 1.1],
			"to": [5, 2.1, 9.1],
			"rotation": {"angle": 0, "axis": "y", "origin": [-13, 0.1, -14.9]},
			"faces": {
				"north": {"uv": [11.25, 7.75, 12.25, 8.25], "texture": "#0"},
				"east": {"uv": [10.5, 4.75, 12.5, 5.25], "texture": "#0"},
				"south": {"uv": [11.25, 8.25, 12.25, 8.75], "texture": "#0"},
				"west": {"uv": [10.5, 5.25, 12.5, 5.75], "texture": "#0"},
				"up": {"uv": [9, 11.5, 8, 9.5], "texture": "#0"},
				"down": {"uv": [10, 9.5, 9, 11.5], "texture": "#0"}
			}
		},
		{
			"from": [9.55, 16.78267, 5.56252],
			"to": [10.55, 17.78267, 7.56252],
			"rotation": {"angle": 0, "axis": "y", "origin": [12, 7.78267, 7.06252]},
			"faces": {
				"north": {"uv": [9.5, 7.75, 9.75, 8], "texture": "#0"},
				"east": {"uv": [3, 8.25, 3.5, 8.5], "texture": "#0"},
				"south": {"uv": [9.75, 7.75, 10, 8], "texture": "#0"},
				"west": {"uv": [3.5, 8.25, 4, 8.5], "texture": "#0"},
				"up": {"uv": [9, 12, 8.75, 11.5], "texture": "#0"},
				"down": {"uv": [9.25, 11.5, 9, 12], "texture": "#0"}
			}
		},
		{
			"from": [4, -4.68912, 7.26703],
			"to": [12, 3.31088, 13.26703],
			"rotation": {"angle": -22.5, "axis": "x", "origin": [8, 5.36088, -5.83297]},
			"faces": {
				"north": {"uv": [7, 0, 9, 2], "texture": "#0"},
				"east": {"uv": [8, 4, 9.5, 6], "texture": "#0"},
				"south": {"uv": [7, 2, 9, 4], "texture": "#0"},
				"west": {"uv": [8, 6, 9.5, 8], "texture": "#0"},
				"up": {"uv": [10, 9.5, 8, 8], "texture": "#0"},
				"down": {"uv": [5, 8.5, 3, 10], "texture": "#0"}
			}
		},
		{
			"from": [5.95, 10.78267, 2.31252],
			"to": [10.05, 13.78267, 4.86252],
			"rotation": {"angle": 0, "axis": "y", "origin": [8, 7.78267, 7.06252]},
			"faces": {
				"north": {"uv": [7, 4, 8, 4.75], "texture": "#0"},
				"east": {"uv": [11.25, 1.5, 12, 2.25], "texture": "#0"},
				"south": {"uv": [3, 7.5, 4, 8.25], "texture": "#0"},
				"west": {"uv": [11.25, 2.25, 12, 3], "texture": "#0"},
				"up": {"uv": [11.5, 6.5, 10.5, 5.75], "texture": "#0"},
				"down": {"uv": [11.75, 6.5, 10.75, 7.25], "texture": "#0"}
			}
		}
	],
	"display": {
		"thirdperson_righthand": {
			"rotation": [90, 0, 0],
			"translation": [0, 2.25, 0],
			"scale": [0.5, 0.5, 0.5]
		},
		"firstperson_righthand": {
			"rotation": [0, -4, 0],
			"translation": [0, 2.75, 0],
			"scale": [0.5, 0.5, 0.5]
		},
		"firstperson_lefthand": {
			"translation": [0, 2.75, 0],
			"scale": [0.5, 0.5, 0.5]
		},
		"ground": {
			"translation": [0, 1.5, 0],
			"scale": [0.7, 0.7, 0.7]
		},
		"gui": {
			"rotation": [0, 180, 0],
			"translation": [-0.25, -0.5, 0],
			"scale": [0.65, 0.65, 0.81]
		},
		"head": {
			"translation": [0, 13.75, 2.25]
		},
		"fixed": {
			"translation": [0, 0, -3.75]
		}
	},
	"groups": [
		{
			"name": "group",
			"origin": [8, 8, 8],
			"color": 0,
			"children": [0, 1, 2, 3, 4, 5, 6, 7, 8, 9, 10, 11, 12, 13, 14, 15, 16]
		},
		17
	]
}