{"credit":"Made with Blockbench","parent":"evil_hades_plushie","texture_size":[64,64],"textures":{"2":"season1/hats/release/evil_hades_plushie"},"elements":[{"from":[8.4,9.8,9],"to":[8.4,14.6,12.6],"rotation":{"angle":-45,"axis":"y","origin":[8.4,12.55467,9.45333]},"faces":{"north":{"uv":[13.75,6.5,13.75,9.5],"texture":"#2"},"east":{"uv":[11.5,6.5,13.75,9.5],"texture":"#2"},"south":{"uv":[16,6.5,16,9.5],"texture":"#2"},"west":{"uv":[13.75,6.5,16,9.5],"texture":"#2"},"up":{"uv":[13.75,6.5,13.75,4.25],"texture":"#2"},"down":{"uv":[13.75,4.25,13.75,6.5],"texture":"#2"}}},{"from":[8.2,12.2,11.76],"to":[8.6,12.6,12.56],"rotation":{"angle":-45,"axis":"y","origin":[8.4,12.55467,9.45333]},"faces":{"north":{"uv":[7.5,10.75,7.75,11],"texture":"#2"},"east":{"uv":[7,10.75,7.5,11],"texture":"#2"},"south":{"uv":[8.25,10.75,8.5,11],"texture":"#2"},"west":{"uv":[7.75,10.75,8.25,11],"texture":"#2"},"up":{"uv":[7.75,10.75,7.5,10.25],"texture":"#2"},"down":{"uv":[8,10.25,7.75,10.75],"texture":"#2"}}},{"from":[8.2,13.8,11.4],"to":[8.6,14.2,11.8],"rotation":{"angle":-45,"axis":"y","origin":[8.4,12.55467,9.45333]},"faces":{"north":{"uv":[7.25,10.5,7.5,10.75],"texture":"#2"},"east":{"uv":[7,10.5,7.25,10.75],"texture":"#2"},"south":{"uv":[7.75,10.5,8,10.75],"texture":"#2"},"west":{"uv":[7.5,10.5,7.75,10.75],"texture":"#2"},"up":{"uv":[7.5,10.5,7.25,10.25],"texture":"#2"},"down":{"uv":[7.75,10.25,7.5,10.5],"texture":"#2"}}},{"from":[8.2,13.4,11],"to":[8.6,13.8,11.4],"rotation":{"angle":-45,"axis":"y","origin":[8.4,12.55467,9.45333]},"faces":{"north":{"uv":[7.25,10.5,7.5,10.75],"texture":"#2"},"east":{"uv":[7,10.5,7.25,10.75],"texture":"#2"},"south":{"uv":[7.75,10.5,8,10.75],"texture":"#2"},"west":{"uv":[7.5,10.5,7.75,10.75],"texture":"#2"},"up":{"uv":[7.5,10.5,7.25,10.25],"texture":"#2"},"down":{"uv":[7.75,10.25,7.5,10.5],"texture":"#2"}}},{"from":[8.2,13,10.6],"to":[8.6,13.4,11],"rotation":{"angle":-45,"axis":"y","origin":[8.4,12.55467,9.45333]},"faces":{"north":{"uv":[7.25,10.5,7.5,10.75],"texture":"#2"},"east":{"uv":[7,10.5,7.25,10.75],"texture":"#2"},"south":{"uv":[7.75,10.5,8,10.75],"texture":"#2"},"west":{"uv":[7.5,10.5,7.75,10.75],"texture":"#2"},"up":{"uv":[7.5,10.5,7.25,10.25],"texture":"#2"},"down":{"uv":[7.75,10.25,7.5,10.5],"texture":"#2"}}},{"from":[8.2,13,10.2],"to":[8.6,13.4,10.6],"rotation":{"angle":-45,"axis":"y","origin":[8.4,12.55467,9.45333]},"faces":{"north":{"uv":[7.25,10.5,7.5,10.75],"texture":"#2"},"east":{"uv":[7,10.5,7.25,10.75],"texture":"#2"},"south":{"uv":[7.75,10.5,8,10.75],"texture":"#2"},"west":{"uv":[7.5,10.5,7.75,10.75],"texture":"#2"},"up":{"uv":[7.5,10.5,7.25,10.25],"texture":"#2"},"down":{"uv":[7.75,10.25,7.5,10.5],"texture":"#2"}}},{"from":[8.24,10.64,11.84],"to":[8.56,10.96,12.56],"rotation":{"angle":-45,"axis":"y","origin":[8.4,12.55467,9.45333]},"faces":{"north":{"uv":[7.5,10.75,7.75,11],"texture":"#2"},"east":{"uv":[7,10.75,7.5,11],"texture":"#2"},"south":{"uv":[8.25,10.75,8.5,11],"texture":"#2"},"west":{"uv":[7.75,10.75,8.25,11],"texture":"#2"},"up":{"uv":[7.75,10.75,7.5,10.25],"texture":"#2"},"down":{"uv":[8,10.25,7.75,10.75],"texture":"#2"}}},{"from":[8.2,11,11],"to":[8.6,11.4,11.4],"rotation":{"angle":-45,"axis":"y","origin":[8.4,12.55467,9.45333]},"faces":{"north":{"uv":[7.25,10.5,7.5,10.75],"texture":"#2"},"east":{"uv":[7,10.5,7.25,10.75],"texture":"#2"},"south":{"uv":[7.75,10.5,8,10.75],"texture":"#2"},"west":{"uv":[7.5,10.5,7.75,10.75],"texture":"#2"},"up":{"uv":[7.5,10.5,7.25,10.25],"texture":"#2"},"down":{"uv":[7.75,10.25,7.5,10.5],"texture":"#2"}}},{"from":[8.2,10.6,11.4],"to":[8.6,11,11.8],"rotation":{"angle":-45,"axis":"y","origin":[8.4,12.55467,9.45333]},"faces":{"north":{"uv":[7.25,10.5,7.5,10.75],"texture":"#2"},"east":{"uv":[7,10.5,7.25,10.75],"texture":"#2"},"south":{"uv":[7.75,10.5,8,10.75],"texture":"#2"},"west":{"uv":[7.5,10.5,7.75,10.75],"texture":"#2"},"up":{"uv":[7.5,10.5,7.25,10.25],"texture":"#2"},"down":{"uv":[7.75,10.25,7.5,10.5],"texture":"#2"}}},{"from":[8.24,13.44,11.84],"to":[8.56,14.56,12.16],"rotation":{"angle":-45,"axis":"y","origin":[8.4,12.55467,9.45333]},"faces":{"north":{"uv":[15.25,4,15.5,4.75],"texture":"#2"},"east":{"uv":[15,4,15.25,4.75],"texture":"#2"},"south":{"uv":[15.75,4,16,4.75],"texture":"#2"},"west":{"uv":[15.5,4,15.75,4.75],"texture":"#2"},"up":{"uv":[15.5,4,15.25,3.75],"texture":"#2"},"down":{"uv":[15.75,3.75,15.5,4],"texture":"#2"}}},{"from":[8.24,12.32,11.54],"to":[8.56,13.44,11.86],"rotation":{"angle":-45,"axis":"y","origin":[8.4,12.55467,9.45333]},"faces":{"north":{"uv":[15.25,2,15.5,2.75],"texture":"#2"},"east":{"uv":[15,2,15.25,2.75],"texture":"#2"},"south":{"uv":[15.75,2,16,2.75],"texture":"#2"},"west":{"uv":[15.5,2,15.75,2.75],"texture":"#2"},"up":{"uv":[15.5,2,15.25,1.75],"texture":"#2"},"down":{"uv":[15.75,1.75,15.5,2],"texture":"#2"}}},{"from":[8.24,11.88,11.5],"to":[8.56,12.2,12.22],"rotation":{"angle":-45,"axis":"y","origin":[8.4,12.55467,9.45333]},"faces":{"north":{"uv":[15.5,2.25,15.75,2.5],"texture":"#2"},"east":{"uv":[15,2.25,15.5,2.5],"texture":"#2"},"south":{"uv":[16.25,2.25,16.5,2.5],"texture":"#2"},"west":{"uv":[15.75,2.25,16.25,2.5],"texture":"#2"},"up":{"uv":[15.75,2.25,15.5,1.75],"texture":"#2"},"down":{"uv":[16,1.75,15.75,2.25],"texture":"#2"}}},{"from":[8.2,11.4,10.74],"to":[8.6,11.8,11.14],"rotation":{"angle":-45,"axis":"y","origin":[8.4,12.55467,9.45333]},"faces":{"north":{"uv":[15.25,2,15.5,2.25],"texture":"#2"},"east":{"uv":[15,2,15.25,2.25],"texture":"#2"},"south":{"uv":[15.75,2,16,2.25],"texture":"#2"},"west":{"uv":[15.5,2,15.75,2.25],"texture":"#2"},"up":{"uv":[15.5,2,15.25,1.75],"texture":"#2"},"down":{"uv":[15.75,1.75,15.5,2],"texture":"#2"}}},{"from":[8.2,11.8,11.14],"to":[8.6,12.2,11.54],"rotation":{"angle":-45,"axis":"y","origin":[8.4,12.55467,9.45333]},"faces":{"north":{"uv":[15.25,2,15.5,2.25],"texture":"#2"},"east":{"uv":[15,2,15.25,2.25],"texture":"#2"},"south":{"uv":[15.75,2,16,2.25],"texture":"#2"},"west":{"uv":[15.5,2,15.75,2.25],"texture":"#2"},"up":{"uv":[15.5,2,15.25,1.75],"texture":"#2"},"down":{"uv":[15.75,1.75,15.5,2],"texture":"#2"}}},{"from":[8.2,14.2,11.8],"to":[8.6,14.6,12.2],"rotation":{"angle":-45,"axis":"y","origin":[8.4,12.55467,9.45333]},"faces":{"north":{"uv":[15,5.75,15.25,6],"texture":"#2"},"east":{"uv":[14.75,5.75,15,6],"texture":"#2"},"south":{"uv":[15.5,5.75,15.75,6],"texture":"#2"},"west":{"uv":[15.25,5.75,15.5,6],"texture":"#2"},"up":{"uv":[15.25,5.75,15,5.5],"texture":"#2"},"down":{"uv":[15.5,5.5,15.25,5.75],"texture":"#2"}}},{"from":[10,9.8,9],"to":[10,14.6,12.6],"shade":false,"rotation":{"angle":45,"axis":"y","origin":[9.99733,12.55467,9.45333]},"faces":{"north":{"uv":[13.75,6.5,13.75,9.5],"texture":"#2"},"east":{"uv":[16,6.5,13.75,9.5],"texture":"#2"},"south":{"uv":[16,6.5,16,9.5],"texture":"#2"},"west":{"uv":[13.75,6.5,11.5,9.5],"texture":"#2"},"up":{"uv":[13.75,6.5,13.75,4.25],"texture":"#2"},"down":{"uv":[13.75,4.25,13.75,6.5],"texture":"#2"}}},{"from":[9.8,12.2,11.76],"to":[10.2,12.6,12.56],"shade":false,"rotation":{"angle":45,"axis":"y","origin":[9.99733,12.55467,9.45333]},"faces":{"north":{"uv":[7.75,10.75,7.5,11],"texture":"#2"},"east":{"uv":[8.25,10.75,7.75,11],"texture":"#2"},"south":{"uv":[8.5,10.75,8.25,11],"texture":"#2"},"west":{"uv":[7.5,10.75,7,11],"texture":"#2"},"up":{"uv":[7.5,10.75,7.75,10.25],"texture":"#2"},"down":{"uv":[7.75,10.25,8,10.75],"texture":"#2"}}},{"from":[9.8,13.8,11.4],"to":[10.2,14.2,11.8],"shade":false,"rotation":{"angle":45,"axis":"y","origin":[9.99733,12.55467,9.45333]},"faces":{"north":{"uv":[7.5,10.5,7.25,10.75],"texture":"#2"},"east":{"uv":[7.75,10.5,7.5,10.75],"texture":"#2"},"south":{"uv":[8,10.5,7.75,10.75],"texture":"#2"},"west":{"uv":[7.25,10.5,7,10.75],"texture":"#2"},"up":{"uv":[7.25,10.5,7.5,10.25],"texture":"#2"},"down":{"uv":[7.5,10.25,7.75,10.5],"texture":"#2"}}},{"from":[9.8,13.4,11],"to":[10.2,13.8,11.4],"shade":false,"rotation":{"angle":45,"axis":"y","origin":[9.99733,12.55467,9.45333]},"faces":{"north":{"uv":[7.5,10.5,7.25,10.75],"texture":"#2"},"east":{"uv":[7.75,10.5,7.5,10.75],"texture":"#2"},"south":{"uv":[8,10.5,7.75,10.75],"texture":"#2"},"west":{"uv":[7.25,10.5,7,10.75],"texture":"#2"},"up":{"uv":[7.25,10.5,7.5,10.25],"texture":"#2"},"down":{"uv":[7.5,10.25,7.75,10.5],"texture":"#2"}}},{"from":[9.8,13,10.6],"to":[10.2,13.4,11],"shade":false,"rotation":{"angle":45,"axis":"y","origin":[9.99733,12.55467,9.45333]},"faces":{"north":{"uv":[7.5,10.5,7.25,10.75],"texture":"#2"},"east":{"uv":[7.75,10.5,7.5,10.75],"texture":"#2"},"south":{"uv":[8,10.5,7.75,10.75],"texture":"#2"},"west":{"uv":[7.25,10.5,7,10.75],"texture":"#2"},"up":{"uv":[7.25,10.5,7.5,10.25],"texture":"#2"},"down":{"uv":[7.5,10.25,7.75,10.5],"texture":"#2"}}},{"from":[9.8,13,10.2],"to":[10.2,13.4,10.6],"shade":false,"rotation":{"angle":45,"axis":"y","origin":[9.99733,12.55467,9.45333]},"faces":{"north":{"uv":[7.5,10.5,7.25,10.75],"texture":"#2"},"east":{"uv":[7.75,10.5,7.5,10.75],"texture":"#2"},"south":{"uv":[8,10.5,7.75,10.75],"texture":"#2"},"west":{"uv":[7.25,10.5,7,10.75],"texture":"#2"},"up":{"uv":[7.25,10.5,7.5,10.25],"texture":"#2"},"down":{"uv":[7.5,10.25,7.75,10.5],"texture":"#2"}}},{"from":[9.84,10.64,11.84],"to":[10.16,10.96,12.56],"shade":false,"rotation":{"angle":45,"axis":"y","origin":[9.99733,12.55467,9.45333]},"faces":{"north":{"uv":[7.75,10.75,7.5,11],"texture":"#2"},"east":{"uv":[8.25,10.75,7.75,11],"texture":"#2"},"south":{"uv":[8.5,10.75,8.25,11],"texture":"#2"},"west":{"uv":[7.5,10.75,7,11],"texture":"#2"},"up":{"uv":[7.5,10.75,7.75,10.25],"texture":"#2"},"down":{"uv":[7.75,10.25,8,10.75],"texture":"#2"}}},{"from":[9.8,11,11],"to":[10.2,11.4,11.4],"shade":false,"rotation":{"angle":45,"axis":"y","origin":[9.99733,12.55467,9.45333]},"faces":{"north":{"uv":[7.5,10.5,7.25,10.75],"texture":"#2"},"east":{"uv":[7.75,10.5,7.5,10.75],"texture":"#2"},"south":{"uv":[8,10.5,7.75,10.75],"texture":"#2"},"west":{"uv":[7.25,10.5,7,10.75],"texture":"#2"},"up":{"uv":[7.25,10.5,7.5,10.25],"texture":"#2"},"down":{"uv":[7.5,10.25,7.75,10.5],"texture":"#2"}}},{"from":[9.8,10.6,11.4],"to":[10.2,11,11.8],"shade":false,"rotation":{"angle":45,"axis":"y","origin":[9.99733,12.55467,9.45333]},"faces":{"north":{"uv":[7.5,10.5,7.25,10.75],"texture":"#2"},"east":{"uv":[7.75,10.5,7.5,10.75],"texture":"#2"},"south":{"uv":[8,10.5,7.75,10.75],"texture":"#2"},"west":{"uv":[7.25,10.5,7,10.75],"texture":"#2"},"up":{"uv":[7.25,10.5,7.5,10.25],"texture":"#2"},"down":{"uv":[7.5,10.25,7.75,10.5],"texture":"#2"}}},{"from":[9.84,13.44,11.84],"to":[10.16,14.56,12.16],"shade":false,"rotation":{"angle":45,"axis":"y","origin":[9.99733,12.55467,9.45333]},"faces":{"north":{"uv":[15.5,4,15.25,4.75],"texture":"#2"},"east":{"uv":[15.75,4,15.5,4.75],"texture":"#2"},"south":{"uv":[16,4,15.75,4.75],"texture":"#2"},"west":{"uv":[15.25,4,15,4.75],"texture":"#2"},"up":{"uv":[15.25,4,15.5,3.75],"texture":"#2"},"down":{"uv":[15.5,3.75,15.75,4],"texture":"#2"}}},{"from":[9.84,12.32,11.54],"to":[10.16,13.44,11.86],"shade":false,"rotation":{"angle":45,"axis":"y","origin":[9.99733,12.55467,9.45333]},"faces":{"north":{"uv":[15.5,2,15.25,2.75],"texture":"#2"},"east":{"uv":[15.75,2,15.5,2.75],"texture":"#2"},"south":{"uv":[16,2,15.75,2.75],"texture":"#2"},"west":{"uv":[15.25,2,15,2.75],"texture":"#2"},"up":{"uv":[15.25,2,15.5,1.75],"texture":"#2"},"down":{"uv":[15.5,1.75,15.75,2],"texture":"#2"}}},{"from":[9.84,11.88,11.5],"to":[10.16,12.2,12.22],"shade":false,"rotation":{"angle":45,"axis":"y","origin":[9.99733,12.55467,9.45333]},"faces":{"north":{"uv":[15.75,2.25,15.5,2.5],"texture":"#2"},"east":{"uv":[16.25,2.25,15.75,2.5],"texture":"#2"},"south":{"uv":[16.5,2.25,16.25,2.5],"texture":"#2"},"west":{"uv":[15.5,2.25,15,2.5],"texture":"#2"},"up":{"uv":[15.5,2.25,15.75,1.75],"texture":"#2"},"down":{"uv":[15.75,1.75,16,2.25],"texture":"#2"}}},{"from":[9.8,11.4,10.74],"to":[10.2,11.8,11.14],"shade":false,"rotation":{"angle":45,"axis":"y","origin":[9.99733,12.55467,9.45333]},"faces":{"north":{"uv":[15.5,2,15.25,2.25],"texture":"#2"},"east":{"uv":[15.75,2,15.5,2.25],"texture":"#2"},"south":{"uv":[16,2,15.75,2.25],"texture":"#2"},"west":{"uv":[15.25,2,15,2.25],"texture":"#2"},"up":{"uv":[15.25,2,15.5,1.75],"texture":"#2"},"down":{"uv":[15.5,1.75,15.75,2],"texture":"#2"}}},{"from":[9.8,11.8,11.14],"to":[10.2,12.2,11.54],"shade":false,"rotation":{"angle":45,"axis":"y","origin":[9.99733,12.55467,9.45333]},"faces":{"north":{"uv":[15.5,2,15.25,2.25],"texture":"#2"},"east":{"uv":[15.75,2,15.5,2.25],"texture":"#2"},"south":{"uv":[16,2,15.75,2.25],"texture":"#2"},"west":{"uv":[15.25,2,15,2.25],"texture":"#2"},"up":{"uv":[15.25,2,15.5,1.75],"texture":"#2"},"down":{"uv":[15.5,1.75,15.75,2],"texture":"#2"}}},{"from":[9.76,14.2,11.8],"to":[10.16,14.6,12.2],"shade":false,"rotation":{"angle":45,"axis":"y","origin":[9.99733,12.55467,9.45333]},"faces":{"north":{"uv":[15.25,5.75,15,6],"texture":"#2"},"east":{"uv":[15.5,5.75,15.25,6],"texture":"#2"},"south":{"uv":[15.75,5.75,15.5,6],"texture":"#2"},"west":{"uv":[15,5.75,14.75,6],"texture":"#2"},"up":{"uv":[15,5.75,15.25,5.5],"texture":"#2"},"down":{"uv":[15.25,5.5,15.5,5.75],"texture":"#2"}}},{"from":[7.398,5.858,7.408],"to":[8.982,9.442,8.992],"rotation":{"angle":-22.5,"axis":"z","origin":[8.44,8.4,8.2]},"faces":{"north":{"uv":[1,5,2,7.25],"texture":"#2"},"east":{"uv":[0,5,1,7.25],"texture":"#2"},"south":{"uv":[3,5,4,7.25],"texture":"#2"},"west":{"uv":[2,5,3,7.25],"texture":"#2"},"up":{"uv":[2,5,1,4],"texture":"#2"},"down":{"uv":[3,4,2,5],"texture":"#2"}}},{"from":[11.142,9.192,7.392],"to":[12.358,12.808,9.008],"shade":false,"rotation":{"angle":22.5,"axis":"z","origin":[11,11,8.2]},"faces":{"north":{"uv":[9.75,13,9,15.25],"texture":"#2"},"east":{"uv":[10.75,13,9.75,15.25],"texture":"#2"},"south":{"uv":[11.5,13,10.75,15.25],"texture":"#2"},"west":{"uv":[9,13,8,15.25],"texture":"#2"},"up":{"uv":[9,13,9.75,12],"texture":"#2"},"down":{"uv":[9.75,12,10.5,13],"texture":"#2"}}},{"from":[9.918,5.858,7.408],"to":[11.502,9.442,8.992],"shade":false,"rotation":{"angle":22.5,"axis":"z","origin":[9.96,7.4,8.2]},"faces":{"north":{"uv":[2,5,1,7.25],"texture":"#2"},"east":{"uv":[3,5,2,7.25],"texture":"#2"},"south":{"uv":[4,5,3,7.25],"texture":"#2"},"west":{"uv":[1,5,0,7.25],"texture":"#2"},"up":{"uv":[1,5,2,4],"texture":"#2"},"down":{"uv":[2,4,3,5],"texture":"#2"}}},{"from":[6.042,9.192,7.392],"to":[7.258,12.808,9.008],"rotation":{"angle":-22.5,"axis":"z","origin":[7.4,11,8.2]},"faces":{"north":{"uv":[9,13,9.75,15.25],"texture":"#2"},"east":{"uv":[8,13,9,15.25],"texture":"#2"},"south":{"uv":[10.75,13,11.5,15.25],"texture":"#2"},"west":{"uv":[9.75,13,10.75,15.25],"texture":"#2"},"up":{"uv":[9.75,13,9,12],"texture":"#2"},"down":{"uv":[10.5,12,9.75,13],"texture":"#2"}}},{"from":[7.6,9.2,7.4],"to":[10.8,12.8,9],"rotation":{"angle":0,"axis":"y","origin":[3.199,23.546,5.63]},"faces":{"north":{"uv":[5,5,7,7.25],"texture":"#2"},"east":{"uv":[4,5,5,7.25],"texture":"#2"},"south":{"uv":[8,5,10,7.25],"texture":"#2"},"west":{"uv":[7,5,8,7.25],"texture":"#2"},"up":{"uv":[7,5,5,4],"texture":"#2"},"down":{"uv":[9,4,7,5],"texture":"#2"}}},{"from":[7.4,12.8,6.4],"to":[11,16.4,10],"rotation":{"angle":0,"axis":"y","origin":[3.199,23.546,5.63]},"faces":{"north":{"uv":[2.25,9.75,4.5,12],"texture":"#2"},"east":{"uv":[0,9.75,2.25,12],"texture":"#2"},"south":{"uv":[6.75,9.75,9,12],"texture":"#2"},"west":{"uv":[4.5,9.75,6.75,12],"texture":"#2"},"up":{"uv":[4.5,9.75,2.25,7.5],"texture":"#2"},"down":{"uv":[6.75,7.5,4.5,9.75],"texture":"#2"}}},{"from":[7.4,15.6,8],"to":[8.2,17.6,8.8],"rotation":{"angle":22.5,"axis":"z","origin":[7.8,16.6,8.4]},"faces":{"north":{"uv":[14.25,12,14.75,13.25],"texture":"#2"},"east":{"uv":[13.75,12,14.25,13.25],"texture":"#2"},"south":{"uv":[15.25,12,15.75,13.25],"texture":"#2"},"west":{"uv":[14.75,12,15.25,13.25],"texture":"#2"},"up":{"uv":[14.75,12,14.25,11.5],"texture":"#2"},"down":{"uv":[15.25,11.5,14.75,12],"texture":"#2"}}},{"from":[10.2,15.6,8],"to":[11,17.6,8.8],"shade":false,"rotation":{"angle":-22.5,"axis":"z","origin":[10.6,16.6,8.4]},"faces":{"north":{"uv":[14.75,12,14.25,13.25],"texture":"#2"},"east":{"uv":[15.25,12,14.75,13.25],"texture":"#2"},"south":{"uv":[15.75,12,15.25,13.25],"texture":"#2"},"west":{"uv":[14.25,12,13.75,13.25],"texture":"#2"},"up":{"uv":[14.25,12,14.75,11.5],"texture":"#2"},"down":{"uv":[14.75,11.5,15.25,12],"texture":"#2"}}},{"from":[6.3,14,7.6],"to":[7.5,15.6,8],"rotation":{"angle":22.5,"axis":"y","origin":[6.9,14.8,7.8]},"faces":{"north":{"uv":[0.25,7.75,1,8.75],"texture":"#2"},"east":{"uv":[0,7.75,0.25,8.75],"texture":"#2"},"south":{"uv":[1.25,7.75,2,8.75],"texture":"#2"},"west":{"uv":[1,7.75,1.25,8.75],"texture":"#2"},"up":{"uv":[1,7.75,0.25,7.5],"texture":"#2"},"down":{"uv":[1.75,7.5,1,7.75],"texture":"#2"}}},{"from":[10.9,14,7.6],"to":[12.1,15.6,8],"shade":false,"rotation":{"angle":-22.5,"axis":"y","origin":[11.5,14.8,7.8]},"faces":{"north":{"uv":[1,7.75,0.25,8.75],"texture":"#2"},"east":{"uv":[1.25,7.75,1,8.75],"texture":"#2"},"south":{"uv":[2,7.75,1.25,8.75],"texture":"#2"},"west":{"uv":[0.25,7.75,0,8.75],"texture":"#2"},"up":{"uv":[0.25,7.75,1,7.5],"texture":"#2"},"down":{"uv":[1,7.5,1.75,7.75],"texture":"#2"}}}],"display":{"thirdperson_righthand":{"rotation":[52,0,0],"translation":[-1,-0.75,0]},"thirdperson_lefthand":{"rotation":[52,0,0],"translation":[-1,-0.75,0]},"firstperson_righthand":{"rotation":[25,0,0],"translation":[-1,-0.75,0]},"firstperson_lefthand":{"rotation":[25,0,0],"translation":[-1,-0.75,0]},"ground":{"scale":[0.63,0.63,0.63]},"gui":{"rotation":[25,141,0],"translation":[1,-4.75,0],"scale":[1.37,1.37,1.37]},"head":{"translation":[-16.5,-1.5,0],"scale":[1.55,1.55,1.55]},"fixed":{"translation":[-2,-5.75,-1.5],"scale":[1.69,1.69,1.69]}},"groups":[{"name":"root","origin":[0,24,0],"color":0,"boneType":"","children":[{"name":"wing1","origin":[-2,22,2],"rotation":[0,-45,0],"color":0,"children":[0,1,2,3,4,5,6,7,8,9,10,11,12,13,14]},{"name":"wing2","origin":[2,22,2],"rotation":[0,45,0],"color":0,"children":[15,16,17,18,19,20,21,22,23,24,25,26,27,28,29]},{"name":"bipedRightLeg2","origin":[-1.9,14,0],"rotation":[0,0,-22.5],"color":0,"children":[30]},{"name":"bipedLeftArm2","origin":[4,23.5,0],"rotation":[0,0,22.5],"color":0,"children":[31]},{"name":"bipedRightLeg","origin":[1.9,14,0],"rotation":[0,0,22.5],"color":0,"children":[32]},{"name":"bipedLeftArm","origin":[-4,23.5,0],"rotation":[0,0,-22.5],"color":0,"children":[33]},{"name":"bipedBody","origin":[0,24,0],"color":0,"children":[34]},{"name":"bipedHead","origin":[0,23.5,-0.5],"color":0,"children":[35,{"name":"corne","origin":[-3.5,33,0.5],"rotation":[0,0,22.5],"color":0,"children":[36]},{"name":"corne2","origin":[3.5,33,0.5],"rotation":[0,0,-22.5],"color":0,"children":[37]},{"name":"bone","origin":[-3.75,28.5,-1],"rotation":[0,45,0],"color":0,"children":[38]},{"name":"bone2","origin":[3.75,28.5,-1],"rotation":[0,-45,0],"color":0,"children":[39]}]}]}]}