{"credit":"Made with Blockbench","texture_size":[64,64],"textures":{"0":"season1/hats/release/evil_duck_plushie"},"elements":[{"from":[4,2,3],"to":[12,8,13],"rotation":{"angle":0,"axis":"y","origin":[8,2,9]},"faces":{"north":{"uv":[2.5,14.5,4.5,16],"texture":"#0"},"east":{"uv":[0,14.5,2.5,16],"texture":"#0"},"south":{"uv":[7,14.5,9,16],"texture":"#0"},"west":{"uv":[4.5,14.5,7,16],"texture":"#0"},"up":{"uv":[4.5,14.5,2.5,12],"texture":"#0"},"down":{"uv":[6.5,12,4.5,14.5],"texture":"#0"}}},{"from":[5,7.2,12.3],"to":[11,8.2,16.3],"rotation":{"angle":-45,"axis":"x","origin":[8,7.5,13]},"faces":{"north":{"uv":[1,5.25,2.5,5.5],"texture":"#0"},"east":{"uv":[0,5.25,1,5.5],"texture":"#0"},"south":{"uv":[3.5,5.25,5,5.5],"texture":"#0"},"west":{"uv":[2.5,5.25,3.5,5.5],"texture":"#0"},"up":{"uv":[2.5,5.25,1,4.25],"texture":"#0"},"down":{"uv":[4,4.25,2.5,5.25],"texture":"#0"}}},{"from":[3,2,4],"to":[4,7,11],"rotation":{"angle":0,"axis":"y","origin":[8,2,9]},"faces":{"north":{"uv":[1.75,7.75,2,9],"texture":"#0"},"east":{"uv":[0,7.75,1.75,9],"texture":"#0"},"south":{"uv":[3.75,7.75,4,9],"texture":"#0"},"west":{"uv":[2,7.75,3.75,9],"texture":"#0"},"up":{"uv":[2,7.75,1.75,6],"texture":"#0"},"down":{"uv":[2.25,6,2,7.75],"texture":"#0"}}},{"from":[12,2,4],"to":[13,7,11],"shade":false,"rotation":{"angle":0,"axis":"y","origin":[8,2,9]},"faces":{"north":{"uv":[2,7.75,1.75,9],"texture":"#0"},"east":{"uv":[3.75,7.75,2,9],"texture":"#0"},"south":{"uv":[4,7.75,3.75,9],"texture":"#0"},"west":{"uv":[1.75,7.75,0,9],"texture":"#0"},"up":{"uv":[1.75,7.75,2,6],"texture":"#0"},"down":{"uv":[2,6,2.25,7.75],"texture":"#0"}}},{"from":[5,8,1],"to":[11,14,7],"rotation":{"angle":0,"axis":"y","origin":[8,2,9]},"faces":{"north":{"uv":[1.5,10.5,3,12],"texture":"#0"},"east":{"uv":[0,10.5,1.5,12],"texture":"#0"},"south":{"uv":[4.5,10.5,6,12],"texture":"#0"},"west":{"uv":[3,10.5,4.5,12],"texture":"#0"},"up":{"uv":[3,10.5,1.5,9],"texture":"#0"},"down":{"uv":[4.5,9,3,10.5],"texture":"#0"}}},{"from":[5,8,-2],"to":[11,9,1],"rotation":{"angle":0,"axis":"y","origin":[8,2,9]},"faces":{"north":{"uv":[0.75,0.75,2.25,1],"texture":"#0"},"east":{"uv":[0,0.75,0.75,1],"texture":"#0"},"south":{"uv":[3,0.75,4.5,1],"texture":"#0"},"west":{"uv":[2.25,0.75,3,1],"texture":"#0"},"up":{"uv":[2.25,0.75,0.75,0],"texture":"#0"},"down":{"uv":[3.75,0,2.25,0.75],"texture":"#0"}}}],"display":{"thirdperson_righthand":{"translation":[0,0.5,0],"scale":[0.33,0.33,0.33]},"thirdperson_lefthand":{"translation":[0,0.5,0],"scale":[0.33,0.33,0.33]},"firstperson_righthand":{"translation":[0,0.5,0],"scale":[0.33,0.33,0.33]},"firstperson_lefthand":{"translation":[0,0.5,0],"scale":[0.33,0.33,0.33]},"ground":{"scale":[0.28,0.28,0.28]},"gui":{"rotation":[35,138,0],"scale":[0.72,0.72,0.72]},"head":{"translation":[0,11.75,0]}},"groups":[{"name":"bone","origin":[0,3,0],"color":0,"children":[0,1,2,3,4,5]}]}