{"credit":"Made with Blockbench","parent":"trophy","texture_size":[128,64],"textures":{"0":"season1/hats/release/trophy"},"elements":[{"from":[4,2,4],"to":[12,3,12],"rotation":{"angle":0,"axis":"y","origin":[0,-4,0]},"faces":{"north":{"uv":[1,12.75,2,13],"texture":"#0"},"east":{"uv":[0,12.75,1,13],"texture":"#0"},"south":{"uv":[3,12.75,4,13],"texture":"#0"},"west":{"uv":[2,12.75,3,13],"texture":"#0"},"up":{"uv":[2,12.75,1,10.75],"texture":"#0"},"down":{"uv":[3,10.75,2,12.75],"texture":"#0"}}},{"from":[3,-1,3],"to":[13,2,13],"rotation":{"angle":0,"axis":"y","origin":[0,-4,0]},"faces":{"north":{"uv":[1.25,9.5,2.5,10.25],"texture":"#0"},"east":{"uv":[0,9.5,1.25,10.25],"texture":"#0"},"south":{"uv":[3.75,9.5,5,10.25],"texture":"#0"},"west":{"uv":[2.5,9.5,3.75,10.25],"texture":"#0"},"up":{"uv":[2.5,9.5,1.25,7],"texture":"#0"},"down":{"uv":[3.75,7,2.5,9.5],"texture":"#0"}}},{"from":[4,11,4],"to":[12,13,12],"rotation":{"angle":0,"axis":"y","origin":[0,-4,0]},"faces":{"north":{"uv":[13,14.75,14,15.25],"texture":"#0"},"east":{"uv":[12,14.75,13,15.25],"texture":"#0"},"south":{"uv":[15,14.75,16,15.25],"texture":"#0"},"west":{"uv":[14,14.75,15,15.25],"texture":"#0"},"up":{"uv":[14,14.75,13,12.75],"texture":"#0"},"down":{"uv":[15,12.75,14,14.75],"texture":"#0"}}},{"from":[3,13,3],"to":[13,22,13],"rotation":{"angle":0,"axis":"y","origin":[0,-4,0]},"faces":{"north":{"uv":[12.25,2.5,13.5,4.75],"texture":"#0"},"east":{"uv":[11,2.5,12.25,4.75],"texture":"#0"},"south":{"uv":[14.75,2.5,16,4.75],"texture":"#0"},"west":{"uv":[13.5,2.5,14.75,4.75],"texture":"#0"},"up":{"uv":[13.5,2.5,12.25,0],"texture":"#0"},"down":{"uv":[14.75,0,13.5,2.5],"texture":"#0"}}},{"from":[3,15,2],"to":[13,22,3],"rotation":{"angle":0,"axis":"y","origin":[0,-4,0]},"faces":{"north":{"uv":[8.875,0.25,10.125,2],"texture":"#0"},"east":{"uv":[8.75,0.25,8.875,2],"texture":"#0"},"south":{"uv":[10.25,0.25,11.5,2],"texture":"#0"},"west":{"uv":[10.125,0.25,10.25,2],"texture":"#0"},"up":{"uv":[10.125,0.25,8.875,0],"texture":"#0"},"down":{"uv":[11.375,0,10.125,0.25],"texture":"#0"}}},{"from":[2.25,15,1.8],"to":[12.25,22,1.8],"rotation":{"angle":0,"axis":"y","origin":[0,-4,0]},"faces":{"north":{"uv":[6.75,8,8,9.75],"texture":"#0"},"east":{"uv":[6.75,8,6.75,9.75],"texture":"#0"},"south":{"uv":[8,8,9.25,9.75],"texture":"#0"},"west":{"uv":[8,8,8,9.75],"texture":"#0"},"up":{"uv":[8,8,6.75,8],"texture":"#0"},"down":{"uv":[9.25,8,8,8],"texture":"#0"}}},{"from":[3,15,13],"to":[13,22,14],"rotation":{"angle":0,"axis":"y","origin":[0,-4,0]},"faces":{"north":{"uv":[13.375,10.75,14.625,12.5],"texture":"#0"},"east":{"uv":[13.25,10.75,13.375,12.5],"texture":"#0"},"south":{"uv":[14.75,10.75,16,12.5],"texture":"#0"},"west":{"uv":[14.625,10.75,14.75,12.5],"texture":"#0"},"up":{"uv":[14.625,10.75,13.375,10.5],"texture":"#0"},"down":{"uv":[15.875,10.5,14.625,10.75],"texture":"#0"}}},{"from":[13,15,3],"to":[14,22,13],"rotation":{"angle":0,"axis":"y","origin":[0,-4,0]},"faces":{"north":{"uv":[14.5,7.75,14.625,9.5],"texture":"#0"},"east":{"uv":[13.25,7.75,14.5,9.5],"texture":"#0"},"south":{"uv":[15.875,7.75,16,9.5],"texture":"#0"},"west":{"uv":[14.625,7.75,15.875,9.5],"texture":"#0"},"up":{"uv":[14.625,7.75,14.5,5.25],"texture":"#0"},"down":{"uv":[14.75,5.25,14.625,7.75],"texture":"#0"}}},{"from":[2,15,3],"to":[3,22,13],"rotation":{"angle":0,"axis":"y","origin":[0,-4,0]},"faces":{"north":{"uv":[14.5,7.75,14.625,9.5],"texture":"#0"},"east":{"uv":[13.25,7.75,14.5,9.5],"texture":"#0"},"south":{"uv":[15.875,7.75,16,9.5],"texture":"#0"},"west":{"uv":[14.625,7.75,15.875,9.5],"texture":"#0"},"up":{"uv":[14.625,7.75,14.5,5.25],"texture":"#0"},"down":{"uv":[14.75,5.25,14.625,7.75],"texture":"#0"}}},{"from":[14,22,3],"to":[15,23,13],"rotation":{"angle":0,"axis":"y","origin":[0,-4,0]},"faces":{"north":{"uv":[1.25,6.25,1.375,6.5],"texture":"#0"},"east":{"uv":[0,6.25,1.25,6.5],"texture":"#0"},"south":{"uv":[2.625,6.25,2.75,6.5],"texture":"#0"},"west":{"uv":[1.375,6.25,2.625,6.5],"texture":"#0"},"up":{"uv":[1.375,6.25,1.25,3.75],"texture":"#0"},"down":{"uv":[1.5,3.75,1.375,6.25],"texture":"#0"}}},{"from":[13,22,2],"to":[14,23,3],"rotation":{"angle":0,"axis":"y","origin":[0,-4,0]},"faces":{"north":{"uv":[0.125,0.25,0.25,0.5],"texture":"#0"},"east":{"uv":[0,0.25,0.125,0.5],"texture":"#0"},"south":{"uv":[0.375,0.25,0.5,0.5],"texture":"#0"},"west":{"uv":[0.25,0.25,0.375,0.5],"texture":"#0"},"up":{"uv":[0.25,0.25,0.125,0],"texture":"#0"},"down":{"uv":[0.375,0,0.25,0.25],"texture":"#0"}}},{"from":[2,22,2],"to":[3,23,3],"rotation":{"angle":0,"axis":"y","origin":[0,-4,0]},"faces":{"north":{"uv":[0.125,0.25,0.25,0.5],"texture":"#0"},"east":{"uv":[0,0.25,0.125,0.5],"texture":"#0"},"south":{"uv":[0.375,0.25,0.5,0.5],"texture":"#0"},"west":{"uv":[0.25,0.25,0.375,0.5],"texture":"#0"},"up":{"uv":[0.25,0.25,0.125,0],"texture":"#0"},"down":{"uv":[0.375,0,0.25,0.25],"texture":"#0"}}},{"from":[2,22,13],"to":[3,23,14],"rotation":{"angle":0,"axis":"y","origin":[0,-4,0]},"faces":{"north":{"uv":[0.125,0.25,0.25,0.5],"texture":"#0"},"east":{"uv":[0,0.25,0.125,0.5],"texture":"#0"},"south":{"uv":[0.375,0.25,0.5,0.5],"texture":"#0"},"west":{"uv":[0.25,0.25,0.375,0.5],"texture":"#0"},"up":{"uv":[0.25,0.25,0.125,0],"texture":"#0"},"down":{"uv":[0.375,0,0.25,0.25],"texture":"#0"}}},{"from":[13,22,13],"to":[14,23,14],"rotation":{"angle":0,"axis":"y","origin":[0,-4,0]},"faces":{"north":{"uv":[0.125,0.25,0.25,0.5],"texture":"#0"},"east":{"uv":[0,0.25,0.125,0.5],"texture":"#0"},"south":{"uv":[0.375,0.25,0.5,0.5],"texture":"#0"},"west":{"uv":[0.25,0.25,0.375,0.5],"texture":"#0"},"up":{"uv":[0.25,0.25,0.125,0],"texture":"#0"},"down":{"uv":[0.375,0,0.25,0.25],"texture":"#0"}}},{"from":[1,22,3],"to":[2,23,13],"shade":false,"rotation":{"angle":0,"axis":"y","origin":[0,-4,0]},"faces":{"north":{"uv":[7.125,2.5,7,2.75],"texture":"#0"},"east":{"uv":[8.375,2.5,7.125,2.75],"texture":"#0"},"south":{"uv":[8.5,2.5,8.375,2.75],"texture":"#0"},"west":{"uv":[7,2.5,5.75,2.75],"texture":"#0"},"up":{"uv":[7,2.5,7.125,0],"texture":"#0"},"down":{"uv":[7.125,0,7.25,2.5],"texture":"#0"}}},{"from":[3,22,14],"to":[13,23,15],"rotation":{"angle":0,"axis":"y","origin":[0,-4,0]},"faces":{"north":{"uv":[3.25,0.25,4.5,0.5],"texture":"#0"},"east":{"uv":[3.125,0.25,3.25,0.5],"texture":"#0"},"south":{"uv":[4.625,0.25,5.875,0.5],"texture":"#0"},"west":{"uv":[4.5,0.25,4.625,0.5],"texture":"#0"},"up":{"uv":[4.5,0.25,3.25,0],"texture":"#0"},"down":{"uv":[5.75,0,4.5,0.25],"texture":"#0"}}},{"from":[3,22,1],"to":[13,23,2],"rotation":{"angle":0,"axis":"y","origin":[0,-4,0]},"faces":{"north":{"uv":[0.125,2.5,1.375,2.75],"texture":"#0"},"east":{"uv":[0,2.5,0.125,2.75],"texture":"#0"},"south":{"uv":[1.5,2.5,2.75,2.75],"texture":"#0"},"west":{"uv":[1.375,2.5,1.5,2.75],"texture":"#0"},"up":{"uv":[1.375,2.5,0.125,2.25],"texture":"#0"},"down":{"uv":[2.625,2.25,1.375,2.5],"texture":"#0"}}},{"from":[5,3,5],"to":[11,4,11],"rotation":{"angle":0,"axis":"y","origin":[0,-4,0]},"faces":{"north":{"uv":[0.75,15.25,1.5,15.5],"texture":"#0"},"east":{"uv":[0,15.25,0.75,15.5],"texture":"#0"},"south":{"uv":[2.25,15.25,3,15.5],"texture":"#0"},"west":{"uv":[1.5,15.25,2.25,15.5],"texture":"#0"},"up":{"uv":[1.5,15.25,0.75,13.75],"texture":"#0"},"down":{"uv":[2.25,13.75,1.5,15.25],"texture":"#0"}}},{"from":[5,10,5],"to":[11,11,11],"rotation":{"angle":0,"axis":"y","origin":[0,-4,0]},"faces":{"north":{"uv":[10.625,6.75,11.375,7],"texture":"#0"},"east":{"uv":[9.875,6.75,10.625,7],"texture":"#0"},"south":{"uv":[12.125,6.75,12.875,7],"texture":"#0"},"west":{"uv":[11.375,6.75,12.125,7],"texture":"#0"},"up":{"uv":[11.375,6.75,10.625,5.25],"texture":"#0"},"down":{"uv":[12.125,5.25,11.375,6.75],"texture":"#0"}}},{"from":[6.3,3.3,6.3],"to":[9.7,10.7,9.7],"rotation":{"angle":0,"axis":"y","origin":[0,-4,0]},"faces":{"north":{"uv":[10.875,8.5,11.375,10.5],"texture":"#0"},"east":{"uv":[10.375,8.5,10.875,10.5],"texture":"#0"},"south":{"uv":[11.875,8.5,12.375,10.5],"texture":"#0"},"west":{"uv":[11.375,8.5,11.875,10.5],"texture":"#0"},"up":{"uv":[11.375,8.5,10.875,7.5],"texture":"#0"},"down":{"uv":[11.875,7.5,11.375,8.5],"texture":"#0"}}},{"from":[5.5,6,5.5],"to":[10.5,8,10.5],"rotation":{"angle":0,"axis":"y","origin":[0,-4,0]},"faces":{"north":{"uv":[10.375,12.25,11,12.75],"texture":"#0"},"east":{"uv":[9.75,12.25,10.375,12.75],"texture":"#0"},"south":{"uv":[11.625,12.25,12.25,12.75],"texture":"#0"},"west":{"uv":[11,12.25,11.625,12.75],"texture":"#0"},"up":{"uv":[11,12.25,10.375,11],"texture":"#0"},"down":{"uv":[11.625,11,11,12.25],"texture":"#0"}}},{"from":[-2,20,7],"to":[2,21,9],"rotation":{"angle":0,"axis":"y","origin":[0,-6,0]},"faces":{"north":{"uv":[3.75,2.25,4.25,2.5],"texture":"#0"},"east":{"uv":[3.5,2.25,3.75,2.5],"texture":"#0"},"south":{"uv":[4.5,2.25,5,2.5],"texture":"#0"},"west":{"uv":[4.25,2.25,4.5,2.5],"texture":"#0"},"up":{"uv":[4.25,2.25,3.75,1.75],"texture":"#0"},"down":{"uv":[4.75,1.75,4.25,2.25],"texture":"#0"}}},{"from":[1,17,7],"to":[2,20,9],"rotation":{"angle":0,"axis":"y","origin":[0,-6,0]},"faces":{"north":{"uv":[3.75,2.25,3.875,3],"texture":"#0"},"east":{"uv":[3.5,2.25,3.75,3],"texture":"#0"},"south":{"uv":[4.125,2.25,4.25,3],"texture":"#0"},"west":{"uv":[3.875,2.25,4.125,3],"texture":"#0"},"up":{"uv":[3.875,2.25,3.75,1.75],"texture":"#0"},"down":{"uv":[4,1.75,3.875,2.25],"texture":"#0"}}},{"from":[-1,11,7],"to":[2,12,9],"rotation":{"angle":0,"axis":"y","origin":[0,-6,0]},"faces":{"north":{"uv":[2.875,4.25,3.25,4.5],"texture":"#0"},"east":{"uv":[2.625,4.25,2.875,4.5],"texture":"#0"},"south":{"uv":[3.5,4.25,3.875,4.5],"texture":"#0"},"west":{"uv":[3.25,4.25,3.5,4.5],"texture":"#0"},"up":{"uv":[3.25,4.25,2.875,3.75],"texture":"#0"},"down":{"uv":[3.625,3.75,3.25,4.25],"texture":"#0"}}},{"from":[2,10,7],"to":[5,11,9],"rotation":{"angle":0,"axis":"y","origin":[0,-6,0]},"faces":{"north":{"uv":[3,5.75,3.375,6],"texture":"#0"},"east":{"uv":[2.75,5.75,3,6],"texture":"#0"},"south":{"uv":[3.625,5.75,4,6],"texture":"#0"},"west":{"uv":[3.375,5.75,3.625,6],"texture":"#0"},"up":{"uv":[3.375,5.75,3,5.25],"texture":"#0"},"down":{"uv":[3.75,5.25,3.375,5.75],"texture":"#0"}}},{"from":[-2,12,7],"to":[-1,14,9],"rotation":{"angle":0,"axis":"y","origin":[0,-6,0]},"faces":{"north":{"uv":[5.625,4.25,5.75,4.75],"texture":"#0"},"east":{"uv":[5.375,4.25,5.625,4.75],"texture":"#0"},"south":{"uv":[6,4.25,6.125,4.75],"texture":"#0"},"west":{"uv":[5.75,4.25,6,4.75],"texture":"#0"},"up":{"uv":[5.75,4.25,5.625,3.75],"texture":"#0"},"down":{"uv":[5.875,3.75,5.75,4.25],"texture":"#0"}}},{"from":[-3,14,7],"to":[-2,20,9],"rotation":{"angle":0,"axis":"y","origin":[0,-6,0]},"faces":{"north":{"uv":[5.375,6.5,5.5,8],"texture":"#0"},"east":{"uv":[5.125,6.5,5.375,8],"texture":"#0"},"south":{"uv":[5.75,6.5,5.875,8],"texture":"#0"},"west":{"uv":[5.5,6.5,5.75,8],"texture":"#0"},"up":{"uv":[5.5,6.5,5.375,6],"texture":"#0"},"down":{"uv":[5.625,6,5.5,6.5],"texture":"#0"}}},{"from":[14,20,7],"to":[18,21,9],"shade":false,"rotation":{"angle":0,"axis":"y","origin":[0,-6,0]},"faces":{"north":{"uv":[4.25,2.25,3.75,2.5],"texture":"#0"},"east":{"uv":[4.5,2.25,4.25,2.5],"texture":"#0"},"south":{"uv":[5,2.25,4.5,2.5],"texture":"#0"},"west":{"uv":[3.75,2.25,3.5,2.5],"texture":"#0"},"up":{"uv":[3.75,2.25,4.25,1.75],"texture":"#0"},"down":{"uv":[4.25,1.75,4.75,2.25],"texture":"#0"}}},{"from":[14,17,7],"to":[15,20,9],"shade":false,"rotation":{"angle":0,"axis":"y","origin":[0,-6,0]},"faces":{"north":{"uv":[3.875,2.25,3.75,3],"texture":"#0"},"east":{"uv":[4.125,2.25,3.875,3],"texture":"#0"},"south":{"uv":[4.25,2.25,4.125,3],"texture":"#0"},"west":{"uv":[3.75,2.25,3.5,3],"texture":"#0"},"up":{"uv":[3.75,2.25,3.875,1.75],"texture":"#0"},"down":{"uv":[3.875,1.75,4,2.25],"texture":"#0"}}},{"from":[14,11,7],"to":[17,12,9],"shade":false,"rotation":{"angle":0,"axis":"y","origin":[0,-6,0]},"faces":{"north":{"uv":[3.25,4.25,2.875,4.5],"texture":"#0"},"east":{"uv":[3.5,4.25,3.25,4.5],"texture":"#0"},"south":{"uv":[3.875,4.25,3.5,4.5],"texture":"#0"},"west":{"uv":[2.875,4.25,2.625,4.5],"texture":"#0"},"up":{"uv":[2.875,4.25,3.25,3.75],"texture":"#0"},"down":{"uv":[3.25,3.75,3.625,4.25],"texture":"#0"}}},{"from":[11,10,7],"to":[14,11,9],"shade":false,"rotation":{"angle":0,"axis":"y","origin":[0,-6,0]},"faces":{"north":{"uv":[3.375,5.75,3,6],"texture":"#0"},"east":{"uv":[3.625,5.75,3.375,6],"texture":"#0"},"south":{"uv":[4,5.75,3.625,6],"texture":"#0"},"west":{"uv":[3,5.75,2.75,6],"texture":"#0"},"up":{"uv":[3,5.75,3.375,5.25],"texture":"#0"},"down":{"uv":[3.375,5.25,3.75,5.75],"texture":"#0"}}},{"from":[17,12,7],"to":[18,14,9],"shade":false,"rotation":{"angle":0,"axis":"y","origin":[0,-6,0]},"faces":{"north":{"uv":[5.75,4.25,5.625,4.75],"texture":"#0"},"east":{"uv":[6,4.25,5.75,4.75],"texture":"#0"},"south":{"uv":[6.125,4.25,6,4.75],"texture":"#0"},"west":{"uv":[5.625,4.25,5.375,4.75],"texture":"#0"},"up":{"uv":[5.625,4.25,5.75,3.75],"texture":"#0"},"down":{"uv":[5.75,3.75,5.875,4.25],"texture":"#0"}}},{"from":[18,14,7],"to":[19,20,9],"shade":false,"rotation":{"angle":0,"axis":"y","origin":[0,-6,0]},"faces":{"north":{"uv":[5.5,6.5,5.375,8],"texture":"#0"},"east":{"uv":[5.75,6.5,5.5,8],"texture":"#0"},"south":{"uv":[5.875,6.5,5.75,8],"texture":"#0"},"west":{"uv":[5.375,6.5,5.125,8],"texture":"#0"},"up":{"uv":[5.375,6.5,5.5,6],"texture":"#0"},"down":{"uv":[5.5,6,5.625,6.5],"texture":"#0"}}}],"display":{"thirdperson_righthand":{"translation":[0,-1.5,0],"scale":[0.36,0.36,0.36]},"thirdperson_lefthand":{"translation":[0,-1.5,0],"scale":[0.36,0.36,0.36]},"firstperson_righthand":{"translation":[0,-1.5,0],"scale":[0.36,0.36,0.36]},"firstperson_lefthand":{"translation":[0,-1.5,0],"scale":[0.36,0.36,0.36]},"ground":{"scale":[0.38,0.38,0.38]},"gui":{"rotation":[22,152,0],"translation":[0,-1.75,0],"scale":[0.53,0.53,0.53]},"head":{"translation":[0,14.5,0],"scale":[0.92,0.92,0.92]},"fixed":{"translation":[0,-1.25,0],"scale":[0.71,0.71,0.71]}},"groups":[{"name":"trophy","origin":[0,-4,0],"color":0,"children":[0,1,2,3,4,5,6,7,8,9,10,11,12,13,14,15,16,17,18,19,20,{"name":"bone2","origin":[0,-6,0],"color":0,"children":[21,22,23,24,25,26]},{"name":"bone3","origin":[0,-6,0],"color":0,"children":[27,28,29,30,31,32]}]}]}