{
	"credit": "Made with Blockbench",
	"texture_size": [32, 32],
	"textures": {
		"0": "season1/toffy/gems/toffy_orangegem",
		"1": "season1/toffy/gems/toffy_orangegemanim",
		"particle": "season1/toffy/gems/toffy_orangegemanim"
	},
	"elements": [
		{
			"name": "gem",
			"from": [5.5, 4, 5.5],
			"to": [10.5, 9, 10.5],
			"faces": {
				"north": {"uv": [0, 0, 2.5, 2.5], "texture": "#0"},
				"east": {"uv": [0, 3, 2.5, 5.5], "texture": "#0"},
				"south": {"uv": [3, 0, 5.5, 2.5], "texture": "#0"},
				"west": {"uv": [3, 3, 5.5, 5.5], "texture": "#0"},
				"up": {"uv": [2.5, 8.5, 0, 6], "texture": "#0"},
				"down": {"uv": [8.5, 0, 6, 2.5], "texture": "#0"}
			}
		},
		{
			"name": "effect",
			"from": [0, 13, 0],
			"to": [16, 13, 16],
			"rotation": {"angle": 0, "axis": "y", "origin": [8, 6.5, 8]},
			"faces": {
				"north": {"uv": [0, 0, 0, 8], "rotation": 90, "texture": "#1"},
				"east": {"uv": [0, 0, 8, 0], "rotation": 180, "texture": "#1"},
				"south": {"uv": [0, 0, 0, 8], "rotation": 270, "texture": "#1"},
				"west": {"uv": [0, 0, 8, 0], "texture": "#1"},
				"up": {"uv": [0, 0, 0.5, 0.5], "rotation": 270, "texture": "#1"},
				"down": {"uv": [1, 0, 0, 1], "rotation": 270, "texture": "#1"}
			}
		},
		{
			"name": "effect",
			"from": [8, 2, -3],
			"to": [8, 24, 19],
			"rotation": {"angle": 0, "axis": "y", "origin": [8, 6.5, 8]},
			"faces": {
				"north": {"uv": [0, 0, 0, 8], "texture": "#1"},
				"east": {"uv": [0, 0, 16, 16], "texture": "#1"},
				"south": {"uv": [0, 0, 0, 8], "texture": "#1"},
				"west": {"uv": [16, 0, 0, 16], "texture": "#1"},
				"up": {"uv": [0, 0, 8, 0], "rotation": 90, "texture": "#1"},
				"down": {"uv": [0, 0, 8, 0], "rotation": 270, "texture": "#1"}
			}
		},
		{
			"name": "effect",
			"from": [-3, 2, 8],
			"to": [19, 24, 8],
			"faces": {
				"north": {"uv": [0, 0, 16, 16], "texture": "#1"},
				"east": {"uv": [0, 0, 0, 8], "texture": "#1"},
				"south": {"uv": [16, 0, 0, 16], "texture": "#1"},
				"west": {"uv": [0, 0, 0, 8], "texture": "#1"},
				"up": {"uv": [0, 0, 8, 0], "texture": "#1"},
				"down": {"uv": [0, 0, 8, 0], "texture": "#1"}
			}
		}
	],
	"gui_light": "front",
	"display": {
		"thirdperson_righthand": {
			"translation": [-1.25, 0, -0.5],
			"scale": [0.64, 0.64, 0.64]
		},
		"thirdperson_lefthand": {
			"translation": [-1.25, 0, -0.5],
			"scale": [0.64, 0.64, 0.64]
		},
		"firstperson_righthand": {
			"translation": [0, 1.25, 0],
			"scale": [0.55, 0.55, 0.55]
		},
		"firstperson_lefthand": {
			"translation": [0, 1.25, 0],
			"scale": [0.55, 0.55, 0.55]
		},
		"ground": {
			"translation": [0, 2, 0],
			"scale": [0.35, 0.35, 0.35]
		},
		"gui": {
			"rotation": [24, 19, 0],
			"translation": [0, -3, 0],
			"scale": [0.65, 0.65, 0.65]
		},
		"head": {
			"translation": [0, 10.25, 0]
		},
		"fixed": {
			"translation": [0, -4, -1.75],
			"scale": [0.8, 0.8, 0.8]
		}
	},
	"groups": [
		0,
		{
			"name": "group",
			"origin": [0, 0, 0],
			"color": 0,
			"children": [1, 2, 3]
		}
	]
}