{"textures":{"0":"modelengine:entity/cerberus"},"elements":[{"name":"cube","from":[-12.700001,2.6,12.519707],"to":[28.7,32.0,12.519707],"rotation":{"angle":22.5,"axis":"x","origin":[1.6999998,17.3,8.319706]},"faces":{"down":{"uv":[4.3125,0.0,0.0,0.0],"rotation":0,"texture":"#0","tintindex":0},"east":{"uv":[0.0,0.0,0.0,3.0625],"rotation":0,"texture":"#0","tintindex":0},"north":{"uv":[10.0,11.375,14.3125,14.4375],"rotation":0,"texture":"#0","tintindex":0},"south":{"uv":[14.3125,11.375,10.0,14.4375],"rotation":0,"texture":"#0","tintindex":0},"up":{"uv":[4.3125,0.0,0.0,0.0],"rotation":0,"texture":"#0","tintindex":0},"west":{"uv":[0.0,0.0,0.0,3.0625],"rotation":0,"texture":"#0","tintindex":0}}}],"display":{"head":{"translation":[0.0,-1.519525,0.0],"rotation":[0.0,0.0,0.0],"scale":[3.8095,3.8095,3.8095]}}}