{"textures":{"0":"modelengine:entity/cerberus"},"elements":[{"name":"cube","from":[4.0538616,6.215,2.4870787],"to":[6.453862,9.215,7.287079],"rotation":{"angle":22.5,"axis":"y","origin":[4.9538617,8.315,3.6870787]},"faces":{"down":{"uv":[0.9375,7.4375,0.6875,7.9375],"rotation":0,"texture":"#0","tintindex":0},"east":{"uv":[5.5,7.1875,6.0,7.5],"rotation":0,"texture":"#0","tintindex":0},"north":{"uv":[9.4375,10.0,9.6875,10.3125],"rotation":0,"texture":"#0","tintindex":0},"south":{"uv":[10.0625,2.8125,10.3125,3.125],"rotation":0,"texture":"#0","tintindex":0},"up":{"uv":[7.375,5.9375,7.125,5.4375],"rotation":0,"texture":"#0","tintindex":0},"west":{"uv":[10.5625,11.0,11.0625,11.3125],"rotation":0,"texture":"#0","tintindex":0}}},{"name":"cube","from":[6.753862,6.215,1.2870786],"to":[9.153862,10.415,6.087079],"rotation":{"angle":0.0,"axis":"x","origin":[7.953862,8.915,25.887081]},"faces":{"down":{"uv":[7.125,2.9375,6.875,3.4375],"rotation":0,"texture":"#0","tintindex":0},"east":{"uv":[10.8125,8.1875,11.3125,8.625],"rotation":0,"texture":"#0","tintindex":0},"north":{"uv":[2.1875,8.4375,2.4375,8.875],"rotation":0,"texture":"#0","tintindex":0},"south":{"uv":[4.6875,9.75,4.9375,10.1875],"rotation":0,"texture":"#0","tintindex":0},"up":{"uv":[2.4375,7.0625,2.1875,6.5625],"rotation":0,"texture":"#0","tintindex":0},"west":{"uv":[9.0,10.8125,9.5,11.25],"rotation":0,"texture":"#0","tintindex":0}}},{"name":"cube","from":[9.153862,6.215,0.08707857],"to":[11.553863,9.215,4.887079],"rotation":{"angle":-22.5,"axis":"y","origin":[4.9538617,8.315,3.6870787]},"faces":{"down":{"uv":[3.1875,7.6875,2.9375,8.1875],"rotation":0,"texture":"#0","tintindex":0},"east":{"uv":[11.0625,10.125,11.5625,10.4375],"rotation":0,"texture":"#0","tintindex":0},"north":{"uv":[5.875,10.0625,6.125,10.375],"rotation":0,"texture":"#0","tintindex":0},"south":{"uv":[3.125,10.9375,3.375,11.25],"rotation":0,"texture":"#0","tintindex":0},"up":{"uv":[4.75,8.125,4.5,7.625],"rotation":0,"texture":"#0","tintindex":0},"west":{"uv":[11.0625,10.4375,11.5625,10.75],"rotation":0,"texture":"#0","tintindex":0}}},{"name":"cube","from":[4.9538617,6.2749996,3.6870787],"to":[10.953862,9.875,10.287079],"rotation":{"angle":0.0,"axis":"x","origin":[7.953862,8.975,25.887081]},"faces":{"down":{"uv":[1.8125,9.625,1.1875,10.3125],"rotation":0,"texture":"#0","tintindex":0},"east":{"uv":[10.625,0.375,11.3125,0.75],"rotation":0,"texture":"#0","tintindex":0},"north":{"uv":[10.625,8.8125,11.25,9.1875],"rotation":0,"texture":"#0","tintindex":0},"south":{"uv":[10.4375,10.625,11.0625,11.0],"rotation":0,"texture":"#0","tintindex":0},"up":{"uv":[1.1875,10.3125,0.5625,9.625],"rotation":0,"texture":"#0","tintindex":0},"west":{"uv":[10.625,0.75,11.3125,1.125],"rotation":0,"texture":"#0","tintindex":0}}}],"display":{"head":{"translation":[0.0,-6.4,0.0],"rotation":[0.0,0.0,0.0],"scale":[3.8095,3.8095,3.8095]}}}