{"textures":{"0":"modelengine:entity/cerberus"},"elements":[{"name":"cube","from":[4.3999996,3.7999997,-1.6000004],"to":[11.6,11.0,8.6],"rotation":{"angle":0.0,"axis":"x","origin":[1.9999998,4.7,9.5]},"faces":{"down":{"uv":[6.6875,6.3125,7.4375,7.375],"rotation":0,"texture":"#0","tintindex":0},"east":{"uv":[1.0625,6.6875,0.0,7.4375],"rotation":0,"texture":"#0","tintindex":0},"north":{"uv":[4.25,8.875,3.5,9.625],"rotation":0,"texture":"#0","tintindex":0},"south":{"uv":[9.6875,6.9375,8.9375,7.6875],"rotation":0,"texture":"#0","tintindex":0},"up":{"uv":[4.0,7.625,4.75,6.5625],"rotation":0,"texture":"#0","tintindex":0},"west":{"uv":[7.6875,0.0,6.625,0.75],"rotation":0,"texture":"#0","tintindex":0}}}],"display":{"head":{"translation":[0.0,-6.4,0.0],"rotation":[0.0,0.0,0.0],"scale":[3.8095,3.8095,3.8095]}}}