{"textures":{"0":"modelengine:entity/cerberus"},"elements":[{"name":"cube","from":[8.0,5.6,3.4999998],"to":[13.400001,10.4,12.5],"rotation":{"angle":-22.5,"axis":"x","origin":[13.1,9.5,7.7]},"faces":{"down":{"uv":[0.5625,9.5,0.0,10.4375],"rotation":0,"texture":"#0","tintindex":0},"east":{"uv":[6.0625,4.6875,7.0,5.1875],"rotation":0,"texture":"#0","tintindex":0},"north":{"uv":[3.5,10.3125,4.0625,10.8125],"rotation":0,"texture":"#0","tintindex":0},"south":{"uv":[3.5,10.3125,4.0625,10.8125],"rotation":0,"texture":"#0","tintindex":0},"up":{"uv":[3.4375,5.3125,2.875,4.375],"rotation":0,"texture":"#0","tintindex":0},"west":{"uv":[7.1875,4.125,8.125,4.625],"rotation":0,"texture":"#0","tintindex":0}}},{"name":"cube","from":[10.4,1.3999997,4.7],"to":[15.8,13.400001,11.3],"rotation":{"angle":-22.5,"axis":"x","origin":[13.1,9.5,7.7]},"faces":{"down":{"uv":[10.25,7.5625,9.6875,8.25],"rotation":0,"texture":"#0","tintindex":0},"east":{"uv":[4.0625,5.3125,4.75,6.5625],"rotation":0,"texture":"#0","tintindex":0},"north":{"uv":[1.4375,3.0,2.0,4.25],"rotation":0,"texture":"#0","tintindex":0},"south":{"uv":[5.5,7.5625,6.0625,8.8125],"rotation":0,"texture":"#0","tintindex":0},"up":{"uv":[10.25,7.5625,9.6875,6.875],"rotation":0,"texture":"#0","tintindex":0},"west":{"uv":[6.1875,2.375,6.875,3.625],"rotation":0,"texture":"#0","tintindex":0}}}],"display":{"head":{"translation":[0.0,-6.4,0.0],"rotation":[0.0,0.0,0.0],"scale":[3.8095,3.8095,3.8095]}}}