{"textures":{"0":"modelengine:entity/cerberus"},"elements":[{"name":"cube","from":[5.3,6.169508,2.1303067],"to":[10.700001,7.3695083,7.530307],"rotation":{"angle":-22.5,"axis":"x","origin":[8.0,9.019508,3.6303067]},"faces":{"down":{"uv":[10.0625,0.5625,10.625,1.125],"rotation":0,"texture":"#0","tintindex":0},"east":{"uv":[11.75,5.6875,11.1875,5.8125],"rotation":0,"texture":"#0","tintindex":0},"north":{"uv":[8.875,10.4375,8.3125,10.5625],"rotation":0,"texture":"#0","tintindex":0},"south":{"uv":[11.375,3.9375,10.8125,4.0625],"rotation":0,"texture":"#0","tintindex":0},"up":{"uv":[10.0625,0.5625,10.625,0.0],"rotation":0,"texture":"#0","tintindex":0},"west":{"uv":[11.375,3.8125,10.8125,3.9375],"rotation":0,"texture":"#0","tintindex":0}}}],"display":{"head":{"translation":[0.0,-6.4,0.0],"rotation":[0.0,0.0,0.0],"scale":[3.8095,3.8095,3.8095]}}}