{"textures":{"0":"modelengine:entity/cerberus"},"elements":[{"name":"cube","from":[0.51443005,0.7245407,1.5313842],"to":[7.114431,10.924541,12.331386],"rotation":{"angle":0.0,"axis":"x","origin":[11.314431,6.424541,-0.5686159]},"faces":{"down":{"uv":[1.75,7.3125,1.0625,8.4375],"rotation":0,"texture":"#0","tintindex":0},"east":{"uv":[1.4375,5.5,2.5625,6.5625],"rotation":0,"texture":"#0","tintindex":0},"north":{"uv":[7.375,7.375,8.0625,8.4375],"rotation":0,"texture":"#0","tintindex":0},"south":{"uv":[0.0,7.4375,0.6875,8.5],"rotation":0,"texture":"#0","tintindex":0},"up":{"uv":[8.0,1.875,7.3125,0.75],"rotation":0,"texture":"#0","tintindex":0},"west":{"uv":[0.0,5.625,1.125,6.6875],"rotation":0,"texture":"#0","tintindex":0}}}],"display":{"head":{"translation":[0.0,-6.4,0.0],"rotation":[0.0,0.0,0.0],"scale":[3.8095,3.8095,3.8095]}}}