{"textures":{"0":"modelengine:entity/cerberus"},"elements":[{"name":"cube","from":[6.2,-5.8,-11.200005],"to":[6.2,19.400002,32.0],"rotation":{"angle":-22.5,"axis":"y","origin":[8.0,8.0,-7.750004]},"faces":{"down":{"uv":[0.0,0.0,0.0,4.5],"rotation":0,"texture":"#0","tintindex":0},"east":{"uv":[11.5,5.8125,16.0,8.4375],"rotation":0,"texture":"#0","tintindex":0},"north":{"uv":[0.0,0.0,0.0,2.625],"rotation":0,"texture":"#0","tintindex":0},"south":{"uv":[0.0,0.0,0.0,2.625],"rotation":0,"texture":"#0","tintindex":0},"up":{"uv":[0.0,4.5,0.0,0.0],"rotation":0,"texture":"#0","tintindex":0},"west":{"uv":[0.0,11.5625,4.5,14.1875],"rotation":0,"texture":"#0","tintindex":0}}}],"display":{"head":{"translation":[0.0,-6.4,58.800014],"rotation":[0.0,0.0,0.0],"scale":[3.8095,3.8095,3.8095]}}}