{"textures":{"0":"modelengine:entity/cerberus"},"elements":[{"name":"cube","from":[5.6,-7.5216837,3.5785146],"to":[10.4,3.8783164,7.778515],"rotation":{"angle":22.5,"axis":"x","origin":[8.0,-0.021683931,21.578514]},"faces":{"down":{"uv":[11.3125,3.375,10.8125,3.8125],"rotation":0,"texture":"#0","tintindex":0},"east":{"uv":[6.6875,9.5,7.125,10.6875],"rotation":0,"texture":"#0","tintindex":0},"north":{"uv":[2.4375,7.6875,2.9375,8.875],"rotation":0,"texture":"#0","tintindex":0},"south":{"uv":[0.6875,8.4375,1.1875,9.625],"rotation":0,"texture":"#0","tintindex":0},"up":{"uv":[3.875,11.25,3.375,10.8125],"rotation":0,"texture":"#0","tintindex":0},"west":{"uv":[5.0,9.5625,5.4375,10.75],"rotation":0,"texture":"#0","tintindex":0}}}],"display":{"head":{"translation":[0.0,-6.4,0.0],"rotation":[0.0,0.0,0.0],"scale":[3.8095,3.8095,3.8095]}}}