{"textures":{"0":"modelengine:entity/cerberus"},"elements":[{"name":"cube","from":[5.374999,4.214167,5.2244606],"to":[10.775,13.814168,10.624461],"rotation":{"angle":-22.5,"axis":"x","origin":[8.075,6.614167,8.524461]},"faces":{"down":{"uv":[10.3125,9.1875,9.75,9.75],"rotation":0,"texture":"#0","tintindex":0},"east":{"uv":[0.0,8.5,0.5625,9.5],"rotation":0,"texture":"#0","tintindex":0},"north":{"uv":[7.375,8.4375,7.9375,9.4375],"rotation":0,"texture":"#0","tintindex":0},"south":{"uv":[6.625,8.5,7.1875,9.5],"rotation":0,"texture":"#0","tintindex":0},"up":{"uv":[8.75,5.4375,8.1875,4.875],"rotation":0,"texture":"#0","tintindex":0},"west":{"uv":[2.9375,8.5625,3.5,9.5625],"rotation":0,"texture":"#0","tintindex":0}}},{"name":"cube","from":[5.5249996,3.1340013,6.3940983],"to":[10.325001,7.3340015,12.994098],"rotation":{"angle":0.0,"axis":"x","origin":[8.075,-19.966,-7.405902]},"faces":{"down":{"uv":[2.9375,9.625,2.4375,10.3125],"rotation":0,"texture":"#0","tintindex":0},"east":{"uv":[10.0,4.25,10.6875,4.6875],"rotation":0,"texture":"#0","tintindex":0},"north":{"uv":[0.0,10.4375,0.5,10.875],"rotation":0,"texture":"#0","tintindex":0},"south":{"uv":[6.5,10.6875,7.0,11.125],"rotation":0,"texture":"#0","tintindex":0},"up":{"uv":[6.625,9.5,6.125,8.8125],"rotation":0,"texture":"#0","tintindex":0},"west":{"uv":[10.25,7.75,10.9375,8.1875],"rotation":0,"texture":"#0","tintindex":0}}}],"display":{"head":{"translation":[0.0,-6.4,0.0],"rotation":[0.0,0.0,0.0],"scale":[3.8095,3.8095,3.8095]}}}