{"textures":{"0":"modelengine:entity/cerberus"},"elements":[{"name":"cube","from":[4.6913614,6.1565576,2.9593616],"to":[10.991362,9.756557,10.759361],"rotation":{"angle":0.0,"axis":"x","origin":[7.841362,9.456558,9.259361]},"faces":{"down":{"uv":[10.0625,1.5,9.375,2.3125],"rotation":0,"texture":"#0","tintindex":0},"east":{"uv":[4.0,2.4375,4.8125,2.8125],"rotation":0,"texture":"#0","tintindex":0},"north":{"uv":[6.625,0.75,7.3125,1.125],"rotation":0,"texture":"#0","tintindex":0},"south":{"uv":[10.5,5.5625,11.1875,5.9375],"rotation":0,"texture":"#0","tintindex":0},"up":{"uv":[9.75,10.0,9.0625,9.1875],"rotation":0,"texture":"#0","tintindex":0},"west":{"uv":[4.875,3.625,5.6875,4.0],"rotation":0,"texture":"#0","tintindex":0}}},{"name":"cube","from":[4.091361,6.314481,0.929651],"to":[6.4913616,9.314482,5.7296515],"rotation":{"angle":22.5,"axis":"y","origin":[4.991361,8.414481,2.129651]},"faces":{"down":{"uv":[0.9375,7.4375,0.6875,7.9375],"rotation":0,"texture":"#0","tintindex":0},"east":{"uv":[5.5,7.1875,6.0,7.5],"rotation":0,"texture":"#0","tintindex":0},"north":{"uv":[9.4375,10.0,9.6875,10.3125],"rotation":0,"texture":"#0","tintindex":0},"south":{"uv":[10.0625,2.8125,10.3125,3.125],"rotation":0,"texture":"#0","tintindex":0},"up":{"uv":[7.375,5.9375,7.125,5.4375],"rotation":0,"texture":"#0","tintindex":0},"west":{"uv":[10.5625,11.0,11.0625,11.3125],"rotation":0,"texture":"#0","tintindex":0}}},{"name":"cube","from":[6.7913613,6.314481,-0.27034903],"to":[9.191362,10.514481,4.529651],"rotation":{"angle":0.0,"axis":"x","origin":[7.991362,9.014481,24.329655]},"faces":{"down":{"uv":[7.125,2.9375,6.875,3.4375],"rotation":0,"texture":"#0","tintindex":0},"east":{"uv":[10.8125,8.1875,11.3125,8.625],"rotation":0,"texture":"#0","tintindex":0},"north":{"uv":[2.1875,8.4375,2.4375,8.875],"rotation":0,"texture":"#0","tintindex":0},"south":{"uv":[4.6875,9.75,4.9375,10.1875],"rotation":0,"texture":"#0","tintindex":0},"up":{"uv":[2.4375,7.0625,2.1875,6.5625],"rotation":0,"texture":"#0","tintindex":0},"west":{"uv":[9.0,10.8125,9.5,11.25],"rotation":0,"texture":"#0","tintindex":0}}},{"name":"cube","from":[9.191362,6.314481,-1.4703484],"to":[11.591362,9.314482,3.329651],"rotation":{"angle":-22.5,"axis":"y","origin":[4.991361,8.414481,2.129651]},"faces":{"down":{"uv":[3.1875,7.6875,2.9375,8.1875],"rotation":0,"texture":"#0","tintindex":0},"east":{"uv":[11.0625,10.125,11.5625,10.4375],"rotation":0,"texture":"#0","tintindex":0},"north":{"uv":[5.875,10.0625,6.125,10.375],"rotation":0,"texture":"#0","tintindex":0},"south":{"uv":[3.125,10.9375,3.375,11.25],"rotation":0,"texture":"#0","tintindex":0},"up":{"uv":[4.75,8.125,4.5,7.625],"rotation":0,"texture":"#0","tintindex":0},"west":{"uv":[11.0625,10.4375,11.5625,10.75],"rotation":0,"texture":"#0","tintindex":0}}}],"display":{"head":{"translation":[0.0,-6.4,0.0],"rotation":[0.0,0.0,0.0],"scale":[3.8095,3.8095,3.8095]}}}