{"textures":{"0":"modelengine:entity/cerberus"},"elements":[{"name":"cube","from":[1.6999998,2.447173,-0.8490639],"to":[14.3,13.847174,11.150936],"rotation":{"angle":22.5,"axis":"x","origin":[8.0,9.0471735,5.7509365]},"faces":{"down":{"uv":[4.75,4.0625,3.4375,5.3125],"rotation":0,"texture":"#0","tintindex":0},"east":{"uv":[4.75,5.25,6.0,6.4375],"rotation":0,"texture":"#0","tintindex":0},"north":{"uv":[4.75,4.0625,6.0625,5.25],"rotation":0,"texture":"#0","tintindex":0},"south":{"uv":[4.875,2.4375,6.1875,3.625],"rotation":0,"texture":"#0","tintindex":0},"up":{"uv":[5.3125,2.4375,4.0,1.1875],"rotation":0,"texture":"#0","tintindex":0},"west":{"uv":[5.3125,1.1875,6.5625,2.375],"rotation":0,"texture":"#0","tintindex":0}}},{"name":"cube","from":[1.0999997,3.6471732,5.1509366],"to":[14.900001,14.447173,16.550938],"rotation":{"angle":-22.5,"axis":"x","origin":[7.4,9.0471735,14.7509365]},"faces":{"down":{"uv":[5.4375,0.0,4.0,1.1875],"rotation":0,"texture":"#0","tintindex":0},"east":{"uv":[2.875,5.3125,4.0625,6.4375],"rotation":0,"texture":"#0","tintindex":0},"north":{"uv":[1.4375,4.375,2.875,5.5],"rotation":0,"texture":"#0","tintindex":0},"south":{"uv":[0.0,4.5,1.4375,5.625],"rotation":0,"texture":"#0","tintindex":0},"up":{"uv":[4.875,4.0625,3.4375,2.875],"rotation":0,"texture":"#0","tintindex":0},"west":{"uv":[5.4375,0.0,6.625,1.125],"rotation":0,"texture":"#0","tintindex":0}}}],"display":{"head":{"translation":[0.0,-6.4,0.0],"rotation":[0.0,0.0,0.0],"scale":[3.8095,3.8095,3.8095]}}}