{"textures":{"0":"modelengine:entity/cerberus"},"elements":[{"name":"cube","from":[8.885569,0.7245407,1.5313842],"to":[15.485569,10.924541,12.331386],"rotation":{"angle":0.0,"axis":"x","origin":[4.6855693,6.424541,-0.5686159]},"faces":{"down":{"uv":[1.0625,7.3125,1.75,8.4375],"rotation":0,"texture":"#0","tintindex":0},"east":{"uv":[1.125,5.625,0.0,6.6875],"rotation":0,"texture":"#0","tintindex":0},"north":{"uv":[8.0625,7.375,7.375,8.4375],"rotation":0,"texture":"#0","tintindex":0},"south":{"uv":[0.6875,7.4375,0.0,8.5],"rotation":0,"texture":"#0","tintindex":0},"up":{"uv":[7.3125,1.875,8.0,0.75],"rotation":0,"texture":"#0","tintindex":0},"west":{"uv":[2.5625,5.5,1.4375,6.5625],"rotation":0,"texture":"#0","tintindex":0}}}],"display":{"head":{"translation":[0.0,-6.4,0.0],"rotation":[0.0,0.0,0.0],"scale":[3.8095,3.8095,3.8095]}}}