{"textures":{"0":"modelengine:entity/cerberus"},"elements":[{"name":"cube","from":[5.75,2.6228359,5.7851963],"to":[10.25,8.622836,9.985195],"rotation":{"angle":22.5,"axis":"x","origin":[8.0,5.322836,7.885196]},"faces":{"down":{"uv":[4.6875,10.75,5.1875,11.1875],"rotation":0,"texture":"#0","tintindex":0},"east":{"uv":[10.8125,2.8125,10.375,3.4375],"rotation":0,"texture":"#0","tintindex":0},"north":{"uv":[10.75,7.125,10.25,7.75],"rotation":0,"texture":"#0","tintindex":0},"south":{"uv":[1.0625,10.3125,0.5625,10.9375],"rotation":0,"texture":"#0","tintindex":0},"up":{"uv":[2.0625,11.1875,2.5625,10.75],"rotation":0,"texture":"#0","tintindex":0},"west":{"uv":[10.4375,10.3125,10.0,10.9375],"rotation":0,"texture":"#0","tintindex":0}}}],"display":{"head":{"translation":[0.0,-6.4,0.0],"rotation":[0.0,0.0,0.0],"scale":[3.8095,3.8095,3.8095]}}}