{"textures":{"0":"modelengine:entity/cerberus"},"elements":[{"name":"cube","from":[3.7999997,4.577666,5.5999985],"to":[12.2,11.777667,12.799999],"rotation":{"angle":0.0,"axis":"x","origin":[8.0,7.577667,9.199999]},"faces":{"down":{"uv":[8.9375,8.0,8.0625,8.75],"rotation":0,"texture":"#0","tintindex":0},"east":{"uv":[8.9375,7.6875,9.6875,8.4375],"rotation":0,"texture":"#0","tintindex":0},"north":{"uv":[7.9375,3.375,8.8125,4.125],"rotation":0,"texture":"#0","tintindex":0},"south":{"uv":[8.0,0.75,8.875,1.5],"rotation":0,"texture":"#0","tintindex":0},"up":{"uv":[8.9375,8.0,8.0625,7.25],"rotation":0,"texture":"#0","tintindex":0},"west":{"uv":[9.6875,7.6875,8.9375,8.4375],"rotation":0,"texture":"#0","tintindex":0}}},{"name":"cube","from":[9.2,8.777667,4.9999986],"to":[12.2,10.577667,6.199999],"rotation":{"angle":22.5,"axis":"z","origin":[10.700001,9.677668,6.199999]},"faces":{"down":{"uv":[2.5625,6.3125,2.875,6.4375],"rotation":0,"texture":"#0","tintindex":0},"east":{"uv":[1.375,6.4375,1.25,6.625],"rotation":0,"texture":"#0","tintindex":0},"north":{"uv":[6.0,3.625,5.6875,3.8125],"rotation":0,"texture":"#0","tintindex":0},"south":{"uv":[6.0,3.8125,5.6875,4.0],"rotation":0,"texture":"#0","tintindex":0},"up":{"uv":[1.4375,4.375,1.75,4.25],"rotation":0,"texture":"#0","tintindex":0},"west":{"uv":[1.25,6.4375,1.125,6.625],"rotation":0,"texture":"#0","tintindex":0}}},{"name":"cube","from":[3.7999997,8.777667,4.9999986],"to":[6.8,10.577667,6.199999],"rotation":{"angle":-22.5,"axis":"z","origin":[5.3,9.677668,6.199999]},"faces":{"down":{"uv":[2.875,6.3125,2.5625,6.4375],"rotation":0,"texture":"#0","tintindex":0},"east":{"uv":[1.125,6.4375,1.25,6.625],"rotation":0,"texture":"#0","tintindex":0},"north":{"uv":[5.6875,3.625,6.0,3.8125],"rotation":0,"texture":"#0","tintindex":0},"south":{"uv":[5.6875,3.8125,6.0,4.0],"rotation":0,"texture":"#0","tintindex":0},"up":{"uv":[1.75,4.375,1.4375,4.25],"rotation":0,"texture":"#0","tintindex":0},"west":{"uv":[1.25,6.4375,1.375,6.625],"rotation":0,"texture":"#0","tintindex":0}}},{"name":"cube","from":[5.3,3.9319937,1.6296083],"to":[10.700001,6.9319935,7.0296087],"rotation":{"angle":-22.5,"axis":"x","origin":[8.0,5.581994,3.1296084]},"faces":{"down":{"uv":[10.625,1.6875,10.0625,2.25],"rotation":0,"texture":"#0","tintindex":0},"east":{"uv":[2.5625,10.9375,3.125,11.25],"rotation":0,"texture":"#0","tintindex":0},"north":{"uv":[1.0625,10.9375,1.625,11.25],"rotation":0,"texture":"#0","tintindex":0},"south":{"uv":[10.9375,7.5625,11.5,7.875],"rotation":0,"texture":"#0","tintindex":0},"up":{"uv":[10.625,1.6875,10.0625,1.125],"rotation":0,"texture":"#0","tintindex":0},"west":{"uv":[10.9375,7.875,11.5,8.1875],"rotation":0,"texture":"#0","tintindex":0}}},{"name":"cube","from":[5.0,5.248719,4.456995],"to":[11.0,8.248719,8.656995],"rotation":{"angle":-22.5,"axis":"x","origin":[8.0,6.748719,5.3569946]},"faces":{"down":{"uv":[11.0625,10.1875,10.4375,10.625],"rotation":0,"texture":"#0","tintindex":0},"east":{"uv":[9.625,1.1875,10.0625,1.5],"rotation":0,"texture":"#0","tintindex":0},"north":{"uv":[10.8125,6.75,11.4375,7.0625],"rotation":0,"texture":"#0","tintindex":0},"south":{"uv":[3.875,10.875,4.5,11.1875],"rotation":0,"texture":"#0","tintindex":0},"up":{"uv":[8.3125,10.875,7.6875,10.4375],"rotation":0,"texture":"#0","tintindex":0},"west":{"uv":[1.625,10.9375,2.0625,11.25],"rotation":0,"texture":"#0","tintindex":0}}},{"name":"cube","from":[6.5,5.131994,1.0296082],"to":[9.5,6.9319935,2.8296084],"rotation":{"angle":0.0,"axis":"x","origin":[9.2,5.581994,3.1296084]},"faces":{"down":{"uv":[11.125,8.625,10.8125,8.8125],"rotation":0,"texture":"#0","tintindex":0},"east":{"uv":[9.75,5.4375,9.9375,5.625],"rotation":0,"texture":"#0","tintindex":0},"north":{"uv":[10.375,4.0625,10.6875,4.25],"rotation":0,"texture":"#0","tintindex":0},"south":{"uv":[9.0,10.5625,9.3125,10.75],"rotation":0,"texture":"#0","tintindex":0},"up":{"uv":[11.0,4.625,10.6875,4.4375],"rotation":0,"texture":"#0","tintindex":0},"west":{"uv":[8.875,9.75,9.0625,9.9375],"rotation":0,"texture":"#0","tintindex":0}}},{"name":"cube","from":[3.7999997,9.9319935,7.0296087],"to":[5.0,12.931994,10.629608],"rotation":{"angle":-22.5,"axis":"y","origin":[3.7999997,12.931994,8.829609]},"faces":{"down":{"uv":[1.0625,7.4375,0.9375,7.8125],"rotation":0,"texture":"#0","tintindex":0},"east":{"uv":[0.5,11.25,0.875,11.5625],"rotation":0,"texture":"#0","tintindex":0},"north":{"uv":[9.0,5.625,9.125,5.9375],"rotation":0,"texture":"#0","tintindex":0},"south":{"uv":[0.5625,9.25,0.6875,9.5625],"rotation":0,"texture":"#0","tintindex":0},"up":{"uv":[2.5625,7.625,2.4375,7.25],"rotation":0,"texture":"#0","tintindex":0},"west":{"uv":[0.875,11.25,1.25,11.5625],"rotation":0,"texture":"#0","tintindex":0}}},{"name":"cube","from":[11.6,12.931994,5.8296084],"to":[11.6,17.131994,10.629608],"rotation":{"angle":22.5,"axis":"y","origin":[11.6,12.931994,8.829609]},"faces":{"down":{"uv":[0.0,0.0,0.0,0.5],"rotation":0,"texture":"#0","tintindex":0},"east":{"uv":[5.25,6.4375,4.75,6.875],"rotation":0,"texture":"#0","tintindex":0},"north":{"uv":[0.0,0.0,0.0,0.4375],"rotation":0,"texture":"#0","tintindex":0},"south":{"uv":[0.0,0.0,0.0,0.4375],"rotation":0,"texture":"#0","tintindex":0},"up":{"uv":[0.0,0.5,0.0,0.0],"rotation":0,"texture":"#0","tintindex":0},"west":{"uv":[3.75,6.4375,3.25,6.875],"rotation":0,"texture":"#0","tintindex":0}}},{"name":"cube","from":[4.3999996,12.931994,5.8296084],"to":[4.3999996,17.131994,10.629608],"rotation":{"angle":-22.5,"axis":"y","origin":[4.3999996,12.931994,8.829609]},"faces":{"down":{"uv":[0.0,0.0,0.0,0.5],"rotation":0,"texture":"#0","tintindex":0},"east":{"uv":[3.25,6.4375,3.75,6.875],"rotation":0,"texture":"#0","tintindex":0},"north":{"uv":[0.0,0.0,0.0,0.4375],"rotation":0,"texture":"#0","tintindex":0},"south":{"uv":[0.0,0.0,0.0,0.4375],"rotation":0,"texture":"#0","tintindex":0},"up":{"uv":[0.0,0.5,0.0,0.0],"rotation":0,"texture":"#0","tintindex":0},"west":{"uv":[4.75,6.4375,5.25,6.875],"rotation":0,"texture":"#0","tintindex":0}}},{"name":"cube","from":[11.0,9.9319935,7.0296087],"to":[12.2,12.931994,10.629608],"rotation":{"angle":22.5,"axis":"y","origin":[11.6,12.931994,8.829609]},"faces":{"down":{"uv":[5.5,8.25,5.375,8.625],"rotation":0,"texture":"#0","tintindex":0},"east":{"uv":[3.25,11.25,3.625,11.5625],"rotation":0,"texture":"#0","tintindex":0},"north":{"uv":[9.9375,6.0,10.0625,6.3125],"rotation":0,"texture":"#0","tintindex":0},"south":{"uv":[10.125,6.5625,10.25,6.875],"rotation":0,"texture":"#0","tintindex":0},"up":{"uv":[1.0625,8.1875,0.9375,7.8125],"rotation":0,"texture":"#0","tintindex":0},"west":{"uv":[6.8125,11.25,7.1875,11.5625],"rotation":0,"texture":"#0","tintindex":0}}}],"display":{"head":{"translation":[0.0,-6.4,0.0],"rotation":[0.0,0.0,0.0],"scale":[3.8095,3.8095,3.8095]}}}