{"textures":{"0":"modelengine:entity/cerberus"},"elements":[{"name":"cube","from":[5.225,9.014168,5.2244606],"to":[10.625,18.614168,10.624461],"rotation":{"angle":-22.5,"axis":"x","origin":[7.925,11.414167,8.524461]},"faces":{"down":{"uv":[9.75,9.1875,10.3125,9.75],"rotation":0,"texture":"#0","tintindex":0},"east":{"uv":[3.5,8.5625,2.9375,9.5625],"rotation":0,"texture":"#0","tintindex":0},"north":{"uv":[7.9375,8.4375,7.375,9.4375],"rotation":0,"texture":"#0","tintindex":0},"south":{"uv":[7.1875,8.5,6.625,9.5],"rotation":0,"texture":"#0","tintindex":0},"up":{"uv":[8.1875,5.4375,8.75,4.875],"rotation":0,"texture":"#0","tintindex":0},"west":{"uv":[0.5625,8.5,0.0,9.5],"rotation":0,"texture":"#0","tintindex":0}}},{"name":"cube","from":[5.675,7.9340014,6.3940983],"to":[10.475,12.134002,12.994098],"rotation":{"angle":0.0,"axis":"x","origin":[7.925,-15.165999,-7.405902]},"faces":{"down":{"uv":[2.4375,9.625,2.9375,10.3125],"rotation":0,"texture":"#0","tintindex":0},"east":{"uv":[10.9375,7.75,10.25,8.1875],"rotation":0,"texture":"#0","tintindex":0},"north":{"uv":[0.5,10.4375,0.0,10.875],"rotation":0,"texture":"#0","tintindex":0},"south":{"uv":[7.0,10.6875,6.5,11.125],"rotation":0,"texture":"#0","tintindex":0},"up":{"uv":[6.125,9.5,6.625,8.8125],"rotation":0,"texture":"#0","tintindex":0},"west":{"uv":[10.6875,4.25,10.0,4.6875],"rotation":0,"texture":"#0","tintindex":0}}}],"display":{"head":{"translation":[0.0,-6.4,0.0],"rotation":[0.0,0.0,0.0],"scale":[3.8095,3.8095,3.8095]}}}