{"textures":{"0":"modelengine:entity/cerberus"},"elements":[{"name":"cube","from":[9.546139,6.215,2.4870787],"to":[11.946138,9.215,7.287079],"rotation":{"angle":-22.5,"axis":"y","origin":[11.046139,8.315,3.6870787]},"faces":{"down":{"uv":[0.6875,7.4375,0.9375,7.9375],"rotation":0,"texture":"#0","tintindex":0},"east":{"uv":[11.0625,11.0,10.5625,11.3125],"rotation":0,"texture":"#0","tintindex":0},"north":{"uv":[9.6875,10.0,9.4375,10.3125],"rotation":0,"texture":"#0","tintindex":0},"south":{"uv":[10.3125,2.8125,10.0625,3.125],"rotation":0,"texture":"#0","tintindex":0},"up":{"uv":[7.125,5.9375,7.375,5.4375],"rotation":0,"texture":"#0","tintindex":0},"west":{"uv":[6.0,7.1875,5.5,7.5],"rotation":0,"texture":"#0","tintindex":0}}},{"name":"cube","from":[6.846138,6.215,1.2870786],"to":[9.246138,10.415,6.087079],"rotation":{"angle":0.0,"axis":"x","origin":[8.046138,8.915,25.887081]},"faces":{"down":{"uv":[6.875,2.9375,7.125,3.4375],"rotation":0,"texture":"#0","tintindex":0},"east":{"uv":[9.5,10.8125,9.0,11.25],"rotation":0,"texture":"#0","tintindex":0},"north":{"uv":[2.4375,8.4375,2.1875,8.875],"rotation":0,"texture":"#0","tintindex":0},"south":{"uv":[4.9375,9.75,4.6875,10.1875],"rotation":0,"texture":"#0","tintindex":0},"up":{"uv":[2.1875,7.0625,2.4375,6.5625],"rotation":0,"texture":"#0","tintindex":0},"west":{"uv":[11.3125,8.1875,10.8125,8.625],"rotation":0,"texture":"#0","tintindex":0}}},{"name":"cube","from":[4.446138,6.215,0.08707857],"to":[6.846138,9.215,4.887079],"rotation":{"angle":22.5,"axis":"y","origin":[11.046139,8.315,3.6870787]},"faces":{"down":{"uv":[2.9375,7.6875,3.1875,8.1875],"rotation":0,"texture":"#0","tintindex":0},"east":{"uv":[11.5625,10.4375,11.0625,10.75],"rotation":0,"texture":"#0","tintindex":0},"north":{"uv":[6.125,10.0625,5.875,10.375],"rotation":0,"texture":"#0","tintindex":0},"south":{"uv":[3.375,10.9375,3.125,11.25],"rotation":0,"texture":"#0","tintindex":0},"up":{"uv":[4.5,8.125,4.75,7.625],"rotation":0,"texture":"#0","tintindex":0},"west":{"uv":[11.5625,10.125,11.0625,10.4375],"rotation":0,"texture":"#0","tintindex":0}}},{"name":"cube","from":[5.046138,6.2749996,3.6870787],"to":[11.046139,9.875,10.287079],"rotation":{"angle":0.0,"axis":"x","origin":[8.046138,8.975,25.887081]},"faces":{"down":{"uv":[1.1875,9.625,1.8125,10.3125],"rotation":0,"texture":"#0","tintindex":0},"east":{"uv":[11.3125,0.75,10.625,1.125],"rotation":0,"texture":"#0","tintindex":0},"north":{"uv":[11.25,8.8125,10.625,9.1875],"rotation":0,"texture":"#0","tintindex":0},"south":{"uv":[11.0625,10.625,10.4375,11.0],"rotation":0,"texture":"#0","tintindex":0},"up":{"uv":[0.5625,10.3125,1.1875,9.625],"rotation":0,"texture":"#0","tintindex":0},"west":{"uv":[11.3125,0.375,10.625,0.75],"rotation":0,"texture":"#0","tintindex":0}}}],"display":{"head":{"translation":[0.0,-6.4,0.0],"rotation":[0.0,0.0,0.0],"scale":[3.8095,3.8095,3.8095]}}}