{"textures":{"0":"modelengine:entity/cerberus"},"elements":[{"name":"cube","from":[5.008638,6.1565576,2.9593616],"to":[11.308639,9.756557,10.759361],"rotation":{"angle":0.0,"axis":"x","origin":[8.158638,9.456558,9.259361]},"faces":{"down":{"uv":[9.375,1.5,10.0625,2.3125],"rotation":0,"texture":"#0","tintindex":0},"east":{"uv":[5.6875,3.625,4.875,4.0],"rotation":0,"texture":"#0","tintindex":0},"north":{"uv":[7.3125,0.75,6.625,1.125],"rotation":0,"texture":"#0","tintindex":0},"south":{"uv":[11.1875,5.5625,10.5,5.9375],"rotation":0,"texture":"#0","tintindex":0},"up":{"uv":[9.0625,10.0,9.75,9.1875],"rotation":0,"texture":"#0","tintindex":0},"west":{"uv":[4.8125,2.4375,4.0,2.8125],"rotation":0,"texture":"#0","tintindex":0}}},{"name":"cube","from":[9.508638,6.314481,0.929651],"to":[11.908639,9.314482,5.7296515],"rotation":{"angle":-22.5,"axis":"y","origin":[11.008638,8.414481,2.129651]},"faces":{"down":{"uv":[0.6875,7.4375,0.9375,7.9375],"rotation":0,"texture":"#0","tintindex":0},"east":{"uv":[11.0625,11.0,10.5625,11.3125],"rotation":0,"texture":"#0","tintindex":0},"north":{"uv":[9.6875,10.0,9.4375,10.3125],"rotation":0,"texture":"#0","tintindex":0},"south":{"uv":[10.3125,2.8125,10.0625,3.125],"rotation":0,"texture":"#0","tintindex":0},"up":{"uv":[7.125,5.9375,7.375,5.4375],"rotation":0,"texture":"#0","tintindex":0},"west":{"uv":[6.0,7.1875,5.5,7.5],"rotation":0,"texture":"#0","tintindex":0}}},{"name":"cube","from":[6.8086376,6.314481,-0.27034903],"to":[9.208639,10.514481,4.529651],"rotation":{"angle":0.0,"axis":"x","origin":[8.008638,9.014481,24.329655]},"faces":{"down":{"uv":[6.875,2.9375,7.125,3.4375],"rotation":0,"texture":"#0","tintindex":0},"east":{"uv":[9.5,10.8125,9.0,11.25],"rotation":0,"texture":"#0","tintindex":0},"north":{"uv":[2.4375,8.4375,2.1875,8.875],"rotation":0,"texture":"#0","tintindex":0},"south":{"uv":[4.9375,9.75,4.6875,10.1875],"rotation":0,"texture":"#0","tintindex":0},"up":{"uv":[2.1875,7.0625,2.4375,6.5625],"rotation":0,"texture":"#0","tintindex":0},"west":{"uv":[11.3125,8.1875,10.8125,8.625],"rotation":0,"texture":"#0","tintindex":0}}},{"name":"cube","from":[4.408638,6.314481,-1.4703484],"to":[6.8086376,9.314482,3.329651],"rotation":{"angle":22.5,"axis":"y","origin":[11.008638,8.414481,2.129651]},"faces":{"down":{"uv":[2.9375,7.6875,3.1875,8.1875],"rotation":0,"texture":"#0","tintindex":0},"east":{"uv":[11.5625,10.4375,11.0625,10.75],"rotation":0,"texture":"#0","tintindex":0},"north":{"uv":[6.125,10.0625,5.875,10.375],"rotation":0,"texture":"#0","tintindex":0},"south":{"uv":[3.375,10.9375,3.125,11.25],"rotation":0,"texture":"#0","tintindex":0},"up":{"uv":[4.5,8.125,4.75,7.625],"rotation":0,"texture":"#0","tintindex":0},"west":{"uv":[11.5625,10.125,11.0625,10.4375],"rotation":0,"texture":"#0","tintindex":0}}}],"display":{"head":{"translation":[0.0,-6.4,0.0],"rotation":[0.0,0.0,0.0],"scale":[3.8095,3.8095,3.8095]}}}