{"textures":{"0":"modelengine:entity/cerberus"},"elements":[{"name":"cube","from":[2.6,5.6,3.4999998],"to":[8.0,10.4,12.5],"rotation":{"angle":-22.5,"axis":"x","origin":[2.8999999,9.5,7.7]},"faces":{"down":{"uv":[0.0,9.5,0.5625,10.4375],"rotation":0,"texture":"#0","tintindex":0},"east":{"uv":[8.125,4.125,7.1875,4.625],"rotation":0,"texture":"#0","tintindex":0},"north":{"uv":[4.0625,10.3125,3.5,10.8125],"rotation":0,"texture":"#0","tintindex":0},"south":{"uv":[4.0625,10.3125,3.5,10.8125],"rotation":0,"texture":"#0","tintindex":0},"up":{"uv":[2.875,5.3125,3.4375,4.375],"rotation":0,"texture":"#0","tintindex":0},"west":{"uv":[7.0,4.6875,6.0625,5.1875],"rotation":0,"texture":"#0","tintindex":0}}},{"name":"cube","from":[0.19999981,1.3999997,4.7],"to":[5.6,13.400001,11.3],"rotation":{"angle":-22.5,"axis":"x","origin":[2.8999999,9.5,7.7]},"faces":{"down":{"uv":[9.6875,7.5625,10.25,8.25],"rotation":0,"texture":"#0","tintindex":0},"east":{"uv":[6.875,2.375,6.1875,3.625],"rotation":0,"texture":"#0","tintindex":0},"north":{"uv":[2.0,3.0,1.4375,4.25],"rotation":0,"texture":"#0","tintindex":0},"south":{"uv":[6.0625,7.5625,5.5,8.8125],"rotation":0,"texture":"#0","tintindex":0},"up":{"uv":[9.6875,7.5625,10.25,6.875],"rotation":0,"texture":"#0","tintindex":0},"west":{"uv":[4.75,5.3125,4.0625,6.5625],"rotation":0,"texture":"#0","tintindex":0}}}],"display":{"head":{"translation":[0.0,-6.4,0.0],"rotation":[0.0,0.0,0.0],"scale":[3.8095,3.8095,3.8095]}}}