{"textures":{"0":"modelengine:entity/cerberus"},"elements":[{"name":"cube","from":[6.2,7.2941465,6.6963596],"to":[9.8,10.894147,14.496359],"rotation":{"angle":22.5,"axis":"x","origin":[8.0,10.2941475,8.79636]},"faces":{"down":{"uv":[4.625,8.875,4.25,9.6875],"rotation":0,"texture":"#0","tintindex":0},"east":{"uv":[8.125,4.125,8.9375,4.5],"rotation":0,"texture":"#0","tintindex":0},"north":{"uv":[3.25,6.875,3.625,7.25],"rotation":0,"texture":"#0","tintindex":0},"south":{"uv":[3.625,6.875,4.0,7.25],"rotation":0,"texture":"#0","tintindex":0},"up":{"uv":[7.875,5.4375,7.5,4.625],"rotation":0,"texture":"#0","tintindex":0},"west":{"uv":[8.125,4.5,8.9375,4.875],"rotation":0,"texture":"#0","tintindex":0}}},{"name":"cube","from":[6.35,-4.5918546,28.912678],"to":[9.65,6.8081455,31.912678],"rotation":{"angle":-22.5,"axis":"x","origin":[8.0,-36.691853,18.412676]},"faces":{"down":{"uv":[7.9375,3.5,7.5625,3.8125],"rotation":0,"texture":"#0","tintindex":0},"east":{"uv":[8.125,1.875,8.4375,3.0625],"rotation":0,"texture":"#0","tintindex":0},"north":{"uv":[4.75,7.6875,5.125,8.875],"rotation":0,"texture":"#0","tintindex":0},"south":{"uv":[7.75,1.875,8.125,3.0625],"rotation":0,"texture":"#0","tintindex":0},"up":{"uv":[7.5625,3.875,7.1875,3.5625],"rotation":0,"texture":"#0","tintindex":0},"west":{"uv":[8.125,5.4375,8.4375,6.625],"rotation":0,"texture":"#0","tintindex":0}}}],"display":{"head":{"translation":[0.0,-6.4,0.0],"rotation":[0.0,0.0,0.0],"scale":[3.8095,3.8095,3.8095]}}}