{"textures":{"0":"modelengine:entity/cerberus"},"elements":[{"name":"cube","from":[6.5,9.179311,-2.3190222],"to":[9.5,18.179312,0.6809778],"rotation":{"angle":-45.0,"axis":"x","origin":[8.0,23.729313,14.780979]},"faces":{"down":{"uv":[5.4375,7.6875,5.125,8.0],"rotation":0,"texture":"#0","tintindex":0},"east":{"uv":[9.1875,0.5,9.5,1.4375],"rotation":0,"texture":"#0","tintindex":0},"north":{"uv":[8.875,5.9375,9.1875,6.875],"rotation":0,"texture":"#0","tintindex":0},"south":{"uv":[9.375,3.125,9.6875,4.0625],"rotation":0,"texture":"#0","tintindex":0},"up":{"uv":[7.875,4.125,7.5625,3.8125],"rotation":0,"texture":"#0","tintindex":0},"west":{"uv":[9.4375,4.75,9.75,5.6875],"rotation":0,"texture":"#0","tintindex":0}}},{"name":"cube","from":[6.56,1.7079774,12.943465],"to":[9.440001,4.7079773,23.743465],"rotation":{"angle":0.0,"axis":"x","origin":[8.06,-33.992023,7.2434654]},"faces":{"down":{"uv":[8.75,5.4375,8.4375,6.5625],"rotation":0,"texture":"#0","tintindex":0},"east":{"uv":[7.6875,0.0,8.8125,0.3125],"rotation":0,"texture":"#0","tintindex":0},"north":{"uv":[7.75,3.0625,8.0625,3.375],"rotation":0,"texture":"#0","tintindex":0},"south":{"uv":[7.875,4.875,8.1875,5.1875],"rotation":0,"texture":"#0","tintindex":0},"up":{"uv":[8.75,3.0,8.4375,1.875],"rotation":0,"texture":"#0","tintindex":0},"west":{"uv":[7.6875,0.3125,8.8125,0.625],"rotation":0,"texture":"#0","tintindex":0}}}],"display":{"head":{"translation":[0.0,-6.4,0.0],"rotation":[0.0,0.0,0.0],"scale":[3.8095,3.8095,3.8095]}}}