{"textures":{"0":"modelengine:entity/cerberus"},"elements":[{"name":"cube","from":[6.62,9.5,6.2],"to":[9.38,12.5,17.0],"rotation":{"angle":-45.0,"axis":"x","origin":[8.06,11.0,11.6]},"faces":{"down":{"uv":[9.4375,4.75,9.125,5.875],"rotation":0,"texture":"#0","tintindex":0},"east":{"uv":[7.75,6.625,8.875,6.9375],"rotation":0,"texture":"#0","tintindex":0},"north":{"uv":[8.0625,3.0625,8.375,3.375],"rotation":0,"texture":"#0","tintindex":0},"south":{"uv":[8.375,3.0625,8.6875,3.375],"rotation":0,"texture":"#0","tintindex":0},"up":{"uv":[9.1875,1.125,8.875,0.0],"rotation":0,"texture":"#0","tintindex":0},"west":{"uv":[7.75,6.9375,8.875,7.25],"rotation":0,"texture":"#0","tintindex":0}}}],"display":{"head":{"translation":[0.0,-6.4,0.0],"rotation":[0.0,0.0,0.0],"scale":[3.8095,3.8095,3.8095]}}}