{"textures":{"0":"modelengine:entity/cerberus"},"elements":[{"name":"cube","from":[-5.200001,8.644212,-2.1565356],"to":[21.2,27.844212,-2.1565356],"rotation":{"angle":0.0,"axis":"x","origin":[4.3999996,18.244211,-2.1565356]},"faces":{"down":{"uv":[2.75,0.0,0.0,0.0],"rotation":0,"texture":"#0","tintindex":0},"east":{"uv":[0.0,0.0,0.0,2.0],"rotation":0,"texture":"#0","tintindex":0},"north":{"uv":[11.375,2.5,14.125,4.5],"rotation":0,"texture":"#0","tintindex":0},"south":{"uv":[11.375,2.5,14.125,4.5],"rotation":0,"texture":"#0","tintindex":0},"up":{"uv":[2.75,0.0,0.0,0.0],"rotation":0,"texture":"#0","tintindex":0},"west":{"uv":[0.0,0.0,0.0,2.0],"rotation":0,"texture":"#0","tintindex":0}}},{"name":"cube","from":[-1.6000004,2.0285814,-1.8706727],"to":[17.6,16.428581,11.929327],"rotation":{"angle":45.0,"axis":"x","origin":[8.0,11.028581,5.029327]},"faces":{"down":{"uv":[4.0,1.4375,2.0,2.875],"rotation":0,"texture":"#0","tintindex":0},"east":{"uv":[2.0,2.875,3.4375,4.375],"rotation":0,"texture":"#0","tintindex":0},"north":{"uv":[0.0,0.0,2.0,1.5],"rotation":0,"texture":"#0","tintindex":0},"south":{"uv":[0.0,1.5,2.0,3.0],"rotation":0,"texture":"#0","tintindex":0},"up":{"uv":[4.0,1.4375,2.0,0.0],"rotation":0,"texture":"#0","tintindex":0},"west":{"uv":[0.0,3.0,1.4375,4.5],"rotation":0,"texture":"#0","tintindex":0}}}],"display":{"head":{"translation":[0.0,-6.4,0.0],"rotation":[0.0,0.0,0.0],"scale":[3.8095,3.8095,3.8095]}}}