{"textures":{"0":"modelengine:entity/nocsy_fpv2_ghoul"},"elements":[{"name":"cube","from":[5.84,6.961732,4.548156],"to":[10.16,10.081732,9.468156],"rotation":{"angle":0.0,"axis":"x","origin":[8.0,6.8,8.3]},"faces":{"down":{"uv":[5.375,4.75,4.5,5.75],"rotation":0,"texture":"#0","tintindex":0},"east":{"uv":[7.25,4.625,8.25,5.25],"rotation":0,"texture":"#0","tintindex":0},"north":{"uv":[0.0,8.0,0.875,8.625],"rotation":0,"texture":"#0","tintindex":0},"south":{"uv":[3.375,8.0,4.25,8.625],"rotation":0,"texture":"#0","tintindex":0},"up":{"uv":[5.5,4.625,4.625,3.625],"rotation":0,"texture":"#0","tintindex":0},"west":{"uv":[5.375,7.25,6.375,7.875],"rotation":0,"texture":"#0","tintindex":0}}},{"name":"cube","from":[5.8999996,4.5697055,4.890294],"to":[10.1,7.5697055,4.890294],"rotation":{"angle":22.5,"axis":"x","origin":[8.0,8.3,7.1]},"faces":{"down":{"uv":[11.375,2.5,10.5,2.5],"rotation":0,"texture":"#0","tintindex":0},"east":{"uv":[1.0,10.625,1.0,11.25],"rotation":0,"texture":"#0","tintindex":0},"north":{"uv":[8.0,3.5,8.875,4.125],"rotation":0,"texture":"#0","tintindex":0},"south":{"uv":[5.375,8.0,6.25,8.625],"rotation":0,"texture":"#0","tintindex":0},"up":{"uv":[11.0,4.75,10.125,4.75],"rotation":0,"texture":"#0","tintindex":0},"west":{"uv":[1.125,10.625,1.125,11.25],"rotation":0,"texture":"#0","tintindex":0}}},{"name":"cube","from":[9.024059,4.9399996,5.226391],"to":[13.224059,7.9399996,5.226391],"rotation":{"angle":-45.0,"axis":"y","origin":[10.644059,6.4399996,4.731391]},"faces":{"down":{"uv":[11.375,2.75,10.5,2.75],"rotation":0,"texture":"#0","tintindex":0},"east":{"uv":[1.25,10.625,1.25,11.25],"rotation":0,"texture":"#0","tintindex":0},"north":{"uv":[1.0,8.25,1.875,8.875],"rotation":0,"texture":"#0","tintindex":0},"south":{"uv":[8.375,0.0,9.25,0.625],"rotation":0,"texture":"#0","tintindex":0},"up":{"uv":[11.375,2.625,10.5,2.625],"rotation":0,"texture":"#0","tintindex":0},"west":{"uv":[10.625,1.25,10.625,1.875],"rotation":0,"texture":"#0","tintindex":0}}},{"name":"cube","from":[2.8408842,5.1617312,5.1614475],"to":[7.040884,8.161732,5.1614475],"rotation":{"angle":45.0,"axis":"y","origin":[5.355941,6.4399996,4.731391]},"faces":{"down":{"uv":[11.375,3.0,10.5,3.0],"rotation":0,"texture":"#0","tintindex":0},"east":{"uv":[1.375,10.625,1.375,11.25],"rotation":0,"texture":"#0","tintindex":0},"north":{"uv":[8.375,0.75,9.25,1.375],"rotation":0,"texture":"#0","tintindex":0},"south":{"uv":[8.375,1.5,9.25,2.125],"rotation":0,"texture":"#0","tintindex":0},"up":{"uv":[11.375,2.875,10.5,2.875],"rotation":0,"texture":"#0","tintindex":0},"west":{"uv":[1.5,10.625,1.5,11.25],"rotation":0,"texture":"#0","tintindex":0}}}],"display":{"head":{"translation":[0.0,-6.4,0.0],"rotation":[0.0,0.0,0.0],"scale":[3.8095,3.8095,3.8095]}}}