{"textures":{"0":"modelengine:entity/nocsy_fpv2_ghoul"},"elements":[{"name":"cube","from":[6.8086367,4.080924,6.7815514],"to":[8.488637,8.160924,9.061552],"rotation":{"angle":0.0,"axis":"x","origin":[8.0,5.8999996,8.0]},"faces":{"down":{"uv":[2.375,8.25,2.0,8.75],"rotation":0,"texture":"#0","tintindex":0},"east":{"uv":[2.75,8.875,3.25,9.75],"rotation":0,"texture":"#0","tintindex":0},"north":{"uv":[6.0,9.375,6.375,10.25],"rotation":0,"texture":"#0","tintindex":0},"south":{"uv":[6.5,9.375,6.875,10.25],"rotation":0,"texture":"#0","tintindex":0},"up":{"uv":[7.625,5.875,7.25,5.375],"rotation":0,"texture":"#0","tintindex":0},"west":{"uv":[7.875,8.875,8.375,9.75],"rotation":0,"texture":"#0","tintindex":0}}}],"display":{"head":{"translation":[0.0,-6.4,0.0],"rotation":[0.0,0.0,0.0],"scale":[3.8095,3.8095,3.8095]}}}