{"textures":{"0":"modelengine:entity/nocsy_fpv2_ghoul"},"elements":[{"name":"cube","from":[7.704051,5.463101,6.3119454],"to":[10.584051,7.743101,9.791946],"rotation":{"angle":-45.0,"axis":"z","origin":[9.5504265,7.594329,8.0]},"faces":{"down":{"uv":[9.125,8.75,8.5,9.5],"rotation":0,"texture":"#0","tintindex":0},"east":{"uv":[9.375,0.0,10.125,0.5],"rotation":0,"texture":"#0","tintindex":0},"north":{"uv":[9.75,5.75,10.375,6.25],"rotation":0,"texture":"#0","tintindex":0},"south":{"uv":[7.0,9.75,7.625,10.25],"rotation":0,"texture":"#0","tintindex":0},"up":{"uv":[5.875,9.5,5.25,8.75],"rotation":0,"texture":"#0","tintindex":0},"west":{"uv":[9.375,0.625,10.125,1.125],"rotation":0,"texture":"#0","tintindex":0}}},{"name":"cube","from":[8.42943,3.315448,6.9119453],"to":[10.10943,6.7954493,9.191946],"rotation":{"angle":0.0,"axis":"x","origin":[9.5504265,7.594329,8.0]},"faces":{"down":{"uv":[3.625,10.25,3.25,10.75],"rotation":0,"texture":"#0","tintindex":0},"east":{"uv":[9.375,1.25,9.875,2.0],"rotation":0,"texture":"#0","tintindex":0},"north":{"uv":[2.75,9.875,3.125,10.625],"rotation":0,"texture":"#0","tintindex":0},"south":{"uv":[9.875,7.625,10.25,8.375],"rotation":0,"texture":"#0","tintindex":0},"up":{"uv":[10.625,1.125,10.25,0.625],"rotation":0,"texture":"#0","tintindex":0},"west":{"uv":[9.375,4.875,9.875,5.625],"rotation":0,"texture":"#0","tintindex":0}}}],"display":{"head":{"translation":[0.0,-6.4,0.0],"rotation":[0.0,0.0,0.0],"scale":[3.8095,3.8095,3.8095]}}}