{
  "providers": [
    {
      "file": "font/base/black.png",
      "chars": [
        "\uF822"
      ],
      "height": 1,
      "ascent": -5000,
      "type": "bitmap"
    },
    {
      "file": "font/base/black.png",
      "chars": [
        "\uF823"
      ],
      "height": 2,
      "ascent": -5000,
      "type": "bitmap"
    },
    {
      "file": "font/base/black.png",
      "chars": [
        "\uF824"
      ],
      "height": 3,
      "ascent": -5000,
      "type": "bitmap"
    },
    {
      "file": "font/base/black.png",
      "chars": [
        "\uF825"
      ],
      "height": 4,
      "ascent": -5000,
      "type": "bitmap"
    },
    {
      "file": "font/base/black.png",
      "chars": [
        "\uF826"
      ],
      "height": 5,
      "ascent": -5000,
      "type": "bitmap"
    },
    {
      "file": "font/base/black.png",
      "chars": [
        "\uF827"
      ],
      "height": 6,
      "ascent": -5000,
      "type": "bitmap"
    },
    {
      "file": "font/base/black.png",
      "chars": [
        "\uF828"
      ],
      "height": 7,
      "ascent": -5000,
      "type": "bitmap"
    },
    {
      "file": "font/base/black.png",
      "chars": [
        "\uF829"
      ],
      "height": 15,
      "ascent": -5000,
      "type": "bitmap"
    },
    {
      "file": "font/base/black.png",
      "chars": [
        "\uF82A"
      ],
      "height": 31,
      "ascent": -5000,
      "type": "bitmap"
    },
    {
      "file": "font/base/black.png",
      "chars": [
        "\uF82B"
      ],
      "height": 63,
      "ascent": -5000,
      "type": "bitmap"
    },
    {
      "file": "font/base/black.png",
      "chars": [
        "\uF82C"
      ],
      "height": 127,
      "ascent": -5000,
      "type": "bitmap"
    },
    {
      "file": "font/base/black.png",
      "chars": [
        "\uF82D"
      ],
      "height": 256,
      "ascent": -5000,
      "type": "bitmap"
    },
    {
      "file": "font/base/black.png",
      "chars": [
        "\uF82E"
      ],
      "height": 512,
      "ascent": -5000,
      "type": "bitmap"
    },
    {
      "file": "font/base/black.png",
      "chars": [
        "\uF82F"
      ],
      "height": 1024,
      "ascent": -5000,
      "type": "bitmap"
    },
    {
      "file": "font/base/black.png",
      "chars": [
        "\uF82F"
      ],
      "height": 1023,
      "ascent": -5000,
      "type": "bitmap"
    },
    {
      "file": "font/base/black.png",
      "chars": [
        "\uF801"
      ],
      "height": -3,
      "ascent": -5000,
      "type": "bitmap"
    },
    {
      "file": "font/base/black.png",
      "chars": [
        "\uF802"
      ],
      "height": -4,
      "ascent": -5000,
      "type": "bitmap"
    },
    {
      "file": "font/base/black.png",
      "chars": [
        "\uF803"
      ],
      "height": -5,
      "ascent": -5000,
      "type": "bitmap"
    },
    {
      "file": "font/base/black.png",
      "chars": [
        "\uF804"
      ],
      "height": -6,
      "ascent": -5000,
      "type": "bitmap"
    },
    {
      "file": "font/base/black.png",
      "chars": [
        "\uF805"
      ],
      "height": -7,
      "ascent": -5000,
      "type": "bitmap"
    },
    {
      "file": "font/base/black.png",
      "chars": [
        "\uF806"
      ],
      "height": -8,
      "ascent": -5000,
      "type": "bitmap"
    },
    {
      "file": "font/base/black.png",
      "chars": [
        "\uF807"
      ],
      "height": -9,
      "ascent": -5000,
      "type": "bitmap"
    },
    {
      "file": "font/base/black.png",
      "chars": [
        "\uF808"
      ],
      "height": -10,
      "ascent": -5000,
      "type": "bitmap"
    },
    {
      "file": "font/base/black.png",
      "chars": [
        "\uF809"
      ],
      "height": -18,
      "ascent": -5000,
      "type": "bitmap"
    },
    {
      "file": "font/base/black.png",
      "chars": [
        "\uF80A"
      ],
      "height": -34,
      "ascent": -5000,
      "type": "bitmap"
    },
    {
      "file": "font/base/black.png",
      "chars": [
        "\uF80B"
      ],
      "height": -66,
      "ascent": -5000,
      "type": "bitmap"
    },
    {
      "file": "font/base/black.png",
      "chars": [
        "\uF80C"
      ],
      "height": -130,
      "ascent": -5000,
      "type": "bitmap"
    },
    {
      "file": "font/base/black.png",
      "chars": [
        "\uF80D"
      ],
      "height": -259,
      "ascent": -5000,
      "type": "bitmap"
    },
    {
      "file": "font/base/black.png",
      "chars": [
        "\uF80E"
      ],
      "height": -515,
      "ascent": -5000,
      "type": "bitmap"
    },
    {
      "file": "font/base/black.png",
      "chars": [
        "\uF80F"
      ],
      "height": -1027,
      "ascent": -5000,
      "type": "bitmap"
    },
    {
      "type": "bitmap",
      "file": "serverlogo.png",
      "ascent": 32,
      "height": 100,
      "chars": [
        "섏섐",
        "섑섒"
      ]
    },
    {
      "type": "bitmap",
      "file": "minecraft:gui/reportbugs.png",
      "ascent": 60,
      "height": 256,
      "chars": [
        "月"
      ]
    },
    {
      "type": "bitmap",
      "file": "minecraft:strix_mascot.png",
      "ascent": 8,
      "height": 64,
      "chars": [
        ""
      ]
    },
    {
      "type": "bitmap",
      "file": "minecraft:gui/disconnect_banner.png",
      "ascent": 132,
      "height": 256,
      "chars": [
        "思"
      ]
    },
    {
      "type": "bitmap",
      "file": "minecraft:gui/title_screen.png",
      "ascent": 195,
      "height": 254,
      "chars": [
        ""
      ]
    },
    {
      "type": "bitmap",
      "file": "minecraft:badges/misc/moneynote.png",
      "ascent": 8,
      "height": 9,
      "chars": [
        "弓"
      ]
    },
    {
      "type": "bitmap",
      "file": "minecraft:badges/misc/rank.png",
      "ascent": 8,
      "height": 9,
      "chars": [
        "女"
      ]
    },
    {
      "type": "bitmap",
      "file": "minecraft:badges/misc/level.png",
      "ascent": 8,
      "height": 9,
      "chars": [
        "金"
      ]
    },
    {
      "type": "bitmap",
      "file": "minecraft:badges/misc/land.png",
      "ascent": 8,
      "height": 9,
      "chars": [
        "難"
      ]
    },
    {
      "type": "bitmap",
      "file": "minecraft:badges/misc/log.png",
      "ascent": 8,
      "height": 9,
      "chars": [
        "日"
      ]
    },
    {
      "type": "bitmap",
      "file": "minecraft:badges/misc/kd.png",
      "ascent": 8,
      "height": 9,
      "chars": [
        "尸"
      ]
    },
    {
      "type": "bitmap",
      "file": "minecraft:badges/grimreaper.png",
      "ascent": 8,
      "height": 9,
      "chars": [
        "浤"
      ]
    },
    {
      "type": "bitmap",
      "file": "minecraft:badges/demon.png",
      "ascent": 8,
      "height": 9,
      "chars": [
        "頹"
      ]
    },
    {
      "type": "bitmap",
      "file": "minecraft:badges/lotus.png",
      "ascent": 8,
      "height": 9,
      "chars": [
        "衙"
      ]
    },
    {
      "type": "bitmap",
      "file": "minecraft:badges/koth.png",
      "ascent": 8,
      "height": 9,
      "chars": [
        "搰"
      ]
    },
    {
      "type": "bitmap",
      "file": "minecraft:badges/ancient.png",
      "ascent": 8,
      "height": 9,
      "chars": [
        "浳"
      ]
    },
    {
      "type": "bitmap",
      "file": "minecraft:badges/fire.png",
      "ascent": 8,
      "height": 9,
      "chars": [
        "煤"
      ]
    },
    {
      "type": "bitmap",
      "file": "minecraft:badges/wumpus.png",
      "ascent": 8,
      "height": 9,
      "chars": [
        "洳"
      ]
    },
    {
      "type": "bitmap",
      "file": "minecraft:badges/dragon.png",
      "ascent": 8,
      "height": 9,
      "chars": [
        "橱"
      ]
    },
    {
      "type": "bitmap",
      "file": "minecraft:badges/end.png",
      "ascent": 8,
      "height": 9,
      "chars": [
        "煪"
      ]
    },
    {
      "type": "bitmap",
      "file": "minecraft:badges/youtube.png",
      "ascent": 8,
      "height": 9,
      "chars": [
        "㍱"
      ]
    },
    {
      "type": "bitmap",
      "file": "minecraft:badges/twitch.png",
      "ascent": 8,
      "height": 9,
      "chars": [
        "煱"
      ]
    },
    {
      "type": "bitmap",
      "file": "minecraft:badges/mapleleaf.png",
      "ascent": 8,
      "height": 9,
      "chars": [
        "睤"
      ]
    },
    {
      "type": "bitmap",
      "file": "minecraft:badges/acorn.png",
      "ascent": 8,
      "height": 9,
      "chars": [
        "둻"
      ]
    },
    {
      "type": "bitmap",
      "file": "minecraft:badges/owl.png",
      "ascent": 8,
      "height": 9,
      "chars": [
        "㌹"
      ]
    },
    {
      "type": "bitmap",
      "file": "minecraft:badges/pumpkin.png",
      "ascent": 8,
      "height": 9,
      "chars": [
        "畱"
      ]
    },
    {
      "type": "bitmap",
      "file": "minecraft:badges/ghost.png",
      "ascent": 8,
      "height": 9,
      "chars": [
        "椹"
      ]
    },
    {
      "type": "bitmap",
      "file": "minecraft:badges/viper.png",
      "ascent": 8,
      "height": 9,
      "chars": [
        "ぱ"
      ]
    },
    {
      "type": "bitmap",
      "file": "minecraft:badges/witchhat.png",
      "ascent": 8,
      "height": 9,
      "chars": [
        "楤"
      ]
    },
    {
      "type": "bitmap",
      "file": "minecraft:badges/candycane.png",
      "ascent": 8,
      "height": 9,
      "chars": [
        "煵"
      ]
    },
    {
      "type": "bitmap",
      "file": "minecraft:badges/gingerbread.png",
      "ascent": 8,
      "height": 9,
      "chars": [
        "田"
      ]
    },
    {
      "type": "bitmap",
      "file": "minecraft:badges/snowflake.png",
      "ascent": 8,
      "height": 9,
      "chars": [
        "つ"
      ]
    },
    {
      "type": "bitmap",
      "file": "minecraft:badges/present.png",
      "ascent": 8,
      "height": 9,
      "chars": [
        "嫠"
      ]
    },
    {
      "type": "bitmap",
      "file": "minecraft:badges/snowman.png",
      "ascent": 8,
      "height": 9,
      "chars": [
        "엌"
      ]
    },
    {
      "type": "bitmap",
      "file": "minecraft:badges/cerberus.png",
      "ascent": 8,
      "height": 9,
      "chars": [
        "쯦"
      ]
    },
    {
      "type": "bitmap",
      "file": "minecraft:badges/goliath.png",
      "ascent": 8,
      "height": 9,
      "chars": [
        "案"
      ]
    },
    {
      "type": "bitmap",
      "file": "minecraft:badges/santa.png",
      "ascent": 8,
      "height": 9,
      "chars": [
        "迎"
      ]
    },
    {
      "type": "bitmap",
      "file": "minecraft:badges/polarbear.png",
      "ascent": 8,
      "height": 9,
      "chars": [
        "事"
      ]
    },
    {
      "type": "bitmap",
      "file": "minecraft:badges/yeti.png",
      "ascent": 8,
      "height": 9,
      "chars": [
        "網"
      ]
    },
    {
      "type": "bitmap",
      "file": "minecraft:badges/ice.png",
      "ascent": 8,
      "height": 9,
      "chars": [
        "頁"
      ]
    },
    {
      "type": "bitmap",
      "file": "minecraft:badges/blossom.png",
      "ascent": 8,
      "height": 9,
      "chars": [
        "從"
      ]
    },
    {
      "type": "bitmap",
      "file": "minecraft:badges/rudolph.png",
      "ascent": 8,
      "height": 9,
      "chars": [
        "是"
      ]
    },
    {
      "type": "bitmap",
      "file": "minecraft:badges/rose.png",
      "ascent": 8,
      "height": 9,
      "chars": [
        "設"
      ]
    },
    {
      "type": "bitmap",
      "file": "minecraft:badges/boxofchocolate.png",
      "ascent": 8,
      "height": 9,
      "chars": [
        "簡"
      ]
    },
    {
      "type": "bitmap",
      "file": "minecraft:badges/heartpierce.png",
      "ascent": 8,
      "height": 9,
      "chars": [
        "計"
      ]
    },
    {
      "type": "bitmap",
      "file": "minecraft:badges/teddybear.png",
      "ascent": 8,
      "height": 9,
      "chars": [
        "大"
      ]
    },
    {
      "type": "bitmap",
      "file": "minecraft:badges/lion.png",
      "ascent": 8,
      "height": 9,
      "chars": [
        "手"
      ]
    },
    {
      "type": "bitmap",
      "file": "minecraft:badges/leprechaun.png",
      "ascent": 8,
      "height": 9,
      "chars": [
        "水"
      ]
    },
    {
      "type": "bitmap",
      "file": "minecraft:badges/shamrock.png",
      "ascent": 8,
      "height": 9,
      "chars": [
        "口"
      ]
    },
    {
      "type": "bitmap",
      "file": "minecraft:badges/pot_of_gold.png",
      "ascent": 8,
      "height": 9,
      "chars": [
        "廿"
      ]
    },
    {
      "type": "bitmap",
      "file": "minecraft:badges/rainbow.png",
      "ascent": 8,
      "height": 9,
      "chars": [
        "卜"
      ]
    },
    {
      "type": "bitmap",
      "file": "minecraft:gui/strixmc_tab.png",
      "ascent": 8,
      "height": 48,
      "chars": [
        "𞠀"
      ]
    },
    {
      "type": "bitmap",
      "file": "minecraft:gui/strix_menu_c.png",
      "ascent": 36,
      "height": 256,
      "chars": [
        "𞠁"
      ]
    },
    {
      "type": "bitmap",
      "file": "minecraft:gui/strix_menu.png",
      "ascent": 95,
      "height": 256,
      "chars": [
        "𞠂"
      ]
    },
    {
      "type": "bitmap",
      "file": "space:font/space_split.png",
      "ascent": -32768,
      "height": -6,
      "chars": [
        ""
      ]
    },
    {
      "type": "bitmap",
      "file": "space:font/space_nosplit.png",
      "ascent": -32768,
      "height": -500,
      "chars": [
        ""
      ]
    },
    {
      "type": "bitmap",
      "file": "space:font/space_split.png",
      "ascent": -32768,
      "height": -3,
      "chars": [
        ""
      ]
    },
    {
      "type": "bitmap",
      "file": "space:font/space_split.png",
      "ascent": -32768,
      "height": -4,
      "chars": [
        ""
      ]
    },
    {
      "type": "bitmap",
      "file": "space:font/space_split.png",
      "ascent": -32768,
      "height": -5,
      "chars": [
        ""
      ]
    },
    {
      "type": "bitmap",
      "file": "space:font/space_split.png",
      "ascent": -32768,
      "height": -6,
      "chars": [
        ""
      ]
    },
    {
      "type": "bitmap",
      "file": "space:font/space_split.png",
      "ascent": -32768,
      "height": -7,
      "chars": [
        ""
      ]
    },
    {
      "type": "bitmap",
      "file": "space:font/space_split.png",
      "ascent": -32768,
      "height": -8,
      "chars": [
        ""
      ]
    },
    {
      "type": "bitmap",
      "file": "space:font/space_split.png",
      "ascent": -32768,
      "height": -9,
      "chars": [
        ""
      ]
    },
    {
      "type": "bitmap",
      "file": "space:font/space_split.png",
      "ascent": -32768,
      "height": -10,
      "chars": [
        ""
      ]
    },
    {
      "type": "bitmap",
      "file": "space:font/space_split.png",
      "ascent": -32768,
      "height": -18,
      "chars": [
        ""
      ]
    },
    {
      "type": "bitmap",
      "file": "space:font/space_split.png",
      "ascent": -32768,
      "height": -34,
      "chars": [
        ""
      ]
    },
    {
      "type": "bitmap",
      "file": "space:font/space_split.png",
      "ascent": -32768,
      "height": -66,
      "chars": [
        ""
      ]
    },
    {
      "type": "bitmap",
      "file": "space:font/space_split.png",
      "ascent": -32768,
      "height": -130,
      "chars": [
        ""
      ]
    },
    {
      "type": "bitmap",
      "file": "space:font/space_split.png",
      "ascent": -32768,
      "height": -258,
      "chars": [
        ""
      ]
    },
    {
      "type": "bitmap",
      "file": "space:font/space_split.png",
      "ascent": -32768,
      "height": -514,
      "chars": [
        ""
      ]
    },
    {
      "type": "bitmap",
      "file": "space:font/space_split.png",
      "ascent": -32768,
      "height": -1026,
      "chars": [
        ""
      ]
    },
    {
      "type": "bitmap",
      "file": "space:font/space_split.png",
      "ascent": -65536,
      "height": -32770,
      "chars": [
        ""
      ]
    },
    {
      "type": "bitmap",
      "file": "space:font/space_split.png",
      "ascent": -32768,
      "height": 0,
      "chars": [
        ""
      ]
    },
    {
      "type": "bitmap",
      "file": "space:font/space_split.png",
      "ascent": -32768,
      "height": 1,
      "chars": [
        ""
      ]
    },
    {
      "type": "bitmap",
      "file": "space:font/space_split.png",
      "ascent": -32768,
      "height": 2,
      "chars": [
        ""
      ]
    },
    {
      "type": "bitmap",
      "file": "space:font/space_split.png",
      "ascent": -32768,
      "height": 3,
      "chars": [
        ""
      ]
    },
    {
      "type": "bitmap",
      "file": "space:font/space_split.png",
      "ascent": -32768,
      "height": 4,
      "chars": [
        ""
      ]
    },
    {
      "type": "bitmap",
      "file": "space:font/space_split.png",
      "ascent": -32768,
      "height": 5,
      "chars": [
        ""
      ]
    },
    {
      "type": "bitmap",
      "file": "space:font/space_split.png",
      "ascent": -32768,
      "height": 6,
      "chars": [
        ""
      ]
    },
    {
      "type": "bitmap",
      "file": "space:font/space_split.png",
      "ascent": -32768,
      "height": 7,
      "chars": [
        ""
      ]
    },
    {
      "type": "bitmap",
      "file": "space:font/space_split.png",
      "ascent": -32768,
      "height": 15,
      "chars": [
        ""
      ]
    },
    {
      "type": "bitmap",
      "file": "space:font/space_split.png",
      "ascent": -32768,
      "height": 31,
      "chars": [
        ""
      ]
    },
    {
      "type": "bitmap",
      "file": "space:font/space_split.png",
      "ascent": -32768,
      "height": 63,
      "chars": [
        ""
      ]
    },
    {
      "type": "bitmap",
      "file": "space:font/space_split.png",
      "ascent": -32768,
      "height": 127,
      "chars": [
        ""
      ]
    },
    {
      "type": "bitmap",
      "file": "space:font/space_split.png",
      "ascent": -32768,
      "height": 255,
      "chars": [
        ""
      ]
    },
    {
      "type": "bitmap",
      "file": "space:font/space_split.png",
      "ascent": -32768,
      "height": 511,
      "chars": [
        ""
      ]
    },
    {
      "type": "bitmap",
      "file": "space:font/space_split.png",
      "ascent": -32768,
      "height": 1023,
      "chars": [
        ""
      ]
    },
    {
      "type": "bitmap",
      "file": "space:font/space_split.png",
      "ascent": -65536,
      "height": 32767,
      "chars": [
        ""
      ]
    },
    {
      "type": "bitmap",
      "file": "space:font/space_nosplit.png",
      "ascent": -32768,
      "height": -3,
      "chars": [
        ""
      ]
    },
    {
      "type": "bitmap",
      "file": "space:font/space_nosplit.png",
      "ascent": -32768,
      "height": -4,
      "chars": [
        ""
      ]
    },
    {
      "type": "bitmap",
      "file": "space:font/space_nosplit.png",
      "ascent": -32768,
      "height": -5,
      "chars": [
        ""
      ]
    },
    {
      "type": "bitmap",
      "file": "space:font/space_nosplit.png",
      "ascent": -32768,
      "height": -6,
      "chars": [
        ""
      ]
    },
    {
      "type": "bitmap",
      "file": "space:font/space_nosplit.png",
      "ascent": -32768,
      "height": -7,
      "chars": [
        ""
      ]
    },
    {
      "type": "bitmap",
      "file": "space:font/space_nosplit.png",
      "ascent": -32768,
      "height": -8,
      "chars": [
        ""
      ]
    },
    {
      "type": "bitmap",
      "file": "space:font/space_nosplit.png",
      "ascent": -32768,
      "height": -9,
      "chars": [
        ""
      ]
    },
    {
      "type": "bitmap",
      "file": "space:font/space_nosplit.png",
      "ascent": -32768,
      "height": -10,
      "chars": [
        ""
      ]
    },
    {
      "type": "bitmap",
      "file": "space:font/space_nosplit.png",
      "ascent": -32768,
      "height": -18,
      "chars": [
        ""
      ]
    },
    {
      "type": "bitmap",
      "file": "space:font/space_nosplit.png",
      "ascent": -32768,
      "height": -34,
      "chars": [
        ""
      ]
    },
    {
      "type": "bitmap",
      "file": "space:font/space_nosplit.png",
      "ascent": -32768,
      "height": -66,
      "chars": [
        ""
      ]
    },
    {
      "type": "bitmap",
      "file": "space:font/space_nosplit.png",
      "ascent": -32768,
      "height": -130,
      "chars": [
        ""
      ]
    },
    {
      "type": "bitmap",
      "file": "space:font/space_nosplit.png",
      "ascent": -32768,
      "height": -258,
      "chars": [
        ""
      ]
    },
    {
      "type": "bitmap",
      "file": "space:font/space_nosplit.png",
      "ascent": -32768,
      "height": -514,
      "chars": [
        ""
      ]
    },
    {
      "type": "bitmap",
      "file": "space:font/space_nosplit.png",
      "ascent": -32768,
      "height": -1026,
      "chars": [
        ""
      ]
    },
    {
      "type": "bitmap",
      "file": "space:font/space_nosplit.png",
      "ascent": -65536,
      "height": -32770,
      "chars": [
        ""
      ]
    },
    {
      "type": "bitmap",
      "file": "space:font/space_nosplit.png",
      "ascent": -32768,
      "height": 0,
      "chars": [
        ""
      ]
    },
    {
      "type": "bitmap",
      "file": "space:font/space_nosplit.png",
      "ascent": -32768,
      "height": 1,
      "chars": [
        ""
      ]
    },
    {
      "type": "bitmap",
      "file": "space:font/space_nosplit.png",
      "ascent": -32768,
      "height": 2,
      "chars": [
        ""
      ]
    },
    {
      "type": "bitmap",
      "file": "space:font/space_nosplit.png",
      "ascent": -32768,
      "height": 3,
      "chars": [
        ""
      ]
    },
    {
      "type": "bitmap",
      "file": "space:font/space_nosplit.png",
      "ascent": -32768,
      "height": 4,
      "chars": [
        ""
      ]
    },
    {
      "type": "bitmap",
      "file": "space:font/space_nosplit.png",
      "ascent": -32768,
      "height": 5,
      "chars": [
        ""
      ]
    },
    {
      "type": "bitmap",
      "file": "space:font/space_nosplit.png",
      "ascent": -32768,
      "height": 6,
      "chars": [
        ""
      ]
    },
    {
      "type": "bitmap",
      "file": "space:font/space_nosplit.png",
      "ascent": -32768,
      "height": 7,
      "chars": [
        ""
      ]
    },
    {
      "type": "bitmap",
      "file": "space:font/space_nosplit.png",
      "ascent": -32768,
      "height": 15,
      "chars": [
        ""
      ]
    },
    {
      "type": "bitmap",
      "file": "space:font/space_nosplit.png",
      "ascent": -32768,
      "height": 31,
      "chars": [
        ""
      ]
    },
    {
      "type": "bitmap",
      "file": "space:font/space_nosplit.png",
      "ascent": -32768,
      "height": 63,
      "chars": [
        ""
      ]
    },
    {
      "type": "bitmap",
      "file": "space:font/space_nosplit.png",
      "ascent": -32768,
      "height": 127,
      "chars": [
        ""
      ]
    },
    {
      "type": "bitmap",
      "file": "space:font/space_nosplit.png",
      "ascent": -32768,
      "height": 255,
      "chars": [
        ""
      ]
    },
    {
      "type": "bitmap",
      "file": "space:font/space_nosplit.png",
      "ascent": -32768,
      "height": 511,
      "chars": [
        ""
      ]
    },
    {
      "type": "bitmap",
      "file": "space:font/space_nosplit.png",
      "ascent": -32768,
      "height": 1023,
      "chars": [
        ""
      ]
    },
    {
      "type": "bitmap",
      "file": "space:font/space_nosplit.png",
      "ascent": -65536,
      "height": 32767,
      "chars": [
        ""
      ]
    }
  ]
}
itmap"
    },
    {
      "file": "twitteremojis:font/emoji/heart1.png",
      "chars": [
        ""
      ],
      "height": 9,
      "ascent": 8,
      "type": "bitmap"
    },
    {
      "file": "twitteremojis:font/emoji/heart2.png",
      "chars": [
        ""
      ],
      "height": 9,
      "ascent": 8,
      "type": "bitmap"
    },
    {
      "file": "twitteremojis:font/emoji/heart3.png",
      "chars": [
        ""
      ],
      "height": 9,
      "ascent": 8,
      "type": "bitmap"
    },
    {
      "file": "twitteremojis:font/emoji/heart4.png",
      "chars": [
        ""
      ],
      "height": 9,
      "ascent": 8,
      "type": "bitmap"
    },
    {
      "file": "twitteremojis:font/emoji/heart5.png",
      "chars": [
        ""
      ],
      "height": 9,
      "ascent": 8,
      "type": "bitmap"
    },
    {
      "file": "twitteremojis:font/emoji/heart6.png",
      "chars": [
        ""
      ],
      "height": 9,
      "ascent": 8,
      "type": "bitmap"
    },
    {
      "file": "twitteremojis:font/emoji/hehe.png",
      "chars": [
        ""
      ],
      "height": 9,
      "ascent": 8,
      "type": "bitmap"
    },
    {
      "file": "twitteremojis:font/emoji/hot.png",
      "chars": [
        ""
      ],
      "height": 9,
      "ascent": 8,
      "type": "bitmap"
    },
    {
      "file": "twitteremojis:font/emoji/hourglass.png",
      "chars": [
        ""
      ],
      "height": 9,
      "ascent": 8,
      "type": "bitmap"
    },
    {
      "file": "twitteremojis:font/emoji/hourglass1.png",
      "chars": [
        ""
      ],
      "height": 9,
      "ascent": 8,
      "type": "bitmap"
    },
    {
      "file": "twitteremojis:font/emoji/hug.png",
      "chars": [
        ""
      ],
      "height": 9,
      "ascent": 8,
      "type": "bitmap"
    },
    {
      "file": "twitteremojis:font/emoji/ice.png",
      "chars": [
        ""
      ],
      "height": 9,
      "ascent": 8,
      "type": "bitmap"
    },
    {
      "file": "twitteremojis:font/emoji/ill.png",
      "chars": [
        ""
      ],
      "height": 9,
      "ascent": 8,
      "type": "bitmap"
    },
    {
      "file": "twitteremojis:font/emoji/inlove.png",
      "chars": [
        ""
      ],
      "height": 9,
      "ascent": 8,
      "type": "bitmap"
    },
    {
      "file": "twitteremojis:font/emoji/inlove1.png",
      "chars": [
        ""
      ],
      "height": 9,
      "ascent": 8,
      "type": "bitmap"
    },
    {
      "file": "twitteremojis:font/emoji/inlovecat.png",
      "chars": [
        ""
      ],
      "height": 9,
      "ascent": 8,
      "type": "bitmap"
    },
    {
      "file": "twitteremojis:font/emoji/jackolantern.png",
      "chars": [
        ""
      ],
      "height": 9,
      "ascent": 8,
      "type": "bitmap"
    },
    {
      "file": "twitteremojis:font/emoji/kebab.png",
      "chars": [
        ""
      ],
      "height": 9,
      "ascent": 8,
      "type": "bitmap"
    },
    {
      "file": "twitteremojis:font/emoji/kiss.png",
      "chars": [
        ""
      ],
      "height": 9,
      "ascent": 8,
      "type": "bitmap"
    },
    {
      "file": "twitteremojis:font/emoji/kiss1.png",
      "chars": [
        ""
      ],
      "height": 9,
      "ascent": 8,
      "type": "bitmap"
    },
    {
      "file": "twitteremojis:font/emoji/kiss2.png",
      "chars": [
        ""
      ],
      "height": 9,
      "ascent": 8,
      "type": "bitmap"
    },
    {
      "file": "twitteremojis:font/emoji/kiss3.png",
      "chars": [
        ""
      ],
      "height": 9,
      "ascent": 8,
      "type": "bitmap"
    },
    {
      "file": "twitteremojis:font/emoji/lasttrack.png",
      "chars": [
        ""
      ],
      "height": 9,
      "ascent": 8,
      "type": "bitmap"
    },
    {
      "file": "twitteremojis:font/emoji/laugh.png",
      "chars": [
        ""
      ],
      "height": 9,
      "ascent": 8,
      "type": "bitmap"
    },
    {
      "file": "twitteremojis:font/emoji/laugh2.png",
      "chars": [
        ""
      ],
      "height": 9,
      "ascent": 8,
      "type": "bitmap"
    },
    {
      "file": "twitteremojis:font/emoji/laugh3.png",
      "chars": [
        ""
      ],
      "height": 9,
      "ascent": 8,
      "type": "bitmap"
    },
    {
      "file": "twitteremojis:font/emoji/laugh4.png",
      "chars": [
        ""
      ],
      "height": 9,
      "ascent": 8,
      "type": "bitmap"
    },
    {
      "file": "twitteremojis:font/emoji/laughcat.png",
      "chars": [
        ""
      ],
      "height": 9,
      "ascent": 8,
      "type": "bitmap"
    },
    {
      "file": "twitteremojis:font/emoji/left.png",
      "chars": [
        ""
      ],
      "height": 9,
      "ascent": 8,
      "type": "bitmap"
    },
    {
      "file": "twitteremojis:font/emoji/leftcurve.png",
      "chars": [
        ""
      ],
      "height": 9,
      "ascent": 8,
      "type": "bitmap"
    },
    {
      "file": "twitteremojis:font/emoji/leo.png",
      "chars": [
        ""
      ],
      "height": 9,
      "ascent": 8,
      "type": "bitmap"
    },
    {
      "file": "twitteremojis:font/emoji/lion.png",
      "chars": [
        ""
      ],
      "height": 9,
      "ascent": 8,
      "type": "bitmap"
    },
    {
      "file": "twitteremojis:font/emoji/lock.png",
      "chars": [
        ""
      ],
      "height": 9,
      "ascent": 8,
      "type": "bitmap"
    },
    {
      "file": "twitteremojis:font/emoji/luck.png",
      "chars": [
        ""
      ],
      "height": 9,
      "ascent": 8,
      "type": "bitmap"
    },
    {
      "file": "twitteremojis:font/emoji/lying.png",
      "chars": [
        ""
      ],
      "height": 9,
      "ascent": 8,
      "type": "bitmap"
    },
    {
      "file": "twitteremojis:font/emoji/m.png",
      "chars": [
        ""
      ],
      "height": 9,
      "ascent": 8,
      "type": "bitmap"
    },
    {
      "file": "twitteremojis:font/emoji/mad.png",
      "chars": [
        ""
      ],
      "height": 9,
      "ascent": 8,
      "type": "bitmap"
    },
    {
      "file": "twitteremojis:font/emoji/mbowing.png",
      "chars": [
        ""
      ],
      "height": 9,
      "ascent": 8,
      "type": "bitmap"
    },
    {
      "file": "twitteremojis:font/emoji/medal.png",
      "chars": [
        ""
      ],
      "height": 9,
      "ascent": 8,
      "type": "bitmap"
    },
    {
      "file": "twitteremojis:font/emoji/mfacepalm.png",
      "chars": [
        ""
      ],
      "height": 9,
      "ascent": 8,
      "type": "bitmap"
    },
    {
      "file": "twitteremojis:font/emoji/midk.png",
      "chars": [
        ""
      ],
      "height": 9,
      "ascent": 8,
      "type": "bitmap"
    },
    {
      "file": "twitteremojis:font/emoji/mmage.png",
      "chars": [
        ""
      ],
      "height": 9,
      "ascent": 8,
      "type": "bitmap"
    },
    {
      "file": "twitteremojis:font/emoji/mmh.png",
      "chars": [
        ""
      ],
      "height": 9,
      "ascent": 8,
      "type": "bitmap"
    },
    {
      "file": "twitteremojis:font/emoji/mno.png",
      "chars": [
        ""
      ],
      "height": 9,
      "ascent": 8,
      "type": "bitmap"
    },
    {
      "file": "twitteremojis:font/emoji/mok.png",
      "chars": [
        ""
      ],
      "height": 9,
      "ascent": 8,
      "type": "bitmap"
    },
    {
      "file": "twitteremojis:font/emoji/money.png",
      "chars": [
        ""
      ],
      "height": 9,
      "ascent": 8,
      "type": "bitmap"
    },
    {
      "file": "twitteremojis:font/emoji/moneyface.png",
      "chars": [
        ""
      ],
      "height": 9,
      "ascent": 8,
      "type": "bitmap"
    },
    {
      "file": "twitteremojis:font/emoji/monkey1.png",
      "chars": [
        ""
      ],
      "height": 9,
      "ascent": 8,
      "type": "bitmap"
    },
    {
      "file": "twitteremojis:font/emoji/monkey2.png",
      "chars": [
        ""
      ],
      "height": 9,
      "ascent": 8,
      "type": "bitmap"
    },
    {
      "file": "twitteremojis:font/emoji/monkey3.png",
      "chars": [
        ""
      ],
      "height": 9,
      "ascent": 8,
      "type": "bitmap"
    },
    {
      "file": "twitteremojis:font/emoji/monocle.png",
      "chars": [
        ""
      ],
      "height": 9,
      "ascent": 8,
      "type": "bitmap"
    },
    {
      "file": "twitteremojis:font/emoji/moon.png",
      "chars": [
        ""
      ],
      "height": 9,
      "ascent": 8,
      "type": "bitmap"
    },
    {
      "file": "twitteremojis:font/emoji/moon1.png",
      "chars": [
        ""
      ],
      "height": 9,
      "ascent": 8,
      "type": "bitmap"
    },
    {
      "file": "twitteremojis:font/emoji/moon2.png",
      "chars": [
        ""
      ],
      "height": 9,
      "ascent": 8,
      "type": "bitmap"
    },
    {
      "file": "twitteremojis:font/emoji/moon3.png",
      "chars": [
        ""
      ],
      "height": 9,
      "ascent": 8,
      "type": "bitmap"
    },
    {
      "file": "twitteremojis:font/emoji/moon4.png",
      "chars": [
        ""
      ],
      "height": 9,
      "ascent": 8,
      "type": "bitmap"
    },
    {
      "file": "twitteremojis:font/emoji/moon5.png",
      "chars": [
        ""
      ],
      "height": 9,
      "ascent": 8,
      "type": "bitmap"
    },
    {
      "file": "twitteremojis:font/emoji/nausea.png",
      "chars": [
        ""
      ],
      "height": 9,
      "ascent": 8,
      "type": "bitmap"
    },
    {
      "file": "twitteremojis:font/emoji/nerd.png",
      "chars": [
        ""
      ],
      "height": 9,
      "ascent": 8,
      "type": "bitmap"
    },
    {
      "file": "twitteremojis:font/emoji/neutral.png",
      "chars": [
        ""
      ],
      "height": 9,
      "ascent": 8,
      "type": "bitmap"
    },
    {
      "file": "twitteremojis:font/emoji/nexttrack.png",
      "chars": [
        ""
      ],
      "height": 9,
      "ascent": 8,
      "type": "bitmap"
    },
    {
      "file": "twitteremojis:font/emoji/no1.png",
      "chars": [
        ""
      ],
      "height": 9,
      "ascent": 8,
      "type": "bitmap"
    },
    {
      "file": "twitteremojis:font/emoji/noexpression.png",
      "chars": [
        ""
      ],
      "height": 9,
      "ascent": 8,
      "type": "bitmap"
    },
    {
      "file": "twitteremojis:font/emoji/nomouth.png",
      "chars": [
        ""
      ],
      "height": 9,
      "ascent": 8,
      "type": "bitmap"
    },
    {
      "file": "twitteremojis:font/emoji/ok.png",
      "chars": [
        ""
      ],
      "height": 9,
      "ascent": 8,
      "type": "bitmap"
    },
    {
      "file": "twitteremojis:font/emoji/ok1.png",
      "chars": [
        ""
      ],
      "height": 9,
      "ascent": 8,
      "type": "bitmap"
    },
    {
      "file": "twitteremojis:font/emoji/owl.png",
      "chars": [
        ""
      ],
      "height": 9,
      "ascent": 8,
      "type": "bitmap"
    },
    {
      "file": "twitteremojis:font/emoji/pan.png",
      "chars": [
        ""
      ],
      "height": 9,
      "ascent": 8,
      "type": "bitmap"
    },
    {
      "file": "twitteremojis:font/emoji/party.png",
      "chars": [
        ""
      ],
      "height": 9,
      "ascent": 8,
      "type": "bitmap"
    },
    {
      "file": "twitteremojis:font/emoji/party1.png",
      "chars": [
        ""
      ],
      "height": 9,
      "ascent": 8,
      "type": "bitmap"
    },
    {
      "file": "twitteremojis:font/emoji/pause.png",
      "chars": [
        ""
      ],
      "height": 9,
      "ascent": 8,
      "type": "bitmap"
    },
    {
      "file": "twitteremojis:font/emoji/peace.png",
      "chars": [
        ""
      ],
      "height": 9,
      "ascent": 8,
      "type": "bitmap"
    },
    {
      "file": "twitteremojis:font/emoji/peach.png",
      "chars": [
        ""
      ],
      "height": 9,
      "ascent": 8,
      "type": "bitmap"
    },
    {
      "file": "twitteremojis:font/emoji/pencil.png",
      "chars": [
        ""
      ],
      "height": 9,
      "ascent": 8,
      "type": "bitmap"
    },
    {
      "file": "twitteremojis:font/emoji/person.png",
      "chars": [
        ""
      ],
      "height": 9,
      "ascent": 8,
      "type": "bitmap"
    },
    {
      "file": "twitteremojis:font/emoji/pick.png",
      "chars": [
        ""
      ],
      "height": 9,
      "ascent": 8,
      "type": "bitmap"
    },
    {
      "file": "twitteremojis:font/emoji/pig.png",
      "chars": [
        ""
      ],
      "height": 9,
      "ascent": 8,
      "type": "bitmap"
    },
    {
      "file": "twitteremojis:font/emoji/pisces.png",
      "chars": [
        ""
      ],
      "height": 9,
      "ascent": 8,
      "type": "bitmap"
    },
    {
      "file": "twitteremojis:font/emoji/pizza.png",
      "chars": [
        ""
      ],
      "height": 9,
      "ascent": 8,
      "type": "bitmap"
    },
    {
      "file": "twitteremojis:font/emoji/play.png",
      "chars": [
        ""
      ],
      "height": 9,
      "ascent": 8,
      "type": "bitmap"
    },
    {
      "file": "twitteremojis:font/emoji/playpause.png",
      "chars": [
        ""
      ],
      "height": 9,
      "ascent": 8,
      "type": "bitmap"
    },
    {
      "file": "twitteremojis:font/emoji/please.png",
      "chars": [
        ""
      ],
      "height": 9,
      "ascent": 8,
      "type": "bitmap"
    },
    {
      "file": "twitteremojis:font/emoji/poo.png",
      "chars": [
        ""
      ],
      "height": 9,
      "ascent": 8,
      "type": "bitmap"
    },
    {
      "file": "twitteremojis:font/emoji/potato.png",
      "chars": [
        ""
      ],
      "height": 9,
      "ascent": 8,
      "type": "bitmap"
    },
    {
      "file": "twitteremojis:font/emoji/puke.png",
      "chars": [
        ""
      ],
      "height": 9,
      "ascent": 8,
      "type": "bitmap"
    },
    {
      "file": "twitteremojis:font/emoji/punch.png",
      "chars": [
        ""
      ],
      "height": 9,
      "ascent": 8,
      "type": "bitmap"
    },
    {
      "file": "twitteremojis:font/emoji/question.png",
      "chars": [
        ""
      ],
      "height": 9,
      "ascent": 8,
      "type": "bitmap"
    },
    {
      "file": "twitteremojis:font/emoji/radioactive.png",
      "chars": [
        ""
      ],
      "height": 9,
      "ascent": 8,
      "type": "bitmap"
    },
    {
      "file": "twitteremojis:font/emoji/raisedfist.png",
      "chars": [
        ""
      ],
      "height": 9,
      "ascent": 8,
      "type": "bitmap"
    },
    {
      "file": "twitteremojis:font/emoji/raisedhand.png",
      "chars": [
        ""
      ],
      "height": 9,
      "ascent": 8,
      "type": "bitmap"
    },
    {
      "file": "twitteremojis:font/emoji/record.png",
      "chars": [
        ""
      ],
      "height": 9,
      "ascent": 8,
      "type": "bitmap"
    },
    {
      "file": "twitteremojis:font/emoji/redcircle.png",
      "chars": [
        ""
      ],
      "height": 9,
      "ascent": 8,
      "type": "bitmap"
    },
    {
      "file": "twitteremojis:font/emoji/reverse.png",
      "chars": [
        ""
      ],
      "height": 9,
      "ascent": 8,
      "type": "bitmap"
    },
    {
      "file": "twitteremojis:font/emoji/riceball.png",
      "chars": [
        ""
      ],
      "height": 9,
      "ascent": 8,
      "type": "bitmap"
    },
    {
      "file": "twitteremojis:font/emoji/rightarrow.png",
      "chars": [
        ""
      ],
      "height": 9,
      "ascent": 8,
      "type": "bitmap"
    },
    {
      "file": "twitteremojis:font/emoji/rightcurve.png",
      "chars": [
        ""
      ],
      "height": 9,
      "ascent": 8,
      "type": "bitmap"
    },
    {
      "file": "twitteremojis:font/emoji/robot.png",
      "chars": [
        ""
      ],
      "height": 9,
      "ascent": 8,
      "type": "bitmap"
    },
    {
      "file": "twitteremojis:font/emoji/rock.png",
      "chars": [
        ""
      ],
      "height": 9,
      "ascent": 8,
      "type": "bitmap"
    },
    {
      "file": "twitteremojis:font/emoji/rolling.png",
      "chars": [
        ""
      ],
      "height": 9,
      "ascent": 8,
      "type": "bitmap"
    },
    {
      "file": "twitteremojis:font/emoji/rooster.png",
      "chars": [
        ""
      ],
      "height": 9,
      "ascent": 8,
      "type": "bitmap"
    },
    {
      "file": "twitteremojis:font/emoji/sad.png",
      "chars": [
        ""
      ],
      "height": 9,
      "ascent": 8,
      "type": "bitmap"
    },
    {
      "file": "twitteremojis:font/emoji/sagittarius.png",
      "chars": [
        ""
      ],
      "height": 9,
      "ascent": 8,
      "type": "bitmap"
    },
    {
      "file": "twitteremojis:font/emoji/salad.png",
      "chars": [
        ""
      ],
      "height": 9,
      "ascent": 8,
      "type": "bitmap"
    },
    {
      "file": "twitteremojis:font/emoji/salt.png",
      "chars": [
        ""
      ],
      "height": 9,
      "ascent": 8,
      "type": "bitmap"
    },
    {
      "file": "twitteremojis:font/emoji/scorpio.png",
      "chars": [
        ""
      ],
      "height": 9,
      "ascent": 8,
      "type": "bitmap"
    },
    {
      "file": "twitteremojis:font/emoji/scorpion.png",
      "chars": [
        ""
      ],
      "height": 9,
      "ascent": 8,
      "type": "bitmap"
    },
    {
      "file": "twitteremojis:font/emoji/shark.png",
      "chars": [
        ""
      ],
      "height": 9,
      "ascent": 8,
      "type": "bitmap"
    },
    {
      "file": "twitteremojis:font/emoji/shh.png",
      "chars": [
        ""
      ],
      "height": 9,
      "ascent": 8,
      "type": "bitmap"
    },
    {
      "file": "twitteremojis:font/emoji/shrimp.png",
      "chars": [
        ""
      ],
      "height": 9,
      "ascent": 8,
      "type": "bitmap"
    },
    {
      "file": "twitteremojis:font/emoji/sleeping.png",
      "chars": [
        ""
      ],
      "height": 9,
      "ascent": 8,
      "type": "bitmap"
    },
    {
      "file": "twitteremojis:font/emoji/sleepy.png",
      "chars": [
        ""
      ],
      "height": 9,
      "ascent": 8,
      "type": "bitmap"
    },
    {
      "file": "twitteremojis:font/emoji/small.png",
      "chars": [
        ""
      ],
      "height": 9,
      "ascent": 8,
      "type": "bitmap"
    },
    {
      "file": "twitteremojis:font/emoji/smile.png",
      "chars": [
        ""
      ],
      "height": 9,
      "ascent": 8,
      "type": "bitmap"
    },
    {
      "file": "twitteremojis:font/emoji/smile2.png",
      "chars": [
        ""
      ],
      "height": 9,
      "ascent": 8,
      "type": "bitmap"
    },
    {
      "file": "twitteremojis:font/emoji/smile3.png",
      "chars": [
        ""
      ],
      "height": 9,
      "ascent": 8,
      "type": "bitmap"
    },
    {
      "file": "twitteremojis:font/emoji/smile4.png",
      "chars": [
        ""
      ],
      "height": 9,
      "ascent": 8,
      "type": "bitmap"
    },
    {
      "file": "twitteremojis:font/emoji/smile5.png",
      "chars": [
        ""
      ],
      "height": 9,
      "ascent": 8,
      "type": "bitmap"
    },
    {
      "file": "twitteremojis:font/emoji/smile6.png",
      "chars": [
        ""
      ],
      "height": 9,
      "ascent": 8,
      "type": "bitmap"
    },
    {
      "file": "twitteremojis:font/emoji/smilecat.png",
      "chars": [
        ""
      ],
      "height": 9,
      "ascent": 8,
      "type": "bitmap"
    },
    {
      "file": "twitteremojis:font/emoji/sneeze.png",
      "chars": [
        ""
      ],
      "height": 9,
      "ascent": 8,
      "type": "bitmap"
    },
    {
      "file": "twitteremojis:font/emoji/soccerball.png",
      "chars": [
        ""
      ],
      "height": 9,
      "ascent": 8,
      "type": "bitmap"
    },
    {
      "file": "twitteremojis:font/emoji/sparkles.png",
      "chars": [
        ""
      ],
      "height": 9,
      "ascent": 8,
      "type": "bitmap"
    },
    {
      "file": "twitteremojis:font/emoji/squid.png",
      "chars": [
        ""
      ],
      "height": 9,
      "ascent": 8,
      "type": "bitmap"
    },
    {
      "file": "twitteremojis:font/emoji/star.png",
      "chars": [
        ""
      ],
      "height": 9,
      "ascent": 8,
      "type": "bitmap"
    },
    {
      "file": "twitteremojis:font/emoji/starcrescent.png",
      "chars": [
        ""
      ],
      "height": 9,
      "ascent": 8,
      "type": "bitmap"
    },
    {
      "file": "twitteremojis:font/emoji/stareyes.png",
      "chars": [
        ""
      ],
      "height": 9,
      "ascent": 8,
      "type": "bitmap"
    },
    {
      "file": "twitteremojis:font/emoji/stop.png",
      "chars": [
        ""
      ],
      "height": 9,
      "ascent": 8,
      "type": "bitmap"
    },
    {
      "file": "twitteremojis:font/emoji/stopsign.png",
      "chars": [
        ""
      ],
      "height": 9,
      "ascent": 8,
      "type": "bitmap"
    },
    {
      "file": "twitteremojis:font/emoji/sun.png",
      "chars": [
        ""
      ],
      "height": 9,
      "ascent": 8,
      "type": "bitmap"
    },
    {
      "file": "twitteremojis:font/emoji/sunglasses.png",
      "chars": [
        ""
      ],
      "height": 9,
      "ascent": 8,
      "type": "bitmap"
    },
    {
      "file": "twitteremojis:font/emoji/surprised.png",
      "chars": [
        ""
      ],
      "height": 9,
      "ascent": 8,
      "type": "bitmap"
    },
    {
      "file": "twitteremojis:font/emoji/sushi.png",
      "chars": [
        ""
      ],
      "height": 9,
      "ascent": 8,
      "type": "bitmap"
    },
    {
      "file": "twitteremojis:font/emoji/sweat.png",
      "chars": [
        ""
      ],
      "height": 9,
      "ascent": 8,
      "type": "bitmap"
    },
    {
      "file": "twitteremojis:font/emoji/taurus.png",
      "chars": [
        ""
      ],
      "height": 9,
      "ascent": 8,
      "type": "bitmap"
    },
    {
      "file": "twitteremojis:font/emoji/think.png",
      "chars": [
        ""
      ],
      "height": 9,
      "ascent": 8,
      "type": "bitmap"
    },
    {
      "file": "twitteremojis:font/emoji/think1.png",
      "chars": [
        ""
      ],
      "height": 9,
      "ascent": 8,
      "type": "bitmap"
    },
    {
      "file": "twitteremojis:font/emoji/think2.png",
      "chars": [
        ""
      ],
      "height": 9,
      "ascent": 8,
      "type": "bitmap"
    },
    {
      "file": "twitteremojis:font/emoji/think3.png",
      "chars": [
        ""
      ],
      "height": 9,
      "ascent": 8,
      "type": "bitmap"
    },
    {
      "file": "twitteremojis:font/emoji/think4.png",
      "chars": [
        ""
      ],
      "height": 9,
      "ascent": 8,
      "type": "bitmap"
    },
    {
      "file": "twitteremojis:font/emoji/think5.png",
      "chars": [
        ""
      ],
      "height": 9,
      "ascent": 8,
      "type": "bitmap"
    },
    {
      "file": "twitteremojis:font/emoji/think6.png",
      "chars": [
        ""
      ],
      "height": 9,
      "ascent": 8,
      "type": "bitmap"
    },
    {
      "file": "twitteremojis:font/emoji/tongue.png",
      "chars": [
        ""
      ],
      "height": 9,
      "ascent": 8,
      "type": "bitmap"
    },
    {
      "file": "twitteremojis:font/emoji/tree.png",
      "chars": [
        ""
      ],
      "height": 9,
      "ascent": 8,
      "type": "bitmap"
    },
    {
      "file": "twitteremojis:font/emoji/trex.png",
      "chars": [
        ""
      ],
      "height": 9,
      "ascent": 8,
      "type": "bitmap"
    },
    {
      "file": "twitteremojis:font/emoji/turkey.png",
      "chars": [
        ""
      ],
      "height": 9,
      "ascent": 8,
      "type": "bitmap"
    },
    {
      "file": "twitteremojis:font/emoji/twofingers.png",
      "chars": [
        ""
      ],
      "height": 9,
      "ascent": 8,
      "type": "bitmap"
    },
    {
      "file": "twitteremojis:font/emoji/unamused.png",
      "chars": [
        ""
      ],
      "height": 9,
      "ascent": 8,
      "type": "bitmap"
    },
    {
      "file": "twitteremojis:font/emoji/unicorn.png",
      "chars": [
        ""
      ],
      "height": 9,
      "ascent": 8,
      "type": "bitmap"
    },
    {
      "file": "twitteremojis:font/emoji/unlock.png",
      "chars": [
        ""
      ],
      "height": 9,
      "ascent": 8,
      "type": "bitmap"
    },
    {
      "file": "twitteremojis:font/emoji/up.png",
      "chars": [
        ""
      ],
      "height": 9,
      "ascent": 8,
      "type": "bitmap"
    },
    {
      "file": "twitteremojis:font/emoji/upsidedown.png",
      "chars": [
        ""
      ],
      "height": 9,
      "ascent": 8,
      "type": "bitmap"
    },
    {
      "file": "twitteremojis:font/emoji/virgo.png",
      "chars": [
        ""
      ],
      "height": 9,
      "ascent": 8,
      "type": "bitmap"
    },
    {
      "file": "twitteremojis:font/emoji/voltage.png",
      "chars": [
        ""
      ],
      "height": 9,
      "ascent": 8,
      "type": "bitmap"
    },
    {
      "file": "twitteremojis:font/emoji/warning.png",
      "chars": [
        ""
      ],
      "height": 9,
      "ascent": 8,
      "type": "bitmap"
    },
    {
      "file": "twitteremojis:font/emoji/wc.png",
      "chars": [
        ""
      ],
      "height": 9,
      "ascent": 8,
      "type": "bitmap"
    },
    {
      "file": "twitteremojis:font/emoji/what.png",
      "chars": [
        ""
      ],
      "height": 9,
      "ascent": 8,
      "type": "bitmap"
    },
    {
      "file": "twitteremojis:font/emoji/wink.png",
      "chars": [
        ""
      ],
      "height": 9,
      "ascent": 8,
      "type": "bitmap"
    },
    {
      "file": "twitteremojis:font/emoji/woozy.png",
      "chars": [
        ""
      ],
      "height": 9,
      "ascent": 8,
      "type": "bitmap"
    },
    {
      "file": "twitteremojis:font/emoji/write.png",
      "chars": [
        ""
      ],
      "height": 9,
      "ascent": 8,
      "type": "bitmap"
    },
    {
      "file": "twitteremojis:font/emoji/xd.png",
      "chars": [
        ""
      ],
      "height": 9,
      "ascent": 8,
      "type": "bitmap"
    },
    {
      "file": "twitteremojis:font/emoji/yawn.png",
      "chars": [
        ""
      ],
      "height": 9,
      "ascent": 8,
      "type": "bitmap"
    },
    {
      "file": "twitteremojis:font/emoji/yinyang.png",
      "chars": [
        ""
      ],
      "height": 9,
      "ascent": 8,
      "type": "bitmap"
    },
    {
      "file": "twitteremojis:font/emoji/yum.png",
      "chars": [
        ""
      ],
      "height": 9,
      "ascent": 8,
      "type": "bitmap"
    },
    {
      "file": "twitteremojis:font/emoji/zebra.png",
      "chars": [
        ""
      ],
      "height": 9,
      "ascent": 8,
      "type": "bitmap"
    },
    {
      "file": "twitteremojis:font/emoji/zip.png",
      "chars": [
        ""
      ],
      "height": 9,
      "ascent": 8,
      "type": "bitmap"
    },
    {
      "file": "itemsadder:gui/customization_table_left.png",
      "chars": [
        ""
      ],
      "height": 164,
      "ascent": 12,
      "type": "bitmap"
    },
    {
      "file": "itemsadder:gui/customization_table_right.png",
      "chars": [
        ""
      ],
      "height": 164,
      "ascent": 12,
      "type": "bitmap"
    },
    {
      "file": "itemsadder:gui/energy_extractor_left.png",
      "chars": [
        ""
      ],
      "height": 164,
      "ascent": 12,
      "type": "bitmap"
    },
    {
      "file": "itemsadder:gui/energy_extractor_right.png",
      "chars": [
        ""
      ],
      "height": 164,
      "ascent": 12,
      "type": "bitmap"
    },
    {
      "file": "itemsadder:gui/energy_converter_left.png",
      "chars": [
        ""
      ],
      "height": 164,
      "ascent": 12,
      "type": "bitmap"
    },
    {
      "file": "itemsadder:gui/energy_converter_right.png",
      "chars": [
        ""
      ],
      "height": 164,
      "ascent": 12,
      "type": "bitmap"
    },
    {
      "file": "itemsadder:gui/vending_machine_left.png",
      "chars": [
        ""
      ],
      "height": 164,
      "ascent": 12,
      "type": "bitmap"
    },
    {
      "file": "itemsadder:gui/vending_machine_right.png",
      "chars": [
        ""
      ],
      "height": 164,
      "ascent": 12,
      "type": "bitmap"
    },
    {
      "file": "itemsadder:gui/coffee_machine_left.png",
      "chars": [
        ""
      ],
      "height": 164,
      "ascent": 12,
      "type": "bitmap"
    },
    {
      "file": "itemsadder:gui/coffee_machine_right.png",
      "chars": [
        ""
      ],
      "height": 164,
      "ascent": 12,
      "type": "bitmap"
    },
    {
      "file": "realcraft:font/hud/thirst_bar/positive.png",
      "chars": [
        ""
      ],
      "height": 11,
      "ascent": -15,
      "type": "bitmap"
    },
    {
      "file": "realcraft:font/hud/thirst_bar/negative.png",
      "chars": [
        ""
      ],
      "height": 11,
      "ascent": -15,
      "type": "bitmap"
    },
    {
      "file": "realcraft:font/hud/thirst_bar/half.png",
      "chars": [
        ""
      ],
      "height": 11,
      "ascent": -15,
      "type": "bitmap"
    },
    {
      "file": "example:font/tags/cutie.png",
      "chars": [
        ""
      ],
      "height": 9,
      "ascent": 8,
      "type": "bitmap"
    },
    {
      "file": "minecraft:item/acacia_boat.png",
      "chars": [
        ""
      ],
      "height": 9,
      "ascent": 8,
      "type": "bitmap"
    },
    {
      "file": "minecraft:item/acacia_door.png",
      "chars": [
        ""
      ],
      "height": 9,
      "ascent": 8,
      "type": "bitmap"
    },
    {
      "file": "minecraft:item/acacia_sign.png",
      "chars": [
        ""
      ],
      "height": 9,
      "ascent": 8,
      "type": "bitmap"
    },
    {
      "file": "minecraft:item/apple.png",
      "chars": [
        ""
      ],
      "height": 9,
      "ascent": 8,
      "type": "bitmap"
    },
    {
      "file": "minecraft:item/armor_stand.png",
      "chars": [
        ""
      ],
      "height": 9,
      "ascent": 8,
      "type": "bitmap"
    },
    {
      "file": "minecraft:item/arrow.png",
      "chars": [
        ""
      ],
      "height": 9,
      "ascent": 8,
      "type": "bitmap"
    },
    {
      "file": "minecraft:item/baked_potato.png",
      "chars": [
        ""
      ],
      "height": 9,
      "ascent": 8,
      "type": "bitmap"
    },
    {
      "file": "minecraft:item/bamboo.png",
      "chars": [
        ""
      ],
      "height": 9,
      "ascent": 8,
      "type": "bitmap"
    },
    {
      "file": "minecraft:item/barrier.png",
      "chars": [
        ""
      ],
      "height": 9,
      "ascent": 8,
      "type": "bitmap"
    },
    {
      "file": "minecraft:item/beef.png",
      "chars": [
        ""
      ],
      "height": 9,
      "ascent": 8,
      "type": "bitmap"
    },
    {
      "file": "minecraft:item/beetroot.png",
      "chars": [
        ""
      ],
      "height": 9,
      "ascent": 8,
      "type": "bitmap"
    },
    {
      "file": "minecraft:item/beetroot_seeds.png",
      "chars": [
        ""
      ],
      "height": 9,
      "ascent": 8,
      "type": "bitmap"
    },
    {
      "file": "minecraft:item/beetroot_soup.png",
      "chars": [
        ""
      ],
      "height": 9,
      "ascent": 8,
      "type": "bitmap"
    },
    {
      "file": "minecraft:item/bell.png",
      "chars": [
        ""
      ],
      "height": 9,
      "ascent": 8,
      "type": "bitmap"
    },
    {
      "file": "minecraft:item/birch_boat.png",
      "chars": [
        ""
      ],
      "height": 9,
      "ascent": 8,
      "type": "bitmap"
    },
    {
      "file": "minecraft:item/birch_door.png",
      "chars": [
        ""
      ],
      "height": 9,
      "ascent": 8,
      "type": "bitmap"
    },
    {
      "file": "minecraft:item/birch_sign.png",
      "chars": [
        ""
      ],
      "height": 9,
      "ascent": 8,
      "type": "bitmap"
    },
    {
      "file": "minecraft:item/black_dye.png",
      "chars": [
        ""
      ],
      "height": 9,
      "ascent": 8,
      "type": "bitmap"
    },
    {
      "file": "minecraft:item/blaze_powder.png",
      "chars": [
        ""
      ],
      "height": 9,
      "ascent": 8,
      "type": "bitmap"
    },
    {
      "file": "minecraft:item/blaze_rod.png",
      "chars": [
        ""
      ],
      "height": 9,
      "ascent": 8,
      "type": "bitmap"
    },
    {
      "file": "minecraft:item/blue_dye.png",
      "chars": [
        ""
      ],
      "height": 9,
      "ascent": 8,
      "type": "bitmap"
    },
    {
      "file": "minecraft:item/bone.png",
      "chars": [
        ""
      ],
      "height": 9,
      "ascent": 8,
      "type": "bitmap"
    },
    {
      "file": "minecraft:item/bone_meal.png",
      "chars": [
        ""
      ],
      "height": 9,
      "ascent": 8,
      "type": "bitmap"
    },
    {
      "file": "minecraft:item/book.png",
      "chars": [
        ""
      ],
      "height": 9,
      "ascent": 8,
      "type": "bitmap"
    },
    {
      "file": "minecraft:item/bow.png",
      "chars": [
        ""
      ],
      "height": 9,
      "ascent": 8,
      "type": "bitmap"
    },
    {
      "file": "minecraft:item/bowl.png",
      "chars": [
        ""
      ],
      "height": 9,
      "ascent": 8,
      "type": "bitmap"
    },
    {
      "file": "minecraft:item/bow_pulling_0.png",
      "chars": [
        ""
      ],
      "height": 9,
      "ascent": 8,
      "type": "bitmap"
    },
    {
      "file": "minecraft:item/bow_pulling_1.png",
      "chars": [
        ""
      ],
      "height": 9,
      "ascent": 8,
      "type": "bitmap"
    },
    {
      "file": "minecraft:item/bow_pulling_2.png",
      "chars": [
        ""
      ],
      "height": 9,
      "ascent": 8,
      "type": "bitmap"
    },
    {
      "file": "minecraft:item/bread.png",
      "chars": [
        ""
      ],
      "height": 9,
      "ascent": 8,
      "type": "bitmap"
    },
    {
      "file": "minecraft:item/brewing_stand.png",
      "chars": [
        ""
      ],
      "height": 9,
      "ascent": 8,
      "type": "bitmap"
    },
    {
      "file": "minecraft:item/brick.png",
      "chars": [
        ""
      ],
      "height": 9,
      "ascent": 8,
      "type": "bitmap"
    },
    {
      "file": "minecraft:item/broken_elytra.png",
      "chars": [
        ""
      ],
      "height": 9,
      "ascent": 8,
      "type": "bitmap"
    },
    {
      "file": "minecraft:item/brown_dye.png",
      "chars": [
        ""
      ],
      "height": 9,
      "ascent": 8,
      "type": "bitmap"
    },
    {
      "file": "minecraft:item/bucket.png",
      "chars": [
        ""
      ],
      "height": 9,
      "ascent": 8,
      "type": "bitmap"
    },
    {
      "file": "minecraft:item/cake.png",
      "chars": [
        ""
      ],
      "height": 9,
      "ascent": 8,
      "type": "bitmap"
    },
    {
      "file": "minecraft:item/campfire.png",
      "chars": [
        ""
      ],
      "height": 9,
      "ascent": 8,
      "type": "bitmap"
    },
    {
      "file": "minecraft:item/carrot.png",
      "chars": [
        ""
      ],
      "height": 9,
      "ascent": 8,
      "type": "bitmap"
    },
    {
      "file": "minecraft:item/carrot_on_a_stick.png",
      "chars": [
        ""
      ],
      "height": 9,
      "ascent": 8,
      "type": "bitmap"
    },
    {
      "file": "minecraft:item/cauldron.png",
      "chars": [
        ""
      ],
      "height": 9,
      "ascent": 8,
      "type": "bitmap"
    },
    {
      "file": "minecraft:item/chainmail_boots.png",
      "chars": [
        ""
      ],
      "height": 9,
      "ascent": 8,
      "type": "bitmap"
    },
    {
      "file": "minecraft:item/chainmail_chestplate.png",
      "chars": [
        ""
      ],
      "height": 9,
      "ascent": 8,
      "type": "bitmap"
    },
    {
      "file": "minecraft:item/chainmail_helmet.png",
      "chars": [
        ""
      ],
      "height": 9,
      "ascent": 8,
      "type": "bitmap"
    },
    {
      "file": "minecraft:item/chainmail_leggings.png",
      "chars": [
        ""
      ],
      "height": 9,
      "ascent": 8,
      "type": "bitmap"
    },
    {
      "file": "minecraft:item/charcoal.png",
      "chars": [
        ""
      ],
      "height": 9,
      "ascent": 8,
      "type": "bitmap"
    },
    {
      "file": "minecraft:item/chest_minecart.png",
      "chars": [
        ""
      ],
      "height": 9,
      "ascent": 8,
      "type": "bitmap"
    },
    {
      "file": "minecraft:item/chicken.png",
      "chars": [
        ""
      ],
      "height": 9,
      "ascent": 8,
      "type": "bitmap"
    },
    {
      "file": "minecraft:item/chorus_fruit.png",
      "chars": [
        ""
      ],
      "height": 9,
      "ascent": 8,
      "type": "bitmap"
    },
    {
      "file": "minecraft:item/clay_ball.png",
      "chars": [
        ""
      ],
      "height": 9,
      "ascent": 8,
      "type": "bitmap"
    },
    {
      "file": "minecraft:item/clock_00.png",
      "chars": [
        ""
      ],
      "height": 9,
      "ascent": 8,
      "type": "bitmap"
    },
    {
      "file": "minecraft:item/coal.png",
      "chars": [
        ""
      ],
      "height": 9,
      "ascent": 8,
      "type": "bitmap"
    },
    {
      "file": "minecraft:item/cocoa_beans.png",
      "chars": [
        ""
      ],
      "height": 9,
      "ascent": 8,
      "type": "bitmap"
    },
    {
      "file": "minecraft:item/cod.png",
      "chars": [
        ""
      ],
      "height": 9,
      "ascent": 8,
      "type": "bitmap"
    },
    {
      "file": "minecraft:item/cod_bucket.png",
      "chars": [
        ""
      ],
      "height": 9,
      "ascent": 8,
      "type": "bitmap"
    },
    {
      "file": "minecraft:item/command_block_minecart.png",
      "chars": [
        ""
      ],
      "height": 9,
      "ascent": 8,
      "type": "bitmap"
    },
    {
      "file": "minecraft:item/comparator.png",
      "chars": [
        ""
      ],
      "height": 9,
      "ascent": 8,
      "type": "bitmap"
    },
    {
      "file": "minecraft:item/compass_00.png",
      "chars": [
        ""
      ],
      "height": 9,
      "ascent": 8,
      "type": "bitmap"
    },
    {
      "file": "minecraft:item/cooked_beef.png",
      "chars": [
        ""
      ],
      "height": 9,
      "ascent": 8,
      "type": "bitmap"
    },
    {
      "file": "minecraft:item/cooked_chicken.png",
      "chars": [
        ""
      ],
      "height": 9,
      "ascent": 8,
      "type": "bitmap"
    },
    {
      "file": "minecraft:item/cooked_cod.png",
      "chars": [
        ""
      ],
      "height": 9,
      "ascent": 8,
      "type": "bitmap"
    },
    {
      "file": "minecraft:item/cooked_mutton.png",
      "chars": [
        ""
      ],
      "height": 9,
      "ascent": 8,
      "type": "bitmap"
    },
    {
      "file": "minecraft:item/cooked_porkchop.png",
      "chars": [
        ""
      ],
      "height": 9,
      "ascent": 8,
      "type": "bitmap"
    },
    {
      "file": "minecraft:item/cooked_rabbit.png",
      "chars": [
        ""
      ],
      "height": 9,
      "ascent": 8,
      "type": "bitmap"
    },
    {
      "file": "minecraft:item/cooked_salmon.png",
      "chars": [
        ""
      ],
      "height": 9,
      "ascent": 8,
      "type": "bitmap"
    },
    {
      "file": "minecraft:item/cookie.png",
      "chars": [
        ""
      ],
      "height": 9,
      "ascent": 8,
      "type": "bitmap"
    },
    {
      "file": "minecraft:item/creeper_banner_pattern.png",
      "chars": [
        ""
      ],
      "height": 9,
      "ascent": 8,
      "type": "bitmap"
    },
    {
      "file": "minecraft:item/crossbow_arrow.png",
      "chars": [
        ""
      ],
      "height": 9,
      "ascent": 8,
      "type": "bitmap"
    },
    {
      "file": "minecraft:item/crossbow_firework.png",
      "chars": [
        ""
      ],
      "height": 9,
      "ascent": 8,
      "type": "bitmap"
    },
    {
      "file": "minecraft:item/crossbow_pulling_0.png",
      "chars": [
        ""
      ],
      "height": 9,
      "ascent": 8,
      "type": "bitmap"
    },
    {
      "file": "minecraft:item/crossbow_pulling_1.png",
      "chars": [
        ""
      ],
      "height": 9,
      "ascent": 8,
      "type": "bitmap"
    },
    {
      "file": "minecraft:item/crossbow_pulling_2.png",
      "chars": [
        ""
      ],
      "height": 9,
      "ascent": 8,
      "type": "bitmap"
    },
    {
      "file": "minecraft:item/crossbow_standby.png",
      "chars": [
        ""
      ],
      "height": 9,
      "ascent": 8,
      "type": "bitmap"
    },
    {
      "file": "minecraft:item/cyan_dye.png",
      "chars": [
        ""
      ],
      "height": 9,
      "ascent": 8,
      "type": "bitmap"
    },
    {
      "file": "minecraft:item/dark_oak_boat.png",
      "chars": [
        ""
      ],
      "height": 9,
      "ascent": 8,
      "type": "bitmap"
    },
    {
      "file": "minecraft:item/dark_oak_door.png",
      "chars": [
        ""
      ],
      "height": 9,
      "ascent": 8,
      "type": "bitmap"
    },
    {
      "file": "minecraft:item/dark_oak_sign.png",
      "chars": [
        ""
      ],
      "height": 9,
      "ascent": 8,
      "type": "bitmap"
    },
    {
      "file": "minecraft:item/diamond.png",
      "chars": [
        ""
      ],
      "height": 9,
      "ascent": 8,
      "type": "bitmap"
    },
    {
      "file": "minecraft:item/diamond_axe.png",
      "chars": [
        ""
      ],
      "height": 9,
      "ascent": 8,
      "type": "bitmap"
    },
    {
      "file": "minecraft:item/diamond_boots.png",
      "chars": [
        ""
      ],
      "height": 9,
      "ascent": 8,
      "type": "bitmap"
    },
    {
      "file": "minecraft:item/diamond_chestplate.png",
      "chars": [
        ""
      ],
      "height": 9,
      "ascent": 8,
      "type": "bitmap"
    },
    {
      "file": "minecraft:item/diamond_helmet.png",
      "chars": [
        ""
      ],
      "height": 9,
      "ascent": 8,
      "type": "bitmap"
    },
    {
      "file": "minecraft:item/diamond_hoe.png",
      "chars": [
        ""
      ],
      "height": 9,
      "ascent": 8,
      "type": "bitmap"
    },
    {
      "file": "minecraft:item/diamond_horse_armor.png",
      "chars": [
        ""
      ],
      "height": 9,
      "ascent": 8,
      "type": "bitmap"
    },
    {
      "file": "minecraft:item/diamond_leggings.png",
      "chars": [
        ""
      ],
      "height": 9,
      "ascent": 8,
      "type": "bitmap"
    },
    {
      "file": "minecraft:item/diamond_pickaxe.png",
      "chars": [
        ""
      ],
      "height": 9,
      "ascent": 8,
      "type": "bitmap"
    },
    {
      "file": "minecraft:item/diamond_shovel.png",
      "chars": [
        ""
      ],
      "height": 9,
      "ascent": 8,
      "type": "bitmap"
    },
    {
      "file": "minecraft:item/diamond_sword.png",
      "chars": [
        ""
      ],
      "height": 9,
      "ascent": 8,
      "type": "bitmap"
    },
    {
      "file": "minecraft:item/dragon_breath.png",
      "chars": [
        ""
      ],
      "height": 9,
      "ascent": 8,
      "type": "bitmap"
    },
    {
      "file": "minecraft:item/dried_kelp.png",
      "chars": [
        ""
      ],
      "height": 9,
      "ascent": 8,
      "type": "bitmap"
    },
    {
      "file": "minecraft:item/egg.png",
      "chars": [
        ""
      ],
      "height": 9,
      "ascent": 8,
      "type": "bitmap"
    },
    {
      "file": "minecraft:item/elytra.png",
      "chars": [
        ""
      ],
      "height": 9,
      "ascent": 8,
      "type": "bitmap"
    },
    {
      "file": "minecraft:item/emerald.png",
      "chars": [
        ""
      ],
      "height": 9,
      "ascent": 8,
      "type": "bitmap"
    },
    {
      "file": "minecraft:item/enchanted_book.png",
      "chars": [
        ""
      ],
      "height": 9,
      "ascent": 8,
      "type": "bitmap"
    },
    {
      "file": "minecraft:item/ender_eye.png",
      "chars": [
        ""
      ],
      "height": 9,
      "ascent": 8,
      "type": "bitmap"
    },
    {
      "file": "minecraft:item/ender_pearl.png",
      "chars": [
        ""
      ],
      "height": 9,
      "ascent": 8,
      "type": "bitmap"
    },
    {
      "file": "minecraft:item/end_crystal.png",
      "chars": [
        ""
      ],
      "height": 9,
      "ascent": 8,
      "type": "bitmap"
    },
    {
      "file": "minecraft:item/experience_bottle.png",
      "chars": [
        ""
      ],
      "height": 9,
      "ascent": 8,
      "type": "bitmap"
    },
    {
      "file": "minecraft:item/feather.png",
      "chars": [
        ""
      ],
      "height": 9,
      "ascent": 8,
      "type": "bitmap"
    },
    {
      "file": "minecraft:item/fermented_spider_eye.png",
      "chars": [
        ""
      ],
      "height": 9,
      "ascent": 8,
      "type": "bitmap"
    },
    {
      "file": "minecraft:item/filled_map.png",
      "chars": [
        ""
      ],
      "height": 9,
      "ascent": 8,
      "type": "bitmap"
    },
    {
      "file": "minecraft:item/filled_map_markings.png",
      "chars": [
        ""
      ],
      "height": 9,
      "ascent": 8,
      "type": "bitmap"
    },
    {
      "file": "minecraft:item/firework_rocket.png",
      "chars": [
        ""
      ],
      "height": 9,
      "ascent": 8,
      "type": "bitmap"
    },
    {
      "file": "minecraft:item/firework_star.png",
      "chars": [
        ""
      ],
      "height": 9,
      "ascent": 8,
      "type": "bitmap"
    },
    {
      "file": "minecraft:item/firework_star_overlay.png",
      "chars": [
        ""
      ],
      "height": 9,
      "ascent": 8,
      "type": "bitmap"
    },
    {
      "file": "minecraft:item/fire_charge.png",
      "chars": [
        ""
      ],
      "height": 9,
      "ascent": 8,
      "type": "bitmap"
    },
    {
      "file": "minecraft:item/fishing_rod.png",
      "chars": [
        ""
      ],
      "height": 9,
      "ascent": 8,
      "type": "bitmap"
    },
    {
      "file": "minecraft:item/fishing_rod_cast.png",
      "chars": [
        ""
      ],
      "height": 9,
      "ascent": 8,
      "type": "bitmap"
    },
    {
      "file": "minecraft:item/flint.png",
      "chars": [
        ""
      ],
      "height": 9,
      "ascent": 8,
      "type": "bitmap"
    },
    {
      "file": "minecraft:item/flint_and_steel.png",
      "chars": [
        ""
      ],
      "height": 9,
      "ascent": 8,
      "type": "bitmap"
    },
    {
      "file": "minecraft:item/flower_banner_pattern.png",
      "chars": [
        ""
      ],
      "height": 9,
      "ascent": 8,
      "type": "bitmap"
    },
    {
      "file": "minecraft:item/flower_pot.png",
      "chars": [
        ""
      ],
      "height": 9,
      "ascent": 8,
      "type": "bitmap"
    },
    {
      "file": "minecraft:item/furnace_minecart.png",
      "chars": [
        ""
      ],
      "height": 9,
      "ascent": 8,
      "type": "bitmap"
    },
    {
      "file": "minecraft:item/ghast_tear.png",
      "chars": [
        ""
      ],
      "height": 9,
      "ascent": 8,
      "type": "bitmap"
    },
    {
      "file": "minecraft:item/glass_bottle.png",
      "chars": [
        ""
      ],
      "height": 9,
      "ascent": 8,
      "type": "bitmap"
    },
    {
      "file": "minecraft:item/glistering_melon_slice.png",
      "chars": [
        ""
      ],
      "height": 9,
      "ascent": 8,
      "type": "bitmap"
    },
    {
      "file": "minecraft:item/globe_banner_pattern.png",
      "chars": [
        ""
      ],
      "height": 9,
      "ascent": 8,
      "type": "bitmap"
    },
    {
      "file": "minecraft:item/glowstone_dust.png",
      "chars": [
        ""
      ],
      "height": 9,
      "ascent": 8,
      "type": "bitmap"
    },
    {
      "file": "minecraft:item/golden_apple.png",
      "chars": [
        ""
      ],
      "height": 9,
      "ascent": 8,
      "type": "bitmap"
    },
    {
      "file": "minecraft:item/golden_axe.png",
      "chars": [
        ""
      ],
      "height": 9,
      "ascent": 8,
      "type": "bitmap"
    },
    {
      "file": "minecraft:item/golden_boots.png",
      "chars": [
        ""
      ],
      "height": 9,
      "ascent": 8,
      "type": "bitmap"
    },
    {
      "file": "minecraft:item/golden_carrot.png",
      "chars": [
        ""
      ],
      "height": 9,
      "ascent": 8,
      "type": "bitmap"
    },
    {
      "file": "minecraft:item/golden_chestplate.png",
      "chars": [
        ""
      ],
      "height": 9,
      "ascent": 8,
      "type": "bitmap"
    },
    {
      "file": "minecraft:item/golden_helmet.png",
      "chars": [
        ""
      ],
      "height": 9,
      "ascent": 8,
      "type": "bitmap"
    },
    {
      "file": "minecraft:item/golden_hoe.png",
      "chars": [
        ""
      ],
      "height": 9,
      "ascent": 8,
      "type": "bitmap"
    },
    {
      "file": "minecraft:item/golden_horse_armor.png",
      "chars": [
        ""
      ],
      "height": 9,
      "ascent": 8,
      "type": "bitmap"
    },
    {
      "file": "minecraft:item/golden_leggings.png",
      "chars": [
        ""
      ],
      "height": 9,
      "ascent": 8,
      "type": "bitmap"
    },
    {
      "file": "minecraft:item/golden_pickaxe.png",
      "chars": [
        ""
      ],
      "height": 9,
      "ascent": 8,
      "type": "bitmap"
    },
    {
      "file": "minecraft:item/golden_shovel.png",
      "chars": [
        ""
      ],
      "height": 9,
      "ascent": 8,
      "type": "bitmap"
    },
    {
      "file": "minecraft:item/golden_sword.png",
      "chars": [
        ""
      ],
      "height": 9,
      "ascent": 8,
      "type": "bitmap"
    },
    {
      "file": "minecraft:item/gold_ingot.png",
      "chars": [
        ""
      ],
      "height": 9,
      "ascent": 8,
      "type": "bitmap"
    },
    {
      "file": "minecraft:item/gold_nugget.png",
      "chars": [
        ""
      ],
      "height": 9,
      "ascent": 8,
      "type": "bitmap"
    },
    {
      "file": "minecraft:item/gray_dye.png",
      "chars": [
        ""
      ],
      "height": 9,
      "ascent": 8,
      "type": "bitmap"
    },
    {
      "file": "minecraft:item/green_dye.png",
      "chars": [
        ""
      ],
      "height": 9,
      "ascent": 8,
      "type": "bitmap"
    },
    {
      "file": "minecraft:item/gunpowder.png",
      "chars": [
        ""
      ],
      "height": 9,
      "ascent": 8,
      "type": "bitmap"
    },
    {
      "file": "minecraft:item/heart_of_the_sea.png",
      "chars": [
        ""
      ],
      "height": 9,
      "ascent": 8,
      "type": "bitmap"
    },
    {
      "file": "minecraft:item/hopper.png",
      "chars": [
        ""
      ],
      "height": 9,
      "ascent": 8,
      "type": "bitmap"
    },
    {
      "file": "minecraft:item/hopper_minecart.png",
      "chars": [
        ""
      ],
      "height": 9,
      "ascent": 8,
      "type": "bitmap"
    },
    {
      "file": "minecraft:item/ink_sac.png",
      "chars": [
        ""
      ],
      "height": 9,
      "ascent": 8,
      "type": "bitmap"
    },
    {
      "file": "minecraft:item/iron_axe.png",
      "chars": [
        ""
      ],
      "height": 9,
      "ascent": 8,
      "type": "bitmap"
    },
    {
      "file": "minecraft:item/iron_boots.png",
      "chars": [
        ""
      ],
      "height": 9,
      "ascent": 8,
      "type": "bitmap"
    },
    {
      "file": "minecraft:item/iron_chestplate.png",
      "chars": [
        ""
      ],
      "height": 9,
      "ascent": 8,
      "type": "bitmap"
    },
    {
      "file": "minecraft:item/iron_door.png",
      "chars": [
        ""
      ],
      "height": 9,
      "ascent": 8,
      "type": "bitmap"
    },
    {
      "file": "minecraft:item/iron_helmet.png",
      "chars": [
        ""
      ],
      "height": 9,
      "ascent": 8,
      "type": "bitmap"
    },
    {
      "file": "minecraft:item/iron_hoe.png",
      "chars": [
        ""
      ],
      "height": 9,
      "ascent": 8,
      "type": "bitmap"
    },
    {
      "file": "minecraft:item/iron_horse_armor.png",
      "chars": [
        ""
      ],
      "height": 9,
      "ascent": 8,
      "type": "bitmap"
    },
    {
      "file": "minecraft:item/iron_ingot.png",
      "chars": [
        ""
      ],
      "height": 9,
      "ascent": 8,
      "type": "bitmap"
    },
    {
      "file": "minecraft:item/iron_leggings.png",
      "chars": [
        ""
      ],
      "height": 9,
      "ascent": 8,
      "type": "bitmap"
    },
    {
      "file": "minecraft:item/iron_nugget.png",
      "chars": [
        ""
      ],
      "height": 9,
      "ascent": 8,
      "type": "bitmap"
    },
    {
      "file": "minecraft:item/iron_pickaxe.png",
      "chars": [
        ""
      ],
      "height": 9,
      "ascent": 8,
      "type": "bitmap"
    },
    {
      "file": "minecraft:item/iron_shovel.png",
      "chars": [
        ""
      ],
      "height": 9,
      "ascent": 8,
      "type": "bitmap"
    },
    {
      "file": "minecraft:item/iron_sword.png",
      "chars": [
        ""
      ],
      "height": 9,
      "ascent": 8,
      "type": "bitmap"
    },
    {
      "file": "minecraft:item/item_frame.png",
      "chars": [
        ""
      ],
      "height": 9,
      "ascent": 8,
      "type": "bitmap"
    },
    {
      "file": "minecraft:item/jungle_boat.png",
      "chars": [
        ""
      ],
      "height": 9,
      "ascent": 8,
      "type": "bitmap"
    },
    {
      "file": "minecraft:item/jungle_door.png",
      "chars": [
        ""
      ],
      "height": 9,
      "ascent": 8,
      "type": "bitmap"
    },
    {
      "file": "minecraft:item/jungle_sign.png",
      "chars": [
        ""
      ],
      "height": 9,
      "ascent": 8,
      "type": "bitmap"
    },
    {
      "file": "minecraft:item/kelp.png",
      "chars": [
        ""
      ],
      "height": 9,
      "ascent": 8,
      "type": "bitmap"
    },
    {
      "file": "minecraft:item/knowledge_book.png",
      "chars": [
        ""
      ],
      "height": 9,
      "ascent": 8,
      "type": "bitmap"
    },
    {
      "file": "minecraft:item/lantern.png",
      "chars": [
        ""
      ],
      "height": 9,
      "ascent": 8,
      "type": "bitmap"
    },
    {
      "file": "minecraft:item/lapis_lazuli.png",
      "chars": [
        ""
      ],
      "height": 9,
      "ascent": 8,
      "type": "bitmap"
    },
    {
      "file": "minecraft:item/lava_bucket.png",
      "chars": [
        ""
      ],
      "height": 9,
      "ascent": 8,
      "type": "bitmap"
    },
    {
      "file": "minecraft:item/lead.png",
      "chars": [
        ""
      ],
      "height": 9,
      "ascent": 8,
      "type": "bitmap"
    },
    {
      "file": "minecraft:item/leather.png",
      "chars": [
        ""
      ],
      "height": 9,
      "ascent": 8,
      "type": "bitmap"
    },
    {
      "file": "minecraft:item/leather_horse_armor.png",
      "chars": [
        ""
      ],
      "height": 9,
      "ascent": 8,
      "type": "bitmap"
    },
    {
      "file": "minecraft:item/light_blue_dye.png",
      "chars": [
        ""
      ],
      "height": 9,
      "ascent": 8,
      "type": "bitmap"
    },
    {
      "file": "minecraft:item/light_gray_dye.png",
      "chars": [
        ""
      ],
      "height": 9,
      "ascent": 8,
      "type": "bitmap"
    },
    {
      "file": "minecraft:item/lime_dye.png",
      "chars": [
        ""
      ],
      "height": 9,
      "ascent": 8,
      "type": "bitmap"
    },
    {
      "file": "minecraft:item/lingering_potion.png",
      "chars": [
        ""
      ],
      "height": 9,
      "ascent": 8,
      "type": "bitmap"
    },
    {
      "file": "minecraft:item/magenta_dye.png",
      "chars": [
        ""
      ],
      "height": 9,
      "ascent": 8,
      "type": "bitmap"
    },
    {
      "file": "minecraft:item/magma_cream.png",
      "chars": [
        ""
      ],
      "height": 9,
      "ascent": 8,
      "type": "bitmap"
    },
    {
      "file": "minecraft:item/map.png",
      "chars": [
        ""
      ],
      "height": 9,
      "ascent": 8,
      "type": "bitmap"
    },
    {
      "file": "minecraft:item/melon_seeds.png",
      "chars": [
        ""
      ],
      "height": 9,
      "ascent": 8,
      "type": "bitmap"
    },
    {
      "file": "minecraft:item/melon_slice.png",
      "chars": [
        ""
      ],
      "height": 9,
      "ascent": 8,
      "type": "bitmap"
    },
    {
      "file": "minecraft:item/milk_bucket.png",
      "chars": [
        ""
      ],
      "height": 9,
      "ascent": 8,
      "type": "bitmap"
    },
    {
      "file": "minecraft:item/minecart.png",
      "chars": [
        ""
      ],
      "height": 9,
      "ascent": 8,
      "type": "bitmap"
    },
    {
      "file": "minecraft:item/mojang_banner_pattern.png",
      "chars": [
        ""
      ],
      "height": 9,
      "ascent": 8,
      "type": "bitmap"
    },
    {
      "file": "minecraft:item/mushroom_stew.png",
      "chars": [
        ""
      ],
      "height": 9,
      "ascent": 8,
      "type": "bitmap"
    },
    {
      "file": "minecraft:item/music_disc_11.png",
      "chars": [
        ""
      ],
      "height": 9,
      "ascent": 8,
      "type": "bitmap"
    },
    {
      "file": "minecraft:item/music_disc_13.png",
      "chars": [
        ""
      ],
      "height": 9,
      "ascent": 8,
      "type": "bitmap"
    },
    {
      "file": "minecraft:item/music_disc_blocks.png",
      "chars": [
        ""
      ],
      "height": 9,
      "ascent": 8,
      "type": "bitmap"
    },
    {
      "file": "minecraft:item/music_disc_cat.png",
      "chars": [
        ""
      ],
      "height": 9,
      "ascent": 8,
      "type": "bitmap"
    },
    {
      "file": "minecraft:item/music_disc_chirp.png",
      "chars": [
        ""
      ],
      "height": 9,
      "ascent": 8,
      "type": "bitmap"
    },
    {
      "file": "minecraft:item/music_disc_far.png",
      "chars": [
        ""
      ],
      "height": 9,
      "ascent": 8,
      "type": "bitmap"
    },
    {
      "file": "minecraft:item/music_disc_mall.png",
      "chars": [
        ""
      ],
      "height": 9,
      "ascent": 8,
      "type": "bitmap"
    },
    {
      "file": "minecraft:item/music_disc_mellohi.png",
      "chars": [
        ""
      ],
      "height": 9,
      "ascent": 8,
      "type": "bitmap"
    },
    {
      "file": "minecraft:item/music_disc_stal.png",
      "chars": [
        ""
      ],
      "height": 9,
      "ascent": 8,
      "type": "bitmap"
    },
    {
      "file": "minecraft:item/music_disc_strad.png",
      "chars": [
        ""
      ],
      "height": 9,
      "ascent": 8,
      "type": "bitmap"
    },
    {
      "file": "minecraft:item/music_disc_wait.png",
      "chars": [
        ""
      ],
      "height": 9,
      "ascent": 8,
      "type": "bitmap"
    },
    {
      "file": "minecraft:item/music_disc_ward.png",
      "chars": [
        ""
      ],
      "height": 9,
      "ascent": 8,
      "type": "bitmap"
    },
    {
      "file": "minecraft:item/mutton.png",
      "chars": [
        ""
      ],
      "height": 9,
      "ascent": 8,
      "type": "bitmap"
    },
    {
      "file": "minecraft:item/name_tag.png",
      "chars": [
        ""
      ],
      "height": 9,
      "ascent": 8,
      "type": "bitmap"
    },
    {
      "file": "minecraft:item/nautilus_shell.png",
      "chars": [
        ""
      ],
      "height": 9,
      "ascent": 8,
      "type": "bitmap"
    },
    {
      "file": "minecraft:item/nether_brick.png",
      "chars": [
        ""
      ],
      "height": 9,
      "ascent": 8,
      "type": "bitmap"
    },
    {
      "file": "minecraft:item/nether_star.png",
      "chars": [
        ""
      ],
      "height": 9,
      "ascent": 8,
      "type": "bitmap"
    },
    {
      "file": "minecraft:item/nether_wart.png",
      "chars": [
        ""
      ],
      "height": 9,
      "ascent": 8,
      "type": "bitmap"
    },
    {
      "file": "minecraft:item/oak_boat.png",
      "chars": [
        ""
      ],
      "height": 9,
      "ascent": 8,
      "type": "bitmap"
    },
    {
      "file": "minecraft:item/oak_door.png",
      "chars": [
        ""
      ],
      "height": 9,
      "ascent": 8,
      "type": "bitmap"
    },
    {
      "file": "minecraft:item/oak_sign.png",
      "chars": [
        ""
      ],
      "height": 9,
      "ascent": 8,
      "type": "bitmap"
    },
    {
      "file": "minecraft:item/orange_dye.png",
      "chars": [
        ""
      ],
      "height": 9,
      "ascent": 8,
      "type": "bitmap"
    },
    {
      "file": "minecraft:item/painting.png",
      "chars": [
        ""
      ],
      "height": 9,
      "ascent": 8,
      "type": "bitmap"
    },
    {
      "file": "minecraft:item/paper.png",
      "chars": [
        ""
      ],
      "height": 9,
      "ascent": 8,
      "type": "bitmap"
    },
    {
      "file": "minecraft:item/phantom_membrane.png",
      "chars": [
        ""
      ],
      "height": 9,
      "ascent": 8,
      "type": "bitmap"
    },
    {
      "file": "minecraft:item/pink_dye.png",
      "chars": [
        ""
      ],
      "height": 9,
      "ascent": 8,
      "type": "bitmap"
    },
    {
      "file": "minecraft:item/poisonous_potato.png",
      "chars": [
        ""
      ],
      "height": 9,
      "ascent": 8,
      "type": "bitmap"
    },
    {
      "file": "minecraft:item/popped_chorus_fruit.png",
      "chars": [
        ""
      ],
      "height": 9,
      "ascent": 8,
      "type": "bitmap"
    },
    {
      "file": "minecraft:item/porkchop.png",
      "chars": [
        ""
      ],
      "height": 9,
      "ascent": 8,
      "type": "bitmap"
    },
    {
      "file": "minecraft:item/potato.png",
      "chars": [
        ""
      ],
      "height": 9,
      "ascent": 8,
      "type": "bitmap"
    },
    {
      "file": "minecraft:item/potion.png",
      "chars": [
        ""
      ],
      "height": 9,
      "ascent": 8,
      "type": "bitmap"
    },
    {
      "file": "minecraft:item/potion_overlay.png",
      "chars": [
        ""
      ],
      "height": 9,
      "ascent": 8,
      "type": "bitmap"
    },
    {
      "file": "minecraft:item/prismarine_crystals.png",
      "chars": [
        ""
      ],
      "height": 9,
      "ascent": 8,
      "type": "bitmap"
    },
    {
      "file": "minecraft:item/prismarine_shard.png",
      "chars": [
        ""
      ],
      "height": 9,
      "ascent": 8,
      "type": "bitmap"
    },
    {
      "file": "minecraft:item/pufferfish.png",
      "chars": [
        ""
      ],
      "height": 9,
      "ascent": 8,
      "type": "bitmap"
    },
    {
      "file": "minecraft:item/pufferfish_bucket.png",
      "chars": [
        ""
      ],
      "height": 9,
      "ascent": 8,
      "type": "bitmap"
    },
    {
      "file": "minecraft:item/pumpkin_pie.png",
      "chars": [
        ""
      ],
      "height": 9,
      "ascent": 8,
      "type": "bitmap"
    },
    {
      "file": "minecraft:item/pumpkin_seeds.png",
      "chars": [
        ""
      ],
      "height": 9,
      "ascent": 8,
      "type": "bitmap"
    },
    {
      "file": "minecraft:item/purple_dye.png",
      "chars": [
        ""
      ],
      "height": 9,
      "ascent": 8,
      "type": "bitmap"
    },
    {
      "file": "minecraft:item/quartz.png",
      "chars": [
        ""
      ],
      "height": 9,
      "ascent": 8,
      "type": "bitmap"
    },
    {
      "file": "minecraft:item/rabbit.png",
      "chars": [
        ""
      ],
      "height": 9,
      "ascent": 8,
      "type": "bitmap"
    },
    {
      "file": "minecraft:item/rabbit_foot.png",
      "chars": [
        ""
      ],
      "height": 9,
      "ascent": 8,
      "type": "bitmap"
    },
    {
      "file": "minecraft:item/rabbit_hide.png",
      "chars": [
        ""
      ],
      "height": 9,
      "ascent": 8,
      "type": "bitmap"
    },
    {
      "file": "minecraft:item/rabbit_stew.png",
      "chars": [
        ""
      ],
      "height": 9,
      "ascent": 8,
      "type": "bitmap"
    },
    {
      "file": "minecraft:item/redstone.png",
      "chars": [
        ""
      ],
      "height": 9,
      "ascent": 8,
      "type": "bitmap"
    },
    {
      "file": "minecraft:item/red_dye.png",
      "chars": [
        ""
      ],
      "height": 9,
      "ascent": 8,
      "type": "bitmap"
    },
    {
      "file": "minecraft:item/repeater.png",
      "chars": [
        ""
      ],
      "height": 9,
      "ascent": 8,
      "type": "bitmap"
    },
    {
      "file": "minecraft:item/rotten_flesh.png",
      "chars": [
        ""
      ],
      "height": 9,
      "ascent": 8,
      "type": "bitmap"
    },
    {
      "file": "mcemojis:mc_ruby.png",
      "chars": [
        ""
      ],
      "height": 9,
      "ascent": 8,
      "type": "bitmap"
    },
    {
      "file": "minecraft:item/saddle.png",
      "chars": [
        ""
      ],
      "height": 9,
      "ascent": 8,
      "type": "bitmap"
    },
    {
      "file": "minecraft:item/salmon.png",
      "chars": [
        ""
      ],
      "height": 9,
      "ascent": 8,
      "type": "bitmap"
    },
    {
      "file": "minecraft:item/salmon_bucket.png",
      "chars": [
        ""
      ],
      "height": 9,
      "ascent": 8,
      "type": "bitmap"
    },
    {
      "file": "minecraft:item/scute.png",
      "chars": [
        ""
      ],
      "height": 9,
      "ascent": 8,
      "type": "bitmap"
    },
    {
      "file": "minecraft:item/seagrass.png",
      "chars": [
        ""
      ],
      "height": 9,
      "ascent": 8,
      "type": "bitmap"
    },
    {
      "file": "minecraft:item/sea_pickle.png",
      "chars": [
        ""
      ],
      "height": 9,
      "ascent": 8,
      "type": "bitmap"
    },
    {
      "file": "minecraft:item/shears.png",
      "chars": [
        ""
      ],
      "height": 9,
      "ascent": 8,
      "type": "bitmap"
    },
    {
      "file": "minecraft:item/shulker_shell.png",
      "chars": [
        ""
      ],
      "height": 9,
      "ascent": 8,
      "type": "bitmap"
    },
    {
      "file": "minecraft:item/skull_banner_pattern.png",
      "chars": [
        ""
      ],
      "height": 9,
      "ascent": 8,
      "type": "bitmap"
    },
    {
      "file": "minecraft:item/slime_ball.png",
      "chars": [
        ""
      ],
      "height": 9,
      "ascent": 8,
      "type": "bitmap"
    },
    {
      "file": "minecraft:item/snowball.png",
      "chars": [
        ""
      ],
      "height": 9,
      "ascent": 8,
      "type": "bitmap"
    },
    {
      "file": "minecraft:item/spawn_egg.png",
      "chars": [
        ""
      ],
      "height": 9,
      "ascent": 8,
      "type": "bitmap"
    },
    {
      "file": "minecraft:item/spawn_egg_overlay.png",
      "chars": [
        ""
      ],
      "height": 9,
      "ascent": 8,
      "type": "bitmap"
    },
    {
      "file": "minecraft:item/spectral_arrow.png",
      "chars": [
        ""
      ],
      "height": 9,
      "ascent": 8,
      "type": "bitmap"
    },
    {
      "file": "minecraft:item/spider_eye.png",
      "chars": [
        ""
      ],
      "height": 9,
      "ascent": 8,
      "type": "bitmap"
    },
    {
      "file": "minecraft:item/splash_potion.png",
      "chars": [
        ""
      ],
      "height": 9,
      "ascent": 8,
      "type": "bitmap"
    },
    {
      "file": "minecraft:item/spruce_boat.png",
      "chars": [
        ""
      ],
      "height": 9,
      "ascent": 8,
      "type": "bitmap"
    },
    {
      "file": "minecraft:item/spruce_door.png",
      "chars": [
        ""
      ],
      "height": 9,
      "ascent": 8,
      "type": "bitmap"
    },
    {
      "file": "minecraft:item/spruce_sign.png",
      "chars": [
        ""
      ],
      "height": 9,
      "ascent": 8,
      "type": "bitmap"
    },
    {
      "file": "minecraft:item/stick.png",
      "chars": [
        ""
      ],
      "height": 9,
      "ascent": 8,
      "type": "bitmap"
    },
    {
      "file": "minecraft:item/stone_axe.png",
      "chars": [
        ""
      ],
      "height": 9,
      "ascent": 8,
      "type": "bitmap"
    },
    {
      "file": "minecraft:item/stone_hoe.png",
      "chars": [
        ""
      ],
      "height": 9,
      "ascent": 8,
      "type": "bitmap"
    },
    {
      "file": "minecraft:item/stone_pickaxe.png",
      "chars": [
        ""
      ],
      "height": 9,
      "ascent": 8,
      "type": "bitmap"
    },
    {
      "file": "minecraft:item/stone_shovel.png",
      "chars": [
        ""
      ],
      "height": 9,
      "ascent": 8,
      "type": "bitmap"
    },
    {
      "file": "minecraft:item/stone_sword.png",
      "chars": [
        ""
      ],
      "height": 9,
      "ascent": 8,
      "type": "bitmap"
    },
    {
      "file": "minecraft:item/string.png",
      "chars": [
        ""
      ],
      "height": 9,
      "ascent": 8,
      "type": "bitmap"
    },
    {
      "file": "minecraft:item/structure_void.png",
      "chars": [
        ""
      ],
      "height": 9,
      "ascent": 8,
      "type": "bitmap"
    },
    {
      "file": "minecraft:item/sugar.png",
      "chars": [
        ""
      ],
      "height": 9,
      "ascent": 8,
      "type": "bitmap"
    },
    {
      "file": "minecraft:item/sugar_cane.png",
      "chars": [
        ""
      ],
      "height": 9,
      "ascent": 8,
      "type": "bitmap"
    },
    {
      "file": "minecraft:item/suspicious_stew.png",
      "chars": [
        ""
      ],
      "height": 9,
      "ascent": 8,
      "type": "bitmap"
    },
    {
      "file": "minecraft:item/sweet_berries.png",
      "chars": [
        ""
      ],
      "height": 9,
      "ascent": 8,
      "type": "bitmap"
    },
    {
      "file": "minecraft:item/tipped_arrow_base.png",
      "chars": [
        ""
      ],
      "height": 9,
      "ascent": 8,
      "type": "bitmap"
    },
    {
      "file": "minecraft:item/tipped_arrow_head.png",
      "chars": [
        ""
      ],
      "height": 9,
      "ascent": 8,
      "type": "bitmap"
    },
    {
      "file": "minecraft:item/tnt_minecart.png",
      "chars": [
        ""
      ],
      "height": 9,
      "ascent": 8,
      "type": "bitmap"
    },
    {
      "file": "minecraft:item/totem_of_undying.png",
      "chars": [
        ""
      ],
      "height": 9,
      "ascent": 8,
      "type": "bitmap"
    },
    {
      "file": "minecraft:item/trident.png",
      "chars": [
        ""
      ],
      "height": 9,
      "ascent": 8,
      "type": "bitmap"
    },
    {
      "file": "minecraft:item/tropical_fish.png",
      "chars": [
        ""
      ],
      "height": 9,
      "ascent": 8,
      "type": "bitmap"
    },
    {
      "file": "minecraft:item/tropical_fish_bucket.png",
      "chars": [
        ""
      ],
      "height": 9,
      "ascent": 8,
      "type": "bitmap"
    },
    {
      "file": "minecraft:item/turtle_egg.png",
      "chars": [
        ""
      ],
      "height": 9,
      "ascent": 8,
      "type": "bitmap"
    },
    {
      "file": "minecraft:item/turtle_helmet.png",
      "chars": [
        ""
      ],
      "height": 9,
      "ascent": 8,
      "type": "bitmap"
    },
    {
      "file": "minecraft:item/water_bucket.png",
      "chars": [
        ""
      ],
      "height": 9,
      "ascent": 8,
      "type": "bitmap"
    },
    {
      "file": "minecraft:item/wheat.png",
      "chars": [
        ""
      ],
      "height": 9,
      "ascent": 8,
      "type": "bitmap"
    },
    {
      "file": "minecraft:item/wheat_seeds.png",
      "chars": [
        ""
      ],
      "height": 9,
      "ascent": 8,
      "type": "bitmap"
    },
    {
      "file": "minecraft:item/white_dye.png",
      "chars": [
        ""
      ],
      "height": 9,
      "ascent": 8,
      "type": "bitmap"
    },
    {
      "file": "minecraft:item/wooden_axe.png",
      "chars": [
        ""
      ],
      "height": 9,
      "ascent": 8,
      "type": "bitmap"
    },
    {
      "file": "minecraft:item/wooden_hoe.png",
      "chars": [
        ""
      ],
      "height": 9,
      "ascent": 8,
      "type": "bitmap"
    },
    {
      "file": "minecraft:item/wooden_pickaxe.png",
      "chars": [
        ""
      ],
      "height": 9,
      "ascent": 8,
      "type": "bitmap"
    },
    {
      "file": "minecraft:item/wooden_shovel.png",
      "chars": [
        ""
      ],
      "height": 9,
      "ascent": 8,
      "type": "bitmap"
    },
    {
      "file": "minecraft:item/wooden_sword.png",
      "chars": [
        ""
      ],
      "height": 9,
      "ascent": 8,
      "type": "bitmap"
    },
    {
      "file": "minecraft:item/writable_book.png",
      "chars": [
        ""
      ],
      "height": 9,
      "ascent": 8,
      "type": "bitmap"
    },
    {
      "file": "minecraft:item/written_book.png",
      "chars": [
        ""
      ],
      "height": 9,
      "ascent": 8,
      "type": "bitmap"
    },
    {
      "file": "minecraft:item/yellow_dye.png",
      "chars": [
        ""
      ],
      "height": 9,
      "ascent": 8,
      "type": "bitmap"
    }
  ]
}
